sku_code,cpse_name,depot_location,raw_description,quantity,unit_cost_inr,days_idle
IOCL-STU-00001,IOCL,"Mathura Refinery, Uttar Pradesh",STUD BLT 3/4IN X 180MM ASTM A106 GR.B W/ 2H NUTS,140,2114.08,32
IOCL-CHE-00002,IOCL,"Barauni Refinery, Bihar",VLV CHK FLG 12IN 2500# ASTM A350 LF2 TR1,140,21806.49,33
IOCL-GAS-00003,IOCL,"Koyali Refinery, Gujarat",GSKT RTJ OCT 20IN 600# SS316/GRAFOIL,27,2130.05,718
IOCL-BAL-00004,IOCL,"Panipat Refinery, Haryana",VLV BL FLG 4IN 150# ASTM A193 B16 TR16,142,19304.93,45
IOCL-GAS-00005,IOCL,"Panipat Refinery, Haryana",GSKT SWG 24IN 150# SS316/GRAFOIL,98,2639.43,277
IOCL-BUT-00006,IOCL,"Guwahati Refinery, Assam",VLV BFV FLG 16IN 300# ASTM A350 LF2 TR16,42,22652.75,203
IOCL-PSV-00007,IOCL,"Digboi Refinery, Assam",VLV BFV FLG 2IN 150# ASTM A193 B16 TR1,55,31580.1,583
IOCL-ELB-00008,IOCL,"Mathura Refinery, Uttar Pradesh",ELB 90 LR 8IN SCH 160 ASTM A182 F316L,68,9823.22,32
IOCL-GLO-00009,IOCL,"Digboi Refinery, Assam",VLV GL FLG 12IN 300# ASTM A182 F53,109,151853.39,286
IOCL-TEE-00010,IOCL,"Guwahati Refinery, Assam",TEE EQ 20IN SCH XXS ASTM A182 F304,88,2181.77,32
IOCL-GAS-00011,IOCL,"Barauni Refinery, Bihar",GSKT SWG 24IN 2500# SS316/GRAFOIL,77,4189.59,192
IOCL-GAS-00012,IOCL,"Barauni Refinery, Bihar",GSKT RTJ OCT 1/2IN 150# SS316/GRAFOIL,93,4291.49,58
IOCL-CHE-00013,IOCL,"Digboi Refinery, Assam",VLV CHK FLG 20IN 1500# ASTM A182 F11,33,16042.15,637
IOCL-PSV-00014,IOCL,"Digboi Refinery, Assam",VLV BFV FLG 1.5IN 2500# ASTM A182 F11 TR16,80,21400.05,814
IOCL-ELB-00015,IOCL,"Koyali Refinery, Gujarat",ELB 90 LR 8IN ASTM A106 GR.B,57,1894.77,50
IOCL-CEN-00016,IOCL,"Mathura Refinery, Uttar Pradesh",CENTRIFUGAL PUMP SPARE 6IN 300# ASTM A105,139,40299.44,333
IOCL-GAS-00017,IOCL,"Guwahati Refinery, Assam",GSKT RTJ OCT 4IN 900# SS316/GRAFOIL,120,10626.38,141
IOCL-GAS-00018,IOCL,"Mathura Refinery, Uttar Pradesh",GSKT SWG 1IN 900# SS316/GRAFOIL,47,6602.5,819
IOCL-GAT-00019,IOCL,"Digboi Refinery, Assam",VLV GT FLG 1IN 900# ASTM A105 TR1,125,23030.9,60
IOCL-PIP-00020,IOCL,"Koyali Refinery, Gujarat",PIPE ERW 16IN SCH 160 ASTM A105,40,2397.22,959
IOCL-TEE-00021,IOCL,"Barauni Refinery, Bihar",TEE EQ 24IN SCH 80 A234WPB,41,2031.42,37
IOCL-RED-00022,IOCL,"Barauni Refinery, Bihar",RED CONC 10IN SCH 40 ASTM A106 GR.B,21,3027.87,358
IOCL-CHE-00023,IOCL,"Paradip Refinery, Odisha",VLV CHK FLG 12IN 600# ASTM A182 F22,118,19760.31,128
IOCL-RED-00024,IOCL,"Mathura Refinery, Uttar Pradesh",RED CONC 1IN SCH 20 ASTM A182 F11,18,4292.99,236
IOCL-PSV-00025,IOCL,"Panipat Refinery, Haryana",VLV BFV FLG 8IN 600# ASTM A182 F53 TR16,27,192544.88,13
IOCL-GAS-00026,IOCL,"Barauni Refinery, Bihar",GSKT SWG 3IN 300# SS316/GRAFOIL,68,19589.25,460
IOCL-PIP-00027,IOCL,"Koyali Refinery, Gujarat",PIPE SMLS 12IN SCH 80 INCONEL 625,114,20352.73,32
IOCL-CEN-00028,IOCL,"Digboi Refinery, Assam",CENTRIFUGAL PUMP SPARE 8IN 300# ASTM A193 B7,111,40058.55,24
IOCL-CEN-00029,IOCL,"Koyali Refinery, Gujarat",CENTRIFUGAL PUMP SPARE 24IN 900# ASTM A182 F316,40,198938.27,20
IOCL-CEN-00030,IOCL,"Digboi Refinery, Assam",CENTRIFUGAL PUMP SPARE 20IN 2500# ASTM A182 F316L,64,117392.21,55
IOCL-PSV-00031,IOCL,"Koyali Refinery, Gujarat",VLV BFV FLG 20IN 300# ASTM A182 F51 TR12,58,34921.39,295
IOCL-PSV-00032,IOCL,"Paradip Refinery, Odisha",VLV BFV FLG 24IN 1500# ASTM A106 GR.B TR16,85,32096.9,548
IOCL-BAL-00033,IOCL,"Koyali Refinery, Gujarat",VLV BL FLG 3IN 900# ASTM A105 TR12,131,15789.79,41
IOCL-GAS-00034,IOCL,"Guwahati Refinery, Assam",GSKT SWG 16IN 2500# SS316/GRAFOIL,51,7191.52,260
IOCL-STU-00035,IOCL,"Koyali Refinery, Gujarat",STUD BLT 3IN X 180MM INCONEL 625 W/ 2H NUTS,76,20397.81,306
IOCL-STU-00036,IOCL,"Koyali Refinery, Gujarat",STUD BLT 24IN X 180MM ASTM A193 B7 W/ 2H NUTS,78,2664.01,255
IOCL-ELB-00037,IOCL,"Digboi Refinery, Assam",ELB 90 LR 20IN SCH 40 ASTM A182 F22,44,3686.84,1045
IOCL-RED-00038,IOCL,"Mathura Refinery, Uttar Pradesh",RED CONC 1IN SCH 20 ASTM A182 F316,12,6370.79,128
IOCL-CEN-00039,IOCL,"Paradip Refinery, Odisha",CENTRIFUGAL PUMP SPARE 1IN 2500# ASTM A182 F22,2,77936.66,145
IOCL-CHE-00040,IOCL,"Barauni Refinery, Bihar",VLV CHK FLG 24IN 150# ASTM A216 WCB TR1,117,16140.11,938
IOCL-BUT-00041,IOCL,"Paradip Refinery, Odisha",VLV BFV FLG 8IN 900# ASTM A193 B16 TR16,41,28224.38,35
IOCL-PSV-00042,IOCL,"Guwahati Refinery, Assam",VLV BFV FLG 6IN 150# ASTM A182 F22 TR12,74,18142.97,26
IOCL-GLO-00043,IOCL,"Guwahati Refinery, Assam",VLV GL FLG 4IN 900# ASTM A216 WCB TR5,85,24243.7,122
IOCL-PIP-00044,IOCL,"Paradip Refinery, Odisha",PIPE ERW 3IN SCH XXS ASTM A193 B16,108,3355.11,52
IOCL-BAL-00045,IOCL,"Koyali Refinery, Gujarat",VLV BL FLG 20IN 900# ASTM A182 F316L TR12,43,75355.03,364
IOCL-RED-00046,IOCL,"Mathura Refinery, Uttar Pradesh",RED CONC 1IN SCH 20 ASTM A182 F11,67,2917.54,323
IOCL-GAS-00047,IOCL,"Digboi Refinery, Assam",GSKT RTJ OCT 1/2IN 2500# SS316,139,5045.59,27
IOCL-GAS-00048,IOCL,"Mathura Refinery, Uttar Pradesh",GSKT RTJ OCT 10IN 300# SS316/GRAFOIL,62,2222.11,47
IOCL-ELB-00049,IOCL,"Barauni Refinery, Bihar",ELB 90 LR 16IN SCH 80 ASTM A193 B7,30,4013.93,476
IOCL-FLA-00050,IOCL,"Guwahati Refinery, Assam",FLG BLRF 10IN 2500# ASTM A182 F304,27,6826.11,1181
IOCL-GAS-00051,IOCL,"Guwahati Refinery, Assam",GSKT RTJ OCT 8IN 2500# SS316/GRAFOIL,88,1909.79,341
IOCL-BUT-00052,IOCL,"Mathura Refinery, Uttar Pradesh",VLV BFV FLG 12IN 600# ASTM A182 F22 TR12,138,28837.9,1114
IOCL-BAL-00053,IOCL,"Paradip Refinery, Odisha",VLV BL FLG 6IN 1500# ASTM A182 F316 TR8,98,50401.63,257
IOCL-CHE-00054,IOCL,"Barauni Refinery, Bihar",VLV CHK FLG 2IN 1500# ASTM A182 F316 TR8,3,59323.05,613
IOCL-PIP-00055,IOCL,"Guwahati Refinery, Assam",PIPE SMLS 6IN SCH XXS ASTM A182 F51,76,6210.98,679
IOCL-RED-00056,IOCL,"Koyali Refinery, Gujarat",RED CONC 16IN SCH 160 ASTM A182 F316,85,7106.2,229
IOCL-CHE-00057,IOCL,"Guwahati Refinery, Assam",VLV CHK FLG 20IN 2500# ASTM A106 GR.B TR1,48,17292.51,649
IOCL-RED-00058,IOCL,"Panipat Refinery, Haryana",RED CONC 2IN SCH XXS ASTM A193 B16,93,2368.46,364
IOCL-FLA-00059,IOCL,"Guwahati Refinery, Assam",FLG WNRF 6IN 150# ASTM A105,147,4782.48,35
IOCL-FLA-00060,IOCL,"Paradip Refinery, Odisha",FLG WNRF 10IN 2500# ASTM A182 F304,39,4113.53,41
IOCL-GAT-00061,IOCL,"Digboi Refinery, Assam",VLV GT FLG 20IN 1500# ASTM A182 F53 TR16,98,134521.12,243
IOCL-BAL-00062,IOCL,"Guwahati Refinery, Assam",VLV BL FLG 20IN 300# ASTM A182 F11,55,18739.99,10
IOCL-TEE-00063,IOCL,"Paradip Refinery, Odisha",TEE EQ 6IN SCH 40 ASTM A106 GR.B,9,2511.56,235
IOCL-GAT-00064,IOCL,"Guwahati Refinery, Assam",VLV GT FLG 1.5IN 900# ASTM A182 F22 TR16,30,24282.34,46
IOCL-GAT-00065,IOCL,"Guwahati Refinery, Assam",VLV GT FLG 2IN 900# ASTM A105 TR16,32,22780.22,644
IOCL-TEE-00066,IOCL,"Panipat Refinery, Haryana",TEE EQ 16IN SCH 160 ASTM A182 F51,65,4865.32,1149
IOCL-PSV-00067,IOCL,"Paradip Refinery, Odisha",VLV BFV FLG 6IN 600# ASTM A182 F304 TR5,47,33239.52,342
IOCL-BUT-00068,IOCL,"Digboi Refinery, Assam",VLV BFV FLG 4IN 2500# ASTM A182 F316L TR1,127,48016.78,30
IOCL-BUT-00069,IOCL,"Digboi Refinery, Assam",VLV BFV FLG 1/2IN 2500# ASTM A182 F304 TR12,139,22647.13,187
IOCL-RED-00070,IOCL,"Mathura Refinery, Uttar Pradesh",RED CONC 1IN SCH 160 ASTM A193 B16,113,4297.33,395
IOCL-RED-00071,IOCL,"Barauni Refinery, Bihar",RED CONC 4IN ASTM A193 B16,58,4603.71,486
IOCL-PSV-00072,IOCL,"Guwahati Refinery, Assam",VLV BFV FLG 24IN 900# ASTM A216 WCB TR16,121,18325.87,40
IOCL-CEN-00073,IOCL,"Koyali Refinery, Gujarat",CENTRIFUGAL PUMP SPARE 24IN 900# ASTM A182 F11,88,79995.3,227
IOCL-GAS-00074,IOCL,"Digboi Refinery, Assam",GSKT SWG 8IN 900# SS316,89,2789.21,284
IOCL-PSV-00075,IOCL,"Mathura Refinery, Uttar Pradesh",VLV BFV FLG 4IN 150# ASTM A350 LF2 TR12,82,28245.16,761
IOCL-GAS-00076,IOCL,"Mathura Refinery, Uttar Pradesh",GSKT RTJ OCT 10IN 600# SS316/GRAFOIL,26,25674.14,142
IOCL-FLA-00077,IOCL,"Panipat Refinery, Haryana",FLG THRF 2IN 600# ASTM A193 B7,102,6591.69,1056
IOCL-PIP-00078,IOCL,"Barauni Refinery, Bihar",PIPE ERW 12IN ASTM A182 F316,59,9821.52,1144
IOCL-GAS-00079,IOCL,"Guwahati Refinery, Assam",GSKT SWG 1/2IN 150# SS316/GRAFOIL,84,24386.37,274
IOCL-GLO-00080,IOCL,"Guwahati Refinery, Assam",VLV GL FLG 1IN 300# ASTM A350 LF2 TR16,21,25567.94,875
IOCL-GLO-00081,IOCL,"Koyali Refinery, Gujarat",VLV GL FLG 20IN 900# ASTM A350 LF2 TR12,74,26916.7,128
IOCL-RED-00082,IOCL,"Digboi Refinery, Assam",RED CONC 4IN SCH 160 ASTM A182 F304,28,2527.32,274
IOCL-GAS-00083,IOCL,"Panipat Refinery, Haryana",GSKT SWG 12IN 2500# SS316/GRAFOIL,13,4379.2,52
IOCL-RED-00084,IOCL,"Barauni Refinery, Bihar",RED CONC 20IN SCH 80 ASTM A193 B16,36,3602.68,111
IOCL-FLA-00085,IOCL,"Koyali Refinery, Gujarat",FLG BLRF 4IN 300# ASTM A182 F11,34,7268.24,362
IOCL-PSV-00086,IOCL,"Guwahati Refinery, Assam",VLV BFV FLG 20IN 150# ASTM A216 WCB TR8,120,32565.29,1058
IOCL-STU-00087,IOCL,"Digboi Refinery, Assam",STUD BLT 2IN X 180MM ASTM A182 F316L W/ 2H NUTS,32,7814.15,225
IOCL-PSV-00088,IOCL,"Paradip Refinery, Odisha",VLV BFV FLG 8IN 600# ASTM A182 F22,57,26323.52,328
IOCL-STU-00089,IOCL,"Panipat Refinery, Haryana",STUD BLT 6IN X 180MM ASTM A182 F316L W/ 2H NUTS,25,6301.75,160
IOCL-BUT-00090,IOCL,"Guwahati Refinery, Assam",VLV BFV FLG 4IN 2500# ASTM A182 F22 TR16,26,30007.12,44
IOCL-GAS-00091,IOCL,"Mathura Refinery, Uttar Pradesh",GSKT SWG 3/4IN 2500# SS316/GRAFOIL,95,8430.7,274
IOCL-BAL-00092,IOCL,"Guwahati Refinery, Assam",VLV BL FLG 12IN 1500# ASTM A350 LF2 TR1,6,14501.45,494
IOCL-CHE-00093,IOCL,"Mathura Refinery, Uttar Pradesh",VLV CHK FLG 1.5IN 600# ASTM A106 GR.B TR16,38,29115.15,43
IOCL-GLO-00094,IOCL,"Guwahati Refinery, Assam",VLV GL FLG 1IN 150# ASTM A182 F53 TR1,92,174850.18,20
IOCL-BAL-00095,IOCL,"Panipat Refinery, Haryana",VLV BL FLG 6IN 900# ASTM A105 TR16,93,23662.11,11
IOCL-RED-00096,IOCL,"Guwahati Refinery, Assam",RED CONC 1/2IN SCH XXS A234WPB,103,3047.25,342
IOCL-GAT-00097,IOCL,"Panipat Refinery, Haryana",VLV GT FLG 10IN 2500# ASTM A106 GR.B,150,24357.46,977
IOCL-BAL-00098,IOCL,"Panipat Refinery, Haryana",VLV BL FLG 3/4IN 2500# ASTM A182 F51 TR12,142,69431.58,18
IOCL-PIP-00099,IOCL,"Guwahati Refinery, Assam",PIPE ERW 4IN ASTM A182 F316,96,11243.45,48
IOCL-PSV-00100,IOCL,"Guwahati Refinery, Assam",VLV BFV FLG 20IN 300# ASTM A106 GR.B TR1,143,14687.62,40
IOCL-PIP-00101,IOCL,"Barauni Refinery, Bihar",PIPE SMLS 3/4IN SCH 160 ASTM A182 F316,40,9202.56,724
IOCL-BUT-00102,IOCL,"Digboi Refinery, Assam",VLV BFV FLG 8IN 1500# ASTM A106 GR.B TR5,143,14019.83,47
IOCL-BAL-00103,IOCL,"Panipat Refinery, Haryana",VLV BL FLG 1IN 1500# ASTM A193 B7 TR8,103,14877.79,459
IOCL-TEE-00104,IOCL,"Koyali Refinery, Gujarat",TEE EQ 2IN SCH 160 ASTM A350 LF2,84,4011.3,41
IOCL-GLO-00105,IOCL,"Koyali Refinery, Gujarat",VLV GL FLG 4IN 900# ASTM A193 B16 TR1,114,21700.84,353
IOCL-PIP-00106,IOCL,"Barauni Refinery, Bihar",PIPE ERW 1/2IN SCH 80 ASTM A106 GR.B,15,1896.14,24
IOCL-GAS-00107,IOCL,"Panipat Refinery, Haryana",GSKT RTJ OCT 4IN 300# SS316/GRAFOIL,34,2920.57,878
IOCL-PSV-00108,IOCL,"Digboi Refinery, Assam",VLV BFV FLG 4IN 150# ASTM A182 F22 TR12,118,31739.02,251
IOCL-RED-00109,IOCL,"Paradip Refinery, Odisha",RED CONC 3IN ASTM A182 F316L,118,10407.68,28
IOCL-CHE-00110,IOCL,"Panipat Refinery, Haryana",VLV CHK FLG 2IN 2500# ASTM A182 F316L TR16,87,44717.82,444
IOCL-STU-00111,IOCL,"Digboi Refinery, Assam",STUD BLT 16IN X 180MM ASTM A106 GR.B W/ 2H NUTS,38,2524.74,14
IOCL-RED-00112,IOCL,"Paradip Refinery, Odisha",RED CONC 20IN SCH 20 A234WPB,115,3748.12,256
IOCL-GLO-00113,IOCL,"Guwahati Refinery, Assam",VLV GL FLG 2IN 1500# ASTM A182 F51 TR12,15,51171.14,249
IOCL-FLA-00114,IOCL,"Guwahati Refinery, Assam",FLG THRF 24IN 150# ASTM A105,130,5278.19,826
IOCL-STU-00115,IOCL,"Barauni Refinery, Bihar",STUD BLT 1/2IN X 180MM ASTM A350 LF2 W/ 2H NUTS,27,4105.16,58
IOCL-TEE-00116,IOCL,"Guwahati Refinery, Assam",TEE EQ 6IN SCH 40 ASTM A182 F22,134,3551.96,281
IOCL-PIP-00117,IOCL,"Digboi Refinery, Assam",PIPE ERW 3IN SCH 80 ASTM A193 B16,25,3409.4,624
IOCL-PSV-00118,IOCL,"Panipat Refinery, Haryana",VLV BFV FLG 1IN 600# ASTM A182 F22 TR8,80,32660.39,498
IOCL-GAS-00119,IOCL,"Guwahati Refinery, Assam",GSKT SWG 24IN 300# SS316/GRAFOIL,135,2132.0,307
IOCL-FLA-00120,IOCL,"Koyali Refinery, Gujarat",FLG BLRF 6IN 300# ASTM A182 F316,36,10354.95,885
IOCL-PSV-00121,IOCL,"Digboi Refinery, Assam",VLV BFV FLG 10IN 900# ASTM A193 B7 TR8,40,16712.49,175
IOCL-FLA-00122,IOCL,"Barauni Refinery, Bihar",FLG BLRF 16IN 900# ASTM A182 F316L,137,11397.21,331
IOCL-STU-00123,IOCL,"Digboi Refinery, Assam",STUD BLT 8IN X 180MM ASTM A182 F11 W/ 2H NUTS,42,4121.45,56
IOCL-STU-00124,IOCL,"Guwahati Refinery, Assam",STUD BLT 24IN X 180MM ASTM A182 F51 W/ 2H NUTS,73,5264.14,826
IOCL-GLO-00125,IOCL,"Digboi Refinery, Assam",VLV GL FLG 3IN 150# INCONEL 625 TR5,107,87326.92,282
IOCL-GAT-00126,IOCL,"Panipat Refinery, Haryana",VLV GT FLG 12IN 600# ASTM A182 F316 TR8,38,40561.18,23
IOCL-GAS-00127,IOCL,"Panipat Refinery, Haryana",GSKT RTJ OCT 1/2IN 600# SS316/GRAFOIL,56,4171.15,40
IOCL-GAS-00128,IOCL,"Panipat Refinery, Haryana",GSKT RTJ OCT 12IN 1500# SS316/GRAFOIL,118,2047.72,977
IOCL-FLA-00129,IOCL,"Guwahati Refinery, Assam",FLG THRF 4IN 150# ASTM A182 F22,91,4565.79,1046
IOCL-GAT-00130,IOCL,"Barauni Refinery, Bihar",VLV GT FLG 8IN 1500# ASTM A182 F53 TR16,6,127385.9,113
IOCL-BUT-00131,IOCL,"Koyali Refinery, Gujarat",VLV BFV FLG 12IN 2500# ASTM A182 F304 TR1,27,28775.73,52
IOCL-BUT-00132,IOCL,"Guwahati Refinery, Assam",VLV BFV FLG 1IN 300# ASTM A182 F53 TR12,17,166066.15,34
IOCL-FLA-00133,IOCL,"Koyali Refinery, Gujarat",FLG SWRF 24IN 1500# ASTM A193 B16,65,3556.27,188
IOCL-PSV-00134,IOCL,"Panipat Refinery, Haryana",VLV BFV FLG 4IN 900# ASTM A193 B16 TR8,113,31213.82,264
IOCL-GAS-00135,IOCL,"Digboi Refinery, Assam",GSKT SWG 4IN 150# SS316,111,8829.37,183
IOCL-BUT-00136,IOCL,"Koyali Refinery, Gujarat",VLV BFV FLG 16IN 900# ASTM A106 GR.B TR8,43,27157.34,409
IOCL-PSV-00137,IOCL,"Guwahati Refinery, Assam",VLV BFV FLG 1/2IN 150# ASTM A182 F316 TR8,104,51733.9,56
IOCL-PSV-00138,IOCL,"Panipat Refinery, Haryana",VLV BFV FLG 12IN 600# ASTM A182 F11 TR5,93,21080.52,41
IOCL-STU-00139,IOCL,"Digboi Refinery, Assam",STUD BLT 1IN X 180MM ASTM A182 F51 W/ 2H NUTS,94,7423.98,46
IOCL-FLA-00140,IOCL,"Paradip Refinery, Odisha",FLG SORF 3/4IN 600# ASTM A193 B7,115,4437.12,237
IOCL-CHE-00141,IOCL,"Mathura Refinery, Uttar Pradesh",VLV CHK FLG 6IN 150# ASTM A106 GR.B TR12,82,26723.23,929
IOCL-BAL-00142,IOCL,"Barauni Refinery, Bihar",VLV BL FLG 1.5IN 300# ASTM A182 F304 TR8,61,29149.39,933
IOCL-BUT-00143,IOCL,"Panipat Refinery, Haryana",VLV BFV FLG 4IN 2500# ASTM A182 F51,123,59771.93,54
IOCL-GLO-00144,IOCL,"Guwahati Refinery, Assam",VLV GL FLG 1IN 1500# ASTM A182 F316 TR12,47,71755.19,13
IOCL-PSV-00145,IOCL,"Mathura Refinery, Uttar Pradesh",VLV BFV FLG 16IN 300# ASTM A106 GR.B TR8,89,32260.17,236
IOCL-CHE-00146,IOCL,"Guwahati Refinery, Assam",VLV CHK FLG 8IN 150# ASTM A182 F22 TR5,129,26191.55,541
IOCL-RED-00147,IOCL,"Panipat Refinery, Haryana",RED CONC 1/2IN SCH XXS ASTM A193 B7,12,4483.5,54
IOCL-GAS-00148,IOCL,"Paradip Refinery, Odisha",GSKT RTJ OCT 8IN 600# SS316/GRAFOIL,78,3203.1,298
IOCL-GAT-00149,IOCL,"Paradip Refinery, Odisha",VLV GT FLG 1.5IN 600# ASTM A193 B7 TR12,37,19689.13,254
IOCL-PIP-00150,IOCL,"Panipat Refinery, Haryana",PIPE ERW 6IN SCH 80 ASTM A216 WCB,116,2556.78,116
IOCL-PSV-00151,IOCL,"Digboi Refinery, Assam",VLV BFV FLG 10IN 2500# ASTM A182 F11 TR5,81,17258.72,346
IOCL-ELB-00152,IOCL,"Paradip Refinery, Odisha",ELB 90 LR 1.5IN SCH 160 ASTM A182 F304,150,2845.46,872
IOCL-CEN-00153,IOCL,"Panipat Refinery, Haryana",CENTRIFUGAL PUMP SPARE 4IN 300# INCONEL 625,68,418569.89,53
IOCL-PIP-00154,IOCL,"Koyali Refinery, Gujarat",PIPE ERW 3/4IN SCH XXS ASTM A105,141,2644.23,44
IOCL-PIP-00155,IOCL,"Digboi Refinery, Assam",PIPE ERW 10IN ASTM A182 F316,129,4964.25,161
IOCL-GAS-00156,IOCL,"Barauni Refinery, Bihar",GSKT RTJ OCT 1IN 600# SS316/GRAFOIL,82,5804.7,244
IOCL-TEE-00157,IOCL,"Guwahati Refinery, Assam",TEE EQ 6IN SCH XXS INCONEL 625,95,16715.45,304
IOCL-GAS-00158,IOCL,"Koyali Refinery, Gujarat",GSKT RTJ OCT 20IN 1500# SS316/GRAFOIL,148,2500.74,540
IOCL-STU-00159,IOCL,"Digboi Refinery, Assam",STUD BLT 1/2IN X 180MM ASTM A193 B7 W/ 2H NUTS,29,2399.66,33
IOCL-PIP-00160,IOCL,"Digboi Refinery, Assam",PIPE SMLS 6IN SCH 40 ASTM A193 B7,36,3301.38,257
IOCL-TEE-00161,IOCL,"Barauni Refinery, Bihar",TEE EQ 3IN SCH 80 ASTM A182 F316L,68,8881.78,651
IOCL-BAL-00162,IOCL,"Guwahati Refinery, Assam",VLV BL FLG 3IN 900# ASTM A350 LF2 TR5,90,24597.65,55
IOCL-RED-00163,IOCL,"Digboi Refinery, Assam",RED CONC 20IN SCH XXS ASTM A182 F22,75,1990.68,131
IOCL-STU-00164,IOCL,"Digboi Refinery, Assam",STUD BLT 8IN X 180MM ASTM A182 F304 W/ 2H NUTS,70,2252.5,44
IOCL-STU-00165,IOCL,"Panipat Refinery, Haryana",STUD BLT 16IN X 180MM ASTM A182 F53 W/ 2H NUTS,26,22489.67,13
IOCL-PIP-00166,IOCL,"Digboi Refinery, Assam",PIPE SMLS 3IN SCH 160 ASTM A182 F22,23,3668.82,1122
IOCL-PSV-00167,IOCL,"Panipat Refinery, Haryana",VLV BFV FLG 4IN 900# ASTM A105 TR5,48,32044.85,60
IOCL-BAL-00168,IOCL,"Koyali Refinery, Gujarat",VLV BL FLG 12IN 1500# ASTM A182 F11 TR8,135,23279.47,349
IOCL-CHE-00169,IOCL,"Guwahati Refinery, Assam",VLV CHK FLG 2IN 2500# ASTM A193 B16 TR5,48,13778.87,947
IOCL-GAS-00170,IOCL,"Digboi Refinery, Assam",GSKT RTJ OCT 3IN 150# SS316/GRAFOIL,103,3715.45,162
IOCL-CEN-00171,IOCL,"Mathura Refinery, Uttar Pradesh",CENTRIFUGAL PUMP SPARE 2IN 600# ASTM A350 LF2,78,62581.81,633
IOCL-BUT-00172,IOCL,"Paradip Refinery, Odisha",VLV BFV FLG 4IN 2500# ASTM A193 B7 TR1,129,31777.5,50
IOCL-STU-00173,IOCL,"Mathura Refinery, Uttar Pradesh",STUD BLT 6IN X 180MM ASTM A182 F304 W/ 2H NUTS,117,3931.27,791
IOCL-TEE-00174,IOCL,"Guwahati Refinery, Assam",TEE EQ 24IN SCH XXS ASTM A182 F51,135,7758.89,445
IOCL-GAT-00175,IOCL,"Barauni Refinery, Bihar",VLV GT FLG 1IN 600# ASTM A105 TR5,134,22248.44,1100
IOCL-ELB-00176,IOCL,"Paradip Refinery, Odisha",ELB 90 LR 4IN ASTM A106 GR.B,145,2033.78,34
IOCL-PIP-00177,IOCL,"Panipat Refinery, Haryana",PIPE SMLS 3IN ASTM A182 F304,139,4608.84,332
IOCL-PIP-00178,IOCL,"Paradip Refinery, Odisha",PIPE SMLS 4IN SCH 40 ASTM A216 WCB,139,2240.72,60
IOCL-TEE-00179,IOCL,"Digboi Refinery, Assam",TEE EQ 1/2IN ASTM A182 F316L,119,9317.81,308
IOCL-PSV-00180,IOCL,"Mathura Refinery, Uttar Pradesh",VLV BFV FLG 16IN 150# ASTM A350 LF2 TR8,9,29527.67,31
IOCL-GAT-00181,IOCL,"Barauni Refinery, Bihar",VLV GT FLG 24IN 150# ASTM A106 GR.B TR12,63,28162.71,605
IOCL-CHE-00182,IOCL,"Koyali Refinery, Gujarat",VLV CHK FLG 16IN 1500# ASTM A193 B16 TR16,82,24934.0,255
IOCL-CEN-00183,IOCL,"Koyali Refinery, Gujarat",CENTRIFUGAL PUMP SPARE 8IN 1500# ASTM A216 WCB,45,64736.66,344
IOCL-STU-00184,IOCL,"Guwahati Refinery, Assam",STUD BLT 1IN X 180MM ASTM A182 F22 W/ 2H NUTS,97,2380.67,39
IOCL-BAL-00185,IOCL,"Barauni Refinery, Bihar",VLV BL FLG 4IN 1500# INCONEL 625 TR1,136,96930.22,221
IOCL-STU-00186,IOCL,"Barauni Refinery, Bihar",STUD BLT 1.5IN X 180MM ASTM A106 GR.B W/ 2H NUTS,69,2912.21,43
IOCL-GAS-00187,IOCL,"Paradip Refinery, Odisha",GSKT RTJ OCT 3IN 600# SS316/GRAFOIL,4,2457.47,151
IOCL-CEN-00188,IOCL,"Mathura Refinery, Uttar Pradesh",CENTRIFUGAL PUMP SPARE 20IN 600# ASTM A350 LF2,98,56829.4,274
IOCL-BUT-00189,IOCL,"Digboi Refinery, Assam",VLV BFV FLG 6IN 600# ASTM A182 F53 TR1,53,125039.74,31
IOCL-GAS-00190,IOCL,"Barauni Refinery, Bihar",GSKT SWG 4IN 600# SS316/GRAFOIL,40,2414.53,19
IOCL-ELB-00191,IOCL,"Guwahati Refinery, Assam",ELB 90 LR 6IN SCH 80 ASTM A182 F53,44,23340.74,509
IOCL-TEE-00192,IOCL,"Barauni Refinery, Bihar",TEE EQ 24IN ASTM A182 F51,13,9942.33,31
IOCL-GAT-00193,IOCL,"Barauni Refinery, Bihar",VLV GT FLG 1/2IN 1500# ASTM A193 B7 TR5,124,26553.83,910
IOCL-PIP-00194,IOCL,"Barauni Refinery, Bihar",PIPE ERW 1/2IN SCH 20 ASTM A105,46,2169.3,11
IOCL-CHE-00195,IOCL,"Koyali Refinery, Gujarat",VLV CHK FLG 3/4IN 600# ASTM A182 F11 TR8,104,22588.16,673
IOCL-PSV-00196,IOCL,"Paradip Refinery, Odisha",VLV BFV FLG 8IN 900# INCONEL 625 TR1,15,156645.67,178
IOCL-PSV-00197,IOCL,"Barauni Refinery, Bihar",VLV BFV FLG 1.5IN 300# ASTM A182 F316L TR1,146,57287.26,129
IOCL-CEN-00198,IOCL,"Digboi Refinery, Assam",CENTRIFUGAL PUMP SPARE 1.5IN 1500# ASTM A182 F53,37,425919.58,294
IOCL-GLO-00199,IOCL,"Guwahati Refinery, Assam",VLV GL FLG 3IN 900# ASTM A182 F11 TR12,36,29151.86,878
IOCL-BUT-00200,IOCL,"Digboi Refinery, Assam",VLV BFV FLG 10IN 1500# ASTM A105,102,32684.63,106
IOCL-GAS-00201,IOCL,"Barauni Refinery, Bihar",GSKT RTJ OCT 4IN 300# SS316/GRAFOIL,150,9229.62,10
IOCL-GAS-00202,IOCL,"Paradip Refinery, Odisha",GSKT SWG 12IN 300# SS316/GRAFOIL,100,2745.87,137
IOCL-ELB-00203,IOCL,"Panipat Refinery, Haryana",ELB 90 LR 6IN SCH 80 ASTM A182 F316,143,8210.53,104
IOCL-TEE-00204,IOCL,"Digboi Refinery, Assam",TEE EQ 2IN SCH XXS ASTM A106 GR.B,100,4017.72,951
IOCL-GLO-00205,IOCL,"Koyali Refinery, Gujarat",VLV GL FLG 6IN 300# ASTM A182 F22 TR5,17,16810.71,306
IOCL-GAS-00206,IOCL,"Guwahati Refinery, Assam",GSKT RTJ OCT 10IN 1500# SS316/GRAFOIL,51,3134.12,246
IOCL-BUT-00207,IOCL,"Paradip Refinery, Odisha",VLV BFV FLG 24IN 2500# INCONEL 625 TR8,35,116691.71,193
IOCL-GLO-00208,IOCL,"Barauni Refinery, Bihar",VLV GL FLG 3IN 900# ASTM A182 F316L TR12,72,74166.48,482
IOCL-CHE-00209,IOCL,"Panipat Refinery, Haryana",VLV CHK FLG 6IN 2500# ASTM A182 F11 TR16,54,22181.41,126
IOCL-STU-00210,IOCL,"Koyali Refinery, Gujarat",STUD BLT 16IN X 180MM ASTM A182 F51 W/ 2H NUTS,97,5196.01,336
IOCL-TEE-00211,IOCL,"Digboi Refinery, Assam",TEE EQ 16IN SCH 160 ASTM A182 F53,22,13054.6,536
IOCL-RED-00212,IOCL,"Digboi Refinery, Assam",RED CONC 1/2IN SCH XXS A234WPB,67,2485.5,937
IOCL-GAS-00213,IOCL,"Paradip Refinery, Odisha",GSKT SWG 12IN 1500# SS316/GRAFOIL,129,2289.55,338
IOCL-PIP-00214,IOCL,"Koyali Refinery, Gujarat",PIPE ERW 20IN SCH 20 ASTM A106 GR.B,90,3184.45,33
IOCL-BAL-00215,IOCL,"Guwahati Refinery, Assam",VLV BL FLG 20IN 300# ASTM A105,63,23716.68,704
IOCL-PIP-00216,IOCL,"Mathura Refinery, Uttar Pradesh",PIPE SMLS 4IN SCH 40 ASTM A182 F51,51,7778.33,370
IOCL-CHE-00217,IOCL,"Panipat Refinery, Haryana",VLV CHK FLG 8IN 300# ASTM A350 LF2 TR16,94,19954.5,634
IOCL-PSV-00218,IOCL,"Paradip Refinery, Odisha",VLV BFV FLG 10IN 150# ASTM A182 F51 TR16,90,51173.25,1199
IOCL-GAS-00219,IOCL,"Panipat Refinery, Haryana",GSKT SWG 3IN 150# SS316/GRAFOIL,62,2714.8,16
IOCL-TEE-00220,IOCL,"Barauni Refinery, Bihar",TEE EQ 1IN SCH 160 ASTM A182 F316L,138,9454.85,46
IOCL-ELB-00221,IOCL,"Digboi Refinery, Assam",ELB 90 LR 1/2IN SCH 40 ASTM A182 F304,3,3207.67,941
IOCL-STU-00222,IOCL,"Guwahati Refinery, Assam",STUD BLT 6IN X 180MM ASTM A182 F51 W/ 2H NUTS,22,8574.61,55
IOCL-BAL-00223,IOCL,"Digboi Refinery, Assam",VLV BL FLG 16IN 900# ASTM A350 LF2 TR5,141,23613.96,640
IOCL-PSV-00224,IOCL,"Barauni Refinery, Bihar",VLV BFV FLG 4IN 150# ASTM A182 F316 TR12,64,48486.59,321
IOCL-PSV-00225,IOCL,"Digboi Refinery, Assam",VLV BFV FLG 1.5IN 2500# INCONEL 625 TR1,90,183292.59,535
IOCL-GLO-00226,IOCL,"Barauni Refinery, Bihar",VLV GL FLG 2IN 1500# ASTM A193 B16 TR1,138,16833.87,662
IOCL-BAL-00227,IOCL,"Digboi Refinery, Assam",VLV BL FLG 1/2IN 600# INCONEL 625 TR5,33,164329.47,515
IOCL-BUT-00228,IOCL,"Mathura Refinery, Uttar Pradesh",VLV BFV FLG 2IN 2500# INCONEL 625 TR12,107,125570.47,778
IOCL-GAS-00229,IOCL,"Koyali Refinery, Gujarat",GSKT SWG 24IN 2500# SS316/GRAFOIL,24,3885.06,430
IOCL-PIP-00230,IOCL,"Koyali Refinery, Gujarat",PIPE SMLS 2IN SCH 160 ASTM A350 LF2,145,4219.16,55
IOCL-FLA-00231,IOCL,"Digboi Refinery, Assam",FLG SWRF 6IN 150# ASTM A106 GR.B,52,8303.69,245
IOCL-GAT-00232,IOCL,"Koyali Refinery, Gujarat",VLV GT FLG 12IN 300# ASTM A182 F22 TR1,14,21347.56,805
IOCL-GAT-00233,IOCL,"Paradip Refinery, Odisha",VLV GT FLG 10IN 300# ASTM A193 B7,133,26963.66,95
IOCL-PSV-00234,IOCL,"Panipat Refinery, Haryana",VLV BFV FLG 3/4IN 2500# ASTM A106 GR.B TR12,27,15543.39,244
IOCL-GAS-00235,IOCL,"Barauni Refinery, Bihar",GSKT RTJ OCT 10IN 2500# SS316/GRAFOIL,43,18511.64,1009
IOCL-GLO-00236,IOCL,"Panipat Refinery, Haryana",VLV GL FLG 1IN 150# ASTM A182 F316L TR5,99,51151.01,32
IOCL-CHE-00237,IOCL,"Barauni Refinery, Bihar",VLV CHK FLG 10IN 600# ASTM A182 F304 TR16,7,30288.26,576
IOCL-RED-00238,IOCL,"Guwahati Refinery, Assam",RED CONC 20IN ASTM A182 F53,127,17617.11,1019
IOCL-GAT-00239,IOCL,"Mathura Refinery, Uttar Pradesh",VLV GT FLG 24IN 1500# ASTM A182 F53 TR8,108,124411.0,179
IOCL-GAS-00240,IOCL,"Panipat Refinery, Haryana",GSKT RTJ OCT 1/2IN 150# SS316/GRAFOIL,102,3268.18,347
IOCL-PIP-00241,IOCL,"Barauni Refinery, Bihar",PIPE ERW 2IN SCH 160 ASTM A193 B7,21,3281.09,170
IOCL-PIP-00242,IOCL,"Guwahati Refinery, Assam",PIPE SMLS 1.5IN SCH 20 ASTM A182 F11,23,4417.73,992
IOCL-FLA-00243,IOCL,"Guwahati Refinery, Assam",FLG SWRF 1/2IN 300# ASTM A182 F304,89,5963.88,223
IOCL-GLO-00244,IOCL,"Koyali Refinery, Gujarat",VLV GL FLG 2IN 1500# ASTM A193 B7 TR1,17,18706.4,130
IOCL-TEE-00245,IOCL,"Mathura Refinery, Uttar Pradesh",TEE EQ 2IN SCH 20 ASTM A182 F316,147,9322.08,1124
IOCL-FLA-00246,IOCL,"Paradip Refinery, Odisha",FLG WNRF 1IN 300# ASTM A105,142,7350.42,305
IOCL-CHE-00247,IOCL,"Barauni Refinery, Bihar",VLV CHK FLG 8IN 2500# ASTM A182 F316L TR1,14,42627.55,355
IOCL-GAT-00248,IOCL,"Panipat Refinery, Haryana",VLV GT FLG 1/2IN 600# ASTM A182 F51 TR8,52,48183.96,1123
IOCL-CHE-00249,IOCL,"Digboi Refinery, Assam",VLV CHK FLG 16IN 1500# ASTM A182 F51 TR12,63,41203.04,604
IOCL-BUT-00250,IOCL,"Digboi Refinery, Assam",VLV BFV FLG 24IN 2500# ASTM A182 F22 TR1,79,15558.19,212
IOCL-FLA-00251,IOCL,"Mathura Refinery, Uttar Pradesh",FLG SORF 8IN 900# ASTM A216 WCB,118,8199.05,10
IOCL-STU-00252,IOCL,"Barauni Refinery, Bihar",STUD BLT 12IN X 180MM INCONEL 625 W/ 2H NUTS,61,16062.65,252
IOCL-GAS-00253,IOCL,"Koyali Refinery, Gujarat",GSKT SWG 1.5IN 300# SS316/GRAFOIL,150,13048.05,175
IOCL-BUT-00254,IOCL,"Digboi Refinery, Assam",VLV BFV FLG 2IN 900# ASTM A182 F316L TR8,68,75947.87,1192
IOCL-BAL-00255,IOCL,"Digboi Refinery, Assam",VLV BL FLG 1IN 150# INCONEL 625 TR5,64,196045.92,416
IOCL-BAL-00256,IOCL,"Digboi Refinery, Assam",VLV BL FLG 16IN 1500# ASTM A182 F304 TR12,64,15375.56,11
IOCL-FLA-00257,IOCL,"Digboi Refinery, Assam",FLG WNRF 12IN 2500# INCONEL 625,150,37657.73,57
IOCL-CHE-00258,IOCL,"Digboi Refinery, Assam",VLV CHK FLG 3IN 150# ASTM A182 F22 TR1,11,32157.16,177
IOCL-PSV-00259,IOCL,"Paradip Refinery, Odisha",VLV BFV FLG 1IN 600# ASTM A193 B7 TR1,55,31484.42,22
IOCL-FLA-00260,IOCL,"Guwahati Refinery, Assam",FLG SWRF 4IN 1500# ASTM A182 F11,16,3809.22,29
IOCL-STU-00261,IOCL,"Digboi Refinery, Assam",STUD BLT 4IN X 180MM ASTM A193 B16 W/ 2H NUTS,92,3194.13,718
IOCL-TEE-00262,IOCL,"Panipat Refinery, Haryana",TEE EQ 1.5IN SCH 160 ASTM A182 F316,72,5090.31,732
IOCL-CHE-00263,IOCL,"Koyali Refinery, Gujarat",VLV CHK FLG 20IN 2500# ASTM A216 WCB TR5,15,28628.18,19
IOCL-GLO-00264,IOCL,"Barauni Refinery, Bihar",VLV GL FLG 16IN 600# ASTM A350 LF2,146,24659.41,187
IOCL-TEE-00265,IOCL,"Panipat Refinery, Haryana",TEE EQ 10IN ASTM A182 F304,6,3322.73,5
IOCL-GAS-00266,IOCL,"Panipat Refinery, Haryana",GSKT RTJ OCT 10IN 2500# SS316,37,4004.51,59
IOCL-BUT-00267,IOCL,"Koyali Refinery, Gujarat",VLV BFV FLG 1IN 300# ASTM A193 B7 TR1,112,29178.48,544
IOCL-TEE-00268,IOCL,"Guwahati Refinery, Assam",TEE EQ 1IN SCH XXS ASTM A193 B7,79,3893.49,547
IOCL-FLA-00269,IOCL,"Panipat Refinery, Haryana",FLG BLRF 3IN 1500# ASTM A193 B7,145,3890.35,705
IOCL-GAT-00270,IOCL,"Guwahati Refinery, Assam",VLV GT FLG 3/4IN 2500# ASTM A350 LF2 TR5,86,22343.27,621
IOCL-GAT-00271,IOCL,"Panipat Refinery, Haryana",VLV GT FLG 16IN 900# ASTM A182 F316 TR1,43,77535.32,725
IOCL-PIP-00272,IOCL,"Mathura Refinery, Uttar Pradesh",PIPE ERW 20IN SCH 160 ASTM A106 GR.B,6,2751.47,11
IOCL-CEN-00273,IOCL,"Panipat Refinery, Haryana",CENTRIFUGAL PUMP SPARE 10IN 900# ASTM A182 F316L,8,137751.26,175
IOCL-GLO-00274,IOCL,"Mathura Refinery, Uttar Pradesh",VLV GL FLG 8IN 2500# ASTM A105 TR5,139,18752.24,23
IOCL-FLA-00275,IOCL,"Mathura Refinery, Uttar Pradesh",FLG WNRF 1/2IN 900# ASTM A182 F316L,76,18633.23,45
IOCL-FLA-00276,IOCL,"Paradip Refinery, Odisha",FLG SWRF 2IN 900# ASTM A350 LF2,126,7804.64,1023
IOCL-PIP-00277,IOCL,"Mathura Refinery, Uttar Pradesh",PIPE ERW 2IN SCH 80 ASTM A216 WCB,68,2497.17,520
IOCL-STU-00278,IOCL,"Paradip Refinery, Odisha",STUD BLT 10IN X 180MM ASTM A106 GR.B W/ 2H NUTS,142,2042.71,794
IOCL-STU-00279,IOCL,"Paradip Refinery, Odisha",STUD BLT 4IN X 180MM INCONEL 625 W/ 2H NUTS,9,19534.67,166
IOCL-GLO-00280,IOCL,"Panipat Refinery, Haryana",VLV GL FLG 12IN 900# ASTM A216 WCB TR5,52,33245.93,166
IOCL-BUT-00281,IOCL,"Barauni Refinery, Bihar",VLV BFV FLG 3IN 600# ASTM A193 B7 TR12,134,22571.51,1171
IOCL-RED-00282,IOCL,"Paradip Refinery, Odisha",RED CONC 10IN ASTM A182 F11,150,3960.54,11
IOCL-GAS-00283,IOCL,"Koyali Refinery, Gujarat",GSKT RTJ OCT 6IN 1500# SS316/GRAFOIL,122,1978.03,513
IOCL-RED-00284,IOCL,"Koyali Refinery, Gujarat",RED CONC 1/2IN SCH 160 ASTM A182 F22,122,4407.3,101
IOCL-BAL-00285,IOCL,"Mathura Refinery, Uttar Pradesh",VLV BL FLG 16IN 900# ASTM A182 F304 TR5,83,18834.52,136
IOCL-CHE-00286,IOCL,"Digboi Refinery, Assam",VLV CHK FLG 1/2IN 1500# INCONEL 625 TR16,41,88795.3,50
IOCL-GAS-00287,IOCL,"Mathura Refinery, Uttar Pradesh",GSKT RTJ OCT 24IN 300# SS316/GRAFOIL,15,15366.59,735
IOCL-CHE-00288,IOCL,"Paradip Refinery, Odisha",VLV CHK FLG 3/4IN 2500# ASTM A182 F304 TR16,8,18290.37,319
IOCL-RED-00289,IOCL,"Digboi Refinery, Assam",RED CONC 16IN SCH 80 ASTM A182 F53,24,15953.64,532
IOCL-GAS-00290,IOCL,"Koyali Refinery, Gujarat",GSKT RTJ OCT 8IN 150# SS316/GRAFOIL,3,3178.77,13
IOCL-CHE-00291,IOCL,"Paradip Refinery, Odisha",VLV CHK FLG 24IN 600# ASTM A182 F304 TR8,118,18489.57,1059
IOCL-PSV-00292,IOCL,"Panipat Refinery, Haryana",VLV BFV FLG 12IN 600# ASTM A182 F11 TR1,144,26317.37,671
IOCL-GAT-00293,IOCL,"Guwahati Refinery, Assam",VLV GT FLG 2IN 600# ASTM A182 F51 TR8,77,43073.82,424
IOCL-PIP-00294,IOCL,"Guwahati Refinery, Assam",PIPE ERW 2IN SCH 80 ASTM A182 F22,104,2942.76,717
IOCL-GAS-00295,IOCL,"Barauni Refinery, Bihar",GSKT SWG 1IN 2500# SS316/GRAFOIL,143,2373.12,497
IOCL-BAL-00296,IOCL,"Guwahati Refinery, Assam",VLV BL FLG 3IN 300# ASTM A193 B7,79,21825.36,632
IOCL-BAL-00297,IOCL,"Digboi Refinery, Assam",VLV BL FLG 10IN 1500# ASTM A182 F51 TR1,19,57124.87,488
IOCL-PIP-00298,IOCL,"Digboi Refinery, Assam",PIPE ERW 1IN SCH 80 ASTM A182 F53,105,27538.66,689
IOCL-GLO-00299,IOCL,"Guwahati Refinery, Assam",VLV GL FLG 3IN 2500# ASTM A193 B16 TR8,15,13593.33,22
IOCL-RED-00300,IOCL,"Mathura Refinery, Uttar Pradesh",RED CONC 12IN SCH 40 ASTM A193 B16,104,3054.82,35
IOCL-TEE-00301,IOCL,"Digboi Refinery, Assam",TEE EQ 1.5IN SCH 80 ASTM A350 LF2,2,3598.39,206
IOCL-BAL-00302,IOCL,"Barauni Refinery, Bihar",VLV BL FLG 3/4IN 150# ASTM A216 WCB TR16,77,32279.57,976
IOCL-BUT-00303,IOCL,"Koyali Refinery, Gujarat",VLV BFV FLG 1IN 900# ASTM A182 F316L TR12,5,45056.71,582
IOCL-FLA-00304,IOCL,"Koyali Refinery, Gujarat",FLG SWRF 20IN 150# ASTM A182 F11,66,7192.69,44
IOCL-STU-00305,IOCL,"Paradip Refinery, Odisha",STUD BLT 3/4IN X 180MM ASTM A106 GR.B W/ 2H NUTS,65,3179.59,1077
IOCL-STU-00306,IOCL,"Guwahati Refinery, Assam",STUD BLT 10IN X 180MM ASTM A105 W/ 2H NUTS,36,3026.77,1102
IOCL-GAT-00307,IOCL,"Mathura Refinery, Uttar Pradesh",VLV GT FLG 20IN 600# ASTM A182 F304 TR12,134,32767.77,27
IOCL-FLA-00308,IOCL,"Koyali Refinery, Gujarat",FLG WNRF 1/2IN 2500# ASTM A182 F53,29,45056.4,47
IOCL-GAS-00309,IOCL,"Guwahati Refinery, Assam",GSKT RTJ OCT 2IN 600# SS316/GRAFOIL,119,12076.32,180
IOCL-BUT-00310,IOCL,"Panipat Refinery, Haryana",VLV BFV FLG 1/2IN 150# ASTM A193 B16 TR1,36,26634.43,259
IOCL-RED-00311,IOCL,"Mathura Refinery, Uttar Pradesh",RED CONC 4IN ASTM A182 F304,70,4173.2,335
IOCL-STU-00312,IOCL,"Guwahati Refinery, Assam",STUD BLT 24IN X 180MM ASTM A193 B16 W/ 2H NUTS,27,3019.08,1187
IOCL-STU-00313,IOCL,"Digboi Refinery, Assam",STUD BLT 1/2IN X 180MM ASTM A182 F51 W/ 2H NUTS,34,8008.67,148
IOCL-FLA-00314,IOCL,"Guwahati Refinery, Assam",FLG THRF 8IN 2500# ASTM A106 GR.B,145,4483.73,897
IOCL-GAS-00315,IOCL,"Guwahati Refinery, Assam",GSKT SWG 6IN 600# SS316/GRAFOIL,99,2283.8,377
IOCL-CEN-00316,IOCL,"Digboi Refinery, Assam",CENTRIFUGAL PUMP SPARE 20IN 900# ASTM A216 WCB,83,45674.14,22
IOCL-TEE-00317,IOCL,"Panipat Refinery, Haryana",TEE EQ 20IN SCH 160 ASTM A182 F22,115,2117.05,36
IOCL-ELB-00318,IOCL,"Paradip Refinery, Odisha",ELB 90 LR 8IN ASTM A193 B7,24,4052.4,886
IOCL-CHE-00319,IOCL,"Digboi Refinery, Assam",VLV CHK FLG 1.5IN 900# ASTM A182 F22,85,24590.99,1099
IOCL-BUT-00320,IOCL,"Digboi Refinery, Assam",VLV BFV FLG 1/2IN 600# ASTM A193 B7 TR1,91,29931.7,926
IOCL-BUT-00321,IOCL,"Paradip Refinery, Odisha",VLV BFV FLG 16IN 2500# ASTM A193 B7,105,15617.84,44
IOCL-CEN-00322,IOCL,"Digboi Refinery, Assam",CENTRIFUGAL PUMP SPARE 16IN 600# INCONEL 625,28,427373.35,154
IOCL-ELB-00323,IOCL,"Paradip Refinery, Odisha",ELB 90 LR 16IN ASTM A182 F22,142,4447.1,58
IOCL-GAS-00324,IOCL,"Paradip Refinery, Odisha",GSKT SWG 10IN 600# SS316/GRAFOIL,130,4298.82,218
IOCL-BUT-00325,IOCL,"Paradip Refinery, Odisha",VLV BFV FLG 16IN 1500# ASTM A182 F304 TR5,77,30192.87,1094
IOCL-CEN-00326,IOCL,"Barauni Refinery, Bihar",CENTRIFUGAL PUMP SPARE 12IN 600# ASTM A182 F53,34,493956.64,881
IOCL-GAS-00327,IOCL,"Barauni Refinery, Bihar",GSKT SWG 10IN 2500# SS316/GRAFOIL,107,3729.17,364
IOCL-GAS-00328,IOCL,"Paradip Refinery, Odisha",GSKT RTJ OCT 12IN 150# SS316,52,2609.19,659
IOCL-BAL-00329,IOCL,"Digboi Refinery, Assam",VLV BL FLG 3IN 900# ASTM A216 WCB TR5,27,25698.95,1126
IOCL-TEE-00330,IOCL,"Guwahati Refinery, Assam",TEE EQ 4IN SCH 40 ASTM A182 F316L,107,11264.83,48
IOCL-FLA-00331,IOCL,"Digboi Refinery, Assam",FLG BLRF 24IN 900# ASTM A193 B7,95,7112.78,1160
IOCL-CHE-00332,IOCL,"Mathura Refinery, Uttar Pradesh",VLV CHK FLG 16IN 1500# ASTM A182 F304 TR1,31,20968.52,233
IOCL-GLO-00333,IOCL,"Koyali Refinery, Gujarat",VLV GL FLG 1IN 150# ASTM A216 WCB TR1,40,31886.84,1158
IOCL-RED-00334,IOCL,"Barauni Refinery, Bihar",RED CONC 20IN SCH 80 INCONEL 625,82,19919.02,435
IOCL-GLO-00335,IOCL,"Panipat Refinery, Haryana",VLV GL FLG 1.5IN 2500# ASTM A182 F316L TR12,85,50137.79,1136
IOCL-TEE-00336,IOCL,"Guwahati Refinery, Assam",TEE EQ 1.5IN SCH XXS ASTM A182 F51,63,11279.92,48
IOCL-PIP-00337,IOCL,"Barauni Refinery, Bihar",PIPE ERW 3IN SCH XXS ASTM A182 F304,125,1995.59,694
IOCL-GAT-00338,IOCL,"Panipat Refinery, Haryana",VLV GT FLG 1.5IN 2500# ASTM A106 GR.B TR16,55,30626.03,576
IOCL-PSV-00339,IOCL,"Panipat Refinery, Haryana",VLV BFV FLG 3IN 150# ASTM A193 B7 TR5,23,14950.31,16
IOCL-RED-00340,IOCL,"Paradip Refinery, Odisha",RED CONC 4IN SCH 40 INCONEL 625,81,11528.7,48
IOCL-STU-00341,IOCL,"Panipat Refinery, Haryana",STUD BLT 3/4IN X 180MM ASTM A193 B7 W/ 2H NUTS,129,2166.87,55
IOCL-BAL-00342,IOCL,"Digboi Refinery, Assam",VLV BL FLG 6IN 300# ASTM A193 B16 TR12,137,17853.34,1181
IOCL-BAL-00343,IOCL,"Panipat Refinery, Haryana",VLV BL FLG 8IN 300# ASTM A182 F22 TR8,32,14327.11,916
IOCL-GAT-00344,IOCL,"Paradip Refinery, Odisha",VLV GT FLG 24IN 1500# ASTM A182 F304 TR5,37,16686.9,19
IOCL-GLO-00345,IOCL,"Paradip Refinery, Odisha",VLV GL FLG 3/4IN 600# ASTM A182 F22 TR16,18,18463.61,340
IOCL-GLO-00346,IOCL,"Barauni Refinery, Bihar",VLV GL FLG 1.5IN 600# ASTM A182 F22,125,22422.79,1076
IOCL-GLO-00347,IOCL,"Paradip Refinery, Odisha",VLV GL FLG 3IN 300# ASTM A182 F11 TR8,57,27601.54,314
IOCL-GLO-00348,IOCL,"Paradip Refinery, Odisha",VLV GL FLG 2IN 900# ASTM A182 F22 TR12,142,15654.89,46
IOCL-CEN-00349,IOCL,"Guwahati Refinery, Assam",CENTRIFUGAL PUMP SPARE 1/2IN 1500# ASTM A182 F53,8,443854.79,1153
IOCL-CHE-00350,IOCL,"Barauni Refinery, Bihar",VLV CHK FLG 20IN 300# ASTM A105 TR16,94,21271.47,239
IOCL-TEE-00351,IOCL,"Barauni Refinery, Bihar",TEE EQ 1.5IN ASTM A182 F53,43,23743.9,13
IOCL-RED-00352,IOCL,"Panipat Refinery, Haryana",RED CONC 6IN SCH 40 ASTM A182 F11,17,2601.98,19
IOCL-TEE-00353,IOCL,"Paradip Refinery, Odisha",TEE EQ 1/2IN SCH 80 ASTM A193 B16,83,2158.87,231
IOCL-RED-00354,IOCL,"Guwahati Refinery, Assam",RED CONC 10IN SCH XXS ASTM A182 F53,20,19774.94,205
IOCL-BUT-00355,IOCL,"Barauni Refinery, Bihar",VLV BFV FLG 1IN 900# INCONEL 625,43,108322.9,37
IOCL-GLO-00356,IOCL,"Guwahati Refinery, Assam",VLV GL FLG 20IN 600# ASTM A216 WCB TR1,30,23034.03,581
IOCL-GLO-00357,IOCL,"Panipat Refinery, Haryana",VLV GL FLG 10IN 300# ASTM A182 F22,35,25964.9,7
IOCL-BAL-00358,IOCL,"Barauni Refinery, Bihar",VLV BL FLG 16IN 2500# ASTM A216 WCB TR16,73,32255.63,320
IOCL-PSV-00359,IOCL,"Barauni Refinery, Bihar",VLV BFV FLG 10IN 300# ASTM A182 F51,131,46843.77,830
IOCL-RED-00360,IOCL,"Mathura Refinery, Uttar Pradesh",RED CONC 1.5IN ASTM A106 GR.B,130,3757.01,57
IOCL-GLO-00361,IOCL,"Digboi Refinery, Assam",VLV GL FLG 20IN 150# ASTM A182 F51 TR1,24,57620.93,1159
IOCL-STU-00362,IOCL,"Digboi Refinery, Assam",STUD BLT 8IN X 180MM ASTM A182 F316L W/ 2H NUTS,59,11139.15,724
IOCL-GAS-00363,IOCL,"Mathura Refinery, Uttar Pradesh",GSKT RTJ OCT 20IN 300# SS316/GRAFOIL,22,2653.98,39
IOCL-FLA-00364,IOCL,"Panipat Refinery, Haryana",FLG BLRF 4IN 2500# ASTM A193 B7,81,5398.78,802
IOCL-RED-00365,IOCL,"Barauni Refinery, Bihar",RED CONC 2IN SCH 80 ASTM A182 F304,102,3951.17,338
IOCL-TEE-00366,IOCL,"Barauni Refinery, Bihar",TEE EQ 16IN SCH 160 ASTM A182 F53,36,25357.48,47
IOCL-ELB-00367,IOCL,"Barauni Refinery, Bihar",ELB 90 LR 3IN SCH 40 ASTM A193 B16,14,2317.03,45
IOCL-PSV-00368,IOCL,"Panipat Refinery, Haryana",VLV BFV FLG 1.5IN 600# ASTM A216 WCB,21,25558.77,776
IOCL-STU-00369,IOCL,"Digboi Refinery, Assam",STUD BLT 12IN X 180MM ASTM A182 F53 W/ 2H NUTS,113,11426.72,59
IOCL-FLA-00370,IOCL,"Guwahati Refinery, Assam",FLG WNRF 1IN 2500# ASTM A193 B16,93,4559.32,171
IOCL-GAS-00371,IOCL,"Barauni Refinery, Bihar",GSKT RTJ OCT 1/2IN 2500# SS316/GRAFOIL,18,11006.84,1109
IOCL-CEN-00372,IOCL,"Mathura Refinery, Uttar Pradesh",CENTRIFUGAL PUMP SPARE 1.5IN 900# ASTM A182 F11,104,62207.88,782
IOCL-GAT-00373,IOCL,"Koyali Refinery, Gujarat",VLV GT FLG 20IN 1500# ASTM A182 F53 TR8,66,185082.23,219
IOCL-PIP-00374,IOCL,"Digboi Refinery, Assam",PIPE SMLS 6IN SCH 160 ASTM A182 F11,124,2194.74,9
IOCL-STU-00375,IOCL,"Koyali Refinery, Gujarat",STUD BLT 1/2IN X 180MM ASTM A193 B7 W/ 2H NUTS,68,2557.71,1055
IOCL-PSV-00376,IOCL,"Paradip Refinery, Odisha",VLV BFV FLG 1.5IN 1500# ASTM A182 F316 TR5,69,42797.83,876
IOCL-CHE-00377,IOCL,"Mathura Refinery, Uttar Pradesh",VLV CHK FLG 1.5IN 1500# ASTM A350 LF2 TR5,92,16588.71,446
IOCL-STU-00378,IOCL,"Panipat Refinery, Haryana",STUD BLT 3IN X 180MM ASTM A182 F51 W/ 2H NUTS,81,8072.34,41
IOCL-GAS-00379,IOCL,"Digboi Refinery, Assam",GSKT RTJ OCT 1/2IN 1500# SS316/GRAFOIL,109,19142.28,107
IOCL-PIP-00380,IOCL,"Guwahati Refinery, Assam",PIPE SMLS 3IN SCH 40 INCONEL 625,4,22372.7,142
IOCL-RED-00381,IOCL,"Koyali Refinery, Gujarat",RED CONC 6IN SCH 80 INCONEL 625,88,17287.75,308
IOCL-GAS-00382,IOCL,"Koyali Refinery, Gujarat",GSKT SWG 10IN 300# SS316/GRAFOIL,148,3761.53,142
IOCL-GAS-00383,IOCL,"Mathura Refinery, Uttar Pradesh",GSKT RTJ OCT 16IN 300# SS316,122,4090.59,16
IOCL-CEN-00384,IOCL,"Digboi Refinery, Assam",CENTRIFUGAL PUMP SPARE 2IN 1500# INCONEL 625,146,216669.66,11
IOCL-PSV-00385,IOCL,"Guwahati Refinery, Assam",VLV BFV FLG 3IN 600# ASTM A182 F304 TR12,144,24538.33,56
IOCL-PIP-00386,IOCL,"Barauni Refinery, Bihar",PIPE SMLS 12IN SCH 80 ASTM A106 GR.B,73,2851.55,865
IOCL-ELB-00387,IOCL,"Paradip Refinery, Odisha",ELB 90 LR 1IN SCH 160 ASTM A106 GR.B,87,3035.0,44
IOCL-GLO-00388,IOCL,"Guwahati Refinery, Assam",VLV GL FLG 2IN 1500# ASTM A182 F316 TR8,102,47176.78,1131
IOCL-TEE-00389,IOCL,"Digboi Refinery, Assam",TEE EQ 16IN ASTM A182 F51,65,11153.01,49
IOCL-PIP-00390,IOCL,"Barauni Refinery, Bihar",PIPE SMLS 20IN ASTM A106 GR.B,27,2596.74,134
IOCL-BAL-00391,IOCL,"Guwahati Refinery, Assam",VLV BL FLG 8IN 300# ASTM A350 LF2,8,14196.07,257
IOCL-PSV-00392,IOCL,"Mathura Refinery, Uttar Pradesh",VLV BFV FLG 16IN 1500# ASTM A182 F53 TR12,46,151190.71,902
IOCL-STU-00393,IOCL,"Barauni Refinery, Bihar",STUD BLT 3/4IN X 180MM ASTM A182 F53 W/ 2H NUTS,79,17285.42,21
IOCL-FLA-00394,IOCL,"Paradip Refinery, Odisha",FLG SWRF 16IN 900# ASTM A182 F53,77,20521.24,32
IOCL-GAS-00395,IOCL,"Paradip Refinery, Odisha",GSKT RTJ OCT 4IN 900# SS316/GRAFOIL,64,2323.99,52
IOCL-BAL-00396,IOCL,"Digboi Refinery, Assam",VLV BL FLG 10IN 2500# ASTM A106 GR.B TR16,70,19136.6,363
IOCL-PIP-00397,IOCL,"Koyali Refinery, Gujarat",PIPE ERW 6IN ASTM A350 LF2,70,3801.3,36
IOCL-GLO-00398,IOCL,"Panipat Refinery, Haryana",VLV GL FLG 1IN 2500# ASTM A105 TR5,113,27896.72,19
IOCL-ELB-00399,IOCL,"Digboi Refinery, Assam",ELB 90 LR 3IN SCH 80 ASTM A350 LF2,9,2783.18,165
IOCL-GAS-00400,IOCL,"Mathura Refinery, Uttar Pradesh",GSKT RTJ OCT 24IN 600# SS316/GRAFOIL,98,10381.73,218
IOCL-CHE-00401,IOCL,"Guwahati Refinery, Assam",VLV CHK FLG 8IN 2500# ASTM A193 B7 TR12,54,22861.95,48
IOCL-STU-00402,IOCL,"Panipat Refinery, Haryana",STUD BLT 12IN X 180MM ASTM A193 B7 W/ 2H NUTS,51,2866.17,8
IOCL-STU-00403,IOCL,"Digboi Refinery, Assam",STUD BLT 3/4IN X 180MM ASTM A182 F316L W/ 2H NUTS,63,4748.89,1070
IOCL-GLO-00404,IOCL,"Paradip Refinery, Odisha",VLV GL FLG 10IN 600# ASTM A182 F316,16,36708.87,1084
IOCL-GAS-00405,IOCL,"Koyali Refinery, Gujarat",GSKT RTJ OCT 20IN 2500# SS316/GRAFOIL,89,4090.19,387
IOCL-PIP-00406,IOCL,"Paradip Refinery, Odisha",PIPE ERW 8IN SCH 40 ASTM A182 F316,49,8583.57,697
IOCL-ELB-00407,IOCL,"Panipat Refinery, Haryana",ELB 90 LR 6IN SCH XXS ASTM A182 F304,68,3364.42,1160
IOCL-TEE-00408,IOCL,"Digboi Refinery, Assam",TEE EQ 10IN SCH 40 ASTM A182 F316L,83,9644.4,560
IOCL-STU-00409,IOCL,"Koyali Refinery, Gujarat",STUD BLT 12IN X 180MM ASTM A182 F51 W/ 2H NUTS,29,5349.26,47
IOCL-GLO-00410,IOCL,"Paradip Refinery, Odisha",VLV GL FLG 1/2IN 1500# INCONEL 625 TR1,100,159161.05,222
IOCL-CHE-00411,IOCL,"Guwahati Refinery, Assam",VLV CHK FLG 24IN 150# ASTM A182 F11 TR5,120,29360.19,937
IOCL-CEN-00412,IOCL,"Koyali Refinery, Gujarat",CENTRIFUGAL PUMP SPARE 16IN 150# ASTM A182 F316L,78,94019.5,18
IOCL-GAS-00413,IOCL,"Mathura Refinery, Uttar Pradesh",GSKT SWG 1.5IN 1500# SS316/GRAFOIL,46,3410.66,40
IOCL-GAS-00414,IOCL,"Guwahati Refinery, Assam",GSKT RTJ OCT 3/4IN 300# SS316/GRAFOIL,47,3387.41,37
IOCL-TEE-00415,IOCL,"Barauni Refinery, Bihar",TEE EQ 3IN SCH 160 ASTM A182 F11,106,3976.51,32
IOCL-RED-00416,IOCL,"Guwahati Refinery, Assam",RED CONC 6IN SCH 40 ASTM A182 F53,102,11253.23,7
IOCL-TEE-00417,IOCL,"Mathura Refinery, Uttar Pradesh",TEE EQ 3IN SCH 80 A234WPB,71,4402.56,37
IOCL-ELB-00418,IOCL,"Koyali Refinery, Gujarat",ELB 90 LR 1.5IN SCH 40 ASTM A182 F316,66,10263.64,10
IOCL-GAS-00419,IOCL,"Paradip Refinery, Odisha",GSKT SWG 16IN 2500# SS316/GRAFOIL,148,4128.67,404
IOCL-GAS-00420,IOCL,"Digboi Refinery, Assam",GSKT RTJ OCT 24IN 900# SS316/GRAFOIL,107,4433.18,1131
IOCL-PSV-00421,IOCL,"Koyali Refinery, Gujarat",VLV BFV FLG 3IN 1500# ASTM A182 F11 TR1,145,16461.68,37
IOCL-STU-00422,IOCL,"Barauni Refinery, Bihar",STUD BLT 1.5IN X 180MM ASTM A193 B7 W/ 2H NUTS,75,4037.51,14
IOCL-ELB-00423,IOCL,"Koyali Refinery, Gujarat",ELB 90 LR 8IN ASTM A182 F11,34,3970.59,192
IOCL-STU-00424,IOCL,"Guwahati Refinery, Assam",STUD BLT 1.5IN X 180MM ASTM A182 F11 W/ 2H NUTS,69,4011.12,481
IOCL-PIP-00425,IOCL,"Koyali Refinery, Gujarat",PIPE ERW 12IN SCH 80 ASTM A182 F316L,44,11477.61,44
IOCL-ELB-00426,IOCL,"Mathura Refinery, Uttar Pradesh",ELB 90 LR 24IN SCH 40 A234WPB,29,3908.85,20
IOCL-BUT-00427,IOCL,"Paradip Refinery, Odisha",VLV BFV FLG 1.5IN 2500# ASTM A193 B7,138,17695.13,358
IOCL-TEE-00428,IOCL,"Paradip Refinery, Odisha",TEE EQ 12IN SCH XXS ASTM A182 F51,12,6443.76,571
IOCL-RED-00429,IOCL,"Panipat Refinery, Haryana",RED CONC 2IN SCH 20 ASTM A182 F304,93,4251.78,240
IOCL-CHE-00430,IOCL,"Paradip Refinery, Odisha",VLV CHK FLG 8IN 150# ASTM A182 F316L TR8,48,43594.32,34
IOCL-CEN-00431,IOCL,"Paradip Refinery, Odisha",CENTRIFUGAL PUMP SPARE 1/2IN 600# ASTM A182 F53,91,308047.31,211
IOCL-GAS-00432,IOCL,"Barauni Refinery, Bihar",GSKT RTJ OCT 1.5IN 300# SS316/GRAFOIL,88,4342.23,455
IOCL-PIP-00433,IOCL,"Mathura Refinery, Uttar Pradesh",PIPE ERW 4IN SCH XXS ASTM A182 F53,115,20196.86,960
IOCL-STU-00434,IOCL,"Guwahati Refinery, Assam",STUD BLT 8IN X 180MM ASTM A193 B16 W/ 2H NUTS,111,4613.14,1037
IOCL-CEN-00435,IOCL,"Barauni Refinery, Bihar",CENTRIFUGAL PUMP SPARE 3/4IN 300# ASTM A216 WCB,82,75306.36,106
IOCL-CEN-00436,IOCL,"Guwahati Refinery, Assam",CENTRIFUGAL PUMP SPARE 12IN 2500# ASTM A182 F316L,71,103179.69,17
IOCL-FLA-00437,IOCL,"Barauni Refinery, Bihar",FLG BLRF 1.5IN 1500# ASTM A193 B16,60,6777.52,131
IOCL-GLO-00438,IOCL,"Mathura Refinery, Uttar Pradesh",VLV GL FLG 6IN 900# ASTM A182 F53 TR8,36,100457.82,19
IOCL-CEN-00439,IOCL,"Digboi Refinery, Assam",CENTRIFUGAL PUMP SPARE 1IN 900# ASTM A182 F304,126,67799.2,325
IOCL-PIP-00440,IOCL,"Guwahati Refinery, Assam",PIPE SMLS 10IN SCH 20 ASTM A193 B16,134,2175.62,617
IOCL-TEE-00441,IOCL,"Barauni Refinery, Bihar",TEE EQ 1/2IN SCH 20 ASTM A182 F316L,75,7709.43,24
IOCL-PIP-00442,IOCL,"Mathura Refinery, Uttar Pradesh",PIPE SMLS 12IN SCH XXS ASTM A182 F304,129,2186.22,160
IOCL-BUT-00443,IOCL,"Barauni Refinery, Bihar",VLV BFV FLG 1.5IN 900# ASTM A182 F51 TR12,24,46129.07,1101
IOCL-GAT-00444,IOCL,"Panipat Refinery, Haryana",VLV GT FLG 4IN 2500# ASTM A106 GR.B TR8,131,25619.04,284
IOCL-FLA-00445,IOCL,"Digboi Refinery, Assam",FLG BLRF 1IN 300# ASTM A193 B16,46,7182.33,305
IOCL-GAS-00446,IOCL,"Panipat Refinery, Haryana",GSKT SWG 1.5IN 150# SS316/GRAFOIL,65,1908.57,36
IOCL-RED-00447,IOCL,"Guwahati Refinery, Assam",RED CONC 4IN SCH 40 ASTM A182 F51,21,8820.86,216
IOCL-RED-00448,IOCL,"Mathura Refinery, Uttar Pradesh",RED CONC 12IN ASTM A182 F22,10,2274.78,7
IOCL-FLA-00449,IOCL,"Guwahati Refinery, Assam",FLG THRF 12IN 2500# ASTM A106 GR.B,147,7272.17,1133
IOCL-BUT-00450,IOCL,"Koyali Refinery, Gujarat",VLV BFV FLG 24IN 150# ASTM A105 TR8,110,30197.53,9
IOCL-GAT-00451,IOCL,"Paradip Refinery, Odisha",VLV GT FLG 16IN 300# ASTM A193 B7 TR16,15,15664.18,361
IOCL-GAS-00452,IOCL,"Barauni Refinery, Bihar",GSKT SWG 2IN 1500# SS316/GRAFOIL,148,4611.32,995
IOCL-ELB-00453,IOCL,"Barauni Refinery, Bihar",ELB 90 LR 2IN SCH 160 ASTM A182 F53,1,13200.42,34
IOCL-GAS-00454,IOCL,"Koyali Refinery, Gujarat",GSKT RTJ OCT 20IN 2500# SS316/GRAFOIL,55,1906.07,17
IOCL-BAL-00455,IOCL,"Digboi Refinery, Assam",VLV BL FLG 12IN 600# ASTM A182 F304,88,21341.78,41
IOCL-BUT-00456,IOCL,"Digboi Refinery, Assam",VLV BFV FLG 1IN 900# INCONEL 625,40,155511.42,365
IOCL-GAS-00457,IOCL,"Koyali Refinery, Gujarat",GSKT RTJ OCT 12IN 600# SS316/GRAFOIL,143,20092.11,260
IOCL-GAT-00458,IOCL,"Paradip Refinery, Odisha",VLV GT FLG 24IN 300# ASTM A216 WCB TR8,147,25492.64,150
IOCL-GAS-00459,IOCL,"Paradip Refinery, Odisha",GSKT SWG 1.5IN 600# SS316,116,24936.05,201
IOCL-GLO-00460,IOCL,"Panipat Refinery, Haryana",VLV GL FLG 1/2IN 900# ASTM A106 GR.B TR5,129,16550.74,1116
IOCL-BAL-00461,IOCL,"Digboi Refinery, Assam",VLV BL FLG 8IN 2500# ASTM A193 B16 TR1,34,17562.7,762
IOCL-PSV-00462,IOCL,"Panipat Refinery, Haryana",VLV BFV FLG 10IN 150# ASTM A182 F53 TR8,86,136464.86,899
IOCL-GAS-00463,IOCL,"Guwahati Refinery, Assam",GSKT SWG 3IN 300# SS316/GRAFOIL,50,2663.06,254
IOCL-STU-00464,IOCL,"Koyali Refinery, Gujarat",STUD BLT 10IN X 180MM ASTM A106 GR.B W/ 2H NUTS,132,2156.53,270
IOCL-BAL-00465,IOCL,"Mathura Refinery, Uttar Pradesh",VLV BL FLG 10IN 600# ASTM A216 WCB,139,22284.22,848
IOCL-FLA-00466,IOCL,"Paradip Refinery, Odisha",FLG THRF 16IN 1500# ASTM A106 GR.B,115,6425.76,568
IOCL-GAS-00467,IOCL,"Barauni Refinery, Bihar",GSKT RTJ OCT 24IN 2500# SS316,120,2142.47,24
IOCL-CHE-00468,IOCL,"Paradip Refinery, Odisha",VLV CHK FLG 12IN 600# ASTM A216 WCB TR8,84,22475.0,6
IOCL-BUT-00469,IOCL,"Digboi Refinery, Assam",VLV BFV FLG 10IN 300# ASTM A182 F51 TR8,131,38845.14,699
IOCL-STU-00470,IOCL,"Paradip Refinery, Odisha",STUD BLT 1.5IN X 180MM ASTM A106 GR.B W/ 2H NUTS,63,3381.86,287
IOCL-CHE-00471,IOCL,"Barauni Refinery, Bihar",VLV CHK FLG 8IN 2500# INCONEL 625 TR12,61,101562.55,1123
IOCL-RED-00472,IOCL,"Barauni Refinery, Bihar",RED CONC 8IN SCH 160 INCONEL 625,114,14156.87,30
IOCL-STU-00473,IOCL,"Paradip Refinery, Odisha",STUD BLT 1/2IN X 180MM INCONEL 625 W/ 2H NUTS,56,24731.05,42
IOCL-STU-00474,IOCL,"Paradip Refinery, Odisha",STUD BLT 6IN X 180MM ASTM A216 WCB W/ 2H NUTS,53,3749.17,949
IOCL-BAL-00475,IOCL,"Panipat Refinery, Haryana",VLV BL FLG 8IN 900# ASTM A182 F316L TR16,33,75949.01,8
IOCL-FLA-00476,IOCL,"Digboi Refinery, Assam",FLG SWRF 1/2IN 300# ASTM A193 B7,101,6469.81,286
IOCL-PIP-00477,IOCL,"Mathura Refinery, Uttar Pradesh",PIPE ERW 4IN SCH 40 ASTM A182 F53,40,16009.77,60
IOCL-GAT-00478,IOCL,"Guwahati Refinery, Assam",VLV GT FLG 1IN 150# ASTM A182 F22 TR12,36,26216.41,1173
IOCL-RED-00479,IOCL,"Barauni Refinery, Bihar",RED CONC 24IN SCH XXS ASTM A182 F316L,99,7130.24,16
IOCL-RED-00480,IOCL,"Paradip Refinery, Odisha",RED CONC 10IN SCH 40 ASTM A182 F51,9,11412.85,338
IOCL-GAT-00481,IOCL,"Guwahati Refinery, Assam",VLV GT FLG 24IN 600# ASTM A182 F11 TR5,120,23735.6,136
IOCL-STU-00482,IOCL,"Koyali Refinery, Gujarat",STUD BLT 3IN X 180MM ASTM A193 B7 W/ 2H NUTS,3,3164.39,953
IOCL-BUT-00483,IOCL,"Mathura Refinery, Uttar Pradesh",VLV BFV FLG 10IN 2500# ASTM A182 F316L,78,69735.1,428
IOCL-ELB-00484,IOCL,"Guwahati Refinery, Assam",ELB 90 LR 20IN SCH 40 ASTM A182 F11,7,2663.74,10
IOCL-PSV-00485,IOCL,"Barauni Refinery, Bihar",VLV BFV FLG 24IN 600# ASTM A193 B16 TR5,4,28180.3,971
IOCL-GLO-00486,IOCL,"Koyali Refinery, Gujarat",VLV GL FLG 1.5IN 900# ASTM A182 F22 TR5,47,29327.57,60
IOCL-GLO-00487,IOCL,"Digboi Refinery, Assam",VLV GL FLG 12IN 900# ASTM A182 F11 TR12,43,17674.96,421
IOCL-BAL-00488,IOCL,"Paradip Refinery, Odisha",VLV BL FLG 2IN 900# ASTM A193 B16 TR5,137,18126.49,290
IOCL-GLO-00489,IOCL,"Digboi Refinery, Assam",VLV GL FLG 12IN 600# ASTM A182 F53 TR8,136,162125.71,910
IOCL-BUT-00490,IOCL,"Koyali Refinery, Gujarat",VLV BFV FLG 20IN 150# INCONEL 625 TR8,66,158735.98,1157
IOCL-GAS-00491,IOCL,"Koyali Refinery, Gujarat",GSKT SWG 1IN 600# SS316/GRAFOIL,141,1904.09,125
IOCL-GAT-00492,IOCL,"Mathura Refinery, Uttar Pradesh",VLV GT FLG 2IN 300# ASTM A182 F53 TR8,9,83815.62,974
IOCL-CEN-00493,IOCL,"Guwahati Refinery, Assam",CENTRIFUGAL PUMP SPARE 3/4IN 1500# INCONEL 625,34,314159.66,479
IOCL-GLO-00494,IOCL,"Guwahati Refinery, Assam",VLV GL FLG 2IN 900# ASTM A182 F304 TR1,83,18595.26,54
IOCL-PIP-00495,IOCL,"Digboi Refinery, Assam",PIPE ERW 6IN SCH 80 ASTM A182 F316L,52,8883.33,16
IOCL-TEE-00496,IOCL,"Guwahati Refinery, Assam",TEE EQ 6IN ASTM A193 B16,67,2159.04,951
IOCL-BAL-00497,IOCL,"Mathura Refinery, Uttar Pradesh",VLV BL FLG 1/2IN 150# ASTM A193 B16 TR12,100,18775.44,766
IOCL-FLA-00498,IOCL,"Paradip Refinery, Odisha",FLG THRF 20IN 150# ASTM A182 F53,58,20348.23,490
IOCL-TEE-00499,IOCL,"Panipat Refinery, Haryana",TEE EQ 12IN SCH 80 ASTM A182 F316,94,8363.06,132
IOCL-STU-00500,IOCL,"Paradip Refinery, Odisha",STUD BLT 2IN X 180MM ASTM A350 LF2 W/ 2H NUTS,100,4340.27,45
IOCL-CEN-00501,IOCL,"Panipat Refinery, Haryana",CENTRIFUGAL PUMP SPARE 16IN 1500# ASTM A182 F22,62,57967.01,877
IOCL-PSV-00502,IOCL,"Koyali Refinery, Gujarat",VLV BFV FLG 20IN 2500# ASTM A193 B16,11,21529.06,835
IOCL-PSV-00503,IOCL,"Mathura Refinery, Uttar Pradesh",VLV BFV FLG 1/2IN 2500# INCONEL 625 TR16,37,139080.69,6
IOCL-CHE-00504,IOCL,"Guwahati Refinery, Assam",VLV CHK FLG 2IN 150# ASTM A193 B7,117,25602.27,58
IOCL-ELB-00505,IOCL,"Digboi Refinery, Assam",ELB 90 LR 3IN SCH XXS ASTM A182 F11,103,2766.65,48
IOCL-GAS-00506,IOCL,"Panipat Refinery, Haryana",GSKT RTJ OCT 1IN 900# SS316,44,3789.81,40
IOCL-CEN-00507,IOCL,"Digboi Refinery, Assam",CENTRIFUGAL PUMP SPARE 10IN 900# ASTM A182 F11,41,34523.7,36
IOCL-GLO-00508,IOCL,"Guwahati Refinery, Assam",VLV GL FLG 20IN 900# ASTM A106 GR.B TR12,33,17581.97,229
IOCL-PIP-00509,IOCL,"Barauni Refinery, Bihar",PIPE SMLS 6IN SCH 40 ASTM A350 LF2,78,2831.6,5
IOCL-TEE-00510,IOCL,"Barauni Refinery, Bihar",TEE EQ 20IN SCH XXS ASTM A106 GR.B,54,2635.17,17
IOCL-STU-00511,IOCL,"Mathura Refinery, Uttar Pradesh",STUD BLT 1/2IN X 180MM INCONEL 625 W/ 2H NUTS,94,15953.56,708
IOCL-GAS-00512,IOCL,"Guwahati Refinery, Assam",GSKT RTJ OCT 8IN 300# SS316,41,4035.1,36
IOCL-CEN-00513,IOCL,"Koyali Refinery, Gujarat",CENTRIFUGAL PUMP SPARE 16IN 2500# ASTM A350 LF2,84,45138.13,12
IOCL-CHE-00514,IOCL,"Mathura Refinery, Uttar Pradesh",VLV CHK FLG 10IN 900# ASTM A193 B7,14,31131.68,201
IOCL-GLO-00515,IOCL,"Guwahati Refinery, Assam",VLV GL FLG 3IN 600# ASTM A182 F316L TR12,52,50376.62,7
IOCL-GAT-00516,IOCL,"Mathura Refinery, Uttar Pradesh",VLV GT FLG 1.5IN 600# INCONEL 625 TR12,41,174798.18,957
IOCL-PSV-00517,IOCL,"Paradip Refinery, Odisha",VLV BFV FLG 1.5IN 1500# ASTM A350 LF2 TR16,122,30072.38,98
IOCL-GAS-00518,IOCL,"Paradip Refinery, Odisha",GSKT SWG 10IN 300# SS316/GRAFOIL,147,26071.15,113
IOCL-GAS-00519,IOCL,"Barauni Refinery, Bihar",GSKT SWG 20IN 2500# SS316/GRAFOIL,26,3119.21,20
IOCL-GAS-00520,IOCL,"Koyali Refinery, Gujarat",GSKT SWG 12IN 150# SS316/GRAFOIL,5,3194.4,173
IOCL-PSV-00521,IOCL,"Paradip Refinery, Odisha",VLV BFV FLG 24IN 2500# ASTM A182 F11 TR12,104,17161.93,280
IOCL-GAS-00522,IOCL,"Guwahati Refinery, Assam",GSKT SWG 1/2IN 600# SS316/GRAFOIL,110,3945.44,1172
IOCL-GAT-00523,IOCL,"Guwahati Refinery, Assam",VLV GT FLG 1/2IN 150# ASTM A182 F11 TR16,99,20738.7,111
IOCL-GLO-00524,IOCL,"Guwahati Refinery, Assam",VLV GL FLG 1IN 600# ASTM A182 F22 TR16,62,24184.75,1121
IOCL-PSV-00525,IOCL,"Koyali Refinery, Gujarat",VLV BFV FLG 8IN 2500# ASTM A193 B7 TR8,109,18987.48,281
IOCL-ELB-00526,IOCL,"Guwahati Refinery, Assam",ELB 90 LR 24IN SCH XXS ASTM A182 F53,75,18707.64,124
IOCL-GAT-00527,IOCL,"Panipat Refinery, Haryana",VLV GT FLG 2IN 150# ASTM A106 GR.B,38,23327.31,899
IOCL-FLA-00528,IOCL,"Paradip Refinery, Odisha",FLG WNRF 6IN 2500# ASTM A182 F304,75,4310.85,898
IOCL-BUT-00529,IOCL,"Paradip Refinery, Odisha",VLV BFV FLG 16IN 1500# ASTM A182 F316L TR8,141,55790.19,158
IOCL-GLO-00530,IOCL,"Koyali Refinery, Gujarat",VLV GL FLG 20IN 150# ASTM A193 B16 TR12,38,20491.79,34
IOCL-GAS-00531,IOCL,"Digboi Refinery, Assam",GSKT SWG 12IN 300# SS316/GRAFOIL,42,15175.44,7
IOCL-ELB-00532,IOCL,"Barauni Refinery, Bihar",ELB 90 LR 12IN SCH 80 ASTM A182 F304,89,2281.85,174
IOCL-GAT-00533,IOCL,"Paradip Refinery, Odisha",VLV GT FLG 1IN 150# ASTM A105 TR5,140,32816.9,242
IOCL-GAS-00534,IOCL,"Koyali Refinery, Gujarat",GSKT RTJ OCT 16IN 900# SS316/GRAFOIL,11,2258.41,40
IOCL-PIP-00535,IOCL,"Panipat Refinery, Haryana",PIPE SMLS 10IN SCH 40 ASTM A182 F11,150,3322.69,55
IOCL-GAT-00536,IOCL,"Paradip Refinery, Odisha",VLV GT FLG 3IN 1500# ASTM A182 F53 TR16,131,193076.18,47
IOCL-GAS-00537,IOCL,"Koyali Refinery, Gujarat",GSKT SWG 3IN 600# SS316,79,27379.14,586
IOCL-CEN-00538,IOCL,"Mathura Refinery, Uttar Pradesh",CENTRIFUGAL PUMP SPARE 4IN 2500# ASTM A182 F51,107,101646.5,42
IOCL-BAL-00539,IOCL,"Barauni Refinery, Bihar",VLV BL FLG 3/4IN 150# ASTM A182 F51 TR1,105,65370.9,545
IOCL-ELB-00540,IOCL,"Mathura Refinery, Uttar Pradesh",ELB 90 LR 2IN SCH XXS ASTM A193 B7,126,1991.14,245
IOCL-ELB-00541,IOCL,"Digboi Refinery, Assam",ELB 90 LR 2IN ASTM A182 F53,121,13298.92,47
IOCL-ELB-00542,IOCL,"Digboi Refinery, Assam",ELB 90 LR 3/4IN SCH 40 ASTM A193 B7,93,3472.93,630
IOCL-STU-00543,IOCL,"Guwahati Refinery, Assam",STUD BLT 24IN X 180MM ASTM A182 F51 W/ 2H NUTS,42,8686.37,838
IOCL-GLO-00544,IOCL,"Koyali Refinery, Gujarat",VLV GL FLG 3IN 150# ASTM A182 F316 TR8,75,48187.37,45
IOCL-GAS-00545,IOCL,"Digboi Refinery, Assam",GSKT RTJ OCT 3IN 600# SS316/GRAFOIL,78,2621.51,464
IOCL-RED-00546,IOCL,"Barauni Refinery, Bihar",RED CONC 20IN SCH 40 ASTM A182 F316,106,7027.15,15
IOCL-TEE-00547,IOCL,"Guwahati Refinery, Assam",TEE EQ 8IN SCH 40 ASTM A350 LF2,142,3806.23,149
IOCL-CEN-00548,IOCL,"Paradip Refinery, Odisha",CENTRIFUGAL PUMP SPARE 16IN 600# ASTM A106 GR.B,36,74193.42,358
IOCL-GLO-00549,IOCL,"Mathura Refinery, Uttar Pradesh",VLV GL FLG 16IN 300# ASTM A193 B7,59,19587.08,157
IOCL-GAS-00550,IOCL,"Digboi Refinery, Assam",GSKT SWG 4IN 150# SS316/GRAFOIL,51,2171.5,55
IOCL-ELB-00551,IOCL,"Koyali Refinery, Gujarat",ELB 90 LR 20IN SCH 80 ASTM A106 GR.B,32,4405.27,555
IOCL-BUT-00552,IOCL,"Barauni Refinery, Bihar",VLV BFV FLG 1IN 1500# ASTM A105 TR8,62,23497.2,9
IOCL-TEE-00553,IOCL,"Digboi Refinery, Assam",TEE EQ 16IN SCH 40 ASTM A350 LF2,55,4406.31,741
IOCL-RED-00554,IOCL,"Digboi Refinery, Assam",RED CONC 4IN SCH 160 A234WPB,55,3289.19,148
IOCL-GAT-00555,IOCL,"Paradip Refinery, Odisha",VLV GT FLG 16IN 600# ASTM A182 F51 TR5,143,69495.76,10
IOCL-PIP-00556,IOCL,"Guwahati Refinery, Assam",PIPE ERW 6IN SCH 160 ASTM A182 F304,75,4583.65,187
IOCL-STU-00557,IOCL,"Guwahati Refinery, Assam",STUD BLT 6IN X 180MM ASTM A182 F316 W/ 2H NUTS,22,5507.12,1077
IOCL-GAT-00558,IOCL,"Mathura Refinery, Uttar Pradesh",VLV GT FLG 10IN 900# ASTM A193 B7 TR8,32,18110.82,651
IOCL-GAS-00559,IOCL,"Koyali Refinery, Gujarat",GSKT RTJ OCT 10IN 900# SS316/GRAFOIL,125,3281.39,14
IOCL-BAL-00560,IOCL,"Panipat Refinery, Haryana",VLV BL FLG 1/2IN 150# ASTM A182 F51,128,67316.32,985
IOCL-BUT-00561,IOCL,"Panipat Refinery, Haryana",VLV BFV FLG 12IN 1500# ASTM A216 WCB TR16,127,29196.08,241
IOCL-ELB-00562,IOCL,"Digboi Refinery, Assam",ELB 90 LR 8IN SCH 80 ASTM A182 F53,9,27596.74,287
IOCL-PSV-00563,IOCL,"Panipat Refinery, Haryana",VLV BFV FLG 12IN 600# ASTM A182 F316L TR1,43,58078.24,250
IOCL-ELB-00564,IOCL,"Guwahati Refinery, Assam",ELB 90 LR 8IN SCH 20 ASTM A193 B16,121,3183.76,59
IOCL-PIP-00565,IOCL,"Barauni Refinery, Bihar",PIPE ERW 20IN SCH 160 ASTM A182 F304,16,1952.4,156
IOCL-GAS-00566,IOCL,"Paradip Refinery, Odisha",GSKT RTJ OCT 3IN 600# SS316,106,2840.99,47
IOCL-STU-00567,IOCL,"Digboi Refinery, Assam",STUD BLT 3IN X 180MM ASTM A182 F304 W/ 2H NUTS,6,3355.65,326
IOCL-RED-00568,IOCL,"Guwahati Refinery, Assam",RED CONC 1/2IN SCH 160 ASTM A182 F53,97,20660.83,141
IOCL-GAT-00569,IOCL,"Barauni Refinery, Bihar",VLV GT FLG 12IN 600# ASTM A193 B7 TR12,43,25673.59,314
IOCL-STU-00570,IOCL,"Koyali Refinery, Gujarat",STUD BLT 2IN X 180MM INCONEL 625 W/ 2H NUTS,103,24525.95,1100
IOCL-GAT-00571,IOCL,"Barauni Refinery, Bihar",VLV GT FLG 6IN 900# ASTM A182 F11 TR1,54,20376.87,245
IOCL-PIP-00572,IOCL,"Paradip Refinery, Odisha",PIPE ERW 10IN SCH XXS ASTM A182 F22,141,2371.65,557
IOCL-ELB-00573,IOCL,"Digboi Refinery, Assam",ELB 90 LR 20IN SCH 160 ASTM A350 LF2,145,3873.19,358
IOCL-ELB-00574,IOCL,"Digboi Refinery, Assam",ELB 90 LR 3IN SCH 40 A234WPB,53,4201.41,22
IOCL-BAL-00575,IOCL,"Mathura Refinery, Uttar Pradesh",VLV BL FLG 1.5IN 150# ASTM A182 F22,63,29281.49,863
IOCL-PIP-00576,IOCL,"Koyali Refinery, Gujarat",PIPE SMLS 2IN ASTM A182 F316L,11,11313.53,36
IOCL-BUT-00577,IOCL,"Koyali Refinery, Gujarat",VLV BFV FLG 3/4IN 900# ASTM A182 F11 TR12,36,18173.61,489
IOCL-STU-00578,IOCL,"Paradip Refinery, Odisha",STUD BLT 1.5IN X 180MM INCONEL 625 W/ 2H NUTS,32,24007.65,964
IOCL-PIP-00579,IOCL,"Mathura Refinery, Uttar Pradesh",PIPE ERW 1.5IN ASTM A193 B16,105,2574.34,868
IOCL-BUT-00580,IOCL,"Paradip Refinery, Odisha",VLV BFV FLG 1.5IN 600# ASTM A193 B7 TR16,38,20687.36,50
IOCL-STU-00581,IOCL,"Koyali Refinery, Gujarat",STUD BLT 2IN X 180MM ASTM A182 F11 W/ 2H NUTS,93,4358.68,48
IOCL-PSV-00582,IOCL,"Koyali Refinery, Gujarat",VLV BFV FLG 24IN 300# ASTM A182 F51 TR12,77,44164.13,315
IOCL-CEN-00583,IOCL,"Digboi Refinery, Assam",CENTRIFUGAL PUMP SPARE 20IN 900# ASTM A193 B16,121,70228.63,261
IOCL-CEN-00584,IOCL,"Barauni Refinery, Bihar",CENTRIFUGAL PUMP SPARE 4IN 1500# INCONEL 625,141,421622.3,34
IOCL-STU-00585,IOCL,"Panipat Refinery, Haryana",STUD BLT 12IN X 180MM ASTM A182 F22 W/ 2H NUTS,81,3458.48,621
IOCL-GAS-00586,IOCL,"Digboi Refinery, Assam",GSKT SWG 6IN 900# SS316/GRAFOIL,35,2591.87,258
IOCL-CHE-00587,IOCL,"Paradip Refinery, Odisha",VLV CHK FLG 24IN 1500# ASTM A106 GR.B TR5,58,13910.55,208
IOCL-CHE-00588,IOCL,"Barauni Refinery, Bihar",VLV CHK FLG 2IN 300# ASTM A182 F304 TR12,23,32469.05,380
IOCL-TEE-00589,IOCL,"Mathura Refinery, Uttar Pradesh",TEE EQ 1.5IN SCH 160 ASTM A182 F316L,74,9819.3,29
IOCL-RED-00590,IOCL,"Mathura Refinery, Uttar Pradesh",RED CONC 1IN SCH 80 ASTM A350 LF2,75,4559.35,321
IOCL-RED-00591,IOCL,"Paradip Refinery, Odisha",RED CONC 3IN ASTM A182 F22,102,3763.84,287
IOCL-GAS-00592,IOCL,"Barauni Refinery, Bihar",GSKT SWG 3IN 300# SS316,121,4372.62,114
IOCL-TEE-00593,IOCL,"Guwahati Refinery, Assam",TEE EQ 8IN SCH 160 ASTM A182 F11,149,2368.27,348
IOCL-CEN-00594,IOCL,"Guwahati Refinery, Assam",CENTRIFUGAL PUMP SPARE 1IN 600# ASTM A182 F51,30,123142.11,653
IOCL-BUT-00595,IOCL,"Digboi Refinery, Assam",VLV BFV FLG 2IN 1500# ASTM A182 F316L TR16,81,55320.88,252
IOCL-GAS-00596,IOCL,"Mathura Refinery, Uttar Pradesh",GSKT RTJ OCT 1.5IN 300# SS316,10,3168.18,15
IOCL-CEN-00597,IOCL,"Guwahati Refinery, Assam",CENTRIFUGAL PUMP SPARE 6IN 900# ASTM A182 F51,29,189047.5,166
IOCL-GAT-00598,IOCL,"Guwahati Refinery, Assam",VLV GT FLG 2IN 1500# ASTM A350 LF2 TR5,150,17705.44,1151
IOCL-GLO-00599,IOCL,"Guwahati Refinery, Assam",VLV GL FLG 3IN 150# ASTM A182 F316L,73,67474.96,153
IOCL-RED-00600,IOCL,"Panipat Refinery, Haryana",RED CONC 16IN SCH 80 ASTM A106 GR.B,123,3123.65,22
IOCL-STU-00601,IOCL,"Mathura Refinery, Uttar Pradesh",STUD BLT 1/2IN X 180MM ASTM A182 F11 W/ 2H NUTS,73,2763.72,926
IOCL-PIP-00602,IOCL,"Mathura Refinery, Uttar Pradesh",PIPE SMLS 24IN SCH 160 ASTM A106 GR.B,6,4218.95,289
IOCL-BAL-00603,IOCL,"Paradip Refinery, Odisha",VLV BL FLG 16IN 600# ASTM A182 F22 TR8,34,20609.08,11
IOCL-ELB-00604,IOCL,"Barauni Refinery, Bihar",ELB 90 LR 3/4IN SCH 160 ASTM A182 F51,95,8907.84,32
IOCL-TEE-00605,IOCL,"Paradip Refinery, Odisha",TEE EQ 12IN SCH 160 ASTM A182 F316,22,6686.08,131
IOCL-BAL-00606,IOCL,"Barauni Refinery, Bihar",VLV BL FLG 10IN 150# ASTM A216 WCB TR5,142,15015.34,476
IOCL-PIP-00607,IOCL,"Digboi Refinery, Assam",PIPE SMLS 2IN SCH 20 ASTM A182 F316L,129,4799.35,52
IOCL-PSV-00608,IOCL,"Guwahati Refinery, Assam",VLV BFV FLG 10IN 2500# ASTM A182 F316L TR12,117,71239.04,33
IOCL-CHE-00609,IOCL,"Digboi Refinery, Assam",VLV CHK FLG 4IN 1500# ASTM A216 WCB TR8,5,13615.77,541
IOCL-ELB-00610,IOCL,"Koyali Refinery, Gujarat",ELB 90 LR 10IN SCH 160 ASTM A182 F51,102,10219.41,10
IOCL-CHE-00611,IOCL,"Mathura Refinery, Uttar Pradesh",VLV CHK FLG 1IN 2500# ASTM A106 GR.B TR1,62,22128.61,188
IOCL-GAS-00612,IOCL,"Panipat Refinery, Haryana",GSKT RTJ OCT 1IN 2500# SS316,114,11314.08,826
IOCL-CHE-00613,IOCL,"Panipat Refinery, Haryana",VLV CHK FLG 3/4IN 2500# ASTM A350 LF2 TR12,111,32893.84,1120
IOCL-RED-00614,IOCL,"Paradip Refinery, Odisha",RED CONC 8IN SCH XXS ASTM A193 B7,125,2512.74,361
IOCL-RED-00615,IOCL,"Guwahati Refinery, Assam",RED CONC 6IN SCH XXS ASTM A182 F316,127,8968.54,825
IOCL-PIP-00616,IOCL,"Paradip Refinery, Odisha",PIPE SMLS 1.5IN SCH 40 ASTM A105,87,4409.77,330
IOCL-GAS-00617,IOCL,"Digboi Refinery, Assam",GSKT SWG 24IN 300# SS316/GRAFOIL,54,2651.76,135
IOCL-GLO-00618,IOCL,"Paradip Refinery, Odisha",VLV GL FLG 4IN 900# ASTM A216 WCB,78,18147.43,115
IOCL-CEN-00619,IOCL,"Digboi Refinery, Assam",CENTRIFUGAL PUMP SPARE 8IN 150# ASTM A182 F304,17,50467.87,489
IOCL-CHE-00620,IOCL,"Digboi Refinery, Assam",VLV CHK FLG 8IN 600# ASTM A182 F51,39,75993.7,984
IOCL-GAT-00621,IOCL,"Digboi Refinery, Assam",VLV GT FLG 3/4IN 1500# ASTM A193 B7 TR12,27,29807.48,7
IOCL-STU-00622,IOCL,"Guwahati Refinery, Assam",STUD BLT 6IN X 180MM ASTM A106 GR.B W/ 2H NUTS,128,3889.52,169
IOCL-BUT-00623,IOCL,"Paradip Refinery, Odisha",VLV BFV FLG 20IN 150# INCONEL 625 TR5,63,180175.83,659
IOCL-GLO-00624,IOCL,"Koyali Refinery, Gujarat",VLV GL FLG 1.5IN 300# ASTM A106 GR.B TR12,136,21850.1,161
IOCL-PIP-00625,IOCL,"Panipat Refinery, Haryana",PIPE SMLS 20IN SCH 160 ASTM A182 F316L,22,7013.34,30
IOCL-PIP-00626,IOCL,"Panipat Refinery, Haryana",PIPE ERW 16IN SCH 20 ASTM A193 B16,108,2980.51,1104
IOCL-BUT-00627,IOCL,"Barauni Refinery, Bihar",VLV BFV FLG 16IN 900# ASTM A182 F316 TR16,115,65622.03,317
IOCL-CEN-00628,IOCL,"Panipat Refinery, Haryana",CENTRIFUGAL PUMP SPARE 3IN 900# ASTM A193 B16,33,59513.25,39
IOCL-TEE-00629,IOCL,"Digboi Refinery, Assam",TEE EQ 1/2IN SCH 80 ASTM A182 F53,139,21026.31,246
IOCL-TEE-00630,IOCL,"Guwahati Refinery, Assam",TEE EQ 3/4IN SCH 20 ASTM A106 GR.B,32,3109.03,93
IOCL-CHE-00631,IOCL,"Digboi Refinery, Assam",VLV CHK FLG 3IN 600# ASTM A193 B16 TR16,73,26705.06,162
IOCL-TEE-00632,IOCL,"Barauni Refinery, Bihar",TEE EQ 24IN SCH 40 ASTM A193 B7,117,2144.47,50
IOCL-GAT-00633,IOCL,"Mathura Refinery, Uttar Pradesh",VLV GT FLG 3IN 2500# ASTM A105 TR12,135,21474.52,356
IOCL-PSV-00634,IOCL,"Paradip Refinery, Odisha",VLV BFV FLG 6IN 2500# ASTM A182 F304 TR12,107,29811.47,349
IOCL-GAS-00635,IOCL,"Panipat Refinery, Haryana",GSKT SWG 6IN 900# SS316/GRAFOIL,9,9819.66,487
IOCL-PSV-00636,IOCL,"Barauni Refinery, Bihar",VLV BFV FLG 8IN 300# ASTM A182 F316L TR8,31,52137.63,246
IOCL-FLA-00637,IOCL,"Paradip Refinery, Odisha",FLG BLRF 2IN 600# ASTM A193 B16,47,7429.67,491
IOCL-BUT-00638,IOCL,"Barauni Refinery, Bihar",VLV BFV FLG 6IN 600# ASTM A106 GR.B TR12,97,22909.51,51
IOCL-TEE-00639,IOCL,"Mathura Refinery, Uttar Pradesh",TEE EQ 3IN SCH 160 ASTM A182 F22,105,2939.9,30
IOCL-STU-00640,IOCL,"Guwahati Refinery, Assam",STUD BLT 12IN X 180MM ASTM A182 F51 W/ 2H NUTS,80,8544.68,563
IOCL-TEE-00641,IOCL,"Mathura Refinery, Uttar Pradesh",TEE EQ 8IN SCH 20 ASTM A182 F11,31,3685.2,183
IOCL-GAS-00642,IOCL,"Panipat Refinery, Haryana",GSKT RTJ OCT 10IN 600# SS316/GRAFOIL,103,3494.46,102
IOCL-GLO-00643,IOCL,"Paradip Refinery, Odisha",VLV GL FLG 3/4IN 150# ASTM A182 F316L TR8,139,42073.72,14
IOCL-GLO-00644,IOCL,"Barauni Refinery, Bihar",VLV GL FLG 1IN 150# ASTM A182 F304 TR1,15,19400.88,254
IOCL-CEN-00645,IOCL,"Panipat Refinery, Haryana",CENTRIFUGAL PUMP SPARE 20IN 1500# ASTM A182 F316,61,145381.21,53
IOCL-BAL-00646,IOCL,"Paradip Refinery, Odisha",VLV BL FLG 1/2IN 900# ASTM A105,60,31591.95,933
IOCL-STU-00647,IOCL,"Koyali Refinery, Gujarat",STUD BLT 6IN X 180MM ASTM A106 GR.B W/ 2H NUTS,129,2434.51,14
IOCL-GAS-00648,IOCL,"Paradip Refinery, Odisha",GSKT RTJ OCT 24IN 900# SS316,75,3670.91,91
IOCL-BAL-00649,IOCL,"Digboi Refinery, Assam",VLV BL FLG 10IN 1500# ASTM A182 F11 TR8,73,14400.6,52
IOCL-BAL-00650,IOCL,"Guwahati Refinery, Assam",VLV BL FLG 2IN 900# ASTM A106 GR.B TR5,54,25586.82,253
IOCL-STU-00651,IOCL,"Guwahati Refinery, Assam",STUD BLT 3IN X 180MM ASTM A182 F304 W/ 2H NUTS,118,4512.23,26
IOCL-STU-00652,IOCL,"Panipat Refinery, Haryana",STUD BLT 4IN X 180MM ASTM A105 W/ 2H NUTS,126,3971.78,1172
IOCL-STU-00653,IOCL,"Guwahati Refinery, Assam",STUD BLT 24IN X 180MM ASTM A106 GR.B W/ 2H NUTS,92,2938.57,95
IOCL-BUT-00654,IOCL,"Guwahati Refinery, Assam",VLV BFV FLG 2IN 2500# ASTM A350 LF2,92,17291.93,1193
IOCL-CHE-00655,IOCL,"Koyali Refinery, Gujarat",VLV CHK FLG 16IN 2500# ASTM A350 LF2 TR1,54,13641.28,293
IOCL-RED-00656,IOCL,"Mathura Refinery, Uttar Pradesh",RED CONC 10IN SCH 160 ASTM A182 F53,145,14146.23,42
IOCL-GLO-00657,IOCL,"Guwahati Refinery, Assam",VLV GL FLG 1.5IN 2500# ASTM A182 F304 TR16,6,33140.64,363
IOCL-STU-00658,IOCL,"Guwahati Refinery, Assam",STUD BLT 12IN X 180MM ASTM A182 F53 W/ 2H NUTS,83,18387.04,490
IOCL-TEE-00659,IOCL,"Digboi Refinery, Assam",TEE EQ 16IN ASTM A182 F51,13,6598.29,363
IOCL-FLA-00660,IOCL,"Barauni Refinery, Bihar",FLG SWRF 16IN 300# ASTM A182 F316L,20,19785.32,175
IOCL-GAT-00661,IOCL,"Paradip Refinery, Odisha",VLV GT FLG 10IN 2500# ASTM A182 F22 TR12,86,30142.05,20
IOCL-BUT-00662,IOCL,"Digboi Refinery, Assam",VLV BFV FLG 3/4IN 1500# INCONEL 625 TR16,113,171774.91,45
IOCL-GAT-00663,IOCL,"Digboi Refinery, Assam",VLV GT FLG 20IN 300# ASTM A105 TR8,16,31698.49,674
IOCL-STU-00664,IOCL,"Barauni Refinery, Bihar",STUD BLT 24IN X 180MM ASTM A182 F316L W/ 2H NUTS,103,5346.33,604
IOCL-GAS-00665,IOCL,"Paradip Refinery, Odisha",GSKT RTJ OCT 4IN 1500# SS316/GRAFOIL,26,2808.95,830
IOCL-BUT-00666,IOCL,"Panipat Refinery, Haryana",VLV BFV FLG 3/4IN 1500# ASTM A182 F11 TR1,50,31406.53,351
IOCL-PIP-00667,IOCL,"Mathura Refinery, Uttar Pradesh",PIPE SMLS 1/2IN ASTM A182 F51,80,8706.09,684
IOCL-CEN-00668,IOCL,"Koyali Refinery, Gujarat",CENTRIFUGAL PUMP SPARE 2IN 600# ASTM A182 F53,3,356251.14,47
IOCL-TEE-00669,IOCL,"Koyali Refinery, Gujarat",TEE EQ 1.5IN SCH XXS INCONEL 625,52,24206.85,187
IOCL-GAS-00670,IOCL,"Digboi Refinery, Assam",GSKT SWG 3IN 1500# SS316/GRAFOIL,77,3026.41,15
IOCL-ELB-00671,IOCL,"Paradip Refinery, Odisha",ELB 90 LR 1.5IN SCH 20 ASTM A350 LF2,85,4095.0,29
IOCL-PSV-00672,IOCL,"Koyali Refinery, Gujarat",VLV BFV FLG 3/4IN 300# ASTM A105,75,22220.08,45
IOCL-CHE-00673,IOCL,"Koyali Refinery, Gujarat",VLV CHK FLG 3IN 1500# ASTM A350 LF2 TR5,63,17035.12,6
IOCL-FLA-00674,IOCL,"Koyali Refinery, Gujarat",FLG BLRF 2IN 900# INCONEL 625,95,44291.79,905
IOCL-CEN-00675,IOCL,"Mathura Refinery, Uttar Pradesh",CENTRIFUGAL PUMP SPARE 1.5IN 1500# ASTM A182 F316L,97,170301.29,25
IOCL-CEN-00676,IOCL,"Digboi Refinery, Assam",CENTRIFUGAL PUMP SPARE 20IN 300# ASTM A105,84,45985.0,495
IOCL-RED-00677,IOCL,"Digboi Refinery, Assam",RED CONC 3/4IN SCH 40 ASTM A182 F51,131,7355.8,351
IOCL-TEE-00678,IOCL,"Barauni Refinery, Bihar",TEE EQ 16IN SCH 40 ASTM A182 F51,122,6532.31,30
IOCL-CEN-00679,IOCL,"Mathura Refinery, Uttar Pradesh",CENTRIFUGAL PUMP SPARE 4IN 1500# ASTM A350 LF2,41,80057.2,28
IOCL-GLO-00680,IOCL,"Barauni Refinery, Bihar",VLV GL FLG 10IN 150# ASTM A193 B16 TR12,120,23642.79,309
IOCL-PIP-00681,IOCL,"Koyali Refinery, Gujarat",PIPE SMLS 1IN SCH 80 ASTM A182 F316L,68,9124.31,667
IOCL-TEE-00682,IOCL,"Panipat Refinery, Haryana",TEE EQ 3IN ASTM A182 F53,140,14555.06,259
IOCL-GAS-00683,IOCL,"Mathura Refinery, Uttar Pradesh",GSKT SWG 20IN 2500# SS316/GRAFOIL,140,26304.31,244
IOCL-GAS-00684,IOCL,"Paradip Refinery, Odisha",GSKT RTJ OCT 20IN 300# SS316/GRAFOIL,102,6252.1,51
IOCL-TEE-00685,IOCL,"Koyali Refinery, Gujarat",TEE EQ 3IN SCH XXS ASTM A182 F11,110,3992.86,304
IOCL-ELB-00686,IOCL,"Mathura Refinery, Uttar Pradesh",ELB 90 LR 1IN SCH XXS INCONEL 625,3,19496.7,47
IOCL-PIP-00687,IOCL,"Koyali Refinery, Gujarat",PIPE SMLS 10IN SCH 160 ASTM A182 F316L,40,11406.05,26
IOCL-PIP-00688,IOCL,"Paradip Refinery, Odisha",PIPE ERW 10IN ASTM A106 GR.B,24,2346.42,398
IOCL-RED-00689,IOCL,"Panipat Refinery, Haryana",RED CONC 4IN SCH 20 ASTM A182 F51,53,6289.65,359
IOCL-FLA-00690,IOCL,"Koyali Refinery, Gujarat",FLG BLRF 4IN 900# ASTM A182 F316,29,10035.58,31
IOCL-PIP-00691,IOCL,"Koyali Refinery, Gujarat",PIPE ERW 16IN SCH 40 INCONEL 625,41,21211.21,880
IOCL-STU-00692,IOCL,"Mathura Refinery, Uttar Pradesh",STUD BLT 24IN X 180MM ASTM A182 F51 W/ 2H NUTS,64,8302.76,342
IOCL-RED-00693,IOCL,"Koyali Refinery, Gujarat",RED CONC 16IN SCH 20 A234WPB,101,3560.83,56
IOCL-GLO-00694,IOCL,"Guwahati Refinery, Assam",VLV GL FLG 10IN 150# ASTM A182 F11 TR12,101,27333.17,213
IOCL-CEN-00695,IOCL,"Guwahati Refinery, Assam",CENTRIFUGAL PUMP SPARE 1.5IN 900# ASTM A182 F22,106,82873.29,40
IOCL-GAS-00696,IOCL,"Paradip Refinery, Odisha",GSKT RTJ OCT 1.5IN 1500# SS316/GRAFOIL,12,3145.96,327
IOCL-GAS-00697,IOCL,"Panipat Refinery, Haryana",GSKT SWG 16IN 300# SS316/GRAFOIL,84,9295.78,34
IOCL-GAT-00698,IOCL,"Paradip Refinery, Odisha",VLV GT FLG 24IN 300# ASTM A182 F53 TR5,44,180613.31,142
IOCL-GAT-00699,IOCL,"Guwahati Refinery, Assam",VLV GT FLG 12IN 600# ASTM A182 F53 TR1,40,133350.17,16
IOCL-CEN-00700,IOCL,"Guwahati Refinery, Assam",CENTRIFUGAL PUMP SPARE 12IN 1500# ASTM A182 F22,27,53085.61,419
IOCL-FLA-00701,IOCL,"Koyali Refinery, Gujarat",FLG WNRF 1.5IN 150# ASTM A105,108,3513.32,562
IOCL-STU-00702,IOCL,"Guwahati Refinery, Assam",STUD BLT 4IN X 180MM ASTM A106 GR.B W/ 2H NUTS,28,4117.97,25
IOCL-CEN-00703,IOCL,"Mathura Refinery, Uttar Pradesh",CENTRIFUGAL PUMP SPARE 3IN 600# ASTM A182 F53,45,206953.39,252
IOCL-CHE-00704,IOCL,"Guwahati Refinery, Assam",VLV CHK FLG 1/2IN 150# ASTM A182 F51 TR8,56,54099.29,470
IOCL-TEE-00705,IOCL,"Panipat Refinery, Haryana",TEE EQ 12IN SCH XXS ASTM A193 B16,100,3739.23,54
IOCL-STU-00706,IOCL,"Koyali Refinery, Gujarat",STUD BLT 10IN X 180MM ASTM A193 B16 W/ 2H NUTS,98,3280.32,881
IOCL-GAS-00707,IOCL,"Digboi Refinery, Assam",GSKT SWG 2IN 300# SS316/GRAFOIL,110,3957.43,44
IOCL-BUT-00708,IOCL,"Paradip Refinery, Odisha",VLV BFV FLG 1/2IN 300# ASTM A182 F51 TR5,114,70343.15,159
IOCL-STU-00709,IOCL,"Guwahati Refinery, Assam",STUD BLT 20IN X 180MM ASTM A193 B16 W/ 2H NUTS,59,4204.07,26
IOCL-TEE-00710,IOCL,"Digboi Refinery, Assam",TEE EQ 3IN SCH 40 A234WPB,114,3606.9,9
IOCL-FLA-00711,IOCL,"Panipat Refinery, Haryana",FLG BLRF 8IN 300# ASTM A182 F22,130,3761.91,51
IOCL-GAS-00712,IOCL,"Barauni Refinery, Bihar",GSKT SWG 2IN 1500# SS316/GRAFOIL,115,4536.25,230
IOCL-GAT-00713,IOCL,"Paradip Refinery, Odisha",VLV GT FLG 8IN 1500# ASTM A182 F316 TR5,111,71386.06,337
IOCL-PIP-00714,IOCL,"Barauni Refinery, Bihar",PIPE ERW 16IN SCH 20 INCONEL 625,98,18900.25,750
IOCL-RED-00715,IOCL,"Guwahati Refinery, Assam",RED CONC 1IN SCH 20 ASTM A182 F51,2,4775.74,282
IOCL-CEN-00716,IOCL,"Paradip Refinery, Odisha",CENTRIFUGAL PUMP SPARE 10IN 150# ASTM A182 F316L,105,193893.7,12
IOCL-CHE-00717,IOCL,"Barauni Refinery, Bihar",VLV CHK FLG 12IN 2500# ASTM A193 B16 TR8,95,27289.82,800
IOCL-CHE-00718,IOCL,"Guwahati Refinery, Assam",VLV CHK FLG 1/2IN 2500# ASTM A350 LF2 TR8,38,18674.35,34
IOCL-RED-00719,IOCL,"Digboi Refinery, Assam",RED CONC 16IN ASTM A182 F11,102,3816.69,356
IOCL-GLO-00720,IOCL,"Barauni Refinery, Bihar",VLV GL FLG 12IN 900# INCONEL 625 TR8,79,168191.29,477
IOCL-RED-00721,IOCL,"Guwahati Refinery, Assam",RED CONC 16IN SCH 80 ASTM A193 B16,79,1892.66,15
IOCL-GAT-00722,IOCL,"Guwahati Refinery, Assam",VLV GT FLG 4IN 300# ASTM A193 B16 TR12,46,20918.1,159
IOCL-GLO-00723,IOCL,"Digboi Refinery, Assam",VLV GL FLG 1.5IN 150# ASTM A182 F53 TR16,47,177130.42,223
IOCL-STU-00724,IOCL,"Koyali Refinery, Gujarat",STUD BLT 3/4IN X 180MM ASTM A182 F11 W/ 2H NUTS,17,2815.92,211
IOCL-STU-00725,IOCL,"Koyali Refinery, Gujarat",STUD BLT 1/2IN X 180MM ASTM A193 B16 W/ 2H NUTS,150,4045.32,582
IOCL-GAS-00726,IOCL,"Digboi Refinery, Assam",GSKT RTJ OCT 6IN 900# SS316/GRAFOIL,87,3537.02,280
IOCL-BUT-00727,IOCL,"Paradip Refinery, Odisha",VLV BFV FLG 3IN 600# INCONEL 625 TR12,26,81366.46,60
IOCL-FLA-00728,IOCL,"Guwahati Refinery, Assam",FLG SWRF 1.5IN 600# ASTM A182 F11,122,5923.82,369
IOCL-PSV-00729,IOCL,"Digboi Refinery, Assam",VLV BFV FLG 12IN 900# ASTM A182 F316 TR1,60,63784.77,132
IOCL-CEN-00730,IOCL,"Barauni Refinery, Bihar",CENTRIFUGAL PUMP SPARE 1IN 1500# ASTM A182 F51,147,181501.67,50
IOCL-ELB-00731,IOCL,"Digboi Refinery, Assam",ELB 90 LR 6IN SCH 20 ASTM A193 B16,124,3697.27,20
IOCL-GAS-00732,IOCL,"Guwahati Refinery, Assam",GSKT RTJ OCT 3IN 900# SS316,72,2481.03,21
IOCL-STU-00733,IOCL,"Digboi Refinery, Assam",STUD BLT 24IN X 180MM ASTM A216 WCB W/ 2H NUTS,148,3982.43,124
IOCL-PIP-00734,IOCL,"Digboi Refinery, Assam",PIPE ERW 2IN SCH 160 ASTM A193 B7,23,2181.3,26
IOCL-RED-00735,IOCL,"Barauni Refinery, Bihar",RED CONC 2IN SCH 40 ASTM A182 F316,138,5992.77,307
IOCL-GAS-00736,IOCL,"Barauni Refinery, Bihar",GSKT RTJ OCT 4IN 150# SS316/GRAFOIL,138,4219.0,25
IOCL-ELB-00737,IOCL,"Koyali Refinery, Gujarat",ELB 90 LR 12IN ASTM A182 F22,9,3521.92,24
IOCL-BAL-00738,IOCL,"Paradip Refinery, Odisha",VLV BL FLG 4IN 150# INCONEL 625 TR5,86,99141.03,50
IOCL-GAS-00739,IOCL,"Guwahati Refinery, Assam",GSKT SWG 24IN 2500# SS316/GRAFOIL,41,4600.42,291
IOCL-STU-00740,IOCL,"Panipat Refinery, Haryana",STUD BLT 2IN X 180MM ASTM A182 F51 W/ 2H NUTS,50,9507.62,40
IOCL-BUT-00741,IOCL,"Paradip Refinery, Odisha",VLV BFV FLG 10IN 300# ASTM A193 B16 TR8,114,27279.92,23
IOCL-GAS-00742,IOCL,"Guwahati Refinery, Assam",GSKT RTJ OCT 3/4IN 2500# SS316/GRAFOIL,38,2910.53,32
IOCL-BUT-00743,IOCL,"Barauni Refinery, Bihar",VLV BFV FLG 10IN 900# ASTM A182 F51 TR1,39,64785.14,30
IOCL-CHE-00744,IOCL,"Mathura Refinery, Uttar Pradesh",VLV CHK FLG 4IN 2500# ASTM A182 F316L TR16,23,72247.68,647
IOCL-STU-00745,IOCL,"Panipat Refinery, Haryana",STUD BLT 6IN X 180MM ASTM A182 F51 W/ 2H NUTS,131,6233.93,646
IOCL-GAS-00746,IOCL,"Paradip Refinery, Odisha",GSKT SWG 16IN 900# SS316/GRAFOIL,77,3446.41,431
IOCL-CEN-00747,IOCL,"Digboi Refinery, Assam",CENTRIFUGAL PUMP SPARE 4IN 1500# INCONEL 625,138,435191.94,431
IOCL-PSV-00748,IOCL,"Guwahati Refinery, Assam",VLV BFV FLG 1IN 1500# ASTM A182 F11 TR5,47,13605.42,33
IOCL-GLO-00749,IOCL,"Barauni Refinery, Bihar",VLV GL FLG 20IN 150# ASTM A182 F11 TR1,22,32902.58,738
IOCL-GLO-00750,IOCL,"Panipat Refinery, Haryana",VLV GL FLG 8IN 600# ASTM A182 F316L TR8,137,55773.55,342
IOCL-TEE-00751,IOCL,"Mathura Refinery, Uttar Pradesh",TEE EQ 12IN SCH XXS ASTM A182 F316,61,4940.05,14
IOCL-RED-00752,IOCL,"Koyali Refinery, Gujarat",RED CONC 10IN ASTM A182 F53,20,20322.5,21
IOCL-PIP-00753,IOCL,"Guwahati Refinery, Assam",PIPE ERW 1.5IN ASTM A182 F51,50,9599.31,41
IOCL-PIP-00754,IOCL,"Paradip Refinery, Odisha",PIPE SMLS 10IN INCONEL 625,70,13306.25,299
IOCL-STU-00755,IOCL,"Mathura Refinery, Uttar Pradesh",STUD BLT 1.5IN X 180MM ASTM A106 GR.B W/ 2H NUTS,3,2144.35,19
IOCL-GLO-00756,IOCL,"Panipat Refinery, Haryana",VLV GL FLG 16IN 1500# ASTM A182 F53 TR12,73,146523.22,43
IOCL-BUT-00757,IOCL,"Digboi Refinery, Assam",VLV BFV FLG 20IN 1500# ASTM A193 B16 TR8,142,25273.42,854
IOCL-GLO-00758,IOCL,"Guwahati Refinery, Assam",VLV GL FLG 4IN 1500# ASTM A182 F304,69,14546.72,51
IOCL-STU-00759,IOCL,"Paradip Refinery, Odisha",STUD BLT 20IN X 180MM ASTM A182 F11 W/ 2H NUTS,129,2663.75,32
IOCL-BAL-00760,IOCL,"Digboi Refinery, Assam",VLV BL FLG 3/4IN 2500# ASTM A182 F22 TR12,21,15018.53,535
IOCL-FLA-00761,IOCL,"Digboi Refinery, Assam",FLG THRF 4IN 2500# ASTM A106 GR.B,35,5749.3,37
IOCL-PIP-00762,IOCL,"Guwahati Refinery, Assam",PIPE ERW 8IN SCH XXS ASTM A105,63,4609.11,1066
IOCL-FLA-00763,IOCL,"Mathura Refinery, Uttar Pradesh",FLG THRF 3IN 300# ASTM A182 F11,91,8089.79,32
IOCL-BUT-00764,IOCL,"Digboi Refinery, Assam",VLV BFV FLG 3/4IN 600# ASTM A106 GR.B TR16,77,23065.87,368
IOCL-STU-00765,IOCL,"Guwahati Refinery, Assam",STUD BLT 1/2IN X 180MM ASTM A182 F11 W/ 2H NUTS,125,2033.12,326
IOCL-BUT-00766,IOCL,"Paradip Refinery, Odisha",VLV BFV FLG 3/4IN 900# ASTM A106 GR.B TR5,126,17411.38,354
IOCL-GAT-00767,IOCL,"Mathura Refinery, Uttar Pradesh",VLV GT FLG 3IN 600# ASTM A182 F51 TR8,94,54952.9,365
IOCL-GAT-00768,IOCL,"Koyali Refinery, Gujarat",VLV GT FLG 1/2IN 600# ASTM A182 F51 TR5,51,39227.95,111
IOCL-PIP-00769,IOCL,"Guwahati Refinery, Assam",PIPE ERW 6IN SCH 80 ASTM A193 B7,31,3033.01,1185
IOCL-GAS-00770,IOCL,"Guwahati Refinery, Assam",GSKT SWG 24IN 900# SS316/GRAFOIL,34,2176.77,11
IOCL-BUT-00771,IOCL,"Guwahati Refinery, Assam",VLV BFV FLG 4IN 1500# ASTM A182 F53 TR1,3,132598.23,23
IOCL-GAS-00772,IOCL,"Guwahati Refinery, Assam",GSKT RTJ OCT 1.5IN 600# SS316/GRAFOIL,30,10628.65,217
IOCL-CHE-00773,IOCL,"Mathura Refinery, Uttar Pradesh",VLV CHK FLG 24IN 1500# ASTM A182 F51 TR16,39,45104.52,296
IOCL-CHE-00774,IOCL,"Mathura Refinery, Uttar Pradesh",VLV CHK FLG 1/2IN 900# ASTM A216 WCB,105,23894.43,209
IOCL-PIP-00775,IOCL,"Guwahati Refinery, Assam",PIPE ERW 3/4IN ASTM A182 F51,72,11170.62,305
IOCL-CEN-00776,IOCL,"Panipat Refinery, Haryana",CENTRIFUGAL PUMP SPARE 3IN 300# ASTM A105,74,57116.88,43
IOCL-BAL-00777,IOCL,"Panipat Refinery, Haryana",VLV BL FLG 1/2IN 2500# ASTM A182 F51,142,71887.95,735
IOCL-GAS-00778,IOCL,"Koyali Refinery, Gujarat",GSKT RTJ OCT 2IN 300# SS316/GRAFOIL,150,7327.84,1010
IOCL-RED-00779,IOCL,"Mathura Refinery, Uttar Pradesh",RED CONC 3/4IN SCH 20 ASTM A106 GR.B,140,3577.28,24
IOCL-TEE-00780,IOCL,"Mathura Refinery, Uttar Pradesh",TEE EQ 16IN SCH 40 ASTM A193 B7,144,4556.6,1010
IOCL-GAT-00781,IOCL,"Barauni Refinery, Bihar",VLV GT FLG 8IN 150# ASTM A182 F316L TR12,43,63408.11,49
IOCL-RED-00782,IOCL,"Guwahati Refinery, Assam",RED CONC 8IN SCH 40 A234WPB,43,3078.8,287
IOCL-PIP-00783,IOCL,"Panipat Refinery, Haryana",PIPE SMLS 1.5IN SCH 80 ASTM A182 F11,132,3127.46,359
IOCL-PSV-00784,IOCL,"Panipat Refinery, Haryana",VLV BFV FLG 1/2IN 1500# ASTM A350 LF2 TR16,61,19278.5,45
IOCL-BAL-00785,IOCL,"Barauni Refinery, Bihar",VLV BL FLG 12IN 600# INCONEL 625,95,119557.95,50
IOCL-PIP-00786,IOCL,"Guwahati Refinery, Assam",PIPE SMLS 24IN SCH 80 ASTM A182 F11,72,2361.02,1105
IOCL-GAS-00787,IOCL,"Mathura Refinery, Uttar Pradesh",GSKT SWG 1.5IN 600# SS316/GRAFOIL,69,6089.44,293
IOCL-CHE-00788,IOCL,"Paradip Refinery, Odisha",VLV CHK FLG 1IN 900# ASTM A193 B7,48,29648.84,187
IOCL-GAS-00789,IOCL,"Mathura Refinery, Uttar Pradesh",GSKT SWG 24IN 900# SS316/GRAFOIL,49,2066.0,309
IOCL-CEN-00790,IOCL,"Mathura Refinery, Uttar Pradesh",CENTRIFUGAL PUMP SPARE 20IN 150# ASTM A182 F22,26,52454.82,379
IOCL-CEN-00791,IOCL,"Koyali Refinery, Gujarat",CENTRIFUGAL PUMP SPARE 12IN 1500# ASTM A105,4,72973.82,921
IOCL-PSV-00792,IOCL,"Paradip Refinery, Odisha",VLV BFV FLG 6IN 300# ASTM A182 F316 TR5,79,50171.94,423
IOCL-GAS-00793,IOCL,"Digboi Refinery, Assam",GSKT SWG 8IN 600# SS316,27,3281.74,58
IOCL-CEN-00794,IOCL,"Paradip Refinery, Odisha",CENTRIFUGAL PUMP SPARE 12IN 600# ASTM A350 LF2,58,79373.7,1069
IOCL-PSV-00795,IOCL,"Mathura Refinery, Uttar Pradesh",VLV BFV FLG 2IN 600# ASTM A106 GR.B,20,25690.8,12
IOCL-RED-00796,IOCL,"Koyali Refinery, Gujarat",RED CONC 12IN SCH 40 A234WPB,39,4331.07,245
IOCL-BUT-00797,IOCL,"Koyali Refinery, Gujarat",VLV BFV FLG 16IN 150# ASTM A106 GR.B TR8,1,30561.94,14
IOCL-PIP-00798,IOCL,"Barauni Refinery, Bihar",PIPE SMLS 16IN SCH 160 ASTM A182 F51,24,6908.49,184
IOCL-BUT-00799,IOCL,"Guwahati Refinery, Assam",VLV BFV FLG 10IN 2500# ASTM A182 F316 TR12,86,40591.95,216
IOCL-TEE-00800,IOCL,"Barauni Refinery, Bihar",TEE EQ 1.5IN SCH XXS ASTM A182 F51,22,8681.63,957
IOCL-GAS-00801,IOCL,"Koyali Refinery, Gujarat",GSKT RTJ OCT 24IN 150# SS316,93,3410.53,147
IOCL-BUT-00802,IOCL,"Mathura Refinery, Uttar Pradesh",VLV BFV FLG 8IN 900# INCONEL 625 TR12,63,106035.6,19
IOCL-GAT-00803,IOCL,"Guwahati Refinery, Assam",VLV GT FLG 3IN 150# ASTM A193 B7 TR1,28,26622.4,9
IOCL-FLA-00804,IOCL,"Mathura Refinery, Uttar Pradesh",FLG BLRF 10IN 900# ASTM A216 WCB,47,5700.34,361
IOCL-ELB-00805,IOCL,"Koyali Refinery, Gujarat",ELB 90 LR 1/2IN ASTM A182 F316L,9,8841.19,16
IOCL-PIP-00806,IOCL,"Guwahati Refinery, Assam",PIPE ERW 10IN SCH 160 INCONEL 625,59,18240.56,460
IOCL-PIP-00807,IOCL,"Panipat Refinery, Haryana",PIPE SMLS 1IN SCH 40 ASTM A216 WCB,120,3187.89,46
IOCL-FLA-00808,IOCL,"Koyali Refinery, Gujarat",FLG THRF 3/4IN 600# ASTM A193 B16,86,3513.84,23
IOCL-GAT-00809,IOCL,"Mathura Refinery, Uttar Pradesh",VLV GT FLG 12IN 150# ASTM A350 LF2 TR8,62,18829.53,113
IOCL-FLA-00810,IOCL,"Panipat Refinery, Haryana",FLG SWRF 20IN 600# ASTM A105,129,4339.67,291
IOCL-GLO-00811,IOCL,"Guwahati Refinery, Assam",VLV GL FLG 8IN 300# ASTM A193 B7 TR12,7,25126.08,29
IOCL-BAL-00812,IOCL,"Guwahati Refinery, Assam",VLV BL FLG 16IN 300# ASTM A216 WCB,56,29488.03,1153
IOCL-GLO-00813,IOCL,"Digboi Refinery, Assam",VLV GL FLG 20IN 300# ASTM A182 F53 TR16,87,115551.98,406
IOCL-GAS-00814,IOCL,"Barauni Refinery, Bihar",GSKT RTJ OCT 1IN 1500# SS316/GRAFOIL,128,2142.87,164
IOCL-TEE-00815,IOCL,"Paradip Refinery, Odisha",TEE EQ 2IN SCH 20 INCONEL 625,18,15871.94,28
IOCL-GLO-00816,IOCL,"Koyali Refinery, Gujarat",VLV GL FLG 6IN 2500# ASTM A193 B7 TR12,36,32108.62,340
IOCL-PSV-00817,IOCL,"Guwahati Refinery, Assam",VLV BFV FLG 3IN 1500# ASTM A182 F304,81,20898.93,302
IOCL-BAL-00818,IOCL,"Guwahati Refinery, Assam",VLV BL FLG 16IN 1500# ASTM A182 F22 TR1,3,16560.33,11
IOCL-RED-00819,IOCL,"Digboi Refinery, Assam",RED CONC 3/4IN SCH 20 ASTM A182 F316L,120,7908.36,39
IOCL-GLO-00820,IOCL,"Mathura Refinery, Uttar Pradesh",VLV GL FLG 3/4IN 600# ASTM A193 B7 TR12,88,33229.48,1085
IOCL-ELB-00821,IOCL,"Barauni Refinery, Bihar",ELB 90 LR 6IN SCH 80 ASTM A106 GR.B,55,2755.51,285
IOCL-GAS-00822,IOCL,"Mathura Refinery, Uttar Pradesh",GSKT RTJ OCT 20IN 2500# SS316/GRAFOIL,109,6542.71,45
IOCL-GAT-00823,IOCL,"Digboi Refinery, Assam",VLV GT FLG 24IN 900# ASTM A182 F304 TR8,135,17739.28,21
IOCL-CEN-00824,IOCL,"Mathura Refinery, Uttar Pradesh",CENTRIFUGAL PUMP SPARE 4IN 900# ASTM A182 F316L,122,150643.9,173
IOCL-BUT-00825,IOCL,"Barauni Refinery, Bihar",VLV BFV FLG 10IN 300# ASTM A193 B7 TR1,20,27809.93,697
IOCL-PSV-00826,IOCL,"Paradip Refinery, Odisha",VLV BFV FLG 6IN 600# ASTM A193 B7 TR5,30,29181.93,635
IOCL-GAS-00827,IOCL,"Guwahati Refinery, Assam",GSKT SWG 3/4IN 150# SS316/GRAFOIL,56,3925.7,1079
IOCL-GAS-00828,IOCL,"Koyali Refinery, Gujarat",GSKT RTJ OCT 1.5IN 2500# SS316/GRAFOIL,148,4501.54,277
IOCL-CEN-00829,IOCL,"Guwahati Refinery, Assam",CENTRIFUGAL PUMP SPARE 4IN 900# ASTM A182 F304,91,51184.46,309
IOCL-GAT-00830,IOCL,"Mathura Refinery, Uttar Pradesh",VLV GT FLG 1IN 1500# ASTM A216 WCB TR8,112,21054.95,314
IOCL-GAS-00831,IOCL,"Panipat Refinery, Haryana",GSKT SWG 10IN 900# SS316/GRAFOIL,27,3240.11,142
IOCL-TEE-00832,IOCL,"Mathura Refinery, Uttar Pradesh",TEE EQ 6IN SCH 20 ASTM A182 F11,98,2189.88,331
IOCL-GAS-00833,IOCL,"Koyali Refinery, Gujarat",GSKT RTJ OCT 8IN 600# SS316/GRAFOIL,69,10734.8,248
IOCL-STU-00834,IOCL,"Panipat Refinery, Haryana",STUD BLT 20IN X 180MM ASTM A350 LF2 W/ 2H NUTS,133,4130.09,43
IOCL-RED-00835,IOCL,"Mathura Refinery, Uttar Pradesh",RED CONC 4IN SCH 40 ASTM A182 F316L,148,7637.58,45
IOCL-PIP-00836,IOCL,"Mathura Refinery, Uttar Pradesh",PIPE SMLS 20IN ASTM A182 F316,148,10079.43,58
IOCL-BUT-00837,IOCL,"Paradip Refinery, Odisha",VLV BFV FLG 20IN 1500# ASTM A350 LF2,40,14050.8,131
IOCL-FLA-00838,IOCL,"Mathura Refinery, Uttar Pradesh",FLG BLRF 1.5IN 600# ASTM A193 B7,138,7535.26,284
IOCL-STU-00839,IOCL,"Guwahati Refinery, Assam",STUD BLT 10IN X 180MM ASTM A105 W/ 2H NUTS,29,3137.6,43
IOCL-BAL-00840,IOCL,"Paradip Refinery, Odisha",VLV BL FLG 24IN 300# ASTM A182 F304 TR1,101,15493.3,55
IOCL-ELB-00841,IOCL,"Paradip Refinery, Odisha",ELB 90 LR 12IN SCH 20 ASTM A182 F22,42,2369.47,1041
IOCL-STU-00842,IOCL,"Koyali Refinery, Gujarat",STUD BLT 10IN X 180MM ASTM A182 F11 W/ 2H NUTS,140,1888.79,38
IOCL-RED-00843,IOCL,"Barauni Refinery, Bihar",RED CONC 1.5IN SCH XXS A234WPB,30,4346.07,6
IOCL-GAT-00844,IOCL,"Paradip Refinery, Odisha",VLV GT FLG 3/4IN 600# ASTM A193 B7 TR8,142,26408.11,812
IOCL-PIP-00845,IOCL,"Guwahati Refinery, Assam",PIPE ERW 16IN SCH 80 ASTM A350 LF2,27,3480.03,54
IOCL-GAS-00846,IOCL,"Barauni Refinery, Bihar",GSKT SWG 24IN 600# SS316/GRAFOIL,28,8862.66,193
IOCL-BUT-00847,IOCL,"Panipat Refinery, Haryana",VLV BFV FLG 2IN 1500# ASTM A182 F22 TR5,105,19310.78,362
IOCL-FLA-00848,IOCL,"Digboi Refinery, Assam",FLG BLRF 1.5IN 150# ASTM A106 GR.B,96,5216.22,54
IOCL-BUT-00849,IOCL,"Paradip Refinery, Odisha",VLV BFV FLG 3IN 300# ASTM A193 B7 TR5,144,14811.46,23
IOCL-GAT-00850,IOCL,"Barauni Refinery, Bihar",VLV GT FLG 4IN 2500# ASTM A182 F53 TR1,112,118752.66,25
IOCL-GAS-00851,IOCL,"Paradip Refinery, Odisha",GSKT RTJ OCT 6IN 300# SS316,84,8751.8,20
IOCL-STU-00852,IOCL,"Koyali Refinery, Gujarat",STUD BLT 4IN X 180MM ASTM A193 B16 W/ 2H NUTS,137,4399.59,7
IOCL-GAT-00853,IOCL,"Koyali Refinery, Gujarat",VLV GT FLG 3IN 900# ASTM A182 F51 TR8,21,61294.28,25
IOCL-PIP-00854,IOCL,"Digboi Refinery, Assam",PIPE SMLS 10IN SCH 160 ASTM A182 F304,58,2006.54,162
IOCL-PSV-00855,IOCL,"Panipat Refinery, Haryana",VLV BFV FLG 20IN 600# ASTM A193 B7 TR5,138,33093.39,49
IOCL-GAT-00856,IOCL,"Koyali Refinery, Gujarat",VLV GT FLG 20IN 900# ASTM A105 TR8,70,27333.56,13
IOCL-BUT-00857,IOCL,"Guwahati Refinery, Assam",VLV BFV FLG 3/4IN 1500# INCONEL 625 TR12,136,109574.19,341
IOCL-GAS-00858,IOCL,"Koyali Refinery, Gujarat",GSKT RTJ OCT 16IN 150# SS316/GRAFOIL,91,3410.92,1041
IOCL-GAS-00859,IOCL,"Paradip Refinery, Odisha",GSKT SWG 1/2IN 2500# SS316,56,18974.48,29
IOCL-BUT-00860,IOCL,"Digboi Refinery, Assam",VLV BFV FLG 2IN 2500# ASTM A350 LF2 TR16,117,26474.73,59
IOCL-CHE-00861,IOCL,"Barauni Refinery, Bihar",VLV CHK FLG 4IN 300# ASTM A182 F316 TR16,18,47503.0,957
IOCL-GAT-00862,IOCL,"Mathura Refinery, Uttar Pradesh",VLV GT FLG 6IN 300# ASTM A216 WCB,69,14066.01,362
IOCL-BAL-00863,IOCL,"Paradip Refinery, Odisha",VLV BL FLG 4IN 1500# ASTM A106 GR.B TR8,111,23556.95,316
IOCL-GAT-00864,IOCL,"Koyali Refinery, Gujarat",VLV GT FLG 1IN 1500# ASTM A105 TR5,71,23985.34,36
IOCL-STU-00865,IOCL,"Panipat Refinery, Haryana",STUD BLT 1/2IN X 180MM ASTM A105 W/ 2H NUTS,69,2531.61,39
IOCL-CEN-00866,IOCL,"Panipat Refinery, Haryana",CENTRIFUGAL PUMP SPARE 24IN 2500# ASTM A182 F11,69,58261.0,721
IOCL-BAL-00867,IOCL,"Panipat Refinery, Haryana",VLV BL FLG 16IN 1500# ASTM A193 B7 TR1,123,28134.0,213
IOCL-STU-00868,IOCL,"Paradip Refinery, Odisha",STUD BLT 1/2IN X 180MM ASTM A106 GR.B W/ 2H NUTS,122,3051.79,6
IOCL-GLO-00869,IOCL,"Paradip Refinery, Odisha",VLV GL FLG 6IN 300# ASTM A182 F22 TR8,121,15665.84,946
IOCL-BAL-00870,IOCL,"Mathura Refinery, Uttar Pradesh",VLV BL FLG 20IN 150# INCONEL 625 TR16,26,117186.75,262
IOCL-GAS-00871,IOCL,"Koyali Refinery, Gujarat",GSKT SWG 1/2IN 600# SS316/GRAFOIL,78,9569.83,338
IOCL-STU-00872,IOCL,"Digboi Refinery, Assam",STUD BLT 1IN X 180MM ASTM A182 F53 W/ 2H NUTS,128,11759.93,41
IOCL-GAS-00873,IOCL,"Koyali Refinery, Gujarat",GSKT SWG 12IN 1500# SS316/GRAFOIL,116,4590.16,637
IOCL-BUT-00874,IOCL,"Koyali Refinery, Gujarat",VLV BFV FLG 1/2IN 1500# ASTM A182 F316 TR12,134,68490.86,153
IOCL-RED-00875,IOCL,"Panipat Refinery, Haryana",RED CONC 12IN SCH 80 ASTM A193 B16,120,3747.54,1004
IOCL-STU-00876,IOCL,"Panipat Refinery, Haryana",STUD BLT 1/2IN X 180MM ASTM A216 WCB W/ 2H NUTS,11,2472.64,154
IOCL-BAL-00877,IOCL,"Panipat Refinery, Haryana",VLV BL FLG 3IN 600# ASTM A105 TR1,129,26673.45,454
IOCL-BAL-00878,IOCL,"Panipat Refinery, Haryana",VLV BL FLG 1/2IN 900# ASTM A216 WCB TR16,91,18424.82,288
IOCL-CEN-00879,IOCL,"Koyali Refinery, Gujarat",CENTRIFUGAL PUMP SPARE 4IN 2500# ASTM A106 GR.B,83,73566.82,13
IOCL-PIP-00880,IOCL,"Panipat Refinery, Haryana",PIPE SMLS 12IN SCH 40 ASTM A182 F53,97,24159.69,58
IOCL-TEE-00881,IOCL,"Paradip Refinery, Odisha",TEE EQ 6IN SCH 80 ASTM A182 F51,106,7858.83,104
IOCL-GAT-00882,IOCL,"Digboi Refinery, Assam",VLV GT FLG 8IN 600# ASTM A193 B16 TR8,33,25793.62,241
IOCL-GLO-00883,IOCL,"Paradip Refinery, Odisha",VLV GL FLG 3/4IN 150# ASTM A182 F316L TR16,70,74829.77,707
IOCL-GAT-00884,IOCL,"Guwahati Refinery, Assam",VLV GT FLG 1/2IN 150# INCONEL 625 TR12,150,161120.26,52
IOCL-TEE-00885,IOCL,"Mathura Refinery, Uttar Pradesh",TEE EQ 12IN SCH XXS A234WPB,78,3602.66,94
IOCL-RED-00886,IOCL,"Panipat Refinery, Haryana",RED CONC 3/4IN SCH 40 ASTM A193 B7,25,2554.82,391
IOCL-ELB-00887,IOCL,"Paradip Refinery, Odisha",ELB 90 LR 1IN SCH 20 ASTM A182 F316L,140,6476.87,1039
IOCL-GAT-00888,IOCL,"Mathura Refinery, Uttar Pradesh",VLV GT FLG 12IN 300# ASTM A182 F316L TR5,44,59069.99,193
IOCL-BAL-00889,IOCL,"Koyali Refinery, Gujarat",VLV BL FLG 4IN 900# ASTM A182 F304 TR12,28,22686.48,57
IOCL-BAL-00890,IOCL,"Panipat Refinery, Haryana",VLV BL FLG 1/2IN 2500# ASTM A182 F51 TR12,114,35860.27,845
IOCL-ELB-00891,IOCL,"Barauni Refinery, Bihar",ELB 90 LR 8IN SCH 20 ASTM A182 F304,90,4357.01,38
IOCL-GLO-00892,IOCL,"Koyali Refinery, Gujarat",VLV GL FLG 24IN 300# ASTM A182 F22 TR16,72,29042.23,47
IOCL-CEN-00893,IOCL,"Barauni Refinery, Bihar",CENTRIFUGAL PUMP SPARE 10IN 2500# INCONEL 625,130,432793.21,498
IOCL-BUT-00894,IOCL,"Barauni Refinery, Bihar",VLV BFV FLG 3/4IN 150# ASTM A182 F11 TR16,8,30370.22,464
IOCL-GAT-00895,IOCL,"Digboi Refinery, Assam",VLV GT FLG 16IN 300# ASTM A182 F51 TR5,27,78289.82,287
IOCL-CEN-00896,IOCL,"Panipat Refinery, Haryana",CENTRIFUGAL PUMP SPARE 16IN 150# ASTM A106 GR.B,114,71535.92,106
IOCL-GAT-00897,IOCL,"Guwahati Refinery, Assam",VLV GT FLG 1.5IN 300# ASTM A193 B7 TR5,65,23223.84,48
IOCL-GAS-00898,IOCL,"Panipat Refinery, Haryana",GSKT SWG 12IN 2500# SS316/GRAFOIL,25,2434.73,162
IOCL-GAS-00899,IOCL,"Koyali Refinery, Gujarat",GSKT RTJ OCT 16IN 2500# SS316/GRAFOIL,136,8098.71,197
IOCL-TEE-00900,IOCL,"Digboi Refinery, Assam",TEE EQ 3/4IN ASTM A182 F316,110,8987.61,60
IOCL-GLO-00901,IOCL,"Panipat Refinery, Haryana",VLV GL FLG 1/2IN 1500# ASTM A193 B16 TR1,139,20052.21,239
IOCL-GAS-00902,IOCL,"Panipat Refinery, Haryana",GSKT SWG 1.5IN 1500# SS316/GRAFOIL,129,6834.15,925
IOCL-CEN-00903,IOCL,"Guwahati Refinery, Assam",CENTRIFUGAL PUMP SPARE 3IN 900# ASTM A106 GR.B,67,43675.31,53
IOCL-TEE-00904,IOCL,"Paradip Refinery, Odisha",TEE EQ 10IN INCONEL 625,10,16956.45,978
IOCL-RED-00905,IOCL,"Koyali Refinery, Gujarat",RED CONC 3/4IN SCH XXS ASTM A106 GR.B,128,3270.91,270
IOCL-BAL-00906,IOCL,"Panipat Refinery, Haryana",VLV BL FLG 20IN 300# ASTM A193 B16 TR1,137,25541.15,100
IOCL-FLA-00907,IOCL,"Guwahati Refinery, Assam",FLG SWRF 1IN 150# ASTM A182 F316L,31,19539.69,271
IOCL-PIP-00908,IOCL,"Barauni Refinery, Bihar",PIPE SMLS 4IN ASTM A105,4,4276.45,20
IOCL-GLO-00909,IOCL,"Koyali Refinery, Gujarat",VLV GL FLG 12IN 300# ASTM A182 F51 TR1,75,40170.95,30
IOCL-STU-00910,IOCL,"Mathura Refinery, Uttar Pradesh",STUD BLT 16IN X 180MM ASTM A106 GR.B W/ 2H NUTS,57,3094.74,1164
IOCL-BAL-00911,IOCL,"Koyali Refinery, Gujarat",VLV BL FLG 8IN 150# INCONEL 625 TR8,14,122180.29,31
IOCL-CHE-00912,IOCL,"Guwahati Refinery, Assam",VLV CHK FLG 3/4IN 600# ASTM A216 WCB TR8,37,14210.18,316
IOCL-GAT-00913,IOCL,"Koyali Refinery, Gujarat",VLV GT FLG 2IN 150# ASTM A105 TR8,16,19026.03,44
IOCL-PSV-00914,IOCL,"Mathura Refinery, Uttar Pradesh",VLV BFV FLG 1IN 2500# ASTM A182 F316L TR1,111,60108.35,398
IOCL-GAS-00915,IOCL,"Digboi Refinery, Assam",GSKT RTJ OCT 20IN 1500# SS316/GRAFOIL,56,9893.61,803
IOCL-CEN-00916,IOCL,"Paradip Refinery, Odisha",CENTRIFUGAL PUMP SPARE 12IN 600# ASTM A193 B7,137,56693.38,41
IOCL-PIP-00917,IOCL,"Koyali Refinery, Gujarat",PIPE SMLS 2IN SCH 40 ASTM A182 F51,139,6721.3,405
IOCL-BAL-00918,IOCL,"Panipat Refinery, Haryana",VLV BL FLG 10IN 2500# ASTM A182 F316,83,75131.99,182
IOCL-FLA-00919,IOCL,"Koyali Refinery, Gujarat",FLG BLRF 24IN 1500# ASTM A182 F51,105,9162.49,990
IOCL-BUT-00920,IOCL,"Digboi Refinery, Assam",VLV BFV FLG 2IN 900# ASTM A106 GR.B TR8,33,18002.89,998
IOCL-FLA-00921,IOCL,"Guwahati Refinery, Assam",FLG SORF 6IN 1500# ASTM A350 LF2,11,6114.37,122
IOCL-BAL-00922,IOCL,"Barauni Refinery, Bihar",VLV BL FLG 3/4IN 150# ASTM A105 TR1,130,22287.49,37
IOCL-BUT-00923,IOCL,"Guwahati Refinery, Assam",VLV BFV FLG 2IN 300# ASTM A182 F11 TR1,7,19965.5,275
IOCL-CEN-00924,IOCL,"Barauni Refinery, Bihar",CENTRIFUGAL PUMP SPARE 3IN 150# ASTM A182 F22,75,79800.27,474
IOCL-CHE-00925,IOCL,"Digboi Refinery, Assam",VLV CHK FLG 3IN 300# ASTM A193 B16 TR16,97,29948.39,756
IOCL-GAT-00926,IOCL,"Barauni Refinery, Bihar",VLV GT FLG 16IN 900# ASTM A106 GR.B TR16,138,28014.3,59
IOCL-RED-00927,IOCL,"Koyali Refinery, Gujarat",RED CONC 24IN SCH XXS ASTM A182 F51,76,10951.1,215
IOCL-CHE-00928,IOCL,"Paradip Refinery, Odisha",VLV CHK FLG 4IN 600# ASTM A182 F51 TR5,21,51173.24,736
IOCL-ELB-00929,IOCL,"Mathura Refinery, Uttar Pradesh",ELB 90 LR 24IN SCH 40 ASTM A182 F11,138,2548.6,161
IOCL-GAS-00930,IOCL,"Panipat Refinery, Haryana",GSKT RTJ OCT 8IN 300# SS316/GRAFOIL,148,3234.05,192
IOCL-FLA-00931,IOCL,"Digboi Refinery, Assam",FLG WNRF 6IN 2500# ASTM A216 WCB,33,7678.82,390
IOCL-GLO-00932,IOCL,"Paradip Refinery, Odisha",VLV GL FLG 3IN 300# ASTM A106 GR.B TR16,103,27299.19,241
IOCL-CEN-00933,IOCL,"Barauni Refinery, Bihar",CENTRIFUGAL PUMP SPARE 16IN 150# INCONEL 625,19,421908.28,784
IOCL-ELB-00934,IOCL,"Guwahati Refinery, Assam",ELB 90 LR 1IN ASTM A193 B7,131,2105.42,1056
IOCL-ELB-00935,IOCL,"Barauni Refinery, Bihar",ELB 90 LR 2IN SCH 80 ASTM A182 F316L,60,6731.77,943
IOCL-CEN-00936,IOCL,"Koyali Refinery, Gujarat",CENTRIFUGAL PUMP SPARE 3IN 300# ASTM A182 F53,37,214954.53,806
IOCL-BAL-00937,IOCL,"Koyali Refinery, Gujarat",VLV BL FLG 3/4IN 600# ASTM A182 F11 TR1,71,23135.39,177
IOCL-RED-00938,IOCL,"Mathura Refinery, Uttar Pradesh",RED CONC 8IN ASTM A193 B16,44,1950.21,190
IOCL-PSV-00939,IOCL,"Koyali Refinery, Gujarat",VLV BFV FLG 10IN 900# INCONEL 625 TR5,114,142882.19,58
IOCL-GAS-00940,IOCL,"Paradip Refinery, Odisha",GSKT SWG 24IN 300# SS316/GRAFOIL,72,3886.99,12
IOCL-GAS-00941,IOCL,"Mathura Refinery, Uttar Pradesh",GSKT SWG 2IN 900# SS316/GRAFOIL,132,3723.22,252
IOCL-GAT-00942,IOCL,"Digboi Refinery, Assam",VLV GT FLG 24IN 2500# ASTM A193 B7 TR5,10,32293.81,45
IOCL-RED-00943,IOCL,"Paradip Refinery, Odisha",RED CONC 24IN SCH 40 ASTM A182 F316L,128,6630.37,894
IOCL-GAS-00944,IOCL,"Paradip Refinery, Odisha",GSKT SWG 1.5IN 2500# SS316/GRAFOIL,46,1981.74,225
IOCL-STU-00945,IOCL,"Barauni Refinery, Bihar",STUD BLT 1IN X 180MM ASTM A182 F11 W/ 2H NUTS,60,4281.36,867
IOCL-PIP-00946,IOCL,"Koyali Refinery, Gujarat",PIPE ERW 3/4IN ASTM A182 F11,115,2769.84,47
IOCL-ELB-00947,IOCL,"Guwahati Refinery, Assam",ELB 90 LR 6IN ASTM A182 F316,106,9412.15,640
IOCL-CHE-00948,IOCL,"Digboi Refinery, Assam",VLV CHK FLG 12IN 600# INCONEL 625 TR16,106,127495.75,308
IOCL-CEN-00949,IOCL,"Koyali Refinery, Gujarat",CENTRIFUGAL PUMP SPARE 1/2IN 600# ASTM A105,115,54035.67,41
IOCL-GAS-00950,IOCL,"Koyali Refinery, Gujarat",GSKT RTJ OCT 8IN 150# SS316,6,4081.64,727
IOCL-GAT-00951,IOCL,"Koyali Refinery, Gujarat",VLV GT FLG 1IN 1500# ASTM A182 F22 TR5,102,30522.51,19
IOCL-CEN-00952,IOCL,"Barauni Refinery, Bihar",CENTRIFUGAL PUMP SPARE 1/2IN 150# ASTM A182 F316,6,177821.32,143
IOCL-GAS-00953,IOCL,"Koyali Refinery, Gujarat",GSKT RTJ OCT 12IN 2500# SS316,64,4919.72,154
IOCL-STU-00954,IOCL,"Panipat Refinery, Haryana",STUD BLT 16IN X 180MM ASTM A182 F316L W/ 2H NUTS,107,4826.06,463
IOCL-RED-00955,IOCL,"Digboi Refinery, Assam",RED CONC 3IN SCH 160 ASTM A193 B16,132,3919.58,24
IOCL-GAT-00956,IOCL,"Koyali Refinery, Gujarat",VLV GT FLG 1.5IN 900# ASTM A182 F304 TR12,144,19015.45,23
IOCL-PIP-00957,IOCL,"Digboi Refinery, Assam",PIPE SMLS 3/4IN SCH 160 ASTM A105,148,4556.77,209
IOCL-ELB-00958,IOCL,"Mathura Refinery, Uttar Pradesh",ELB 90 LR 3/4IN SCH 20 ASTM A182 F11,144,2340.45,60
IOCL-GAT-00959,IOCL,"Barauni Refinery, Bihar",VLV GT FLG 10IN 300# ASTM A216 WCB TR12,16,28694.69,684
IOCL-BUT-00960,IOCL,"Guwahati Refinery, Assam",VLV BFV FLG 4IN 150# INCONEL 625 TR8,69,163019.2,341
IOCL-BUT-00961,IOCL,"Guwahati Refinery, Assam",VLV BFV FLG 8IN 2500# ASTM A182 F22 TR12,21,31740.36,32
IOCL-GAS-00962,IOCL,"Mathura Refinery, Uttar Pradesh",GSKT RTJ OCT 24IN 150# SS316/GRAFOIL,10,4310.13,1007
IOCL-ELB-00963,IOCL,"Panipat Refinery, Haryana",ELB 90 LR 4IN SCH XXS A234WPB,70,3311.82,943
IOCL-GLO-00964,IOCL,"Digboi Refinery, Assam",VLV GL FLG 16IN 600# ASTM A216 WCB TR5,133,25469.45,327
IOCL-CEN-00965,IOCL,"Guwahati Refinery, Assam",CENTRIFUGAL PUMP SPARE 1/2IN 600# ASTM A193 B7,107,42621.68,125
IOCL-GAS-00966,IOCL,"Paradip Refinery, Odisha",GSKT SWG 1/2IN 1500# SS316/GRAFOIL,120,3509.75,1017
IOCL-CEN-00967,IOCL,"Koyali Refinery, Gujarat",CENTRIFUGAL PUMP SPARE 24IN 900# ASTM A350 LF2,150,69851.49,626
IOCL-TEE-00968,IOCL,"Mathura Refinery, Uttar Pradesh",TEE EQ 1.5IN ASTM A182 F22,46,2598.08,1182
IOCL-RED-00969,IOCL,"Digboi Refinery, Assam",RED CONC 10IN SCH 160 ASTM A182 F22,122,2450.59,5
IOCL-CEN-00970,IOCL,"Mathura Refinery, Uttar Pradesh",CENTRIFUGAL PUMP SPARE 1/2IN 600# ASTM A193 B16,20,78099.69,161
IOCL-PIP-00971,IOCL,"Barauni Refinery, Bihar",PIPE ERW 1.5IN SCH 160 ASTM A182 F22,97,4003.28,333
IOCL-PSV-00972,IOCL,"Barauni Refinery, Bihar",VLV BFV FLG 1IN 2500# ASTM A182 F53 TR1,72,165508.1,314
IOCL-ELB-00973,IOCL,"Paradip Refinery, Odisha",ELB 90 LR 1IN SCH 80 ASTM A193 B7,94,4227.27,268
IOCL-CHE-00974,IOCL,"Koyali Refinery, Gujarat",VLV CHK FLG 16IN 150# ASTM A182 F11 TR12,51,22253.2,371
IOCL-BAL-00975,IOCL,"Barauni Refinery, Bihar",VLV BL FLG 10IN 600# ASTM A182 F316 TR8,9,65787.3,46
IOCL-GAS-00976,IOCL,"Barauni Refinery, Bihar",GSKT SWG 24IN 2500# SS316/GRAFOIL,121,4617.39,45
IOCL-ELB-00977,IOCL,"Koyali Refinery, Gujarat",ELB 90 LR 16IN ASTM A193 B7,46,4270.01,13
IOCL-FLA-00978,IOCL,"Digboi Refinery, Assam",FLG THRF 24IN 300# ASTM A182 F51,5,12554.23,48
IOCL-CEN-00979,IOCL,"Guwahati Refinery, Assam",CENTRIFUGAL PUMP SPARE 24IN 2500# ASTM A182 F11,16,36965.27,517
IOCL-BAL-00980,IOCL,"Koyali Refinery, Gujarat",VLV BL FLG 16IN 1500# ASTM A106 GR.B TR1,105,16924.77,92
IOCL-TEE-00981,IOCL,"Barauni Refinery, Bihar",TEE EQ 3/4IN SCH 20 ASTM A182 F316,119,5293.61,10
IOCL-GLO-00982,IOCL,"Digboi Refinery, Assam",VLV GL FLG 12IN 600# ASTM A182 F316,118,37773.11,681
IOCL-STU-00983,IOCL,"Panipat Refinery, Haryana",STUD BLT 2IN X 180MM INCONEL 625 W/ 2H NUTS,72,13567.03,25
IOCL-BAL-00984,IOCL,"Guwahati Refinery, Assam",VLV BL FLG 3/4IN 900# ASTM A350 LF2 TR8,91,24958.18,826
IOCL-STU-00985,IOCL,"Paradip Refinery, Odisha",STUD BLT 10IN X 180MM INCONEL 625 W/ 2H NUTS,112,16974.21,238
IOCL-GAS-00986,IOCL,"Barauni Refinery, Bihar",GSKT SWG 2IN 300# SS316/GRAFOIL,120,15553.96,1040
IOCL-GLO-00987,IOCL,"Koyali Refinery, Gujarat",VLV GL FLG 4IN 2500# ASTM A182 F51 TR16,9,49707.42,11
IOCL-PIP-00988,IOCL,"Mathura Refinery, Uttar Pradesh",PIPE ERW 2IN SCH 80 ASTM A182 F51,140,5967.35,1194
IOCL-ELB-00989,IOCL,"Paradip Refinery, Odisha",ELB 90 LR 2IN SCH XXS ASTM A182 F11,96,3527.59,35
IOCL-CEN-00990,IOCL,"Paradip Refinery, Odisha",CENTRIFUGAL PUMP SPARE 10IN 900# ASTM A350 LF2,8,41869.29,977
IOCL-TEE-00991,IOCL,"Guwahati Refinery, Assam",TEE EQ 1/2IN SCH XXS ASTM A350 LF2,80,4055.37,268
IOCL-GLO-00992,IOCL,"Mathura Refinery, Uttar Pradesh",VLV GL FLG 3/4IN 300# ASTM A182 F51 TR5,61,76209.23,32
IOCL-GLO-00993,IOCL,"Paradip Refinery, Odisha",VLV GL FLG 3/4IN 900# ASTM A182 F22 TR1,141,27098.37,849
IOCL-PIP-00994,IOCL,"Paradip Refinery, Odisha",PIPE ERW 20IN INCONEL 625,84,26067.35,308
IOCL-TEE-00995,IOCL,"Panipat Refinery, Haryana",TEE EQ 10IN SCH 80 ASTM A106 GR.B,61,2890.11,367
IOCL-RED-00996,IOCL,"Mathura Refinery, Uttar Pradesh",RED CONC 1/2IN SCH 160 ASTM A193 B16,78,3072.35,26
IOCL-PIP-00997,IOCL,"Guwahati Refinery, Assam",PIPE ERW 1/2IN SCH 80 ASTM A216 WCB,46,2324.74,355
IOCL-GAS-00998,IOCL,"Digboi Refinery, Assam",GSKT RTJ OCT 1IN 600# SS316/GRAFOIL,33,3455.38,323
IOCL-STU-00999,IOCL,"Koyali Refinery, Gujarat",STUD BLT 16IN X 180MM ASTM A182 F22 W/ 2H NUTS,30,3535.0,321
IOCL-GAS-01000,IOCL,"Panipat Refinery, Haryana",GSKT RTJ OCT 4IN 1500# SS316/GRAFOIL,99,10670.91,167
IOCL-CEN-01001,IOCL,"Barauni Refinery, Bihar",CENTRIFUGAL PUMP SPARE 16IN 900# ASTM A193 B7,112,36152.91,111
IOCL-ELB-01002,IOCL,"Koyali Refinery, Gujarat",ELB 90 LR 12IN SCH 20 ASTM A182 F316,7,8418.9,241
IOCL-FLA-01003,IOCL,"Barauni Refinery, Bihar",FLG THRF 16IN 150# ASTM A182 F51,102,11514.26,10
IOCL-GAS-01004,IOCL,"Koyali Refinery, Gujarat",GSKT SWG 16IN 1500# SS316/GRAFOIL,63,4401.63,359
IOCL-FLA-01005,IOCL,"Mathura Refinery, Uttar Pradesh",FLG WNRF 16IN 2500# ASTM A106 GR.B,98,5912.53,711
IOCL-GAS-01006,IOCL,"Mathura Refinery, Uttar Pradesh",GSKT SWG 2IN 2500# SS316/GRAFOIL,21,4176.35,32
IOCL-RED-01007,IOCL,"Barauni Refinery, Bihar",RED CONC 1.5IN SCH 80 ASTM A182 F304,13,2904.15,201
IOCL-BAL-01008,IOCL,"Guwahati Refinery, Assam",VLV BL FLG 4IN 300# ASTM A193 B7,73,18899.05,197
IOCL-STU-01009,IOCL,"Barauni Refinery, Bihar",STUD BLT 12IN X 180MM ASTM A216 WCB W/ 2H NUTS,25,2483.64,6
IOCL-RED-01010,IOCL,"Paradip Refinery, Odisha",RED CONC 3IN SCH XXS ASTM A182 F304,100,3182.91,97
IOCL-BUT-01011,IOCL,"Digboi Refinery, Assam",VLV BFV FLG 1.5IN 1500# ASTM A182 F316 TR12,44,67062.8,399
IOCL-PSV-01012,IOCL,"Koyali Refinery, Gujarat",VLV BFV FLG 16IN 1500# ASTM A182 F11,95,19519.85,828
IOCL-ELB-01013,IOCL,"Mathura Refinery, Uttar Pradesh",ELB 90 LR 10IN SCH 40 A234WPB,107,4613.52,935
IOCL-ELB-01014,IOCL,"Paradip Refinery, Odisha",ELB 90 LR 24IN SCH 160 ASTM A350 LF2,25,2963.31,147
IOCL-GLO-01015,IOCL,"Paradip Refinery, Odisha",VLV GL FLG 1.5IN 900# INCONEL 625 TR16,72,118945.14,1046
IOCL-STU-01016,IOCL,"Barauni Refinery, Bihar",STUD BLT 24IN X 180MM ASTM A193 B16 W/ 2H NUTS,127,3956.28,23
IOCL-PIP-01017,IOCL,"Digboi Refinery, Assam",PIPE SMLS 1IN SCH 20 ASTM A182 F304,99,3470.43,31
IOCL-STU-01018,IOCL,"Barauni Refinery, Bihar",STUD BLT 3/4IN X 180MM ASTM A105 W/ 2H NUTS,147,3888.41,6
IOCL-GLO-01019,IOCL,"Panipat Refinery, Haryana",VLV GL FLG 20IN 2500# ASTM A182 F11 TR8,100,24430.74,189
IOCL-BUT-01020,IOCL,"Guwahati Refinery, Assam",VLV BFV FLG 3IN 300# ASTM A193 B7 TR12,76,14783.29,196
IOCL-ELB-01021,IOCL,"Digboi Refinery, Assam",ELB 90 LR 6IN SCH XXS ASTM A350 LF2,29,4085.14,58
IOCL-ELB-01022,IOCL,"Guwahati Refinery, Assam",ELB 90 LR 24IN SCH 20 ASTM A193 B7,121,4245.96,632
IOCL-TEE-01023,IOCL,"Paradip Refinery, Odisha",TEE EQ 16IN SCH XXS ASTM A106 GR.B,75,4107.07,111
IOCL-GAS-01024,IOCL,"Panipat Refinery, Haryana",GSKT SWG 2IN 1500# SS316,29,23162.9,302
IOCL-GLO-01025,IOCL,"Panipat Refinery, Haryana",VLV GL FLG 16IN 150# ASTM A350 LF2 TR8,118,31304.07,216
IOCL-BUT-01026,IOCL,"Guwahati Refinery, Assam",VLV BFV FLG 2IN 1500# ASTM A182 F304 TR12,10,28574.19,14
IOCL-CHE-01027,IOCL,"Koyali Refinery, Gujarat",VLV CHK FLG 1IN 1500# ASTM A182 F316 TR8,79,57276.6,524
IOCL-GAS-01028,IOCL,"Koyali Refinery, Gujarat",GSKT RTJ OCT 2IN 2500# SS316/GRAFOIL,59,1952.01,517
IOCL-FLA-01029,IOCL,"Paradip Refinery, Odisha",FLG BLRF 1IN 600# ASTM A182 F304,129,4930.77,862
IOCL-GLO-01030,IOCL,"Paradip Refinery, Odisha",VLV GL FLG 1/2IN 2500# INCONEL 625 TR5,17,121673.2,24
IOCL-BAL-01031,IOCL,"Paradip Refinery, Odisha",VLV BL FLG 12IN 150# ASTM A182 F11 TR8,135,31283.07,738
IOCL-FLA-01032,IOCL,"Panipat Refinery, Haryana",FLG THRF 8IN 2500# ASTM A182 F316L,21,20446.66,946
IOCL-CHE-01033,IOCL,"Mathura Refinery, Uttar Pradesh",VLV CHK FLG 6IN 300# ASTM A350 LF2 TR5,11,32891.67,459
IOCL-CHE-01034,IOCL,"Koyali Refinery, Gujarat",VLV CHK FLG 1.5IN 300# ASTM A193 B7,150,28581.27,466
IOCL-CEN-01035,IOCL,"Mathura Refinery, Uttar Pradesh",CENTRIFUGAL PUMP SPARE 6IN 150# ASTM A193 B16,122,43521.11,201
IOCL-BAL-01036,IOCL,"Digboi Refinery, Assam",VLV BL FLG 16IN 900# ASTM A182 F11 TR12,50,25160.96,324
IOCL-GAS-01037,IOCL,"Guwahati Refinery, Assam",GSKT RTJ OCT 8IN 900# SS316/GRAFOIL,132,6638.32,636
IOCL-CHE-01038,IOCL,"Koyali Refinery, Gujarat",VLV CHK FLG 3/4IN 300# ASTM A182 F316 TR16,125,34072.61,37
IOCL-GLO-01039,IOCL,"Digboi Refinery, Assam",VLV GL FLG 12IN 2500# ASTM A106 GR.B TR1,138,29786.64,17
IOCL-CHE-01040,IOCL,"Digboi Refinery, Assam",VLV CHK FLG 3/4IN 2500# ASTM A182 F304 TR8,77,31865.52,18
IOCL-CHE-01041,IOCL,"Barauni Refinery, Bihar",VLV CHK FLG 3IN 1500# ASTM A193 B16 TR5,122,26439.11,1164
IOCL-BAL-01042,IOCL,"Koyali Refinery, Gujarat",VLV BL FLG 3IN 2500# ASTM A350 LF2,91,29918.78,321
IOCL-RED-01043,IOCL,"Panipat Refinery, Haryana",RED CONC 3IN SCH 160 ASTM A182 F316L,36,11390.53,385
IOCL-CHE-01044,IOCL,"Panipat Refinery, Haryana",VLV CHK FLG 20IN 900# ASTM A350 LF2 TR8,84,24549.75,52
IOCL-RED-01045,IOCL,"Panipat Refinery, Haryana",RED CONC 3IN SCH 160 ASTM A182 F53,123,26784.65,413
IOCL-PIP-01046,IOCL,"Barauni Refinery, Bihar",PIPE SMLS 1/2IN SCH 160 ASTM A193 B7,88,2634.13,28
IOCL-ELB-01047,IOCL,"Digboi Refinery, Assam",ELB 90 LR 1IN SCH 20 A234WPB,77,3453.74,40
IOCL-BUT-01048,IOCL,"Barauni Refinery, Bihar",VLV BFV FLG 16IN 150# ASTM A182 F11 TR16,36,28787.59,251
IOCL-GAS-01049,IOCL,"Mathura Refinery, Uttar Pradesh",GSKT SWG 3IN 300# SS316/GRAFOIL,67,2577.23,52
IOCL-STU-01050,IOCL,"Digboi Refinery, Assam",STUD BLT 8IN X 180MM ASTM A182 F316L W/ 2H NUTS,132,7255.14,398
IOCL-PSV-01051,IOCL,"Koyali Refinery, Gujarat",VLV BFV FLG 12IN 150# ASTM A193 B16 TR12,20,24693.07,40
IOCL-GAS-01052,IOCL,"Barauni Refinery, Bihar",GSKT RTJ OCT 1.5IN 150# SS316/GRAFOIL,111,24742.97,34
IOCL-STU-01053,IOCL,"Koyali Refinery, Gujarat",STUD BLT 20IN X 180MM ASTM A182 F316 W/ 2H NUTS,111,10802.1,372
IOCL-PSV-01054,IOCL,"Koyali Refinery, Gujarat",VLV BFV FLG 2IN 300# ASTM A182 F316L TR5,150,67139.65,834
IOCL-STU-01055,IOCL,"Mathura Refinery, Uttar Pradesh",STUD BLT 1IN X 180MM ASTM A350 LF2 W/ 2H NUTS,79,2374.36,6
IOCL-GAS-01056,IOCL,"Koyali Refinery, Gujarat",GSKT RTJ OCT 1.5IN 2500# SS316/GRAFOIL,54,2429.68,15
IOCL-CEN-01057,IOCL,"Paradip Refinery, Odisha",CENTRIFUGAL PUMP SPARE 4IN 150# ASTM A350 LF2,114,76692.87,59
IOCL-ELB-01058,IOCL,"Digboi Refinery, Assam",ELB 90 LR 24IN SCH 160 ASTM A182 F51,24,11351.05,37
IOCL-GAS-01059,IOCL,"Koyali Refinery, Gujarat",GSKT RTJ OCT 3IN 900# SS316/GRAFOIL,49,2453.4,350
IOCL-BAL-01060,IOCL,"Panipat Refinery, Haryana",VLV BL FLG 4IN 900# ASTM A182 F53 TR1,26,123136.11,810
IOCL-BAL-01061,IOCL,"Panipat Refinery, Haryana",VLV BL FLG 2IN 2500# ASTM A350 LF2 TR12,83,14398.32,547
IOCL-FLA-01062,IOCL,"Guwahati Refinery, Assam",FLG THRF 1/2IN 150# ASTM A216 WCB,54,7663.41,746
IOCL-PIP-01063,IOCL,"Mathura Refinery, Uttar Pradesh",PIPE SMLS 1IN SCH 40 INCONEL 625,94,25754.78,174
IOCL-CHE-01064,IOCL,"Barauni Refinery, Bihar",VLV CHK FLG 20IN 150# ASTM A182 F304 TR8,85,14064.24,35
IOCL-CEN-01065,IOCL,"Digboi Refinery, Assam",CENTRIFUGAL PUMP SPARE 8IN 300# ASTM A182 F316L,41,96764.26,205
IOCL-GAT-01066,IOCL,"Digboi Refinery, Assam",VLV GT FLG 6IN 300# ASTM A106 GR.B TR12,1,19666.33,222
IOCL-STU-01067,IOCL,"Paradip Refinery, Odisha",STUD BLT 24IN X 180MM ASTM A182 F53 W/ 2H NUTS,51,13326.24,37
IOCL-CHE-01068,IOCL,"Koyali Refinery, Gujarat",VLV CHK FLG 3/4IN 300# ASTM A182 F22 TR12,58,18463.28,702
IOCL-ELB-01069,IOCL,"Barauni Refinery, Bihar",ELB 90 LR 2IN SCH XXS ASTM A182 F22,84,3035.56,959
IOCL-CEN-01070,IOCL,"Digboi Refinery, Assam",CENTRIFUGAL PUMP SPARE 1IN 150# INCONEL 625,37,390985.3,212
IOCL-BUT-01071,IOCL,"Digboi Refinery, Assam",VLV BFV FLG 12IN 1500# ASTM A105 TR12,104,22451.66,323
IOCL-TEE-01072,IOCL,"Koyali Refinery, Gujarat",TEE EQ 1IN SCH 20 ASTM A182 F51,88,10235.55,36
IOCL-STU-01073,IOCL,"Panipat Refinery, Haryana",STUD BLT 4IN X 180MM INCONEL 625 W/ 2H NUTS,7,27168.43,139
IOCL-PSV-01074,IOCL,"Mathura Refinery, Uttar Pradesh",VLV BFV FLG 2IN 900# ASTM A106 GR.B TR8,112,24455.31,349
IOCL-PSV-01075,IOCL,"Digboi Refinery, Assam",VLV BFV FLG 16IN 2500# ASTM A182 F53,91,143438.27,942
IOCL-TEE-01076,IOCL,"Mathura Refinery, Uttar Pradesh",TEE EQ 8IN SCH XXS A234WPB,96,2311.56,1016
IOCL-PSV-01077,IOCL,"Barauni Refinery, Bihar",VLV BFV FLG 1.5IN 600# ASTM A182 F11 TR16,13,32489.32,765
IOCL-PIP-01078,IOCL,"Guwahati Refinery, Assam",PIPE ERW 1/2IN SCH 160 ASTM A182 F51,143,9280.83,125
IOCL-GLO-01079,IOCL,"Paradip Refinery, Odisha",VLV GL FLG 12IN 900# ASTM A216 WCB TR5,101,25210.04,20
IOCL-BAL-01080,IOCL,"Guwahati Refinery, Assam",VLV BL FLG 6IN 300# ASTM A216 WCB TR16,71,28559.57,151
IOCL-TEE-01081,IOCL,"Guwahati Refinery, Assam",TEE EQ 24IN SCH XXS ASTM A106 GR.B,139,3918.01,438
IOCL-BUT-01082,IOCL,"Panipat Refinery, Haryana",VLV BFV FLG 4IN 1500# ASTM A182 F304 TR8,44,30849.6,340
IOCL-CHE-01083,IOCL,"Barauni Refinery, Bihar",VLV CHK FLG 1.5IN 2500# ASTM A182 F53 TR16,127,180401.04,424
IOCL-GAT-01084,IOCL,"Guwahati Refinery, Assam",VLV GT FLG 4IN 2500# INCONEL 625 TR8,65,197790.69,469
IOCL-GAS-01085,IOCL,"Mathura Refinery, Uttar Pradesh",GSKT RTJ OCT 12IN 600# SS316/GRAFOIL,27,11543.95,940
IOCL-PSV-01086,IOCL,"Digboi Refinery, Assam",VLV BFV FLG 4IN 150# ASTM A182 F11 TR16,28,25188.79,55
IOCL-GAT-01087,IOCL,"Guwahati Refinery, Assam",VLV GT FLG 10IN 900# ASTM A193 B16 TR16,101,27722.12,268
IOCL-PSV-01088,IOCL,"Paradip Refinery, Odisha",VLV BFV FLG 12IN 2500# ASTM A182 F51 TR1,111,66868.88,6
IOCL-FLA-01089,IOCL,"Paradip Refinery, Odisha",FLG SORF 16IN 900# ASTM A182 F22,92,7425.92,271
IOCL-ELB-01090,IOCL,"Guwahati Refinery, Assam",ELB 90 LR 2IN SCH 20 ASTM A193 B16,54,3410.81,255
IOCL-GAS-01091,IOCL,"Koyali Refinery, Gujarat",GSKT RTJ OCT 8IN 2500# SS316/GRAFOIL,59,6863.67,24
IOCL-STU-01092,IOCL,"Guwahati Refinery, Assam",STUD BLT 4IN X 180MM ASTM A182 F316L W/ 2H NUTS,68,10572.33,270
IOCL-CEN-01093,IOCL,"Panipat Refinery, Haryana",CENTRIFUGAL PUMP SPARE 10IN 600# ASTM A182 F316,130,171028.25,1140
IOCL-TEE-01094,IOCL,"Mathura Refinery, Uttar Pradesh",TEE EQ 16IN A234WPB,104,4218.57,265
IOCL-PIP-01095,IOCL,"Barauni Refinery, Bihar",PIPE SMLS 3/4IN SCH 160 ASTM A216 WCB,114,4146.87,170
IOCL-FLA-01096,IOCL,"Mathura Refinery, Uttar Pradesh",FLG BLRF 20IN 300# ASTM A182 F51,4,12110.32,338
IOCL-TEE-01097,IOCL,"Mathura Refinery, Uttar Pradesh",TEE EQ 10IN SCH XXS ASTM A182 F53,148,25911.97,224
IOCL-GAS-01098,IOCL,"Koyali Refinery, Gujarat",GSKT RTJ OCT 1.5IN 600# SS316/GRAFOIL,139,2856.95,695
IOCL-CHE-01099,IOCL,"Panipat Refinery, Haryana",VLV CHK FLG 20IN 1500# ASTM A193 B16 TR5,122,24100.13,207
IOCL-GAS-01100,IOCL,"Koyali Refinery, Gujarat",GSKT SWG 1/2IN 900# SS316/GRAFOIL,113,3242.12,32
IOCL-TEE-01101,IOCL,"Paradip Refinery, Odisha",TEE EQ 1IN SCH XXS ASTM A182 F51,91,5137.21,232
IOCL-CEN-01102,IOCL,"Paradip Refinery, Odisha",CENTRIFUGAL PUMP SPARE 1IN 900# ASTM A193 B7,56,66509.14,24
IOCL-RED-01103,IOCL,"Digboi Refinery, Assam",RED CONC 12IN SCH XXS ASTM A193 B16,81,4247.52,118
IOCL-RED-01104,IOCL,"Barauni Refinery, Bihar",RED CONC 1IN SCH 20 ASTM A106 GR.B,50,2559.2,43
IOCL-STU-01105,IOCL,"Panipat Refinery, Haryana",STUD BLT 10IN X 180MM ASTM A182 F51 W/ 2H NUTS,100,10221.28,333
IOCL-GLO-01106,IOCL,"Guwahati Refinery, Assam",VLV GL FLG 2IN 900# ASTM A106 GR.B TR5,24,17154.41,193
IOCL-STU-01107,IOCL,"Digboi Refinery, Assam",STUD BLT 2IN X 180MM ASTM A182 F22 W/ 2H NUTS,16,4575.53,8
IOCL-FLA-01108,IOCL,"Paradip Refinery, Odisha",FLG THRF 20IN 1500# ASTM A182 F53,96,45772.95,1017
IOCL-ELB-01109,IOCL,"Panipat Refinery, Haryana",ELB 90 LR 1IN SCH XXS A234WPB,96,3453.46,33
IOCL-PSV-01110,IOCL,"Panipat Refinery, Haryana",VLV BFV FLG 20IN 150# INCONEL 625 TR16,80,192081.86,11
IOCL-RED-01111,IOCL,"Mathura Refinery, Uttar Pradesh",RED CONC 10IN SCH 40 ASTM A182 F53,117,26572.01,290
IOCL-GAT-01112,IOCL,"Mathura Refinery, Uttar Pradesh",VLV GT FLG 1.5IN 900# ASTM A182 F22 TR8,49,29222.27,274
IOCL-GAS-01113,IOCL,"Panipat Refinery, Haryana",GSKT RTJ OCT 3IN 1500# SS316/GRAFOIL,145,20738.93,769
IOCL-STU-01114,IOCL,"Paradip Refinery, Odisha",STUD BLT 2IN X 180MM ASTM A350 LF2 W/ 2H NUTS,110,2986.65,29
IOCL-ELB-01115,IOCL,"Barauni Refinery, Bihar",ELB 90 LR 6IN SCH 80 ASTM A106 GR.B,15,3325.76,187
IOCL-CEN-01116,IOCL,"Guwahati Refinery, Assam",CENTRIFUGAL PUMP SPARE 1/2IN 1500# ASTM A182 F11,8,36086.77,288
IOCL-TEE-01117,IOCL,"Digboi Refinery, Assam",TEE EQ 3IN SCH 160 A234WPB,12,4379.32,11
IOCL-GAS-01118,IOCL,"Mathura Refinery, Uttar Pradesh",GSKT SWG 10IN 150# SS316/GRAFOIL,12,11026.84,18
IOCL-CEN-01119,IOCL,"Digboi Refinery, Assam",CENTRIFUGAL PUMP SPARE 24IN 900# ASTM A350 LF2,12,41468.49,1002
IOCL-BAL-01120,IOCL,"Guwahati Refinery, Assam",VLV BL FLG 2IN 900# ASTM A182 F316L TR5,3,54336.42,31
IOCL-PSV-01121,IOCL,"Panipat Refinery, Haryana",VLV BFV FLG 4IN 150# ASTM A193 B16 TR16,115,16051.99,438
IOCL-GAT-01122,IOCL,"Mathura Refinery, Uttar Pradesh",VLV GT FLG 1IN 2500# ASTM A106 GR.B TR1,66,32415.28,657
IOCL-BAL-01123,IOCL,"Digboi Refinery, Assam",VLV BL FLG 24IN 300# ASTM A182 F304,23,24484.05,496
IOCL-FLA-01124,IOCL,"Mathura Refinery, Uttar Pradesh",FLG WNRF 4IN 300# ASTM A182 F51,18,11429.18,814
IOCL-GLO-01125,IOCL,"Digboi Refinery, Assam",VLV GL FLG 20IN 300# ASTM A182 F51 TR16,82,35916.02,169
IOCL-CEN-01126,IOCL,"Guwahati Refinery, Assam",CENTRIFUGAL PUMP SPARE 4IN 300# ASTM A216 WCB,75,58776.93,19
IOCL-BUT-01127,IOCL,"Panipat Refinery, Haryana",VLV BFV FLG 10IN 1500# ASTM A182 F22 TR12,74,24525.69,14
IOCL-STU-01128,IOCL,"Panipat Refinery, Haryana",STUD BLT 1IN X 180MM ASTM A106 GR.B W/ 2H NUTS,83,2893.52,14
IOCL-FLA-01129,IOCL,"Digboi Refinery, Assam",FLG BLRF 10IN 150# ASTM A182 F316L,10,15412.53,101
IOCL-CEN-01130,IOCL,"Paradip Refinery, Odisha",CENTRIFUGAL PUMP SPARE 16IN 300# ASTM A182 F11,126,64074.12,27
IOCL-ELB-01131,IOCL,"Koyali Refinery, Gujarat",ELB 90 LR 1IN SCH 80 ASTM A182 F53,66,25801.97,101
IOCL-GLO-01132,IOCL,"Digboi Refinery, Assam",VLV GL FLG 4IN 300# ASTM A105 TR16,91,17620.4,306
IOCL-GAS-01133,IOCL,"Koyali Refinery, Gujarat",GSKT SWG 12IN 900# SS316/GRAFOIL,35,9660.24,588
IOCL-CHE-01134,IOCL,"Paradip Refinery, Odisha",VLV CHK FLG 20IN 900# ASTM A182 F11 TR8,96,26251.2,292
IOCL-GAT-01135,IOCL,"Paradip Refinery, Odisha",VLV GT FLG 1.5IN 600# ASTM A182 F53,142,186723.05,287
IOCL-GLO-01136,IOCL,"Barauni Refinery, Bihar",VLV GL FLG 2IN 2500# ASTM A182 F51 TR12,145,71827.38,46
IOCL-GLO-01137,IOCL,"Digboi Refinery, Assam",VLV GL FLG 20IN 900# ASTM A182 F316L TR5,81,63962.72,1118
IOCL-CEN-01138,IOCL,"Panipat Refinery, Haryana",CENTRIFUGAL PUMP SPARE 24IN 150# ASTM A105,85,75953.75,573
IOCL-GLO-01139,IOCL,"Barauni Refinery, Bihar",VLV GL FLG 10IN 900# ASTM A350 LF2 TR8,122,20204.69,16
IOCL-GAS-01140,IOCL,"Paradip Refinery, Odisha",GSKT RTJ OCT 10IN 900# SS316,41,20517.46,331
IOCL-GAS-01141,IOCL,"Paradip Refinery, Odisha",GSKT SWG 1/2IN 300# SS316,98,19051.42,35
IOCL-RED-01142,IOCL,"Barauni Refinery, Bihar",RED CONC 1/2IN SCH 80 ASTM A193 B7,146,2820.53,26
IOCL-GLO-01143,IOCL,"Mathura Refinery, Uttar Pradesh",VLV GL FLG 20IN 2500# ASTM A216 WCB,51,32539.19,25
IOCL-BUT-01144,IOCL,"Barauni Refinery, Bihar",VLV BFV FLG 1IN 600# ASTM A182 F11 TR16,65,17302.06,357
IOCL-BUT-01145,IOCL,"Koyali Refinery, Gujarat",VLV BFV FLG 4IN 600# ASTM A216 WCB TR8,11,18902.16,53
IOCL-BUT-01146,IOCL,"Panipat Refinery, Haryana",VLV BFV FLG 1/2IN 600# ASTM A182 F53 TR16,98,104717.52,35
IOCL-GAS-01147,IOCL,"Koyali Refinery, Gujarat",GSKT SWG 24IN 900# SS316/GRAFOIL,105,3820.02,268
IOCL-TEE-01148,IOCL,"Panipat Refinery, Haryana",TEE EQ 12IN SCH 160 ASTM A350 LF2,82,4244.07,12
IOCL-GAS-01149,IOCL,"Mathura Refinery, Uttar Pradesh",GSKT RTJ OCT 1IN 1500# SS316/GRAFOIL,61,4016.91,375
IOCL-FLA-01150,IOCL,"Mathura Refinery, Uttar Pradesh",FLG SORF 24IN 900# ASTM A193 B7,28,6407.2,570
IOCL-CEN-01151,IOCL,"Panipat Refinery, Haryana",CENTRIFUGAL PUMP SPARE 12IN 300# ASTM A106 GR.B,54,36224.93,694
IOCL-TEE-01152,IOCL,"Barauni Refinery, Bihar",TEE EQ 6IN SCH 160 ASTM A350 LF2,16,3091.92,37
IOCL-CHE-01153,IOCL,"Mathura Refinery, Uttar Pradesh",VLV CHK FLG 16IN 150# ASTM A182 F304 TR16,49,17203.55,207
IOCL-STU-01154,IOCL,"Paradip Refinery, Odisha",STUD BLT 2IN X 180MM INCONEL 625 W/ 2H NUTS,110,15390.67,27
IOCL-STU-01155,IOCL,"Panipat Refinery, Haryana",STUD BLT 6IN X 180MM ASTM A182 F22 W/ 2H NUTS,16,3579.57,447
IOCL-GAS-01156,IOCL,"Koyali Refinery, Gujarat",GSKT RTJ OCT 3IN 2500# SS316/GRAFOIL,17,3440.3,254
IOCL-GAS-01157,IOCL,"Koyali Refinery, Gujarat",GSKT SWG 3IN 1500# SS316/GRAFOIL,49,2502.31,112
IOCL-PIP-01158,IOCL,"Paradip Refinery, Odisha",PIPE SMLS 6IN SCH 160 ASTM A182 F51,37,9760.28,29
IOCL-GAS-01159,IOCL,"Koyali Refinery, Gujarat",GSKT RTJ OCT 20IN 2500# SS316,45,5725.89,16
IOCL-PIP-01160,IOCL,"Mathura Refinery, Uttar Pradesh",PIPE ERW 4IN ASTM A182 F51,141,6596.48,987
IOCL-ELB-01161,IOCL,"Guwahati Refinery, Assam",ELB 90 LR 3/4IN ASTM A182 F316L,83,9541.42,43
IOCL-TEE-01162,IOCL,"Panipat Refinery, Haryana",TEE EQ 12IN SCH 40 ASTM A182 F51,87,9021.91,48
IOCL-RED-01163,IOCL,"Guwahati Refinery, Assam",RED CONC 16IN SCH XXS A234WPB,95,3429.65,123
IOCL-BUT-01164,IOCL,"Guwahati Refinery, Assam",VLV BFV FLG 24IN 600# ASTM A182 F316L TR8,122,72696.9,265
IOCL-GAS-01165,IOCL,"Mathura Refinery, Uttar Pradesh",GSKT SWG 10IN 300# SS316/GRAFOIL,64,3218.62,686
IOCL-CEN-01166,IOCL,"Koyali Refinery, Gujarat",CENTRIFUGAL PUMP SPARE 6IN 900# ASTM A106 GR.B,69,37062.81,189
IOCL-GAS-01167,IOCL,"Mathura Refinery, Uttar Pradesh",GSKT SWG 1/2IN 600# SS316/GRAFOIL,92,4143.3,165
IOCL-BUT-01168,IOCL,"Mathura Refinery, Uttar Pradesh",VLV BFV FLG 12IN 300# ASTM A182 F51 TR16,31,48383.17,902
IOCL-BAL-01169,IOCL,"Koyali Refinery, Gujarat",VLV BL FLG 1IN 600# ASTM A350 LF2 TR1,7,14070.66,306
IOCL-ELB-01170,IOCL,"Barauni Refinery, Bihar",ELB 90 LR 6IN SCH 40 ASTM A193 B16,28,4451.48,568
IOCL-RED-01171,IOCL,"Mathura Refinery, Uttar Pradesh",RED CONC 1/2IN SCH 80 ASTM A182 F51,14,10653.2,40
IOCL-BUT-01172,IOCL,"Guwahati Refinery, Assam",VLV BFV FLG 3IN 900# INCONEL 625 TR1,46,119801.32,108
IOCL-BUT-01173,IOCL,"Panipat Refinery, Haryana",VLV BFV FLG 16IN 300# ASTM A182 F11 TR16,128,14764.78,9
IOCL-TEE-01174,IOCL,"Koyali Refinery, Gujarat",TEE EQ 4IN SCH 40 A234WPB,18,3229.25,122
IOCL-STU-01175,IOCL,"Digboi Refinery, Assam",STUD BLT 1.5IN X 180MM ASTM A193 B16 W/ 2H NUTS,41,2191.94,60
IOCL-FLA-01176,IOCL,"Guwahati Refinery, Assam",FLG WNRF 1.5IN 900# ASTM A182 F22,11,4459.05,506
IOCL-BUT-01177,IOCL,"Barauni Refinery, Bihar",VLV BFV FLG 6IN 150# ASTM A182 F316 TR1,107,60976.54,7
IOCL-CHE-01178,IOCL,"Koyali Refinery, Gujarat",VLV CHK FLG 10IN 600# ASTM A350 LF2 TR1,131,31291.86,15
IOCL-TEE-01179,IOCL,"Barauni Refinery, Bihar",TEE EQ 4IN SCH XXS A234WPB,52,3948.97,262
IOCL-CEN-01180,IOCL,"Paradip Refinery, Odisha",CENTRIFUGAL PUMP SPARE 10IN 2500# ASTM A182 F304,132,71865.82,18
IOCL-PIP-01181,IOCL,"Digboi Refinery, Assam",PIPE SMLS 16IN SCH 20 ASTM A193 B16,78,2867.58,208
IOCL-CHE-01182,IOCL,"Mathura Refinery, Uttar Pradesh",VLV CHK FLG 24IN 600# ASTM A182 F53 TR1,53,140351.61,289
IOCL-ELB-01183,IOCL,"Paradip Refinery, Odisha",ELB 90 LR 2IN SCH XXS ASTM A182 F316L,64,5221.51,397
IOCL-FLA-01184,IOCL,"Koyali Refinery, Gujarat",FLG BLRF 16IN 1500# INCONEL 625,25,21840.07,799
IOCL-CEN-01185,IOCL,"Guwahati Refinery, Assam",CENTRIFUGAL PUMP SPARE 20IN 150# ASTM A182 F316,31,121753.7,21
IOCL-GAT-01186,IOCL,"Panipat Refinery, Haryana",VLV GT FLG 16IN 300# ASTM A182 F22,117,30721.88,42
IOCL-GAS-01187,IOCL,"Mathura Refinery, Uttar Pradesh",GSKT SWG 12IN 900# SS316,8,1977.19,32
IOCL-FLA-01188,IOCL,"Guwahati Refinery, Assam",FLG SORF 6IN 300# ASTM A182 F11,7,6697.65,606
IOCL-ELB-01189,IOCL,"Digboi Refinery, Assam",ELB 90 LR 8IN SCH 20 ASTM A193 B16,126,4052.9,115
IOCL-GAT-01190,IOCL,"Barauni Refinery, Bihar",VLV GT FLG 12IN 600# ASTM A182 F11 TR12,142,24207.19,25
IOCL-RED-01191,IOCL,"Digboi Refinery, Assam",RED CONC 24IN SCH 80 ASTM A182 F316L,127,9333.01,31
IOCL-RED-01192,IOCL,"Guwahati Refinery, Assam",RED CONC 20IN SCH 40 ASTM A182 F304,43,4321.79,26
IOCL-RED-01193,IOCL,"Mathura Refinery, Uttar Pradesh",RED CONC 20IN SCH XXS ASTM A182 F316,102,5249.49,879
IOCL-FLA-01194,IOCL,"Koyali Refinery, Gujarat",FLG BLRF 12IN 300# ASTM A182 F53,86,34778.65,282
IOCL-TEE-01195,IOCL,"Koyali Refinery, Gujarat",TEE EQ 16IN SCH 160 ASTM A182 F22,58,3636.29,34
IOCL-GAS-01196,IOCL,"Mathura Refinery, Uttar Pradesh",GSKT SWG 16IN 600# SS316/GRAFOIL,62,3953.45,920
IOCL-GAT-01197,IOCL,"Panipat Refinery, Haryana",VLV GT FLG 1.5IN 300# INCONEL 625 TR1,19,88962.2,151
IOCL-STU-01198,IOCL,"Koyali Refinery, Gujarat",STUD BLT 1.5IN X 180MM ASTM A182 F316L W/ 2H NUTS,110,8944.9,112
IOCL-FLA-01199,IOCL,"Koyali Refinery, Gujarat",FLG THRF 24IN 900# ASTM A182 F51,26,13668.43,270
IOCL-FLA-01200,IOCL,"Paradip Refinery, Odisha",FLG BLRF 3/4IN 150# ASTM A182 F316L,25,14064.24,613
IOCL-ELB-01201,IOCL,"Digboi Refinery, Assam",ELB 90 LR 6IN SCH 80 A234WPB,106,2136.12,973
IOCL-GAS-01202,IOCL,"Barauni Refinery, Bihar",GSKT RTJ OCT 2IN 2500# SS316/GRAFOIL,145,2942.49,625
IOCL-GAT-01203,IOCL,"Paradip Refinery, Odisha",VLV GT FLG 1IN 150# ASTM A193 B7 TR5,75,25402.18,32
IOCL-PSV-01204,IOCL,"Mathura Refinery, Uttar Pradesh",VLV BFV FLG 20IN 2500# ASTM A106 GR.B,46,28794.76,7
IOCL-BUT-01205,IOCL,"Guwahati Refinery, Assam",VLV BFV FLG 16IN 150# INCONEL 625 TR5,26,100534.67,103
IOCL-BUT-01206,IOCL,"Guwahati Refinery, Assam",VLV BFV FLG 8IN 150# ASTM A193 B16 TR16,108,22878.43,936
IOCL-PIP-01207,IOCL,"Guwahati Refinery, Assam",PIPE SMLS 4IN SCH 20 ASTM A106 GR.B,36,2207.78,15
IOCL-STU-01208,IOCL,"Barauni Refinery, Bihar",STUD BLT 3/4IN X 180MM ASTM A350 LF2 W/ 2H NUTS,48,3475.83,12
IOCL-GLO-01209,IOCL,"Koyali Refinery, Gujarat",VLV GL FLG 20IN 150# ASTM A182 F304,29,23886.35,362
IOCL-CEN-01210,IOCL,"Digboi Refinery, Assam",CENTRIFUGAL PUMP SPARE 1.5IN 300# ASTM A193 B16,122,57424.63,141
IOCL-TEE-01211,IOCL,"Guwahati Refinery, Assam",TEE EQ 8IN ASTM A182 F22,18,3188.64,618
IOCL-GAS-01212,IOCL,"Paradip Refinery, Odisha",GSKT RTJ OCT 4IN 150# SS316,83,10054.34,1053
IOCL-CEN-01213,IOCL,"Digboi Refinery, Assam",CENTRIFUGAL PUMP SPARE 16IN 300# ASTM A182 F316,123,160468.35,782
IOCL-PSV-01214,IOCL,"Barauni Refinery, Bihar",VLV BFV FLG 20IN 150# ASTM A193 B16 TR16,111,25376.47,31
IOCL-GAS-01215,IOCL,"Koyali Refinery, Gujarat",GSKT SWG 6IN 2500# SS316/GRAFOIL,88,2709.62,258
IOCL-TEE-01216,IOCL,"Guwahati Refinery, Assam",TEE EQ 12IN SCH 160 ASTM A182 F51,36,7914.13,716
IOCL-TEE-01217,IOCL,"Koyali Refinery, Gujarat",TEE EQ 10IN SCH 20 ASTM A182 F11,59,2735.89,25
IOCL-BUT-01218,IOCL,"Guwahati Refinery, Assam",VLV BFV FLG 2IN 1500# ASTM A182 F304 TR16,109,26759.76,1187
IOCL-BAL-01219,IOCL,"Koyali Refinery, Gujarat",VLV BL FLG 6IN 1500# ASTM A350 LF2 TR16,134,16933.63,51
IOCL-CHE-01220,IOCL,"Koyali Refinery, Gujarat",VLV CHK FLG 6IN 2500# ASTM A182 F11 TR12,70,31963.18,265
IOCL-RED-01221,IOCL,"Digboi Refinery, Assam",RED CONC 4IN SCH 80 ASTM A106 GR.B,18,2394.55,831
IOCL-RED-01222,IOCL,"Paradip Refinery, Odisha",RED CONC 1/2IN SCH 80 INCONEL 625,126,21071.98,314
IOCL-GAT-01223,IOCL,"Digboi Refinery, Assam",VLV GT FLG 1/2IN 150# ASTM A216 WCB TR8,18,18991.65,40
IOCL-GAS-01224,IOCL,"Guwahati Refinery, Assam",GSKT RTJ OCT 1/2IN 150# SS316/GRAFOIL,87,4561.3,232
IOCL-CHE-01225,IOCL,"Barauni Refinery, Bihar",VLV CHK FLG 8IN 600# ASTM A350 LF2 TR16,61,16503.72,40
IOCL-GLO-01226,IOCL,"Barauni Refinery, Bihar",VLV GL FLG 1IN 150# ASTM A193 B16,147,28161.03,22
IOCL-CHE-01227,IOCL,"Paradip Refinery, Odisha",VLV CHK FLG 1IN 300# INCONEL 625 TR5,72,93757.56,811
IOCL-PSV-01228,IOCL,"Mathura Refinery, Uttar Pradesh",VLV BFV FLG 3/4IN 900# ASTM A182 F11,114,22262.05,287
IOCL-FLA-01229,IOCL,"Paradip Refinery, Odisha",FLG SORF 8IN 600# ASTM A182 F53,6,35071.25,818
IOCL-CHE-01230,IOCL,"Digboi Refinery, Assam",VLV CHK FLG 4IN 300# ASTM A182 F316 TR16,104,44002.98,271
IOCL-CHE-01231,IOCL,"Barauni Refinery, Bihar",VLV CHK FLG 1/2IN 2500# ASTM A193 B7 TR12,145,18332.64,829
IOCL-GAS-01232,IOCL,"Koyali Refinery, Gujarat",GSKT RTJ OCT 6IN 900# SS316/GRAFOIL,115,4375.27,314
IOCL-CHE-01233,IOCL,"Mathura Refinery, Uttar Pradesh",VLV CHK FLG 24IN 1500# ASTM A182 F304 TR12,133,25362.28,191
IOCL-BUT-01234,IOCL,"Panipat Refinery, Haryana",VLV BFV FLG 8IN 150# ASTM A105 TR5,65,15069.26,322
IOCL-GLO-01235,IOCL,"Mathura Refinery, Uttar Pradesh",VLV GL FLG 1IN 1500# INCONEL 625 TR5,18,108539.7,952
IOCL-GAS-01236,IOCL,"Paradip Refinery, Odisha",GSKT RTJ OCT 1IN 300# SS316/GRAFOIL,5,4096.25,17
IOCL-BAL-01237,IOCL,"Digboi Refinery, Assam",VLV BL FLG 20IN 600# INCONEL 625 TR1,46,99142.97,16
IOCL-BUT-01238,IOCL,"Digboi Refinery, Assam",VLV BFV FLG 8IN 150# INCONEL 625,101,97031.95,8
IOCL-CHE-01239,IOCL,"Digboi Refinery, Assam",VLV CHK FLG 1.5IN 900# INCONEL 625 TR16,45,165372.85,531
IOCL-RED-01240,IOCL,"Mathura Refinery, Uttar Pradesh",RED CONC 6IN ASTM A193 B16,126,3738.19,297
IOCL-STU-01241,IOCL,"Guwahati Refinery, Assam",STUD BLT 4IN X 180MM ASTM A182 F53 W/ 2H NUTS,135,26708.36,15
IOCL-GAS-01242,IOCL,"Koyali Refinery, Gujarat",GSKT RTJ OCT 3/4IN 1500# SS316/GRAFOIL,106,2927.07,282
IOCL-ELB-01243,IOCL,"Digboi Refinery, Assam",ELB 90 LR 1IN SCH 20 ASTM A350 LF2,36,3659.95,24
IOCL-FLA-01244,IOCL,"Paradip Refinery, Odisha",FLG BLRF 6IN 600# ASTM A350 LF2,119,4020.55,515
IOCL-CEN-01245,IOCL,"Koyali Refinery, Gujarat",CENTRIFUGAL PUMP SPARE 4IN 2500# ASTM A106 GR.B,111,37617.11,890
IOCL-ELB-01246,IOCL,"Koyali Refinery, Gujarat",ELB 90 LR 8IN SCH 160 A234WPB,3,4603.27,14
IOCL-TEE-01247,IOCL,"Paradip Refinery, Odisha",TEE EQ 20IN SCH XXS ASTM A350 LF2,118,2829.05,25
IOCL-GAS-01248,IOCL,"Digboi Refinery, Assam",GSKT RTJ OCT 20IN 1500# SS316/GRAFOIL,10,22244.28,40
IOCL-CEN-01249,IOCL,"Guwahati Refinery, Assam",CENTRIFUGAL PUMP SPARE 2IN 300# INCONEL 625,37,428846.3,138
IOCL-BAL-01250,IOCL,"Koyali Refinery, Gujarat",VLV BL FLG 1IN 300# ASTM A182 F316L,108,61930.1,803
IOCL-RED-01251,IOCL,"Mathura Refinery, Uttar Pradesh",RED CONC 2IN SCH 40 ASTM A182 F304,124,4039.28,535
IOCL-ELB-01252,IOCL,"Barauni Refinery, Bihar",ELB 90 LR 3IN SCH 20 ASTM A106 GR.B,67,3461.87,1012
IOCL-BUT-01253,IOCL,"Guwahati Refinery, Assam",VLV BFV FLG 10IN 300# ASTM A182 F53 TR16,58,177813.9,338
IOCL-TEE-01254,IOCL,"Barauni Refinery, Bihar",TEE EQ 24IN SCH 160 ASTM A182 F304,28,4141.19,40
IOCL-CEN-01255,IOCL,"Guwahati Refinery, Assam",CENTRIFUGAL PUMP SPARE 3IN 900# ASTM A350 LF2,103,54504.93,26
IOCL-GLO-01256,IOCL,"Panipat Refinery, Haryana",VLV GL FLG 24IN 900# ASTM A182 F11 TR8,40,21701.61,6
IOCL-BAL-01257,IOCL,"Barauni Refinery, Bihar",VLV BL FLG 4IN 300# ASTM A350 LF2 TR12,74,18316.07,56
IOCL-RED-01258,IOCL,"Panipat Refinery, Haryana",RED CONC 20IN ASTM A182 F316,3,5719.07,460
IOCL-STU-01259,IOCL,"Mathura Refinery, Uttar Pradesh",STUD BLT 2IN X 180MM ASTM A216 WCB W/ 2H NUTS,92,3706.66,111
IOCL-BUT-01260,IOCL,"Panipat Refinery, Haryana",VLV BFV FLG 24IN 300# ASTM A106 GR.B TR1,44,31261.71,342
IOCL-RED-01261,IOCL,"Digboi Refinery, Assam",RED CONC 1IN SCH XXS ASTM A182 F304,119,3541.96,1024
IOCL-TEE-01262,IOCL,"Guwahati Refinery, Assam",TEE EQ 4IN SCH 160 ASTM A106 GR.B,42,3786.0,733
IOCL-BAL-01263,IOCL,"Digboi Refinery, Assam",VLV BL FLG 2IN 2500# ASTM A182 F304 TR5,84,17668.84,34
IOCL-FLA-01264,IOCL,"Mathura Refinery, Uttar Pradesh",FLG BLRF 6IN 300# ASTM A106 GR.B,19,4773.25,26
IOCL-GAS-01265,IOCL,"Guwahati Refinery, Assam",GSKT SWG 12IN 1500# SS316/GRAFOIL,78,11132.37,18
IOCL-BUT-01266,IOCL,"Panipat Refinery, Haryana",VLV BFV FLG 24IN 600# ASTM A216 WCB,100,17193.94,328
IOCL-GAS-01267,IOCL,"Digboi Refinery, Assam",GSKT RTJ OCT 16IN 900# SS316/GRAFOIL,81,4509.68,53
IOCL-BAL-01268,IOCL,"Mathura Refinery, Uttar Pradesh",VLV BL FLG 1IN 300# ASTM A182 F316L,132,63644.13,22
IOCL-PIP-01269,IOCL,"Digboi Refinery, Assam",PIPE SMLS 3IN SCH 20 ASTM A105,124,3996.81,37
IOCL-BUT-01270,IOCL,"Paradip Refinery, Odisha",VLV BFV FLG 10IN 1500# ASTM A182 F22 TR16,51,22111.77,831
IOCL-RED-01271,IOCL,"Panipat Refinery, Haryana",RED CONC 1/2IN SCH 80 ASTM A182 F53,17,19079.54,989
IOCL-CHE-01272,IOCL,"Koyali Refinery, Gujarat",VLV CHK FLG 12IN 150# ASTM A182 F316 TR12,59,66837.4,221
IOCL-FLA-01273,IOCL,"Digboi Refinery, Assam",FLG SWRF 4IN 150# ASTM A182 F53,13,48721.53,914
IOCL-PIP-01274,IOCL,"Guwahati Refinery, Assam",PIPE ERW 10IN ASTM A105,30,4226.89,547
IOCL-STU-01275,IOCL,"Koyali Refinery, Gujarat",STUD BLT 6IN X 180MM ASTM A350 LF2 W/ 2H NUTS,26,2232.16,539
IOCL-BAL-01276,IOCL,"Paradip Refinery, Odisha",VLV BL FLG 1IN 600# ASTM A182 F22 TR5,25,28648.84,921
IOCL-TEE-01277,IOCL,"Digboi Refinery, Assam",TEE EQ 1/2IN ASTM A182 F22,17,4016.33,55
IOCL-GAS-01278,IOCL,"Digboi Refinery, Assam",GSKT RTJ OCT 8IN 900# SS316/GRAFOIL,131,5526.92,47
IOCL-BUT-01279,IOCL,"Paradip Refinery, Odisha",VLV BFV FLG 8IN 600# ASTM A193 B16 TR5,5,31536.21,44
IOCL-GLO-01280,IOCL,"Mathura Refinery, Uttar Pradesh",VLV GL FLG 20IN 2500# ASTM A182 F316 TR16,90,35224.56,290
IOCL-GAT-01281,IOCL,"Mathura Refinery, Uttar Pradesh",VLV GT FLG 12IN 900# ASTM A193 B16 TR5,18,32827.52,207
IOCL-TEE-01282,IOCL,"Guwahati Refinery, Assam",TEE EQ 1/2IN SCH 160 ASTM A193 B16,116,2392.22,383
IOCL-CEN-01283,IOCL,"Koyali Refinery, Gujarat",CENTRIFUGAL PUMP SPARE 3/4IN 300# ASTM A182 F316,25,157962.75,40
IOCL-ELB-01284,IOCL,"Panipat Refinery, Haryana",ELB 90 LR 1/2IN SCH XXS ASTM A182 F51,82,6379.01,39
IOCL-PSV-01285,IOCL,"Guwahati Refinery, Assam",VLV BFV FLG 4IN 300# ASTM A106 GR.B TR5,72,20230.84,129
IOCL-GAT-01286,IOCL,"Panipat Refinery, Haryana",VLV GT FLG 2IN 600# ASTM A182 F51,48,68984.12,903
IOCL-RED-01287,IOCL,"Panipat Refinery, Haryana",RED CONC 20IN SCH 20 INCONEL 625,82,25908.74,16
IOCL-CHE-01288,IOCL,"Digboi Refinery, Assam",VLV CHK FLG 24IN 150# ASTM A105 TR16,141,32017.14,931
IOCL-BAL-01289,IOCL,"Paradip Refinery, Odisha",VLV BL FLG 3IN 600# ASTM A106 GR.B,14,16210.45,93
IOCL-FLA-01290,IOCL,"Panipat Refinery, Haryana",FLG BLRF 10IN 1500# ASTM A182 F51,21,12571.53,16
IOCL-ELB-01291,IOCL,"Mathura Refinery, Uttar Pradesh",ELB 90 LR 1/2IN SCH 40 ASTM A350 LF2,134,4281.45,870
IOCL-CHE-01292,IOCL,"Guwahati Refinery, Assam",VLV CHK FLG 24IN 1500# ASTM A105 TR16,75,20316.5,301
IOCL-BAL-01293,IOCL,"Koyali Refinery, Gujarat",VLV BL FLG 6IN 150# ASTM A350 LF2 TR12,30,21529.79,17
IOCL-RED-01294,IOCL,"Mathura Refinery, Uttar Pradesh",RED CONC 1.5IN SCH XXS A234WPB,12,3885.94,48
IOCL-BAL-01295,IOCL,"Guwahati Refinery, Assam",VLV BL FLG 16IN 150# ASTM A106 GR.B,106,15617.68,18
IOCL-GAS-01296,IOCL,"Paradip Refinery, Odisha",GSKT SWG 8IN 2500# SS316/GRAFOIL,71,3094.38,165
IOCL-BUT-01297,IOCL,"Koyali Refinery, Gujarat",VLV BFV FLG 2IN 150# ASTM A350 LF2 TR12,111,22678.93,121
IOCL-TEE-01298,IOCL,"Koyali Refinery, Gujarat",TEE EQ 2IN ASTM A182 F304,110,3989.9,432
IOCL-ELB-01299,IOCL,"Mathura Refinery, Uttar Pradesh",ELB 90 LR 2IN SCH 80 ASTM A182 F316,100,6541.27,35
IOCL-FLA-01300,IOCL,"Mathura Refinery, Uttar Pradesh",FLG BLRF 8IN 1500# ASTM A193 B16,29,4700.0,626
IOCL-GAT-01301,IOCL,"Panipat Refinery, Haryana",VLV GT FLG 3/4IN 300# ASTM A182 F304,73,18491.56,553
IOCL-ELB-01302,IOCL,"Koyali Refinery, Gujarat",ELB 90 LR 20IN SCH 20 ASTM A182 F53,108,20621.19,5
IOCL-GAT-01303,IOCL,"Guwahati Refinery, Assam",VLV GT FLG 10IN 300# ASTM A193 B7 TR8,103,26762.76,273
IOCL-ELB-01304,IOCL,"Panipat Refinery, Haryana",ELB 90 LR 3IN SCH 40 ASTM A182 F11,62,3339.34,807
IOCL-FLA-01305,IOCL,"Mathura Refinery, Uttar Pradesh",FLG BLRF 24IN 150# ASTM A193 B7,120,5416.18,471
IOCL-TEE-01306,IOCL,"Mathura Refinery, Uttar Pradesh",TEE EQ 1/2IN SCH 40 ASTM A182 F51,3,11000.15,653
IOCL-RED-01307,IOCL,"Mathura Refinery, Uttar Pradesh",RED CONC 3/4IN SCH 40 ASTM A182 F51,138,9819.12,214
IOCL-GAS-01308,IOCL,"Digboi Refinery, Assam",GSKT SWG 1.5IN 900# SS316/GRAFOIL,85,2150.26,208
IOCL-FLA-01309,IOCL,"Barauni Refinery, Bihar",FLG WNRF 1/2IN 2500# ASTM A182 F316L,147,8701.85,22
IOCL-CHE-01310,IOCL,"Digboi Refinery, Assam",VLV CHK FLG 1IN 600# ASTM A193 B7 TR5,118,14713.25,33
IOCL-FLA-01311,IOCL,"Digboi Refinery, Assam",FLG WNRF 1IN 2500# ASTM A106 GR.B,41,5719.96,5
IOCL-TEE-01312,IOCL,"Digboi Refinery, Assam",TEE EQ 3/4IN SCH 160 A234WPB,107,2173.21,638
IOCL-TEE-01313,IOCL,"Barauni Refinery, Bihar",TEE EQ 6IN SCH XXS ASTM A193 B7,137,3691.42,18
IOCL-RED-01314,IOCL,"Koyali Refinery, Gujarat",RED CONC 16IN SCH 160 INCONEL 625,51,17945.97,29
IOCL-PSV-01315,IOCL,"Mathura Refinery, Uttar Pradesh",VLV BFV FLG 8IN 150# ASTM A182 F11 TR1,144,22990.57,420
IOCL-GLO-01316,IOCL,"Panipat Refinery, Haryana",VLV GL FLG 10IN 1500# ASTM A182 F53 TR5,19,109689.57,713
IOCL-TEE-01317,IOCL,"Barauni Refinery, Bihar",TEE EQ 1IN ASTM A106 GR.B,110,3223.9,58
IOCL-GAS-01318,IOCL,"Barauni Refinery, Bihar",GSKT SWG 4IN 2500# SS316/GRAFOIL,140,2095.43,53
IOCL-STU-01319,IOCL,"Digboi Refinery, Assam",STUD BLT 1/2IN X 180MM ASTM A182 F304 W/ 2H NUTS,7,4247.94,106
IOCL-GLO-01320,IOCL,"Guwahati Refinery, Assam",VLV GL FLG 20IN 150# ASTM A193 B16 TR1,113,29016.26,424
IOCL-GAS-01321,IOCL,"Koyali Refinery, Gujarat",GSKT SWG 3/4IN 1500# SS316/GRAFOIL,75,3944.46,453
IOCL-PSV-01322,IOCL,"Paradip Refinery, Odisha",VLV BFV FLG 8IN 150# ASTM A216 WCB TR16,39,16979.35,879
IOCL-GAS-01323,IOCL,"Panipat Refinery, Haryana",GSKT RTJ OCT 6IN 150# SS316/GRAFOIL,12,3522.83,224
IOCL-BUT-01324,IOCL,"Guwahati Refinery, Assam",VLV BFV FLG 8IN 300# ASTM A182 F22 TR8,104,20978.88,12
IOCL-GAS-01325,IOCL,"Koyali Refinery, Gujarat",GSKT RTJ OCT 3IN 600# SS316/GRAFOIL,44,4034.13,931
IOCL-FLA-01326,IOCL,"Mathura Refinery, Uttar Pradesh",FLG THRF 10IN 1500# ASTM A182 F22,118,6434.55,1156
IOCL-GAS-01327,IOCL,"Panipat Refinery, Haryana",GSKT RTJ OCT 20IN 150# SS316,32,4254.44,493
IOCL-CEN-01328,IOCL,"Digboi Refinery, Assam",CENTRIFUGAL PUMP SPARE 8IN 900# ASTM A182 F53,128,463994.83,355
IOCL-GAS-01329,IOCL,"Paradip Refinery, Odisha",GSKT SWG 1IN 2500# SS316/GRAFOIL,17,2264.13,30
IOCL-TEE-01330,IOCL,"Mathura Refinery, Uttar Pradesh",TEE EQ 4IN ASTM A182 F11,34,2887.71,51
IOCL-GAT-01331,IOCL,"Digboi Refinery, Assam",VLV GT FLG 4IN 600# ASTM A182 F304,100,16602.11,282
IOCL-PSV-01332,IOCL,"Digboi Refinery, Assam",VLV BFV FLG 12IN 600# INCONEL 625 TR12,88,145564.14,562
IOCL-FLA-01333,IOCL,"Koyali Refinery, Gujarat",FLG THRF 2IN 600# ASTM A182 F22,148,8126.86,38
IOCL-GAS-01334,IOCL,"Guwahati Refinery, Assam",GSKT SWG 1IN 600# SS316/GRAFOIL,85,3870.11,990
IOCL-FLA-01335,IOCL,"Guwahati Refinery, Assam",FLG BLRF 24IN 600# ASTM A182 F22,53,7911.61,564
IOCL-BAL-01336,IOCL,"Guwahati Refinery, Assam",VLV BL FLG 1IN 150# ASTM A182 F11 TR12,24,15372.58,323
IOCL-GAS-01337,IOCL,"Barauni Refinery, Bihar",GSKT SWG 1.5IN 1500# SS316/GRAFOIL,24,3609.9,17
IOCL-PIP-01338,IOCL,"Paradip Refinery, Odisha",PIPE SMLS 16IN SCH 80 ASTM A182 F22,130,3240.83,290
IOCL-TEE-01339,IOCL,"Panipat Refinery, Haryana",TEE EQ 1IN INCONEL 625,7,27704.84,145
IOCL-GAT-01340,IOCL,"Panipat Refinery, Haryana",VLV GT FLG 4IN 600# ASTM A182 F53 TR16,121,156655.81,226
IOCL-PSV-01341,IOCL,"Barauni Refinery, Bihar",VLV BFV FLG 4IN 600# ASTM A182 F11 TR1,89,16151.74,684
IOCL-GAT-01342,IOCL,"Koyali Refinery, Gujarat",VLV GT FLG 2IN 300# ASTM A193 B16,60,21360.64,393
IOCL-GLO-01343,IOCL,"Digboi Refinery, Assam",VLV GL FLG 1.5IN 1500# ASTM A193 B16 TR5,130,16428.07,322
IOCL-BUT-01344,IOCL,"Panipat Refinery, Haryana",VLV BFV FLG 24IN 2500# ASTM A182 F316L TR8,76,40187.6,39
IOCL-PSV-01345,IOCL,"Paradip Refinery, Odisha",VLV BFV FLG 4IN 900# ASTM A182 F316 TR5,12,59457.29,11
IOCL-PIP-01346,IOCL,"Digboi Refinery, Assam",PIPE ERW 8IN SCH 20 ASTM A193 B16,100,2969.03,43
IOCL-PIP-01347,IOCL,"Guwahati Refinery, Assam",PIPE ERW 1IN SCH 160 ASTM A216 WCB,88,2853.44,887
IOCL-GLO-01348,IOCL,"Guwahati Refinery, Assam",VLV GL FLG 4IN 1500# ASTM A182 F316L TR12,37,64498.34,663
IOCL-FLA-01349,IOCL,"Panipat Refinery, Haryana",FLG SORF 6IN 300# ASTM A106 GR.B,77,4550.26,361
IOCL-FLA-01350,IOCL,"Guwahati Refinery, Assam",FLG SORF 3/4IN 2500# ASTM A350 LF2,116,6795.98,115
IOCL-RED-01351,IOCL,"Barauni Refinery, Bihar",RED CONC 1/2IN SCH 20 ASTM A182 F11,116,4602.71,778
IOCL-GAS-01352,IOCL,"Barauni Refinery, Bihar",GSKT SWG 24IN 2500# SS316/GRAFOIL,76,4158.28,457
IOCL-BAL-01353,IOCL,"Paradip Refinery, Odisha",VLV BL FLG 10IN 300# ASTM A216 WCB TR16,38,20041.01,387
IOCL-CEN-01354,IOCL,"Mathura Refinery, Uttar Pradesh",CENTRIFUGAL PUMP SPARE 3/4IN 300# ASTM A182 F304,58,48324.37,779
IOCL-TEE-01355,IOCL,"Barauni Refinery, Bihar",TEE EQ 4IN SCH 160 A234WPB,31,3132.25,106
IOCL-GLO-01356,IOCL,"Guwahati Refinery, Assam",VLV GL FLG 10IN 300# ASTM A193 B7 TR16,84,26768.9,43
IOCL-CEN-01357,IOCL,"Digboi Refinery, Assam",CENTRIFUGAL PUMP SPARE 2IN 150# ASTM A182 F53,89,487626.1,511
IOCL-RED-01358,IOCL,"Barauni Refinery, Bihar",RED CONC 20IN SCH 160 ASTM A182 F11,104,3498.91,810
IOCL-BAL-01359,IOCL,"Paradip Refinery, Odisha",VLV BL FLG 12IN 150# ASTM A106 GR.B TR16,56,13795.68,466
IOCL-PSV-01360,IOCL,"Koyali Refinery, Gujarat",VLV BFV FLG 20IN 150# ASTM A182 F22 TR16,65,30197.5,774
IOCL-GLO-01361,IOCL,"Koyali Refinery, Gujarat",VLV GL FLG 1/2IN 150# ASTM A350 LF2 TR16,43,22972.66,372
IOCL-PSV-01362,IOCL,"Paradip Refinery, Odisha",VLV BFV FLG 1/2IN 150# ASTM A182 F53,100,140863.24,9
IOCL-PSV-01363,IOCL,"Panipat Refinery, Haryana",VLV BFV FLG 1/2IN 1500# ASTM A182 F11 TR1,72,15086.07,128
IOCL-FLA-01364,IOCL,"Mathura Refinery, Uttar Pradesh",FLG SWRF 6IN 2500# ASTM A182 F51,37,9059.95,203
IOCL-BAL-01365,IOCL,"Barauni Refinery, Bihar",VLV BL FLG 1IN 150# ASTM A105 TR12,115,31031.62,297
IOCL-STU-01366,IOCL,"Panipat Refinery, Haryana",STUD BLT 3/4IN X 180MM ASTM A216 WCB W/ 2H NUTS,126,3868.72,57
IOCL-GLO-01367,IOCL,"Panipat Refinery, Haryana",VLV GL FLG 8IN 2500# ASTM A182 F11 TR8,137,18703.42,192
IOCL-CHE-01368,IOCL,"Guwahati Refinery, Assam",VLV CHK FLG 1.5IN 600# ASTM A106 GR.B TR8,103,15652.52,39
IOCL-CHE-01369,IOCL,"Barauni Refinery, Bihar",VLV CHK FLG 4IN 150# INCONEL 625 TR1,57,170140.12,353
IOCL-GLO-01370,IOCL,"Koyali Refinery, Gujarat",VLV GL FLG 1.5IN 300# ASTM A182 F51 TR16,115,37429.63,242
IOCL-RED-01371,IOCL,"Panipat Refinery, Haryana",RED CONC 4IN A234WPB,131,1993.25,139
IOCL-BAL-01372,IOCL,"Guwahati Refinery, Assam",VLV BL FLG 3/4IN 900# ASTM A105 TR5,121,24076.8,328
IOCL-STU-01373,IOCL,"Panipat Refinery, Haryana",STUD BLT 12IN X 180MM ASTM A182 F53 W/ 2H NUTS,126,26005.39,42
IOCL-STU-01374,IOCL,"Mathura Refinery, Uttar Pradesh",STUD BLT 3IN X 180MM ASTM A350 LF2 W/ 2H NUTS,126,4032.08,315
IOCL-PSV-01375,IOCL,"Panipat Refinery, Haryana",VLV BFV FLG 1IN 1500# INCONEL 625 TR5,82,129520.91,208
IOCL-GAS-01376,IOCL,"Guwahati Refinery, Assam",GSKT SWG 4IN 2500# SS316/GRAFOIL,31,3122.33,122
IOCL-CHE-01377,IOCL,"Koyali Refinery, Gujarat",VLV CHK FLG 4IN 1500# ASTM A182 F316L TR1,37,37925.45,58
IOCL-STU-01378,IOCL,"Paradip Refinery, Odisha",STUD BLT 12IN X 180MM ASTM A182 F316 W/ 2H NUTS,4,10031.35,473
IOCL-BAL-01379,IOCL,"Barauni Refinery, Bihar",VLV BL FLG 1IN 150# ASTM A182 F316L TR1,147,40617.83,833
IOCL-FLA-01380,IOCL,"Mathura Refinery, Uttar Pradesh",FLG SORF 10IN 1500# ASTM A182 F53,140,46031.91,155
IOCL-GAS-01381,IOCL,"Paradip Refinery, Odisha",GSKT RTJ OCT 10IN 2500# SS316/GRAFOIL,65,3270.24,671
IOCL-BUT-01382,IOCL,"Guwahati Refinery, Assam",VLV BFV FLG 3/4IN 600# INCONEL 625,89,134681.4,39
IOCL-GAS-01383,IOCL,"Mathura Refinery, Uttar Pradesh",GSKT SWG 8IN 900# SS316/GRAFOIL,115,2948.86,392
IOCL-ELB-01384,IOCL,"Panipat Refinery, Haryana",ELB 90 LR 12IN SCH 160 ASTM A182 F304,127,3553.69,36
IOCL-PSV-01385,IOCL,"Paradip Refinery, Odisha",VLV BFV FLG 1IN 300# ASTM A182 F11 TR16,82,23719.11,17
IOCL-GAS-01386,IOCL,"Panipat Refinery, Haryana",GSKT RTJ OCT 1IN 2500# SS316/GRAFOIL,61,2888.87,396
IOCL-CEN-01387,IOCL,"Guwahati Refinery, Assam",CENTRIFUGAL PUMP SPARE 12IN 900# INCONEL 625,146,213879.79,154
IOCL-CEN-01388,IOCL,"Koyali Refinery, Gujarat",CENTRIFUGAL PUMP SPARE 8IN 900# ASTM A182 F53,118,378797.69,727
IOCL-BAL-01389,IOCL,"Guwahati Refinery, Assam",VLV BL FLG 2IN 900# ASTM A216 WCB TR16,57,30652.58,143
IOCL-GLO-01390,IOCL,"Barauni Refinery, Bihar",VLV GL FLG 16IN 900# ASTM A182 F304 TR5,46,31596.29,537
IOCL-GLO-01391,IOCL,"Koyali Refinery, Gujarat",VLV GL FLG 20IN 2500# ASTM A182 F316L TR5,95,38809.93,474
IOCL-GAS-01392,IOCL,"Guwahati Refinery, Assam",GSKT SWG 2IN 900# SS316/GRAFOIL,144,6917.59,255
IOCL-GAS-01393,IOCL,"Panipat Refinery, Haryana",GSKT RTJ OCT 12IN 1500# SS316/GRAFOIL,31,4288.81,129
IOCL-RED-01394,IOCL,"Barauni Refinery, Bihar",RED CONC 3IN SCH 40 ASTM A182 F51,61,6537.79,7
IOCL-PIP-01395,IOCL,"Paradip Refinery, Odisha",PIPE SMLS 24IN ASTM A182 F304,28,2470.64,16
IOCL-PSV-01396,IOCL,"Mathura Refinery, Uttar Pradesh",VLV BFV FLG 6IN 600# ASTM A182 F316L TR1,12,34544.81,519
IOCL-PSV-01397,IOCL,"Panipat Refinery, Haryana",VLV BFV FLG 1IN 900# ASTM A182 F22 TR1,99,25691.23,850
IOCL-FLA-01398,IOCL,"Koyali Refinery, Gujarat",FLG THRF 1.5IN 1500# ASTM A182 F11,143,7614.44,27
IOCL-CEN-01399,IOCL,"Panipat Refinery, Haryana",CENTRIFUGAL PUMP SPARE 24IN 1500# ASTM A182 F316,130,135794.69,321
IOCL-BAL-01400,IOCL,"Guwahati Refinery, Assam",VLV BL FLG 3IN 2500# ASTM A182 F304 TR12,72,24218.72,307
IOCL-GAS-01401,IOCL,"Barauni Refinery, Bihar",GSKT RTJ OCT 10IN 150# SS316,22,4109.15,32
IOCL-CEN-01402,IOCL,"Mathura Refinery, Uttar Pradesh",CENTRIFUGAL PUMP SPARE 3IN 2500# INCONEL 625,59,376640.4,19
IOCL-STU-01403,IOCL,"Panipat Refinery, Haryana",STUD BLT 3IN X 180MM INCONEL 625 W/ 2H NUTS,124,11807.52,934
IOCL-GLO-01404,IOCL,"Koyali Refinery, Gujarat",VLV GL FLG 8IN 1500# ASTM A182 F22 TR8,99,21139.35,342
IOCL-PSV-01405,IOCL,"Guwahati Refinery, Assam",VLV BFV FLG 16IN 600# ASTM A193 B7 TR12,106,16464.15,741
IOCL-GAS-01406,IOCL,"Mathura Refinery, Uttar Pradesh",GSKT SWG 3/4IN 1500# SS316/GRAFOIL,56,4089.81,16
IOCL-CHE-01407,IOCL,"Barauni Refinery, Bihar",VLV CHK FLG 24IN 2500# INCONEL 625,2,155477.14,138
IOCL-GAS-01408,IOCL,"Paradip Refinery, Odisha",GSKT SWG 1IN 300# SS316/GRAFOIL,142,3148.76,363
IOCL-PIP-01409,IOCL,"Digboi Refinery, Assam",PIPE ERW 3IN SCH 20 ASTM A182 F53,83,15545.62,28
IOCL-PIP-01410,IOCL,"Mathura Refinery, Uttar Pradesh",PIPE ERW 8IN SCH XXS ASTM A216 WCB,98,4349.04,40
IOCL-PIP-01411,IOCL,"Panipat Refinery, Haryana",PIPE ERW 1IN SCH XXS ASTM A105,56,2420.38,944
IOCL-RED-01412,IOCL,"Mathura Refinery, Uttar Pradesh",RED CONC 10IN SCH 20 A234WPB,55,3912.74,142
IOCL-GAS-01413,IOCL,"Mathura Refinery, Uttar Pradesh",GSKT RTJ OCT 1IN 300# SS316/GRAFOIL,43,6922.58,1174
IOCL-PSV-01414,IOCL,"Koyali Refinery, Gujarat",VLV BFV FLG 3/4IN 900# ASTM A182 F53 TR16,119,168569.25,203
IOCL-BAL-01415,IOCL,"Koyali Refinery, Gujarat",VLV BL FLG 10IN 900# ASTM A350 LF2 TR8,30,17073.12,33
IOCL-RED-01416,IOCL,"Panipat Refinery, Haryana",RED CONC 12IN SCH 160 A234WPB,120,3964.3,148
IOCL-GAS-01417,IOCL,"Barauni Refinery, Bihar",GSKT SWG 8IN 300# SS316/GRAFOIL,34,13712.45,141
IOCL-PIP-01418,IOCL,"Mathura Refinery, Uttar Pradesh",PIPE ERW 1/2IN ASTM A193 B7,120,3301.22,723
IOCL-CHE-01419,IOCL,"Mathura Refinery, Uttar Pradesh",VLV CHK FLG 8IN 900# ASTM A193 B7 TR8,16,29314.1,53
IOCL-BAL-01420,IOCL,"Digboi Refinery, Assam",VLV BL FLG 20IN 1500# ASTM A182 F304 TR1,83,15667.72,9
IOCL-PSV-01421,IOCL,"Digboi Refinery, Assam",VLV BFV FLG 10IN 300# ASTM A193 B7,90,26647.37,246
IOCL-BAL-01422,IOCL,"Barauni Refinery, Bihar",VLV BL FLG 1/2IN 1500# ASTM A182 F22 TR1,107,33145.13,1069
IOCL-ELB-01423,IOCL,"Paradip Refinery, Odisha",ELB 90 LR 1IN ASTM A106 GR.B,39,2192.79,1069
IOCL-ELB-01424,IOCL,"Panipat Refinery, Haryana",ELB 90 LR 16IN SCH 160 ASTM A182 F316L,23,5484.55,29
IOCL-CEN-01425,IOCL,"Guwahati Refinery, Assam",CENTRIFUGAL PUMP SPARE 1IN 2500# ASTM A216 WCB,88,66505.02,38
IOCL-CEN-01426,IOCL,"Barauni Refinery, Bihar",CENTRIFUGAL PUMP SPARE 4IN 600# ASTM A182 F11,54,60289.35,832
IOCL-CEN-01427,IOCL,"Mathura Refinery, Uttar Pradesh",CENTRIFUGAL PUMP SPARE 2IN 300# ASTM A182 F22,26,38209.97,1006
IOCL-GLO-01428,IOCL,"Mathura Refinery, Uttar Pradesh",VLV GL FLG 2IN 900# ASTM A182 F316 TR8,33,34597.19,190
IOCL-BUT-01429,IOCL,"Digboi Refinery, Assam",VLV BFV FLG 16IN 2500# ASTM A193 B7 TR1,146,25304.81,13
IOCL-CHE-01430,IOCL,"Mathura Refinery, Uttar Pradesh",VLV CHK FLG 3IN 1500# ASTM A182 F51 TR8,84,60462.15,29
IOCL-CHE-01431,IOCL,"Guwahati Refinery, Assam",VLV CHK FLG 1/2IN 300# INCONEL 625 TR1,124,191506.01,736
IOCL-GLO-01432,IOCL,"Koyali Refinery, Gujarat",VLV GL FLG 10IN 1500# ASTM A182 F51,16,55684.17,134
IOCL-PSV-01433,IOCL,"Mathura Refinery, Uttar Pradesh",VLV BFV FLG 2IN 1500# ASTM A182 F11,28,20279.33,1066
IOCL-STU-01434,IOCL,"Mathura Refinery, Uttar Pradesh",STUD BLT 1/2IN X 180MM ASTM A105 W/ 2H NUTS,93,4371.95,943
IOCL-ELB-01435,IOCL,"Panipat Refinery, Haryana",ELB 90 LR 10IN SCH 160 ASTM A182 F316,90,7244.79,179
IOCL-ELB-01436,IOCL,"Paradip Refinery, Odisha",ELB 90 LR 3/4IN SCH 20 INCONEL 625,143,12230.07,12
IOCL-CHE-01437,IOCL,"Panipat Refinery, Haryana",VLV CHK FLG 2IN 150# ASTM A105 TR5,126,16705.11,38
IOCL-TEE-01438,IOCL,"Mathura Refinery, Uttar Pradesh",TEE EQ 24IN SCH 80 ASTM A106 GR.B,28,4554.05,50
IOCL-CHE-01439,IOCL,"Panipat Refinery, Haryana",VLV CHK FLG 6IN 2500# ASTM A182 F53 TR12,59,120458.15,735
IOCL-BAL-01440,IOCL,"Mathura Refinery, Uttar Pradesh",VLV BL FLG 1.5IN 150# ASTM A182 F51,5,61724.0,910
IOCL-STU-01441,IOCL,"Barauni Refinery, Bihar",STUD BLT 1/2IN X 180MM ASTM A182 F316 W/ 2H NUTS,31,8546.15,26
IOCL-RED-01442,IOCL,"Digboi Refinery, Assam",RED CONC 4IN SCH 40 ASTM A182 F316L,39,5230.17,42
IOCL-PSV-01443,IOCL,"Panipat Refinery, Haryana",VLV BFV FLG 4IN 900# ASTM A216 WCB TR1,109,15483.31,26
IOCL-GAS-01444,IOCL,"Paradip Refinery, Odisha",GSKT RTJ OCT 3/4IN 600# SS316/GRAFOIL,10,1929.03,46
IOCL-TEE-01445,IOCL,"Digboi Refinery, Assam",TEE EQ 16IN SCH XXS ASTM A193 B16,70,3453.96,1049
IOCL-GAT-01446,IOCL,"Barauni Refinery, Bihar",VLV GT FLG 1/2IN 1500# ASTM A182 F316 TR8,77,65755.91,770
IOCL-TEE-01447,IOCL,"Paradip Refinery, Odisha",TEE EQ 12IN SCH 40 ASTM A182 F51,107,7315.27,240
IOCL-CEN-01448,IOCL,"Paradip Refinery, Odisha",CENTRIFUGAL PUMP SPARE 1/2IN 900# ASTM A182 F316L,123,155038.47,210
IOCL-PIP-01449,IOCL,"Barauni Refinery, Bihar",PIPE ERW 10IN SCH 40 ASTM A216 WCB,4,2059.24,226
IOCL-PSV-01450,IOCL,"Paradip Refinery, Odisha",VLV BFV FLG 6IN 1500# ASTM A182 F22,44,15592.69,528
IOCL-STU-01451,IOCL,"Digboi Refinery, Assam",STUD BLT 8IN X 180MM ASTM A182 F22 W/ 2H NUTS,61,2890.79,975
IOCL-CEN-01452,IOCL,"Panipat Refinery, Haryana",CENTRIFUGAL PUMP SPARE 6IN 150# ASTM A193 B16,138,58680.65,1043
IOCL-FLA-01453,IOCL,"Koyali Refinery, Gujarat",FLG WNRF 1IN 300# INCONEL 625,116,48370.05,891
IOCL-CEN-01454,IOCL,"Koyali Refinery, Gujarat",CENTRIFUGAL PUMP SPARE 1/2IN 1500# ASTM A350 LF2,45,36804.87,6
IOCL-PIP-01455,IOCL,"Digboi Refinery, Assam",PIPE ERW 24IN SCH 80 ASTM A182 F51,145,5272.76,459
IOCL-STU-01456,IOCL,"Guwahati Refinery, Assam",STUD BLT 2IN X 180MM ASTM A106 GR.B W/ 2H NUTS,109,3414.14,840
IOCL-GAS-01457,IOCL,"Koyali Refinery, Gujarat",GSKT RTJ OCT 3IN 300# SS316,31,6465.73,1175
IOCL-PIP-01458,IOCL,"Paradip Refinery, Odisha",PIPE SMLS 12IN SCH 80 ASTM A106 GR.B,125,2656.32,707
IOCL-PIP-01459,IOCL,"Digboi Refinery, Assam",PIPE ERW 12IN SCH 20 ASTM A182 F316,47,6700.84,1084
IOCL-BAL-01460,IOCL,"Barauni Refinery, Bihar",VLV BL FLG 2IN 1500# INCONEL 625 TR12,110,84043.78,33
IOCL-GAT-01461,IOCL,"Koyali Refinery, Gujarat",VLV GT FLG 1IN 300# ASTM A182 F51,92,62459.87,647
IOCL-TEE-01462,IOCL,"Digboi Refinery, Assam",TEE EQ 2IN SCH 20 A234WPB,103,3339.93,37
IOCL-CEN-01463,IOCL,"Paradip Refinery, Odisha",CENTRIFUGAL PUMP SPARE 20IN 1500# ASTM A182 F316L,114,158865.38,388
IOCL-PSV-01464,IOCL,"Mathura Refinery, Uttar Pradesh",VLV BFV FLG 3/4IN 1500# ASTM A106 GR.B TR1,64,20583.39,575
IOCL-PIP-01465,IOCL,"Guwahati Refinery, Assam",PIPE SMLS 1/2IN SCH 40 ASTM A106 GR.B,64,1995.42,935
IOCL-GAT-01466,IOCL,"Koyali Refinery, Gujarat",VLV GT FLG 2IN 600# ASTM A182 F316L TR5,127,40909.91,140
IOCL-STU-01467,IOCL,"Panipat Refinery, Haryana",STUD BLT 4IN X 180MM ASTM A105 W/ 2H NUTS,17,3167.63,52
IOCL-GAS-01468,IOCL,"Barauni Refinery, Bihar",GSKT RTJ OCT 8IN 2500# SS316/GRAFOIL,11,20270.62,92
IOCL-PSV-01469,IOCL,"Panipat Refinery, Haryana",VLV BFV FLG 4IN 1500# ASTM A182 F53 TR8,27,174528.49,58
IOCL-CEN-01470,IOCL,"Paradip Refinery, Odisha",CENTRIFUGAL PUMP SPARE 8IN 1500# ASTM A182 F316L,64,170861.49,1079
IOCL-TEE-01471,IOCL,"Barauni Refinery, Bihar",TEE EQ 24IN SCH 80 ASTM A182 F51,84,7026.96,1188
IOCL-FLA-01472,IOCL,"Guwahati Refinery, Assam",FLG SWRF 1IN 150# ASTM A106 GR.B,93,4594.66,29
IOCL-GAT-01473,IOCL,"Mathura Refinery, Uttar Pradesh",VLV GT FLG 8IN 1500# ASTM A182 F51 TR1,102,44003.51,786
IOCL-STU-01474,IOCL,"Koyali Refinery, Gujarat",STUD BLT 10IN X 180MM ASTM A216 WCB W/ 2H NUTS,98,3210.15,974
IOCL-STU-01475,IOCL,"Barauni Refinery, Bihar",STUD BLT 2IN X 180MM ASTM A182 F11 W/ 2H NUTS,13,2681.62,283
IOCL-GAS-01476,IOCL,"Paradip Refinery, Odisha",GSKT RTJ OCT 1/2IN 600# SS316/GRAFOIL,112,2595.86,250
IOCL-PSV-01477,IOCL,"Barauni Refinery, Bihar",VLV BFV FLG 10IN 900# ASTM A182 F316 TR8,79,71766.27,1166
IOCL-GAS-01478,IOCL,"Mathura Refinery, Uttar Pradesh",GSKT RTJ OCT 3IN 600# SS316/GRAFOIL,104,4283.69,55
IOCL-GAS-01479,IOCL,"Panipat Refinery, Haryana",GSKT RTJ OCT 3IN 1500# SS316/GRAFOIL,89,6261.2,1077
IOCL-PIP-01480,IOCL,"Mathura Refinery, Uttar Pradesh",PIPE ERW 20IN SCH 40 ASTM A216 WCB,123,3783.36,35
IOCL-GAS-01481,IOCL,"Panipat Refinery, Haryana",GSKT RTJ OCT 1IN 600# SS316,26,5322.06,348
IOCL-TEE-01482,IOCL,"Panipat Refinery, Haryana",TEE EQ 8IN SCH XXS ASTM A193 B16,28,3180.11,858
IOCL-ELB-01483,IOCL,"Mathura Refinery, Uttar Pradesh",ELB 90 LR 3IN SCH 40 ASTM A182 F53,4,26611.26,504
IOCL-PIP-01484,IOCL,"Panipat Refinery, Haryana",PIPE SMLS 3/4IN ASTM A193 B16,53,3329.1,19
IOCL-PIP-01485,IOCL,"Panipat Refinery, Haryana",PIPE SMLS 3IN SCH XXS ASTM A182 F316,95,11448.38,37
IOCL-GAT-01486,IOCL,"Koyali Refinery, Gujarat",VLV GT FLG 3IN 600# ASTM A182 F22 TR16,13,14122.42,678
IOCL-BUT-01487,IOCL,"Digboi Refinery, Assam",VLV BFV FLG 3/4IN 150# ASTM A182 F304 TR5,36,32200.39,658
IOCL-RED-01488,IOCL,"Paradip Refinery, Odisha",RED CONC 20IN SCH 160 ASTM A193 B16,53,2542.96,23
IOCL-FLA-01489,IOCL,"Guwahati Refinery, Assam",FLG SORF 3/4IN 900# ASTM A350 LF2,4,6617.52,125
IOCL-CHE-01490,IOCL,"Guwahati Refinery, Assam",VLV CHK FLG 1/2IN 900# INCONEL 625 TR8,59,119609.97,348
IOCL-RED-01491,IOCL,"Panipat Refinery, Haryana",RED CONC 24IN ASTM A350 LF2,27,3290.43,293
IOCL-TEE-01492,IOCL,"Koyali Refinery, Gujarat",TEE EQ 2IN SCH XXS ASTM A182 F304,66,4396.17,224
IOCL-FLA-01493,IOCL,"Koyali Refinery, Gujarat",FLG THRF 6IN 1500# INCONEL 625,56,33624.99,381
IOCL-STU-01494,IOCL,"Panipat Refinery, Haryana",STUD BLT 6IN X 180MM ASTM A182 F22 W/ 2H NUTS,132,3692.94,1189
IOCL-RED-01495,IOCL,"Barauni Refinery, Bihar",RED CONC 20IN SCH 160 ASTM A182 F11,16,2716.71,958
IOCL-GLO-01496,IOCL,"Digboi Refinery, Assam",VLV GL FLG 1IN 600# INCONEL 625 TR8,97,108627.08,1112
IOCL-TEE-01497,IOCL,"Koyali Refinery, Gujarat",TEE EQ 1.5IN ASTM A193 B7,58,3504.08,15
IOCL-RED-01498,IOCL,"Guwahati Refinery, Assam",RED CONC 6IN SCH 20 ASTM A193 B16,101,4404.86,542
IOCL-PSV-01499,IOCL,"Mathura Refinery, Uttar Pradesh",VLV BFV FLG 3/4IN 150# ASTM A182 F53 TR16,30,82770.46,19
IOCL-GAT-01500,IOCL,"Paradip Refinery, Odisha",VLV GT FLG 1/2IN 150# ASTM A193 B7 TR12,131,30157.25,337
ONGC-GAT-01501,ONGC,"Ankleshwar Asset, Gujarat","GATE VALVE, BOLTED BONNET, 20 INCH, CLASS 150, BODY ASTM A105, FLANGED ENDS, TRIM 8, RF FACING",74,14721.89,211
ONGC-CEN-01502,ONGC,"Rajahmundry Asset, Andhra Pradesh","CENTRIFUGAL PUMP SPARE, 20 INCH, CLASS 900, ASTM A182 F316",71,136491.1,161
ONGC-BAL-01503,ONGC,"Hazira Gas Processing Plant, Gujarat","BALL VALVE, BOLTED BONNET, 16 INCH, CLASS 150, BODY ASTM A182 F316L, FLANGED ENDS",118,75097.4,184
ONGC-PSV-01504,ONGC,"Mumbai High Offshore Logistics Base, Maharashtra","BALL VALVE, BOLTED BONNET, 3/4 INCH, CLASS 600, BODY INCONEL 625, FLANGED ENDS, TRIM 16, FF FACING",6,188269.2,809
ONGC-PIP-01505,ONGC,"Hazira Gas Processing Plant, Gujarat","LINE PIPE, SEAMLESS, 4 INCH, SCH 80, ASTM A182 F316L, ASME B36.10M, BEVELED ENDS",77,10651.59,50
ONGC-BAL-01506,ONGC,"Hazira Gas Processing Plant, Gujarat","BALL VALVE, BOLTED BONNET, 24 INCH, CLASS 1500, BODY ASTM A105, FLANGED ENDS, TRIM 8, SW FACING",69,28794.03,901
ONGC-FLA-01507,ONGC,"Mumbai High Offshore Logistics Base, Maharashtra","FLANGE, BLIND, 2 INCH, CLASS 1500, ASTM A182 F316, ASME B16.5, RTJ FACING",97,15049.41,298
ONGC-RED-01508,ONGC,"Rajahmundry Asset, Andhra Pradesh","BUTTWELD FITTING, CONCENTRIC REDUCER, 8 INCH, SCH 20, ASTM A234 WPB, ASME B16.9",145,5500.9,1166
ONGC-GAT-01509,ONGC,"Mumbai High Offshore Logistics Base, Maharashtra","GATE VALVE, BOLTED BONNET, 6 INCH, CLASS 150, BODY ASTM A182 F316, FLANGED ENDS, TRIM 16, FF FACING",146,56246.3,1075
ONGC-CHE-01510,ONGC,"Mumbai High Offshore Logistics Base, Maharashtra","CHECK VALVE, BOLTED BONNET, 20 INCH, CLASS 600, BODY ASTM A216 WCB, FLANGED ENDS, TRIM 5, RF FACING",117,30315.55,957
ONGC-PSV-01511,ONGC,"Uran Gas Processing Complex, Maharashtra","BALL VALVE, BOLTED BONNET, 8 INCH, CLASS 150, BODY INCONEL 625, FLANGED ENDS, TRIM 1, BW FACING",147,124783.0,128
ONGC-BUT-01512,ONGC,"Mumbai High Offshore Logistics Base, Maharashtra","BALL VALVE, BOLTED BONNET, 2 INCH, CLASS 2500, BODY ASTM A182 F316, FLANGED ENDS, TRIM 1, FF FACING",24,66962.73,340
ONGC-RED-01513,ONGC,"Rajahmundry Asset, Andhra Pradesh","BUTTWELD FITTING, CONCENTRIC REDUCER, 3/4 INCH, ASTM A234 WPB, ASME B16.9",104,4459.9,32
ONGC-GLO-01514,ONGC,"Rajahmundry Asset, Andhra Pradesh","GLOBE VALVE, BOLTED BONNET, 1/2 INCH, CLASS 2500, BODY ASTM A182 F11, FLANGED ENDS",68,27775.92,28
ONGC-PSV-01515,ONGC,"Mumbai High Offshore Logistics Base, Maharashtra","BALL VALVE, BOLTED BONNET, 1/2 INCH, CLASS 600, BODY ASTM A182 F53, FLANGED ENDS, TRIM 8, FF FACING",112,173604.87,13
ONGC-GLO-01516,ONGC,"Rajahmundry Asset, Andhra Pradesh","GLOBE VALVE, BOLTED BONNET, 16 INCH, CLASS 150, BODY INCONEL 625, FLANGED ENDS",17,156095.65,266
ONGC-FLA-01517,ONGC,"Uran Gas Processing Complex, Maharashtra","FLANGE, BLIND, 6 INCH, CLASS 300, ASTM A182 F51, ASME B16.5, RTJ FACING",144,15998.95,51
ONGC-GAT-01518,ONGC,"Ankleshwar Asset, Gujarat","GATE VALVE, BOLTED BONNET, 16 INCH, CLASS 900, BODY ASTM A182 F51, FLANGED ENDS, TRIM 5, SW FACING",62,38209.43,764
ONGC-CEN-01519,ONGC,"Hazira Gas Processing Plant, Gujarat","CENTRIFUGAL PUMP SPARE, 3 INCH, CLASS 1500, ASTM A193 B16",16,38277.61,367
ONGC-GLO-01520,ONGC,"Uran Gas Processing Complex, Maharashtra","GLOBE VALVE, BOLTED BONNET, 3/4 INCH, CLASS 2500, BODY INCONEL 625, FLANGED ENDS, TRIM 1, RF FACING",12,169371.54,420
ONGC-GLO-01521,ONGC,"Hazira Gas Processing Plant, Gujarat","GLOBE VALVE, BOLTED BONNET, 10 INCH, CLASS 600, BODY ASTM A350 LF2, FLANGED ENDS, TRIM 12, RF FACING",4,13591.15,1083
ONGC-GAT-01522,ONGC,"Uran Gas Processing Complex, Maharashtra","GATE VALVE, BOLTED BONNET, 1.5 INCH, CLASS 2500, BODY ASTM A182 F53, FLANGED ENDS, TRIM 16, FF FACING",37,175736.91,789
ONGC-TEE-01523,ONGC,"Ankleshwar Asset, Gujarat","BUTTWELD FITTING, EQUAL TEE, 2 INCH, SCH 40, ASTM A234 WPB, ASME B16.9",30,3011.9,1005
ONGC-TEE-01524,ONGC,"Rajahmundry Asset, Andhra Pradesh","BUTTWELD FITTING, EQUAL TEE, 20 INCH, ASTM A234 WPB, ASME B16.9",19,1972.68,114
ONGC-GAS-01525,ONGC,"Ankleshwar Asset, Gujarat","METALLIC RING JOINT GASKET OCTAGONAL, 2 INCH, CLASS 300, ASME B16.20",93,18474.53,38
ONGC-PIP-01526,ONGC,"Rajahmundry Asset, Andhra Pradesh","LINE PIPE, SEAMLESS, 16 INCH, SCH 20, ASTM A182 F53, ASME B36.10M, BEVELED ENDS",115,14446.98,203
ONGC-CEN-01527,ONGC,"Rajahmundry Asset, Andhra Pradesh","CENTRIFUGAL PUMP SPARE, 1 INCH, CLASS 600, ASTM A182 F304",59,52689.94,56
ONGC-TEE-01528,ONGC,"Mumbai High Offshore Logistics Base, Maharashtra","BUTTWELD FITTING, EQUAL TEE, 2 INCH, SCH 80, ASTM A234 WPB, ASME B16.9",13,2957.05,33
ONGC-BUT-01529,ONGC,"Ankleshwar Asset, Gujarat","BALL VALVE, BOLTED BONNET, 1/2 INCH, CLASS 1500, BODY ASTM A182 F316L, FLANGED ENDS, TRIM 16, RTJ FACING",9,60521.69,26
ONGC-ELB-01530,ONGC,"Hazira Gas Processing Plant, Gujarat","BUTTWELD FITTING, ELBOW 90 DEG LONG RADIUS, 3/4 INCH, SCH 80, ASTM A234 WPB, ASME B16.9",26,3147.42,463
ONGC-STU-01531,ONGC,"Mumbai High Offshore Logistics Base, Maharashtra","STUD BOLT WITH TWO HEAVY HEX NUTS, 1/2 INCH, LENGTH 180 MM, STUD ASTM A105, NUTS ASTM A194 GR 2H",46,2337.52,1100
ONGC-BUT-01532,ONGC,"Ankleshwar Asset, Gujarat","BALL VALVE, BOLTED BONNET, 3/4 INCH, CLASS 2500, BODY ASTM A350 LF2, FLANGED ENDS, TRIM 1, FF FACING",35,17108.37,25
ONGC-GLO-01533,ONGC,"Uran Gas Processing Complex, Maharashtra","GLOBE VALVE, BOLTED BONNET, 1.5 INCH, CLASS 2500, BODY INCONEL 625, FLANGED ENDS",47,188692.87,816
ONGC-CEN-01534,ONGC,"Uran Gas Processing Complex, Maharashtra","CENTRIFUGAL PUMP SPARE, 24 INCH, CLASS 900, ASTM A182 F11",26,71616.76,188
ONGC-RED-01535,ONGC,"Uran Gas Processing Complex, Maharashtra","BUTTWELD FITTING, CONCENTRIC REDUCER, 1.5 INCH, SCH 20, ASTM A234 WPB, ASME B16.9",17,12044.38,1059
ONGC-CHE-01536,ONGC,"Hazira Gas Processing Plant, Gujarat","CHECK VALVE, BOLTED BONNET, 3 INCH, CLASS 300, BODY ASTM A182 F304, FLANGED ENDS",9,30890.08,884
ONGC-GAS-01537,ONGC,"Rajahmundry Asset, Andhra Pradesh","SPIRAL WOUND GASKET WITH INNER AND OUTER RING, 10 INCH, CLASS 150, ASME B16.20",57,4598.84,180
ONGC-BUT-01538,ONGC,"Uran Gas Processing Complex, Maharashtra","BALL VALVE, BOLTED BONNET, 3 INCH, CLASS 900, BODY ASTM A193 B16, FLANGED ENDS",19,14158.5,949
ONGC-FLA-01539,ONGC,"Mumbai High Offshore Logistics Base, Maharashtra","FLANGE, WELDING NECK, 24 INCH, CLASS 1500, ASTM A182 F22, ASME B16.5, BW FACING",19,6081.34,315
ONGC-FLA-01540,ONGC,"Uran Gas Processing Complex, Maharashtra","FLANGE, BLIND, 1 INCH, CLASS 2500, ASTM A193 B16, ASME B16.5, BW FACING",50,6197.87,960
ONGC-BUT-01541,ONGC,"Mumbai High Offshore Logistics Base, Maharashtra","BALL VALVE, BOLTED BONNET, 4 INCH, CLASS 300, BODY INCONEL 625, FLANGED ENDS, TRIM 1, RF FACING",86,119977.3,173
ONGC-PSV-01542,ONGC,"Mumbai High Offshore Logistics Base, Maharashtra","BALL VALVE, BOLTED BONNET, 1 INCH, CLASS 900, BODY ASTM A105, FLANGED ENDS, TRIM 5, BW FACING",48,19160.21,554
ONGC-FLA-01543,ONGC,"Ankleshwar Asset, Gujarat","FLANGE, WELDING NECK, 2 INCH, CLASS 600, ASTM A182 F22, ASME B16.5, SW FACING",18,3450.41,55
ONGC-STU-01544,ONGC,"Hazira Gas Processing Plant, Gujarat","STUD BOLT WITH TWO HEAVY HEX NUTS, 8 INCH, LENGTH 180 MM, STUD ASTM A182 F316L, NUTS ASTM A194 GR 2H",106,8196.75,20
ONGC-GAT-01545,ONGC,"Ankleshwar Asset, Gujarat","GATE VALVE, BOLTED BONNET, 1/2 INCH, CLASS 600, BODY ASTM A182 F316L, FLANGED ENDS, TRIM 5, BW FACING",86,81155.54,1138
ONGC-TEE-01546,ONGC,"Rajahmundry Asset, Andhra Pradesh","BUTTWELD FITTING, EQUAL TEE, 3/4 INCH, SCH XXS, ASTM A234 WPB, ASME B16.9",109,2732.13,30
ONGC-PIP-01547,ONGC,"Mumbai High Offshore Logistics Base, Maharashtra","LINE PIPE, SEAMLESS, 8 INCH, SCH 40, ASTM A182 F22, ASME B36.10M, BEVELED ENDS",20,2578.54,1077
ONGC-GLO-01548,ONGC,"Uran Gas Processing Complex, Maharashtra","GLOBE VALVE, BOLTED BONNET, 1.5 INCH, CLASS 2500, BODY ASTM A105, FLANGED ENDS, TRIM 1, RF FACING",141,13621.16,17
ONGC-GAT-01549,ONGC,"Uran Gas Processing Complex, Maharashtra","GATE VALVE, BOLTED BONNET, 8 INCH, CLASS 150, BODY ASTM A182 F22, FLANGED ENDS, TRIM 1, RTJ FACING",134,24842.44,93
ONGC-RED-01550,ONGC,"Rajahmundry Asset, Andhra Pradesh","BUTTWELD FITTING, CONCENTRIC REDUCER, 8 INCH, SCH 160, ASTM A234 WPB, ASME B16.9",86,3388.15,948
ONGC-ELB-01551,ONGC,"Mumbai High Offshore Logistics Base, Maharashtra","BUTTWELD FITTING, ELBOW 90 DEG LONG RADIUS, 1/2 INCH, SCH 160, ASTM A234 WPB, ASME B16.9",13,3938.63,264
ONGC-TEE-01552,ONGC,"Rajahmundry Asset, Andhra Pradesh","BUTTWELD FITTING, EQUAL TEE, 10 INCH, SCH XXS, ASTM A234 WPB, ASME B16.9",131,4373.69,1188
ONGC-BAL-01553,ONGC,"Rajahmundry Asset, Andhra Pradesh","BALL VALVE, BOLTED BONNET, 16 INCH, CLASS 900, BODY ASTM A182 F316, FLANGED ENDS",42,33810.35,200
ONGC-TEE-01554,ONGC,"Hazira Gas Processing Plant, Gujarat","BUTTWELD FITTING, EQUAL TEE, 2 INCH, SCH 40, ASTM A234 WPB, ASME B16.9",125,4590.36,46
ONGC-CEN-01555,ONGC,"Mumbai High Offshore Logistics Base, Maharashtra","CENTRIFUGAL PUMP SPARE, 3 INCH, CLASS 1500, ASTM A193 B7",51,68454.49,1119
ONGC-GAS-01556,ONGC,"Hazira Gas Processing Plant, Gujarat","SPIRAL WOUND GASKET WITH INNER AND OUTER RING, 16 INCH, CLASS 2500, ASME B16.20",39,2477.3,157
ONGC-ELB-01557,ONGC,"Uran Gas Processing Complex, Maharashtra","BUTTWELD FITTING, ELBOW 90 DEG LONG RADIUS, 1/2 INCH, SCH 40, ASTM A234 WPB, ASME B16.9",129,5330.57,115
ONGC-PIP-01558,ONGC,"Rajahmundry Asset, Andhra Pradesh","LINE PIPE, SEAMLESS, 24 INCH, SCH 20, ASTM A350 LF2, ASME B36.10M, BEVELED ENDS",117,3138.9,991
ONGC-CHE-01559,ONGC,"Rajahmundry Asset, Andhra Pradesh","CHECK VALVE, BOLTED BONNET, 12 INCH, CLASS 2500, BODY ASTM A216 WCB, FLANGED ENDS",19,22799.59,528
ONGC-GAS-01560,ONGC,"Uran Gas Processing Complex, Maharashtra","SPIRAL WOUND GASKET WITH INNER AND OUTER RING, 16 INCH, CLASS 1500, ASME B16.20",71,12353.53,29
ONGC-RED-01561,ONGC,"Mumbai High Offshore Logistics Base, Maharashtra","BUTTWELD FITTING, CONCENTRIC REDUCER, 1/2 INCH, ASTM A234 WPB, ASME B16.9",104,3407.25,304
ONGC-GAS-01562,ONGC,"Ankleshwar Asset, Gujarat","METALLIC RING JOINT GASKET OCTAGONAL, 8 INCH, CLASS 900, ASME B16.20",93,2869.59,237
ONGC-BAL-01563,ONGC,"Mumbai High Offshore Logistics Base, Maharashtra","BALL VALVE, BOLTED BONNET, 12 INCH, CLASS 600, BODY ASTM A182 F22, FLANGED ENDS, TRIM 12, BW FACING",49,27702.14,41
ONGC-BAL-01564,ONGC,"Mumbai High Offshore Logistics Base, Maharashtra","BALL VALVE, BOLTED BONNET, 24 INCH, CLASS 300, BODY ASTM A182 F22, FLANGED ENDS, TRIM 5, BW FACING",99,16166.85,151
ONGC-GLO-01565,ONGC,"Uran Gas Processing Complex, Maharashtra","GLOBE VALVE, BOLTED BONNET, 8 INCH, CLASS 2500, BODY ASTM A182 F304, FLANGED ENDS, TRIM 5, BW FACING",83,18777.79,1061
ONGC-PSV-01566,ONGC,"Rajahmundry Asset, Andhra Pradesh","BALL VALVE, BOLTED BONNET, 10 INCH, CLASS 150, BODY ASTM A182 F53, FLANGED ENDS, TRIM 12, SW FACING",105,98525.25,20
ONGC-STU-01567,ONGC,"Ankleshwar Asset, Gujarat","STUD BOLT WITH TWO HEAVY HEX NUTS, 3 INCH, LENGTH 180 MM, STUD ASTM A182 F11, NUTS ASTM A194 GR 2H",35,3855.45,326
ONGC-STU-01568,ONGC,"Ankleshwar Asset, Gujarat","STUD BOLT WITH TWO HEAVY HEX NUTS, 1.5 INCH, LENGTH 180 MM, STUD ASTM A105, NUTS ASTM A194 GR 2H",62,2088.26,1050
ONGC-ELB-01569,ONGC,"Uran Gas Processing Complex, Maharashtra","BUTTWELD FITTING, ELBOW 90 DEG LONG RADIUS, 20 INCH, SCH 20, ASTM A234 WPB, ASME B16.9",100,10985.95,228
ONGC-GAS-01570,ONGC,"Uran Gas Processing Complex, Maharashtra","METALLIC RING JOINT GASKET OCTAGONAL, 3 INCH, CLASS 300, ASME B16.20",112,7236.19,229
ONGC-CEN-01571,ONGC,"Hazira Gas Processing Plant, Gujarat","CENTRIFUGAL PUMP SPARE, 2 INCH, CLASS 300, ASTM A193 B7",21,42515.62,388
ONGC-GAS-01572,ONGC,"Uran Gas Processing Complex, Maharashtra","SPIRAL WOUND GASKET WITH INNER AND OUTER RING, 24 INCH, CLASS 600, ASME B16.20",48,3966.15,164
ONGC-RED-01573,ONGC,"Ankleshwar Asset, Gujarat","BUTTWELD FITTING, CONCENTRIC REDUCER, 1.5 INCH, ASTM A234 WPB, ASME B16.9",117,10669.55,160
ONGC-GAS-01574,ONGC,"Ankleshwar Asset, Gujarat","METALLIC RING JOINT GASKET OCTAGONAL, 24 INCH, CLASS 600, ASME B16.20",14,4618.66,21
ONGC-PIP-01575,ONGC,"Uran Gas Processing Complex, Maharashtra","LINE PIPE, SEAMLESS, 20 INCH, SCH 20, INCONEL 625, ASME B36.10M, BEVELED ENDS",116,20598.43,19
ONGC-CEN-01576,ONGC,"Hazira Gas Processing Plant, Gujarat","CENTRIFUGAL PUMP SPARE, 8 INCH, CLASS 600, ASTM A182 F22",43,40783.39,743
ONGC-TEE-01577,ONGC,"Uran Gas Processing Complex, Maharashtra","BUTTWELD FITTING, EQUAL TEE, 3 INCH, SCH 20, ASTM A234 WPB, ASME B16.9",72,9768.98,312
ONGC-BAL-01578,ONGC,"Mumbai High Offshore Logistics Base, Maharashtra","BALL VALVE, BOLTED BONNET, 1 INCH, CLASS 2500, BODY ASTM A182 F304, FLANGED ENDS, TRIM 1, RF FACING",7,27191.72,31
ONGC-CHE-01579,ONGC,"Rajahmundry Asset, Andhra Pradesh","CHECK VALVE, BOLTED BONNET, 12 INCH, CLASS 600, BODY ASTM A182 F51, FLANGED ENDS, TRIM 5, BW FACING",105,43070.86,92
ONGC-CEN-01580,ONGC,"Mumbai High Offshore Logistics Base, Maharashtra","CENTRIFUGAL PUMP SPARE, 3/4 INCH, CLASS 150, ASTM A105",95,49861.44,38
ONGC-CEN-01581,ONGC,"Hazira Gas Processing Plant, Gujarat","CENTRIFUGAL PUMP SPARE, 3 INCH, CLASS 900, ASTM A216 WCB",50,39685.8,598
ONGC-GAS-01582,ONGC,"Rajahmundry Asset, Andhra Pradesh","SPIRAL WOUND GASKET WITH INNER AND OUTER RING, 16 INCH, CLASS 150, ASME B16.20",127,4607.0,7
ONGC-PIP-01583,ONGC,"Rajahmundry Asset, Andhra Pradesh","LINE PIPE, SEAMLESS, 1 INCH, SCH 80, ASTM A182 F11, ASME B36.10M, BEVELED ENDS",7,3527.57,16
ONGC-BUT-01584,ONGC,"Ankleshwar Asset, Gujarat","BALL VALVE, BOLTED BONNET, 1 INCH, CLASS 300, BODY ASTM A216 WCB, FLANGED ENDS, TRIM 8, SW FACING",39,26170.75,598
ONGC-RED-01585,ONGC,"Ankleshwar Asset, Gujarat","BUTTWELD FITTING, CONCENTRIC REDUCER, 3 INCH, ASTM A234 WPB, ASME B16.9",57,4025.11,157
ONGC-PIP-01586,ONGC,"Mumbai High Offshore Logistics Base, Maharashtra","LINE PIPE, SEAMLESS, 1/2 INCH, SCH XXS, ASTM A106 GR.B, ASME B36.10M, BEVELED ENDS",118,2000.29,290
ONGC-GAS-01587,ONGC,"Mumbai High Offshore Logistics Base, Maharashtra","METALLIC RING JOINT GASKET OCTAGONAL, 1/2 INCH, CLASS 900, ASME B16.20",32,2303.92,1026
ONGC-CHE-01588,ONGC,"Mumbai High Offshore Logistics Base, Maharashtra","CHECK VALVE, BOLTED BONNET, 24 INCH, CLASS 2500, BODY ASTM A182 F53, FLANGED ENDS, TRIM 1, RTJ FACING",112,190657.49,225
ONGC-GAS-01589,ONGC,"Mumbai High Offshore Logistics Base, Maharashtra","METALLIC RING JOINT GASKET OCTAGONAL, 1 INCH, CLASS 300, ASME B16.20",54,11422.79,18
ONGC-CEN-01590,ONGC,"Rajahmundry Asset, Andhra Pradesh","CENTRIFUGAL PUMP SPARE, 1 INCH, CLASS 600, ASTM A193 B7",144,82774.28,1100
ONGC-STU-01591,ONGC,"Mumbai High Offshore Logistics Base, Maharashtra","STUD BOLT WITH TWO HEAVY HEX NUTS, 1 INCH, LENGTH 180 MM, STUD ASTM A182 F22, NUTS ASTM A194 GR 2H",87,2455.42,46
ONGC-PSV-01592,ONGC,"Hazira Gas Processing Plant, Gujarat","BALL VALVE, BOLTED BONNET, 2 INCH, CLASS 900, BODY ASTM A182 F22, FLANGED ENDS, TRIM 1, RTJ FACING",126,18960.44,211
ONGC-STU-01593,ONGC,"Hazira Gas Processing Plant, Gujarat","STUD BOLT WITH TWO HEAVY HEX NUTS, 3 INCH, LENGTH 180 MM, STUD ASTM A182 F316, NUTS ASTM A194 GR 2H",4,10795.79,203
ONGC-GLO-01594,ONGC,"Mumbai High Offshore Logistics Base, Maharashtra","GLOBE VALVE, BOLTED BONNET, 24 INCH, CLASS 2500, BODY ASTM A182 F316L, FLANGED ENDS, TRIM 8, SW FACING",122,66264.12,687
ONGC-BAL-01595,ONGC,"Uran Gas Processing Complex, Maharashtra","BALL VALVE, BOLTED BONNET, 3/4 INCH, CLASS 300, BODY ASTM A193 B16, FLANGED ENDS, TRIM 8, RF FACING",18,20792.09,32
ONGC-RED-01596,ONGC,"Uran Gas Processing Complex, Maharashtra","BUTTWELD FITTING, CONCENTRIC REDUCER, 12 INCH, ASTM A234 WPB, ASME B16.9",148,3857.47,199
ONGC-ELB-01597,ONGC,"Hazira Gas Processing Plant, Gujarat","BUTTWELD FITTING, ELBOW 90 DEG LONG RADIUS, 1/2 INCH, SCH 160, ASTM A234 WPB, ASME B16.9",5,15434.75,32
ONGC-GAT-01598,ONGC,"Hazira Gas Processing Plant, Gujarat","GATE VALVE, BOLTED BONNET, 3/4 INCH, CLASS 300, BODY ASTM A182 F11, FLANGED ENDS",147,18324.29,311
ONGC-ELB-01599,ONGC,"Hazira Gas Processing Plant, Gujarat","BUTTWELD FITTING, ELBOW 90 DEG LONG RADIUS, 8 INCH, SCH XXS, ASTM A234 WPB, ASME B16.9",56,12474.19,32
ONGC-GAT-01600,ONGC,"Mumbai High Offshore Logistics Base, Maharashtra","GATE VALVE, BOLTED BONNET, 12 INCH, CLASS 150, BODY ASTM A193 B16, FLANGED ENDS, TRIM 5, RTJ FACING",118,32491.05,913
ONGC-ELB-01601,ONGC,"Ankleshwar Asset, Gujarat","BUTTWELD FITTING, ELBOW 90 DEG LONG RADIUS, 1.5 INCH, SCH XXS, ASTM A234 WPB, ASME B16.9",147,4350.3,49
ONGC-RED-01602,ONGC,"Ankleshwar Asset, Gujarat","BUTTWELD FITTING, CONCENTRIC REDUCER, 8 INCH, ASTM A234 WPB, ASME B16.9",149,3626.57,16
ONGC-FLA-01603,ONGC,"Uran Gas Processing Complex, Maharashtra","FLANGE, SOCKET WELD, 20 INCH, CLASS 600, ASTM A216 WCB, ASME B16.5, SW FACING",97,4722.82,324
ONGC-ELB-01604,ONGC,"Mumbai High Offshore Logistics Base, Maharashtra","BUTTWELD FITTING, ELBOW 90 DEG LONG RADIUS, 6 INCH, SCH 20, ASTM A234 WPB, ASME B16.9",79,2725.26,313
ONGC-BAL-01605,ONGC,"Uran Gas Processing Complex, Maharashtra","BALL VALVE, BOLTED BONNET, 3/4 INCH, CLASS 900, BODY ASTM A182 F11, FLANGED ENDS, TRIM 12, SW FACING",52,21136.01,27
ONGC-BAL-01606,ONGC,"Mumbai High Offshore Logistics Base, Maharashtra","BALL VALVE, BOLTED BONNET, 3 INCH, CLASS 2500, BODY INCONEL 625, FLANGED ENDS, TRIM 1, RF FACING",57,136866.86,644
ONGC-PIP-01607,ONGC,"Hazira Gas Processing Plant, Gujarat","LINE PIPE, SEAMLESS, 12 INCH, ASTM A182 F11, ASME B36.10M, BEVELED ENDS",92,2252.72,285
ONGC-CHE-01608,ONGC,"Hazira Gas Processing Plant, Gujarat","CHECK VALVE, BOLTED BONNET, 3 INCH, CLASS 150, BODY ASTM A105, FLANGED ENDS, TRIM 12, SW FACING",42,23974.52,34
ONGC-PIP-01609,ONGC,"Rajahmundry Asset, Andhra Pradesh","LINE PIPE, SEAMLESS, 8 INCH, SCH 40, ASTM A182 F304, ASME B36.10M, BEVELED ENDS",144,4186.36,262
ONGC-BUT-01610,ONGC,"Uran Gas Processing Complex, Maharashtra","BALL VALVE, BOLTED BONNET, 20 INCH, CLASS 600, BODY ASTM A182 F304, FLANGED ENDS, TRIM 5, BW FACING",75,28257.51,24
ONGC-GAS-01611,ONGC,"Rajahmundry Asset, Andhra Pradesh","METALLIC RING JOINT GASKET OCTAGONAL, 10 INCH, CLASS 300, ASME B16.20",63,4167.9,648
ONGC-ELB-01612,ONGC,"Mumbai High Offshore Logistics Base, Maharashtra","BUTTWELD FITTING, ELBOW 90 DEG LONG RADIUS, 8 INCH, SCH 40, ASTM A234 WPB, ASME B16.9",144,2346.18,115
ONGC-TEE-01613,ONGC,"Ankleshwar Asset, Gujarat","BUTTWELD FITTING, EQUAL TEE, 12 INCH, SCH 40, ASTM A234 WPB, ASME B16.9",134,8693.13,22
ONGC-GAT-01614,ONGC,"Hazira Gas Processing Plant, Gujarat","GATE VALVE, BOLTED BONNET, 3/4 INCH, CLASS 900, BODY ASTM A105, FLANGED ENDS, TRIM 5, BW FACING",12,22982.82,24
ONGC-BAL-01615,ONGC,"Mumbai High Offshore Logistics Base, Maharashtra","BALL VALVE, BOLTED BONNET, 1 INCH, CLASS 300, BODY ASTM A182 F22, FLANGED ENDS, TRIM 8, FF FACING",10,18339.79,650
ONGC-PIP-01616,ONGC,"Ankleshwar Asset, Gujarat","LINE PIPE, SEAMLESS, 1.5 INCH, SCH 80, INCONEL 625, ASME B36.10M, BEVELED ENDS",14,24828.85,14
ONGC-GAS-01617,ONGC,"Mumbai High Offshore Logistics Base, Maharashtra","METALLIC RING JOINT GASKET OCTAGONAL, 8 INCH, CLASS 2500, ASME B16.20",101,2398.37,1009
ONGC-PSV-01618,ONGC,"Hazira Gas Processing Plant, Gujarat","BALL VALVE, BOLTED BONNET, 10 INCH, CLASS 300, BODY ASTM A182 F51, FLANGED ENDS, TRIM 12, SW FACING",18,46674.03,243
ONGC-GAS-01619,ONGC,"Hazira Gas Processing Plant, Gujarat","SPIRAL WOUND GASKET WITH INNER AND OUTER RING, 8 INCH, CLASS 1500, ASME B16.20",95,5017.9,18
ONGC-PSV-01620,ONGC,"Ankleshwar Asset, Gujarat","BALL VALVE, BOLTED BONNET, 6 INCH, CLASS 600, BODY ASTM A182 F316L, FLANGED ENDS, TRIM 1, RTJ FACING",47,46873.6,146
ONGC-CHE-01621,ONGC,"Rajahmundry Asset, Andhra Pradesh","CHECK VALVE, BOLTED BONNET, 12 INCH, CLASS 2500, BODY ASTM A182 F22, FLANGED ENDS, TRIM 12, SW FACING",102,28972.33,399
ONGC-GAS-01622,ONGC,"Uran Gas Processing Complex, Maharashtra","METALLIC RING JOINT GASKET OCTAGONAL, 10 INCH, CLASS 150, ASME B16.20",40,4311.83,1028
ONGC-ELB-01623,ONGC,"Uran Gas Processing Complex, Maharashtra","BUTTWELD FITTING, ELBOW 90 DEG LONG RADIUS, 1/2 INCH, SCH 80, ASTM A234 WPB, ASME B16.9",54,10472.62,599
ONGC-GAS-01624,ONGC,"Ankleshwar Asset, Gujarat","METALLIC RING JOINT GASKET OCTAGONAL, 10 INCH, CLASS 600, ASME B16.20",109,2949.82,320
ONGC-GAS-01625,ONGC,"Ankleshwar Asset, Gujarat","SPIRAL WOUND GASKET WITH INNER AND OUTER RING, 1 INCH, CLASS 1500, ASME B16.20",60,11403.77,159
ONGC-RED-01626,ONGC,"Ankleshwar Asset, Gujarat","BUTTWELD FITTING, CONCENTRIC REDUCER, 1.5 INCH, ASTM A234 WPB, ASME B16.9",105,3163.23,153
ONGC-GAS-01627,ONGC,"Mumbai High Offshore Logistics Base, Maharashtra","METALLIC RING JOINT GASKET OCTAGONAL, 6 INCH, CLASS 1500, ASME B16.20",89,9849.96,25
ONGC-GLO-01628,ONGC,"Hazira Gas Processing Plant, Gujarat","GLOBE VALVE, BOLTED BONNET, 1 INCH, CLASS 300, BODY ASTM A182 F304, FLANGED ENDS, TRIM 1, RTJ FACING",149,24511.35,21
ONGC-FLA-01629,ONGC,"Ankleshwar Asset, Gujarat","FLANGE, WELDING NECK, 6 INCH, CLASS 150, ASTM A350 LF2, ASME B16.5, RTJ FACING",24,5623.38,15
ONGC-BAL-01630,ONGC,"Mumbai High Offshore Logistics Base, Maharashtra","BALL VALVE, BOLTED BONNET, 2 INCH, CLASS 2500, BODY ASTM A105, FLANGED ENDS, TRIM 12, RF FACING",140,22658.89,853
ONGC-STU-01631,ONGC,"Mumbai High Offshore Logistics Base, Maharashtra","STUD BOLT WITH TWO HEAVY HEX NUTS, 20 INCH, LENGTH 180 MM, STUD ASTM A193 B7, NUTS ASTM A194 GR 2H",47,4420.56,734
ONGC-TEE-01632,ONGC,"Mumbai High Offshore Logistics Base, Maharashtra","BUTTWELD FITTING, EQUAL TEE, 3 INCH, SCH XXS, ASTM A234 WPB, ASME B16.9",17,2369.67,1187
ONGC-GAS-01633,ONGC,"Rajahmundry Asset, Andhra Pradesh","METALLIC RING JOINT GASKET OCTAGONAL, 2 INCH, CLASS 1500, ASME B16.20",38,4479.67,36
ONGC-ELB-01634,ONGC,"Ankleshwar Asset, Gujarat","BUTTWELD FITTING, ELBOW 90 DEG LONG RADIUS, 1/2 INCH, ASTM A234 WPB, ASME B16.9",136,3134.2,607
ONGC-BUT-01635,ONGC,"Hazira Gas Processing Plant, Gujarat","BALL VALVE, BOLTED BONNET, 3/4 INCH, CLASS 900, BODY ASTM A193 B7, FLANGED ENDS, TRIM 16, BW FACING",13,30586.49,36
ONGC-GAS-01636,ONGC,"Uran Gas Processing Complex, Maharashtra","METALLIC RING JOINT GASKET OCTAGONAL, 10 INCH, CLASS 1500, ASME B16.20",65,3784.72,16
ONGC-ELB-01637,ONGC,"Mumbai High Offshore Logistics Base, Maharashtra","BUTTWELD FITTING, ELBOW 90 DEG LONG RADIUS, 16 INCH, SCH 40, ASTM A234 WPB, ASME B16.9",64,2480.86,34
ONGC-BUT-01638,ONGC,"Hazira Gas Processing Plant, Gujarat","BALL VALVE, BOLTED BONNET, 4 INCH, CLASS 2500, BODY INCONEL 625, FLANGED ENDS, TRIM 5, RTJ FACING",83,162389.79,21
ONGC-GAS-01639,ONGC,"Ankleshwar Asset, Gujarat","SPIRAL WOUND GASKET WITH INNER AND OUTER RING, 2 INCH, CLASS 600, ASME B16.20",114,4287.32,678
ONGC-PSV-01640,ONGC,"Rajahmundry Asset, Andhra Pradesh","BALL VALVE, BOLTED BONNET, 1/2 INCH, CLASS 600, BODY ASTM A182 F53, FLANGED ENDS, TRIM 16, SW FACING",119,83472.18,749
ONGC-STU-01641,ONGC,"Rajahmundry Asset, Andhra Pradesh","STUD BOLT WITH TWO HEAVY HEX NUTS, 3 INCH, LENGTH 180 MM, STUD ASTM A182 F316L, NUTS ASTM A194 GR 2H",115,8103.24,184
ONGC-STU-01642,ONGC,"Uran Gas Processing Complex, Maharashtra","STUD BOLT WITH TWO HEAVY HEX NUTS, 2 INCH, LENGTH 180 MM, STUD ASTM A182 F22, NUTS ASTM A194 GR 2H",116,4408.53,35
ONGC-GLO-01643,ONGC,"Mumbai High Offshore Logistics Base, Maharashtra","GLOBE VALVE, BOLTED BONNET, 4 INCH, CLASS 600, BODY ASTM A182 F316, FLANGED ENDS",139,37893.89,394
ONGC-BUT-01644,ONGC,"Uran Gas Processing Complex, Maharashtra","BALL VALVE, BOLTED BONNET, 3 INCH, CLASS 900, BODY ASTM A182 F11, FLANGED ENDS",56,14332.42,689
ONGC-GAS-01645,ONGC,"Ankleshwar Asset, Gujarat","SPIRAL WOUND GASKET WITH INNER AND OUTER RING, 16 INCH, CLASS 300, ASME B16.20",105,2348.99,44
ONGC-FLA-01646,ONGC,"Uran Gas Processing Complex, Maharashtra","FLANGE, SLIP ON, 1/2 INCH, CLASS 2500, ASTM A182 F316L, ASME B16.5, RF FACING",25,10844.83,594
ONGC-TEE-01647,ONGC,"Rajahmundry Asset, Andhra Pradesh","BUTTWELD FITTING, EQUAL TEE, 24 INCH, SCH 20, ASTM A234 WPB, ASME B16.9",41,2051.64,46
ONGC-GAT-01648,ONGC,"Uran Gas Processing Complex, Maharashtra","GATE VALVE, BOLTED BONNET, 3/4 INCH, CLASS 2500, BODY INCONEL 625, FLANGED ENDS, TRIM 8, RF FACING",96,144953.18,313
ONGC-TEE-01649,ONGC,"Hazira Gas Processing Plant, Gujarat","BUTTWELD FITTING, EQUAL TEE, 3/4 INCH, SCH 160, ASTM A234 WPB, ASME B16.9",84,6489.74,120
ONGC-BAL-01650,ONGC,"Mumbai High Offshore Logistics Base, Maharashtra","BALL VALVE, BOLTED BONNET, 8 INCH, CLASS 900, BODY ASTM A193 B16, FLANGED ENDS, TRIM 1, RF FACING",114,26137.96,687
ONGC-BUT-01651,ONGC,"Mumbai High Offshore Logistics Base, Maharashtra","BALL VALVE, BOLTED BONNET, 20 INCH, CLASS 2500, BODY ASTM A193 B16, FLANGED ENDS, TRIM 8, BW FACING",31,25296.71,157
ONGC-STU-01652,ONGC,"Mumbai High Offshore Logistics Base, Maharashtra","STUD BOLT WITH TWO HEAVY HEX NUTS, 1 INCH, LENGTH 180 MM, STUD ASTM A216 WCB, NUTS ASTM A194 GR 2H",50,2378.31,123
ONGC-GLO-01653,ONGC,"Hazira Gas Processing Plant, Gujarat","GLOBE VALVE, BOLTED BONNET, 6 INCH, CLASS 1500, BODY ASTM A182 F11, FLANGED ENDS, TRIM 5, SW FACING",146,28795.21,148
ONGC-PSV-01654,ONGC,"Rajahmundry Asset, Andhra Pradesh","BALL VALVE, BOLTED BONNET, 10 INCH, CLASS 600, BODY ASTM A182 F11, FLANGED ENDS, TRIM 12, RTJ FACING",148,27174.96,892
ONGC-CHE-01655,ONGC,"Ankleshwar Asset, Gujarat","CHECK VALVE, BOLTED BONNET, 4 INCH, CLASS 900, BODY ASTM A106 GR.B, FLANGED ENDS, TRIM 1, RF FACING",6,28102.51,52
ONGC-FLA-01656,ONGC,"Rajahmundry Asset, Andhra Pradesh","FLANGE, BLIND, 8 INCH, CLASS 900, ASTM A105, ASME B16.5, RTJ FACING",25,3394.05,45
ONGC-BAL-01657,ONGC,"Hazira Gas Processing Plant, Gujarat","BALL VALVE, BOLTED BONNET, 8 INCH, CLASS 2500, BODY ASTM A350 LF2, FLANGED ENDS, TRIM 16, RTJ FACING",42,31813.12,1041
ONGC-GAS-01658,ONGC,"Mumbai High Offshore Logistics Base, Maharashtra","METALLIC RING JOINT GASKET OCTAGONAL, 4 INCH, CLASS 300, ASME B16.20",118,3954.79,547
ONGC-CEN-01659,ONGC,"Ankleshwar Asset, Gujarat","CENTRIFUGAL PUMP SPARE, 6 INCH, CLASS 900, ASTM A350 LF2",22,58780.08,1012
ONGC-CEN-01660,ONGC,"Mumbai High Offshore Logistics Base, Maharashtra","CENTRIFUGAL PUMP SPARE, 4 INCH, CLASS 1500, ASTM A193 B16",79,81524.05,11
ONGC-GLO-01661,ONGC,"Ankleshwar Asset, Gujarat","GLOBE VALVE, BOLTED BONNET, 1 INCH, CLASS 150, BODY ASTM A182 F22, FLANGED ENDS, TRIM 5, RTJ FACING",139,30313.14,51
ONGC-ELB-01662,ONGC,"Mumbai High Offshore Logistics Base, Maharashtra","BUTTWELD FITTING, ELBOW 90 DEG LONG RADIUS, 20 INCH, SCH XXS, ASTM A234 WPB, ASME B16.9",6,2991.67,35
ONGC-STU-01663,ONGC,"Ankleshwar Asset, Gujarat","STUD BOLT WITH TWO HEAVY HEX NUTS, 8 INCH, LENGTH 180 MM, STUD ASTM A105, NUTS ASTM A194 GR 2H",26,4229.83,57
ONGC-RED-01664,ONGC,"Mumbai High Offshore Logistics Base, Maharashtra","BUTTWELD FITTING, CONCENTRIC REDUCER, 8 INCH, ASTM A234 WPB, ASME B16.9",29,2843.94,959
ONGC-STU-01665,ONGC,"Mumbai High Offshore Logistics Base, Maharashtra","STUD BOLT WITH TWO HEAVY HEX NUTS, 12 INCH, LENGTH 180 MM, STUD ASTM A350 LF2, NUTS ASTM A194 GR 2H",39,3804.11,279
ONGC-TEE-01666,ONGC,"Rajahmundry Asset, Andhra Pradesh","BUTTWELD FITTING, EQUAL TEE, 1 INCH, SCH 40, ASTM A234 WPB, ASME B16.9",115,6090.96,973
ONGC-CEN-01667,ONGC,"Rajahmundry Asset, Andhra Pradesh","CENTRIFUGAL PUMP SPARE, 4 INCH, CLASS 2500, ASTM A216 WCB",3,71567.82,505
ONGC-PSV-01668,ONGC,"Mumbai High Offshore Logistics Base, Maharashtra","BALL VALVE, BOLTED BONNET, 10 INCH, CLASS 900, BODY ASTM A182 F11, FLANGED ENDS",109,25187.26,123
ONGC-RED-01669,ONGC,"Rajahmundry Asset, Andhra Pradesh","BUTTWELD FITTING, CONCENTRIC REDUCER, 20 INCH, ASTM A234 WPB, ASME B16.9",118,2719.23,627
ONGC-BUT-01670,ONGC,"Mumbai High Offshore Logistics Base, Maharashtra","BALL VALVE, BOLTED BONNET, 8 INCH, CLASS 300, BODY ASTM A182 F22, FLANGED ENDS, TRIM 8, SW FACING",130,30270.2,12
ONGC-BAL-01671,ONGC,"Ankleshwar Asset, Gujarat","BALL VALVE, BOLTED BONNET, 10 INCH, CLASS 1500, BODY INCONEL 625, FLANGED ENDS, TRIM 8, SW FACING",137,93689.96,1161
ONGC-TEE-01672,ONGC,"Hazira Gas Processing Plant, Gujarat","BUTTWELD FITTING, EQUAL TEE, 1 INCH, SCH 80, ASTM A234 WPB, ASME B16.9",132,4092.06,5
ONGC-PSV-01673,ONGC,"Mumbai High Offshore Logistics Base, Maharashtra","BALL VALVE, BOLTED BONNET, 4 INCH, CLASS 600, BODY ASTM A105, FLANGED ENDS",142,25416.22,8
ONGC-BAL-01674,ONGC,"Hazira Gas Processing Plant, Gujarat","BALL VALVE, BOLTED BONNET, 1/2 INCH, CLASS 1500, BODY ASTM A182 F53, FLANGED ENDS, TRIM 16, FF FACING",139,149088.37,112
ONGC-BAL-01675,ONGC,"Rajahmundry Asset, Andhra Pradesh","BALL VALVE, BOLTED BONNET, 6 INCH, CLASS 600, BODY ASTM A182 F22, FLANGED ENDS, TRIM 5, SW FACING",28,24455.98,31
ONGC-CEN-01676,ONGC,"Hazira Gas Processing Plant, Gujarat","CENTRIFUGAL PUMP SPARE, 12 INCH, CLASS 600, ASTM A182 F51",100,178396.82,972
ONGC-BUT-01677,ONGC,"Mumbai High Offshore Logistics Base, Maharashtra","BALL VALVE, BOLTED BONNET, 8 INCH, CLASS 600, BODY ASTM A182 F22, FLANGED ENDS, TRIM 8, RF FACING",145,17293.32,241
ONGC-RED-01678,ONGC,"Hazira Gas Processing Plant, Gujarat","BUTTWELD FITTING, CONCENTRIC REDUCER, 1 INCH, SCH XXS, ASTM A234 WPB, ASME B16.9",9,1960.88,195
ONGC-CEN-01679,ONGC,"Uran Gas Processing Complex, Maharashtra","CENTRIFUGAL PUMP SPARE, 2 INCH, CLASS 600, ASTM A193 B7",34,63521.92,292
ONGC-STU-01680,ONGC,"Uran Gas Processing Complex, Maharashtra","STUD BOLT WITH TWO HEAVY HEX NUTS, 1/2 INCH, LENGTH 180 MM, STUD ASTM A182 F316, NUTS ASTM A194 GR 2H",37,10100.86,150
ONGC-RED-01681,ONGC,"Uran Gas Processing Complex, Maharashtra","BUTTWELD FITTING, CONCENTRIC REDUCER, 20 INCH, SCH 160, ASTM A234 WPB, ASME B16.9",48,4457.09,16
ONGC-BUT-01682,ONGC,"Hazira Gas Processing Plant, Gujarat","BALL VALVE, BOLTED BONNET, 2 INCH, CLASS 900, BODY ASTM A350 LF2, FLANGED ENDS, TRIM 12, FF FACING",100,19510.77,747
ONGC-CHE-01683,ONGC,"Hazira Gas Processing Plant, Gujarat","CHECK VALVE, BOLTED BONNET, 24 INCH, CLASS 300, BODY ASTM A182 F11, FLANGED ENDS, TRIM 5, FF FACING",137,17959.44,5
ONGC-BAL-01684,ONGC,"Ankleshwar Asset, Gujarat","BALL VALVE, BOLTED BONNET, 24 INCH, CLASS 1500, BODY ASTM A182 F316, FLANGED ENDS, TRIM 1, RTJ FACING",15,33914.55,496
ONGC-GLO-01685,ONGC,"Ankleshwar Asset, Gujarat","GLOBE VALVE, BOLTED BONNET, 6 INCH, CLASS 900, BODY ASTM A106 GR.B, FLANGED ENDS, TRIM 5, BW FACING",41,21926.85,1023
ONGC-GAS-01686,ONGC,"Uran Gas Processing Complex, Maharashtra","SPIRAL WOUND GASKET WITH INNER AND OUTER RING, 3 INCH, CLASS 1500, ASME B16.20",84,2345.17,540
ONGC-PSV-01687,ONGC,"Mumbai High Offshore Logistics Base, Maharashtra","BALL VALVE, BOLTED BONNET, 8 INCH, CLASS 600, BODY ASTM A182 F316, FLANGED ENDS",126,51978.05,10
ONGC-BUT-01688,ONGC,"Uran Gas Processing Complex, Maharashtra","BALL VALVE, BOLTED BONNET, 2 INCH, CLASS 900, BODY ASTM A105, FLANGED ENDS, TRIM 8, RF FACING",117,19583.68,208
ONGC-STU-01689,ONGC,"Mumbai High Offshore Logistics Base, Maharashtra","STUD BOLT WITH TWO HEAVY HEX NUTS, 16 INCH, LENGTH 180 MM, STUD ASTM A350 LF2, NUTS ASTM A194 GR 2H",76,2183.37,327
ONGC-RED-01690,ONGC,"Uran Gas Processing Complex, Maharashtra","BUTTWELD FITTING, CONCENTRIC REDUCER, 10 INCH, SCH XXS, ASTM A234 WPB, ASME B16.9",10,2791.77,36
ONGC-CHE-01691,ONGC,"Mumbai High Offshore Logistics Base, Maharashtra","CHECK VALVE, BOLTED BONNET, 20 INCH, CLASS 150, BODY ASTM A350 LF2, FLANGED ENDS",52,18244.99,46
ONGC-PIP-01692,ONGC,"Rajahmundry Asset, Andhra Pradesh","LINE PIPE, SEAMLESS, 20 INCH, SCH XXS, ASTM A105, ASME B36.10M, BEVELED ENDS",18,2844.72,336
ONGC-CHE-01693,ONGC,"Ankleshwar Asset, Gujarat","CHECK VALVE, BOLTED BONNET, 3/4 INCH, CLASS 600, BODY ASTM A105, FLANGED ENDS, TRIM 12, SW FACING",47,15920.1,247
ONGC-PSV-01694,ONGC,"Mumbai High Offshore Logistics Base, Maharashtra","BALL VALVE, BOLTED BONNET, 20 INCH, CLASS 1500, BODY ASTM A182 F22, FLANGED ENDS, TRIM 5, FF FACING",13,15510.24,145
ONGC-STU-01695,ONGC,"Mumbai High Offshore Logistics Base, Maharashtra","STUD BOLT WITH TWO HEAVY HEX NUTS, 16 INCH, LENGTH 180 MM, STUD ASTM A182 F51, NUTS ASTM A194 GR 2H",114,9790.86,15
ONGC-BAL-01696,ONGC,"Rajahmundry Asset, Andhra Pradesh","BALL VALVE, BOLTED BONNET, 2 INCH, CLASS 900, BODY ASTM A350 LF2, FLANGED ENDS, TRIM 5, BW FACING",111,18687.46,990
ONGC-RED-01697,ONGC,"Hazira Gas Processing Plant, Gujarat","BUTTWELD FITTING, CONCENTRIC REDUCER, 8 INCH, SCH 20, ASTM A234 WPB, ASME B16.9",123,2501.66,605
ONGC-GAS-01698,ONGC,"Rajahmundry Asset, Andhra Pradesh","SPIRAL WOUND GASKET WITH INNER AND OUTER RING, 12 INCH, CLASS 1500, ASME B16.20",75,10906.64,241
ONGC-GAS-01699,ONGC,"Rajahmundry Asset, Andhra Pradesh","SPIRAL WOUND GASKET WITH INNER AND OUTER RING, 10 INCH, CLASS 600, ASME B16.20",113,14066.49,702
ONGC-GAS-01700,ONGC,"Rajahmundry Asset, Andhra Pradesh","SPIRAL WOUND GASKET WITH INNER AND OUTER RING, 24 INCH, CLASS 1500, ASME B16.20",14,2367.66,1129
ONGC-ELB-01701,ONGC,"Ankleshwar Asset, Gujarat","BUTTWELD FITTING, ELBOW 90 DEG LONG RADIUS, 8 INCH, SCH XXS, ASTM A234 WPB, ASME B16.9",116,4346.46,702
ONGC-TEE-01702,ONGC,"Uran Gas Processing Complex, Maharashtra","BUTTWELD FITTING, EQUAL TEE, 1.5 INCH, SCH 80, ASTM A234 WPB, ASME B16.9",128,3966.51,766
ONGC-GAT-01703,ONGC,"Ankleshwar Asset, Gujarat","GATE VALVE, BOLTED BONNET, 3 INCH, CLASS 900, BODY ASTM A106 GR.B, FLANGED ENDS, TRIM 1, RTJ FACING",138,15758.72,216
ONGC-PSV-01704,ONGC,"Rajahmundry Asset, Andhra Pradesh","BALL VALVE, BOLTED BONNET, 24 INCH, CLASS 150, BODY ASTM A182 F53, FLANGED ENDS",147,155876.68,144
ONGC-RED-01705,ONGC,"Rajahmundry Asset, Andhra Pradesh","BUTTWELD FITTING, CONCENTRIC REDUCER, 4 INCH, SCH 80, ASTM A234 WPB, ASME B16.9",54,2482.78,457
ONGC-PSV-01706,ONGC,"Hazira Gas Processing Plant, Gujarat","BALL VALVE, BOLTED BONNET, 6 INCH, CLASS 2500, BODY ASTM A182 F22, FLANGED ENDS, TRIM 16, SW FACING",4,28722.28,47
ONGC-STU-01707,ONGC,"Rajahmundry Asset, Andhra Pradesh","STUD BOLT WITH TWO HEAVY HEX NUTS, 10 INCH, LENGTH 180 MM, STUD ASTM A182 F316L, NUTS ASTM A194 GR 2H",3,6396.76,494
ONGC-ELB-01708,ONGC,"Hazira Gas Processing Plant, Gujarat","BUTTWELD FITTING, ELBOW 90 DEG LONG RADIUS, 4 INCH, SCH 40, ASTM A234 WPB, ASME B16.9",147,2037.44,38
ONGC-PSV-01709,ONGC,"Uran Gas Processing Complex, Maharashtra","BALL VALVE, BOLTED BONNET, 1 INCH, CLASS 600, BODY ASTM A182 F53, FLANGED ENDS",55,165898.48,296
ONGC-CEN-01710,ONGC,"Mumbai High Offshore Logistics Base, Maharashtra","CENTRIFUGAL PUMP SPARE, 1 INCH, CLASS 900, ASTM A193 B7",21,44493.13,1103
ONGC-PIP-01711,ONGC,"Ankleshwar Asset, Gujarat","LINE PIPE, SEAMLESS, 1/2 INCH, SCH 40, ASTM A182 F11, ASME B36.10M, BEVELED ENDS",2,3598.24,255
ONGC-GAT-01712,ONGC,"Hazira Gas Processing Plant, Gujarat","GATE VALVE, BOLTED BONNET, 24 INCH, CLASS 900, BODY ASTM A182 F316, FLANGED ENDS, TRIM 5, BW FACING",97,45600.74,186
ONGC-GAS-01713,ONGC,"Ankleshwar Asset, Gujarat","METALLIC RING JOINT GASKET OCTAGONAL, 12 INCH, CLASS 1500, ASME B16.20",11,3690.07,351
ONGC-ELB-01714,ONGC,"Rajahmundry Asset, Andhra Pradesh","BUTTWELD FITTING, ELBOW 90 DEG LONG RADIUS, 20 INCH, SCH 160, ASTM A234 WPB, ASME B16.9",97,3002.11,26
ONGC-TEE-01715,ONGC,"Hazira Gas Processing Plant, Gujarat","BUTTWELD FITTING, EQUAL TEE, 12 INCH, SCH 160, ASTM A234 WPB, ASME B16.9",20,1971.15,697
ONGC-CEN-01716,ONGC,"Mumbai High Offshore Logistics Base, Maharashtra","CENTRIFUGAL PUMP SPARE, 1/2 INCH, CLASS 600, ASTM A350 LF2",32,35604.93,91
ONGC-CHE-01717,ONGC,"Mumbai High Offshore Logistics Base, Maharashtra","CHECK VALVE, BOLTED BONNET, 1 INCH, CLASS 1500, BODY ASTM A105, FLANGED ENDS, TRIM 12, RTJ FACING",27,18713.28,21
ONGC-TEE-01718,ONGC,"Uran Gas Processing Complex, Maharashtra","BUTTWELD FITTING, EQUAL TEE, 1/2 INCH, SCH XXS, ASTM A234 WPB, ASME B16.9",106,3456.61,305
ONGC-BAL-01719,ONGC,"Ankleshwar Asset, Gujarat","BALL VALVE, BOLTED BONNET, 8 INCH, CLASS 600, BODY ASTM A193 B7, FLANGED ENDS, TRIM 16, RF FACING",131,22496.03,254
ONGC-GAT-01720,ONGC,"Mumbai High Offshore Logistics Base, Maharashtra","GATE VALVE, BOLTED BONNET, 6 INCH, CLASS 150, BODY INCONEL 625, FLANGED ENDS",117,112586.79,101
ONGC-GAS-01721,ONGC,"Mumbai High Offshore Logistics Base, Maharashtra","METALLIC RING JOINT GASKET OCTAGONAL, 24 INCH, CLASS 600, ASME B16.20",9,14601.07,1144
ONGC-CEN-01722,ONGC,"Rajahmundry Asset, Andhra Pradesh","CENTRIFUGAL PUMP SPARE, 12 INCH, CLASS 2500, ASTM A106 GR.B",92,81359.13,210
ONGC-BAL-01723,ONGC,"Uran Gas Processing Complex, Maharashtra","BALL VALVE, BOLTED BONNET, 16 INCH, CLASS 150, BODY ASTM A193 B16, FLANGED ENDS",4,25829.24,563
ONGC-PSV-01724,ONGC,"Rajahmundry Asset, Andhra Pradesh","BALL VALVE, BOLTED BONNET, 1 INCH, CLASS 600, BODY ASTM A182 F22, FLANGED ENDS",68,29092.98,435
ONGC-PSV-01725,ONGC,"Hazira Gas Processing Plant, Gujarat","BALL VALVE, BOLTED BONNET, 3 INCH, CLASS 900, BODY ASTM A216 WCB, FLANGED ENDS, TRIM 16, RF FACING",119,16152.22,22
ONGC-FLA-01726,ONGC,"Hazira Gas Processing Plant, Gujarat","FLANGE, SLIP ON, 1 INCH, CLASS 600, ASTM A193 B7, ASME B16.5, SW FACING",62,7533.93,426
ONGC-ELB-01727,ONGC,"Ankleshwar Asset, Gujarat","BUTTWELD FITTING, ELBOW 90 DEG LONG RADIUS, 2 INCH, ASTM A234 WPB, ASME B16.9",120,1952.44,520
ONGC-PIP-01728,ONGC,"Ankleshwar Asset, Gujarat","LINE PIPE, SEAMLESS, 3/4 INCH, SCH XXS, ASTM A182 F304, ASME B36.10M, BEVELED ENDS",77,4056.99,239
ONGC-PSV-01729,ONGC,"Hazira Gas Processing Plant, Gujarat","BALL VALVE, BOLTED BONNET, 24 INCH, CLASS 1500, BODY ASTM A193 B7, FLANGED ENDS",14,14201.83,286
ONGC-GAT-01730,ONGC,"Mumbai High Offshore Logistics Base, Maharashtra","GATE VALVE, BOLTED BONNET, 8 INCH, CLASS 900, BODY ASTM A193 B7, FLANGED ENDS",115,27250.28,15
ONGC-FLA-01731,ONGC,"Mumbai High Offshore Logistics Base, Maharashtra","FLANGE, SLIP ON, 3/4 INCH, CLASS 1500, ASTM A182 F11, ASME B16.5, RTJ FACING",51,5400.89,106
ONGC-ELB-01732,ONGC,"Hazira Gas Processing Plant, Gujarat","BUTTWELD FITTING, ELBOW 90 DEG LONG RADIUS, 1.5 INCH, ASTM A234 WPB, ASME B16.9",86,11255.29,97
ONGC-CHE-01733,ONGC,"Hazira Gas Processing Plant, Gujarat","CHECK VALVE, BOLTED BONNET, 1 INCH, CLASS 300, BODY ASTM A182 F11, FLANGED ENDS, TRIM 5, RF FACING",24,15661.31,39
ONGC-GAS-01734,ONGC,"Mumbai High Offshore Logistics Base, Maharashtra","SPIRAL WOUND GASKET WITH INNER AND OUTER RING, 3/4 INCH, CLASS 150, ASME B16.20",65,16467.52,234
ONGC-GAS-01735,ONGC,"Ankleshwar Asset, Gujarat","METALLIC RING JOINT GASKET OCTAGONAL, 3/4 INCH, CLASS 900, ASME B16.20",2,3125.67,24
ONGC-GLO-01736,ONGC,"Ankleshwar Asset, Gujarat","GLOBE VALVE, BOLTED BONNET, 1 INCH, CLASS 150, BODY INCONEL 625, FLANGED ENDS, TRIM 8, FF FACING",102,82829.13,585
ONGC-BAL-01737,ONGC,"Rajahmundry Asset, Andhra Pradesh","BALL VALVE, BOLTED BONNET, 16 INCH, CLASS 900, BODY ASTM A193 B16, FLANGED ENDS, TRIM 1, RTJ FACING",122,30989.38,579
ONGC-GLO-01738,ONGC,"Ankleshwar Asset, Gujarat","GLOBE VALVE, BOLTED BONNET, 6 INCH, CLASS 900, BODY ASTM A182 F316L, FLANGED ENDS, TRIM 1, FF FACING",21,66001.51,1103
ONGC-FLA-01739,ONGC,"Uran Gas Processing Complex, Maharashtra","FLANGE, SOCKET WELD, 3 INCH, CLASS 150, ASTM A182 F22, ASME B16.5, FF FACING",10,4025.5,693
ONGC-RED-01740,ONGC,"Rajahmundry Asset, Andhra Pradesh","BUTTWELD FITTING, CONCENTRIC REDUCER, 20 INCH, SCH 20, ASTM A234 WPB, ASME B16.9",74,23336.36,365
ONGC-ELB-01741,ONGC,"Ankleshwar Asset, Gujarat","BUTTWELD FITTING, ELBOW 90 DEG LONG RADIUS, 4 INCH, SCH 160, ASTM A234 WPB, ASME B16.9",3,19503.3,250
ONGC-FLA-01742,ONGC,"Hazira Gas Processing Plant, Gujarat","FLANGE, WELDING NECK, 3/4 INCH, CLASS 1500, ASTM A182 F53, ASME B16.5, BW FACING",126,28909.8,157
ONGC-BAL-01743,ONGC,"Rajahmundry Asset, Andhra Pradesh","BALL VALVE, BOLTED BONNET, 20 INCH, CLASS 300, BODY ASTM A105, FLANGED ENDS, TRIM 16, BW FACING",101,25537.0,156
ONGC-CHE-01744,ONGC,"Mumbai High Offshore Logistics Base, Maharashtra","CHECK VALVE, BOLTED BONNET, 1/2 INCH, CLASS 1500, BODY ASTM A182 F304, FLANGED ENDS, TRIM 16, FF FACING",41,15821.91,361
ONGC-BAL-01745,ONGC,"Ankleshwar Asset, Gujarat","BALL VALVE, BOLTED BONNET, 1 INCH, CLASS 300, BODY ASTM A182 F316L, FLANGED ENDS",126,67722.8,166
ONGC-CEN-01746,ONGC,"Hazira Gas Processing Plant, Gujarat","CENTRIFUGAL PUMP SPARE, 1/2 INCH, CLASS 1500, ASTM A182 F316",133,131016.79,1127
ONGC-PIP-01747,ONGC,"Rajahmundry Asset, Andhra Pradesh","LINE PIPE, SEAMLESS, 8 INCH, ASTM A182 F51, ASME B36.10M, BEVELED ENDS",147,9968.31,137
ONGC-GAT-01748,ONGC,"Hazira Gas Processing Plant, Gujarat","GATE VALVE, BOLTED BONNET, 20 INCH, CLASS 2500, BODY ASTM A182 F316L, FLANGED ENDS, TRIM 16, RF FACING",39,74359.8,344
ONGC-GAS-01749,ONGC,"Mumbai High Offshore Logistics Base, Maharashtra","SPIRAL WOUND GASKET WITH INNER AND OUTER RING, 10 INCH, CLASS 150, ASME B16.20",100,11396.96,673
ONGC-PSV-01750,ONGC,"Uran Gas Processing Complex, Maharashtra","BALL VALVE, BOLTED BONNET, 1/2 INCH, CLASS 150, BODY ASTM A106 GR.B, FLANGED ENDS, TRIM 12, BW FACING",6,31742.92,649
ONGC-CHE-01751,ONGC,"Ankleshwar Asset, Gujarat","CHECK VALVE, BOLTED BONNET, 3/4 INCH, CLASS 150, BODY ASTM A350 LF2, FLANGED ENDS, TRIM 1, RF FACING",134,30971.13,1044
ONGC-TEE-01752,ONGC,"Rajahmundry Asset, Andhra Pradesh","BUTTWELD FITTING, EQUAL TEE, 10 INCH, ASTM A234 WPB, ASME B16.9",39,4550.14,1190
ONGC-FLA-01753,ONGC,"Ankleshwar Asset, Gujarat","FLANGE, SOCKET WELD, 4 INCH, CLASS 150, ASTM A106 GR.B, ASME B16.5, RTJ FACING",83,5231.56,656
ONGC-CEN-01754,ONGC,"Mumbai High Offshore Logistics Base, Maharashtra","CENTRIFUGAL PUMP SPARE, 1/2 INCH, CLASS 150, ASTM A193 B7",15,61001.55,22
ONGC-GAS-01755,ONGC,"Ankleshwar Asset, Gujarat","SPIRAL WOUND GASKET WITH INNER AND OUTER RING, 12 INCH, CLASS 300, ASME B16.20",132,3103.53,54
ONGC-CEN-01756,ONGC,"Uran Gas Processing Complex, Maharashtra","CENTRIFUGAL PUMP SPARE, 3/4 INCH, CLASS 900, ASTM A182 F316L",68,169617.36,330
ONGC-STU-01757,ONGC,"Ankleshwar Asset, Gujarat","STUD BOLT WITH TWO HEAVY HEX NUTS, 6 INCH, LENGTH 180 MM, STUD ASTM A350 LF2, NUTS ASTM A194 GR 2H",3,2685.31,1156
ONGC-GLO-01758,ONGC,"Hazira Gas Processing Plant, Gujarat","GLOBE VALVE, BOLTED BONNET, 3/4 INCH, CLASS 2500, BODY ASTM A182 F53, FLANGED ENDS, TRIM 16, RF FACING",46,174412.65,25
ONGC-BAL-01759,ONGC,"Hazira Gas Processing Plant, Gujarat","BALL VALVE, BOLTED BONNET, 1 INCH, CLASS 300, BODY ASTM A182 F22, FLANGED ENDS, TRIM 1, RF FACING",15,18737.14,31
ONGC-GLO-01760,ONGC,"Mumbai High Offshore Logistics Base, Maharashtra","GLOBE VALVE, BOLTED BONNET, 3/4 INCH, CLASS 2500, BODY ASTM A182 F53, FLANGED ENDS",45,104819.86,309
ONGC-GAT-01761,ONGC,"Uran Gas Processing Complex, Maharashtra","GATE VALVE, BOLTED BONNET, 16 INCH, CLASS 900, BODY ASTM A216 WCB, FLANGED ENDS",112,28378.32,223
ONGC-GAS-01762,ONGC,"Mumbai High Offshore Logistics Base, Maharashtra","SPIRAL WOUND GASKET WITH INNER AND OUTER RING, 1.5 INCH, CLASS 2500, ASME B16.20",77,2927.75,6
ONGC-BUT-01763,ONGC,"Ankleshwar Asset, Gujarat","BALL VALVE, BOLTED BONNET, 2 INCH, CLASS 900, BODY ASTM A350 LF2, FLANGED ENDS, TRIM 12, FF FACING",39,18637.57,306
ONGC-PIP-01764,ONGC,"Hazira Gas Processing Plant, Gujarat","LINE PIPE, SEAMLESS, 1 INCH, SCH 40, ASTM A182 F53, ASME B36.10M, BEVELED ENDS",47,17754.98,351
ONGC-GAS-01765,ONGC,"Ankleshwar Asset, Gujarat","SPIRAL WOUND GASKET WITH INNER AND OUTER RING, 2 INCH, CLASS 150, ASME B16.20",114,4305.65,317
ONGC-GAS-01766,ONGC,"Hazira Gas Processing Plant, Gujarat","METALLIC RING JOINT GASKET OCTAGONAL, 10 INCH, CLASS 150, ASME B16.20",54,2869.42,477
ONGC-BAL-01767,ONGC,"Ankleshwar Asset, Gujarat","BALL VALVE, BOLTED BONNET, 3 INCH, CLASS 600, BODY ASTM A182 F53, FLANGED ENDS",54,117542.82,305
ONGC-TEE-01768,ONGC,"Uran Gas Processing Complex, Maharashtra","BUTTWELD FITTING, EQUAL TEE, 4 INCH, SCH 20, ASTM A234 WPB, ASME B16.9",92,2324.97,179
ONGC-STU-01769,ONGC,"Hazira Gas Processing Plant, Gujarat","STUD BOLT WITH TWO HEAVY HEX NUTS, 16 INCH, LENGTH 180 MM, STUD ASTM A193 B7, NUTS ASTM A194 GR 2H",127,4003.8,39
ONGC-ELB-01770,ONGC,"Uran Gas Processing Complex, Maharashtra","BUTTWELD FITTING, ELBOW 90 DEG LONG RADIUS, 12 INCH, SCH 20, ASTM A234 WPB, ASME B16.9",74,3251.22,60
ONGC-GAS-01771,ONGC,"Rajahmundry Asset, Andhra Pradesh","SPIRAL WOUND GASKET WITH INNER AND OUTER RING, 8 INCH, CLASS 150, ASME B16.20",104,2989.17,60
ONGC-PSV-01772,ONGC,"Ankleshwar Asset, Gujarat","BALL VALVE, BOLTED BONNET, 3 INCH, CLASS 600, BODY ASTM A106 GR.B, FLANGED ENDS, TRIM 1, RTJ FACING",51,26498.93,1187
ONGC-GLO-01773,ONGC,"Hazira Gas Processing Plant, Gujarat","GLOBE VALVE, BOLTED BONNET, 16 INCH, CLASS 1500, BODY ASTM A350 LF2, FLANGED ENDS, TRIM 12, RF FACING",109,13582.99,20
ONGC-GAS-01774,ONGC,"Hazira Gas Processing Plant, Gujarat","SPIRAL WOUND GASKET WITH INNER AND OUTER RING, 1/2 INCH, CLASS 2500, ASME B16.20",52,2163.85,33
ONGC-GAS-01775,ONGC,"Uran Gas Processing Complex, Maharashtra","METALLIC RING JOINT GASKET OCTAGONAL, 6 INCH, CLASS 150, ASME B16.20",62,2169.08,49
ONGC-RED-01776,ONGC,"Hazira Gas Processing Plant, Gujarat","BUTTWELD FITTING, CONCENTRIC REDUCER, 3/4 INCH, SCH 160, ASTM A234 WPB, ASME B16.9",100,25837.75,1066
ONGC-RED-01777,ONGC,"Hazira Gas Processing Plant, Gujarat","BUTTWELD FITTING, CONCENTRIC REDUCER, 2 INCH, SCH 20, ASTM A234 WPB, ASME B16.9",120,4134.06,375
ONGC-GAT-01778,ONGC,"Ankleshwar Asset, Gujarat","GATE VALVE, BOLTED BONNET, 1 INCH, CLASS 2500, BODY ASTM A106 GR.B, FLANGED ENDS, TRIM 8, BW FACING",31,13948.15,361
ONGC-TEE-01779,ONGC,"Mumbai High Offshore Logistics Base, Maharashtra","BUTTWELD FITTING, EQUAL TEE, 1/2 INCH, SCH 20, ASTM A234 WPB, ASME B16.9",59,3161.86,31
ONGC-TEE-01780,ONGC,"Mumbai High Offshore Logistics Base, Maharashtra","BUTTWELD FITTING, EQUAL TEE, 1 INCH, SCH XXS, ASTM A234 WPB, ASME B16.9",52,3736.33,287
ONGC-ELB-01781,ONGC,"Mumbai High Offshore Logistics Base, Maharashtra","BUTTWELD FITTING, ELBOW 90 DEG LONG RADIUS, 1.5 INCH, SCH 20, ASTM A234 WPB, ASME B16.9",115,4290.34,40
ONGC-GAS-01782,ONGC,"Uran Gas Processing Complex, Maharashtra","METALLIC RING JOINT GASKET OCTAGONAL, 6 INCH, CLASS 1500, ASME B16.20",9,1915.51,222
ONGC-CHE-01783,ONGC,"Ankleshwar Asset, Gujarat","CHECK VALVE, BOLTED BONNET, 24 INCH, CLASS 150, BODY ASTM A193 B16, FLANGED ENDS, TRIM 12, RTJ FACING",101,25084.59,982
ONGC-GAS-01784,ONGC,"Uran Gas Processing Complex, Maharashtra","METALLIC RING JOINT GASKET OCTAGONAL, 6 INCH, CLASS 150, ASME B16.20",100,10193.32,273
ONGC-RED-01785,ONGC,"Uran Gas Processing Complex, Maharashtra","BUTTWELD FITTING, CONCENTRIC REDUCER, 1 INCH, SCH 20, ASTM A234 WPB, ASME B16.9",83,2026.03,12
ONGC-PIP-01786,ONGC,"Ankleshwar Asset, Gujarat","LINE PIPE, SEAMLESS, 1/2 INCH, SCH 20, ASTM A106 GR.B, ASME B36.10M, BEVELED ENDS",134,3983.82,55
ONGC-GAS-01787,ONGC,"Ankleshwar Asset, Gujarat","SPIRAL WOUND GASKET WITH INNER AND OUTER RING, 2 INCH, CLASS 1500, ASME B16.20",75,3259.32,103
ONGC-CEN-01788,ONGC,"Hazira Gas Processing Plant, Gujarat","CENTRIFUGAL PUMP SPARE, 1.5 INCH, CLASS 150, ASTM A106 GR.B",38,38746.23,853
ONGC-BUT-01789,ONGC,"Mumbai High Offshore Logistics Base, Maharashtra","BALL VALVE, BOLTED BONNET, 1.5 INCH, CLASS 300, BODY ASTM A193 B16, FLANGED ENDS, TRIM 8, BW FACING",85,18106.92,40
ONGC-BUT-01790,ONGC,"Mumbai High Offshore Logistics Base, Maharashtra","BALL VALVE, BOLTED BONNET, 1 INCH, CLASS 900, BODY ASTM A105, FLANGED ENDS, TRIM 12, FF FACING",130,29741.21,308
ONGC-ELB-01791,ONGC,"Hazira Gas Processing Plant, Gujarat","BUTTWELD FITTING, ELBOW 90 DEG LONG RADIUS, 20 INCH, ASTM A234 WPB, ASME B16.9",115,4370.92,26
ONGC-RED-01792,ONGC,"Hazira Gas Processing Plant, Gujarat","BUTTWELD FITTING, CONCENTRIC REDUCER, 2 INCH, SCH XXS, ASTM A234 WPB, ASME B16.9",97,10559.31,1146
ONGC-GAS-01793,ONGC,"Mumbai High Offshore Logistics Base, Maharashtra","METALLIC RING JOINT GASKET OCTAGONAL, 2 INCH, CLASS 600, ASME B16.20",112,3960.54,280
ONGC-PIP-01794,ONGC,"Hazira Gas Processing Plant, Gujarat","LINE PIPE, SEAMLESS, 6 INCH, SCH 160, ASTM A193 B16, ASME B36.10M, BEVELED ENDS",7,3141.9,8
ONGC-BUT-01795,ONGC,"Ankleshwar Asset, Gujarat","BALL VALVE, BOLTED BONNET, 16 INCH, CLASS 150, BODY ASTM A182 F316L, FLANGED ENDS, TRIM 16, BW FACING",56,38586.28,599
ONGC-FLA-01796,ONGC,"Hazira Gas Processing Plant, Gujarat","FLANGE, SOCKET WELD, 8 INCH, CLASS 600, ASTM A193 B16, ASME B16.5, BW FACING",47,5272.45,179
ONGC-GAS-01797,ONGC,"Ankleshwar Asset, Gujarat","METALLIC RING JOINT GASKET OCTAGONAL, 1 INCH, CLASS 1500, ASME B16.20",133,4168.24,320
ONGC-BAL-01798,ONGC,"Ankleshwar Asset, Gujarat","BALL VALVE, BOLTED BONNET, 3/4 INCH, CLASS 2500, BODY ASTM A216 WCB, FLANGED ENDS",53,32172.97,296
ONGC-GAS-01799,ONGC,"Ankleshwar Asset, Gujarat","SPIRAL WOUND GASKET WITH INNER AND OUTER RING, 4 INCH, CLASS 2500, ASME B16.20",130,4173.71,782
ONGC-GAS-01800,ONGC,"Mumbai High Offshore Logistics Base, Maharashtra","SPIRAL WOUND GASKET WITH INNER AND OUTER RING, 1.5 INCH, CLASS 300, ASME B16.20",15,3783.28,54
ONGC-BAL-01801,ONGC,"Rajahmundry Asset, Andhra Pradesh","BALL VALVE, BOLTED BONNET, 6 INCH, CLASS 300, BODY ASTM A105, FLANGED ENDS, TRIM 16, RF FACING",148,21778.78,258
ONGC-PIP-01802,ONGC,"Uran Gas Processing Complex, Maharashtra","LINE PIPE, SEAMLESS, 1/2 INCH, SCH 20, ASTM A182 F304, ASME B36.10M, BEVELED ENDS",122,3250.53,346
ONGC-BUT-01803,ONGC,"Rajahmundry Asset, Andhra Pradesh","BALL VALVE, BOLTED BONNET, 1/2 INCH, CLASS 300, BODY ASTM A182 F304, FLANGED ENDS, TRIM 1, BW FACING",135,18641.51,59
ONGC-PSV-01804,ONGC,"Ankleshwar Asset, Gujarat","BALL VALVE, BOLTED BONNET, 1 INCH, CLASS 300, BODY ASTM A182 F316L, FLANGED ENDS",38,57616.19,129
ONGC-STU-01805,ONGC,"Mumbai High Offshore Logistics Base, Maharashtra","STUD BOLT WITH TWO HEAVY HEX NUTS, 1 INCH, LENGTH 180 MM, STUD ASTM A182 F51, NUTS ASTM A194 GR 2H",76,5771.1,281
ONGC-BAL-01806,ONGC,"Rajahmundry Asset, Andhra Pradesh","BALL VALVE, BOLTED BONNET, 3 INCH, CLASS 300, BODY INCONEL 625, FLANGED ENDS, TRIM 16, BW FACING",27,180262.83,578
ONGC-PSV-01807,ONGC,"Ankleshwar Asset, Gujarat","BALL VALVE, BOLTED BONNET, 10 INCH, CLASS 1500, BODY ASTM A193 B16, FLANGED ENDS, TRIM 1, RTJ FACING",4,15393.98,185
ONGC-BAL-01808,ONGC,"Rajahmundry Asset, Andhra Pradesh","BALL VALVE, BOLTED BONNET, 3/4 INCH, CLASS 900, BODY ASTM A182 F51, FLANGED ENDS",119,77485.13,53
ONGC-PIP-01809,ONGC,"Hazira Gas Processing Plant, Gujarat","LINE PIPE, SEAMLESS, 2 INCH, SCH 160, ASTM A350 LF2, ASME B36.10M, BEVELED ENDS",51,2448.87,325
ONGC-CEN-01810,ONGC,"Hazira Gas Processing Plant, Gujarat","CENTRIFUGAL PUMP SPARE, 6 INCH, CLASS 300, ASTM A182 F304",145,47542.53,613
ONGC-FLA-01811,ONGC,"Mumbai High Offshore Logistics Base, Maharashtra","FLANGE, WELDING NECK, 3 INCH, CLASS 600, ASTM A182 F53, ASME B16.5, SW FACING",41,46415.0,477
ONGC-RED-01812,ONGC,"Mumbai High Offshore Logistics Base, Maharashtra","BUTTWELD FITTING, CONCENTRIC REDUCER, 20 INCH, SCH XXS, ASTM A234 WPB, ASME B16.9",47,3362.52,10
ONGC-PSV-01813,ONGC,"Uran Gas Processing Complex, Maharashtra","BALL VALVE, BOLTED BONNET, 10 INCH, CLASS 900, BODY ASTM A182 F316L, FLANGED ENDS, TRIM 1, FF FACING",16,39959.21,305
ONGC-STU-01814,ONGC,"Rajahmundry Asset, Andhra Pradesh","STUD BOLT WITH TWO HEAVY HEX NUTS, 3 INCH, LENGTH 180 MM, STUD ASTM A182 F316, NUTS ASTM A194 GR 2H",126,6507.83,282
ONGC-GAS-01815,ONGC,"Uran Gas Processing Complex, Maharashtra","SPIRAL WOUND GASKET WITH INNER AND OUTER RING, 4 INCH, CLASS 2500, ASME B16.20",127,4607.72,53
ONGC-FLA-01816,ONGC,"Ankleshwar Asset, Gujarat","FLANGE, WELDING NECK, 1 INCH, CLASS 300, ASTM A182 F53, ASME B16.5, RF FACING",96,43315.9,24
ONGC-BAL-01817,ONGC,"Rajahmundry Asset, Andhra Pradesh","BALL VALVE, BOLTED BONNET, 1 INCH, CLASS 600, BODY ASTM A182 F304, FLANGED ENDS, TRIM 1, SW FACING",50,18395.87,16
ONGC-BUT-01818,ONGC,"Uran Gas Processing Complex, Maharashtra","BALL VALVE, BOLTED BONNET, 1/2 INCH, CLASS 150, BODY ASTM A106 GR.B, FLANGED ENDS, TRIM 8, RTJ FACING",58,33088.35,1181
ONGC-STU-01819,ONGC,"Rajahmundry Asset, Andhra Pradesh","STUD BOLT WITH TWO HEAVY HEX NUTS, 20 INCH, LENGTH 180 MM, STUD ASTM A105, NUTS ASTM A194 GR 2H",73,3786.64,18
ONGC-CHE-01820,ONGC,"Ankleshwar Asset, Gujarat","CHECK VALVE, BOLTED BONNET, 1 INCH, CLASS 150, BODY ASTM A216 WCB, FLANGED ENDS, TRIM 12, RTJ FACING",138,14027.72,41
ONGC-PSV-01821,ONGC,"Ankleshwar Asset, Gujarat","BALL VALVE, BOLTED BONNET, 1/2 INCH, CLASS 900, BODY ASTM A193 B16, FLANGED ENDS, TRIM 1, FF FACING",86,28376.87,992
ONGC-RED-01822,ONGC,"Ankleshwar Asset, Gujarat","BUTTWELD FITTING, CONCENTRIC REDUCER, 4 INCH, SCH 20, ASTM A234 WPB, ASME B16.9",20,3198.09,24
ONGC-GAT-01823,ONGC,"Uran Gas Processing Complex, Maharashtra","GATE VALVE, BOLTED BONNET, 10 INCH, CLASS 300, BODY ASTM A105, FLANGED ENDS, TRIM 16, RTJ FACING",115,20269.58,55
ONGC-GLO-01824,ONGC,"Hazira Gas Processing Plant, Gujarat","GLOBE VALVE, BOLTED BONNET, 1.5 INCH, CLASS 2500, BODY ASTM A182 F316L, FLANGED ENDS, TRIM 5, RF FACING",103,40091.39,231
ONGC-GLO-01825,ONGC,"Mumbai High Offshore Logistics Base, Maharashtra","GLOBE VALVE, BOLTED BONNET, 1 INCH, CLASS 2500, BODY ASTM A182 F22, FLANGED ENDS",7,31129.05,32
ONGC-FLA-01826,ONGC,"Rajahmundry Asset, Andhra Pradesh","FLANGE, SLIP ON, 3 INCH, CLASS 300, ASTM A105, ASME B16.5, SW FACING",16,4320.71,145
ONGC-GAS-01827,ONGC,"Uran Gas Processing Complex, Maharashtra","SPIRAL WOUND GASKET WITH INNER AND OUTER RING, 1.5 INCH, CLASS 2500, ASME B16.20",36,2151.01,45
ONGC-STU-01828,ONGC,"Mumbai High Offshore Logistics Base, Maharashtra","STUD BOLT WITH TWO HEAVY HEX NUTS, 6 INCH, LENGTH 180 MM, STUD INCONEL 625, NUTS ASTM A194 GR 2H",36,15555.32,749
ONGC-GAS-01829,ONGC,"Rajahmundry Asset, Andhra Pradesh","SPIRAL WOUND GASKET WITH INNER AND OUTER RING, 16 INCH, CLASS 600, ASME B16.20",83,3801.13,39
ONGC-GAS-01830,ONGC,"Mumbai High Offshore Logistics Base, Maharashtra","SPIRAL WOUND GASKET WITH INNER AND OUTER RING, 6 INCH, CLASS 2500, ASME B16.20",98,4156.17,17
ONGC-RED-01831,ONGC,"Hazira Gas Processing Plant, Gujarat","BUTTWELD FITTING, CONCENTRIC REDUCER, 10 INCH, SCH XXS, ASTM A234 WPB, ASME B16.9",43,2810.81,239
ONGC-FLA-01832,ONGC,"Rajahmundry Asset, Andhra Pradesh","FLANGE, BLIND, 24 INCH, CLASS 2500, ASTM A182 F53, ASME B16.5, SW FACING",83,41024.28,335
ONGC-GAS-01833,ONGC,"Mumbai High Offshore Logistics Base, Maharashtra","METALLIC RING JOINT GASKET OCTAGONAL, 12 INCH, CLASS 1500, ASME B16.20",44,2871.63,254
ONGC-GAT-01834,ONGC,"Rajahmundry Asset, Andhra Pradesh","GATE VALVE, BOLTED BONNET, 1 INCH, CLASS 600, BODY ASTM A193 B16, FLANGED ENDS, TRIM 5, BW FACING",3,28448.64,727
ONGC-GAS-01835,ONGC,"Mumbai High Offshore Logistics Base, Maharashtra","METALLIC RING JOINT GASKET OCTAGONAL, 4 INCH, CLASS 300, ASME B16.20",65,4297.23,46
ONGC-GAS-01836,ONGC,"Uran Gas Processing Complex, Maharashtra","METALLIC RING JOINT GASKET OCTAGONAL, 1 INCH, CLASS 1500, ASME B16.20",3,4042.17,43
ONGC-PSV-01837,ONGC,"Mumbai High Offshore Logistics Base, Maharashtra","BALL VALVE, BOLTED BONNET, 2 INCH, CLASS 600, BODY ASTM A193 B7, FLANGED ENDS, TRIM 5, RF FACING",14,32564.89,28
ONGC-GAT-01838,ONGC,"Ankleshwar Asset, Gujarat","GATE VALVE, BOLTED BONNET, 1/2 INCH, CLASS 2500, BODY ASTM A182 F51, FLANGED ENDS, TRIM 1, RF FACING",22,62208.58,20
ONGC-TEE-01839,ONGC,"Uran Gas Processing Complex, Maharashtra","BUTTWELD FITTING, EQUAL TEE, 3/4 INCH, SCH 40, ASTM A234 WPB, ASME B16.9",57,2926.38,5
ONGC-CEN-01840,ONGC,"Hazira Gas Processing Plant, Gujarat","CENTRIFUGAL PUMP SPARE, 2 INCH, CLASS 900, ASTM A182 F53",29,476770.26,305
ONGC-PIP-01841,ONGC,"Ankleshwar Asset, Gujarat","LINE PIPE, SEAMLESS, 16 INCH, SCH 40, INCONEL 625, ASME B36.10M, BEVELED ENDS",3,11492.97,25
ONGC-CHE-01842,ONGC,"Mumbai High Offshore Logistics Base, Maharashtra","CHECK VALVE, BOLTED BONNET, 24 INCH, CLASS 300, BODY ASTM A182 F304, FLANGED ENDS, TRIM 12, RF FACING",29,17570.6,192
ONGC-GAT-01843,ONGC,"Hazira Gas Processing Plant, Gujarat","GATE VALVE, BOLTED BONNET, 2 INCH, CLASS 300, BODY ASTM A105, FLANGED ENDS, TRIM 8, FF FACING",52,27665.24,269
ONGC-GAT-01844,ONGC,"Mumbai High Offshore Logistics Base, Maharashtra","GATE VALVE, BOLTED BONNET, 4 INCH, CLASS 1500, BODY ASTM A193 B7, FLANGED ENDS, TRIM 5, BW FACING",93,22936.85,798
ONGC-CHE-01845,ONGC,"Ankleshwar Asset, Gujarat","CHECK VALVE, BOLTED BONNET, 1/2 INCH, CLASS 600, BODY ASTM A193 B16, FLANGED ENDS, TRIM 8, SW FACING",110,29515.27,35
ONGC-TEE-01846,ONGC,"Mumbai High Offshore Logistics Base, Maharashtra","BUTTWELD FITTING, EQUAL TEE, 10 INCH, SCH 160, ASTM A234 WPB, ASME B16.9",45,16196.37,112
ONGC-TEE-01847,ONGC,"Uran Gas Processing Complex, Maharashtra","BUTTWELD FITTING, EQUAL TEE, 6 INCH, ASTM A234 WPB, ASME B16.9",57,2613.84,32
ONGC-TEE-01848,ONGC,"Mumbai High Offshore Logistics Base, Maharashtra","BUTTWELD FITTING, EQUAL TEE, 1/2 INCH, SCH 160, ASTM A234 WPB, ASME B16.9",92,25673.42,744
ONGC-CHE-01849,ONGC,"Rajahmundry Asset, Andhra Pradesh","CHECK VALVE, BOLTED BONNET, 16 INCH, CLASS 900, BODY ASTM A182 F316L, FLANGED ENDS",45,43544.07,430
ONGC-FLA-01850,ONGC,"Rajahmundry Asset, Andhra Pradesh","FLANGE, SOCKET WELD, 12 INCH, CLASS 600, ASTM A105, ASME B16.5, FF FACING",69,4238.19,233
ONGC-GAS-01851,ONGC,"Rajahmundry Asset, Andhra Pradesh","METALLIC RING JOINT GASKET OCTAGONAL, 6 INCH, CLASS 1500, ASME B16.20",20,2595.09,116
ONGC-PSV-01852,ONGC,"Ankleshwar Asset, Gujarat","BALL VALVE, BOLTED BONNET, 8 INCH, CLASS 600, BODY ASTM A182 F22, FLANGED ENDS, TRIM 8, RF FACING",71,17703.12,293
ONGC-GAT-01853,ONGC,"Uran Gas Processing Complex, Maharashtra","GATE VALVE, BOLTED BONNET, 24 INCH, CLASS 900, BODY ASTM A182 F53, FLANGED ENDS, TRIM 12, FF FACING",34,161717.07,779
ONGC-CEN-01854,ONGC,"Hazira Gas Processing Plant, Gujarat","CENTRIFUGAL PUMP SPARE, 24 INCH, CLASS 1500, ASTM A193 B16",147,35411.12,167
ONGC-CEN-01855,ONGC,"Hazira Gas Processing Plant, Gujarat","CENTRIFUGAL PUMP SPARE, 2 INCH, CLASS 600, ASTM A193 B7",11,68276.46,288
ONGC-CHE-01856,ONGC,"Uran Gas Processing Complex, Maharashtra","CHECK VALVE, BOLTED BONNET, 1.5 INCH, CLASS 2500, BODY ASTM A182 F316, FLANGED ENDS, TRIM 1, BW FACING",64,55738.25,32
ONGC-FLA-01857,ONGC,"Hazira Gas Processing Plant, Gujarat","FLANGE, WELDING NECK, 6 INCH, CLASS 2500, ASTM A182 F316L, ASME B16.5, BW FACING",141,19983.57,184
ONGC-CEN-01858,ONGC,"Hazira Gas Processing Plant, Gujarat","CENTRIFUGAL PUMP SPARE, 20 INCH, CLASS 1500, INCONEL 625",116,353401.32,37
ONGC-TEE-01859,ONGC,"Mumbai High Offshore Logistics Base, Maharashtra","BUTTWELD FITTING, EQUAL TEE, 1.5 INCH, SCH 80, ASTM A234 WPB, ASME B16.9",107,2436.96,1079
ONGC-GAS-01860,ONGC,"Hazira Gas Processing Plant, Gujarat","SPIRAL WOUND GASKET WITH INNER AND OUTER RING, 3 INCH, CLASS 2500, ASME B16.20",83,4207.44,59
ONGC-GLO-01861,ONGC,"Uran Gas Processing Complex, Maharashtra","GLOBE VALVE, BOLTED BONNET, 8 INCH, CLASS 900, BODY INCONEL 625, FLANGED ENDS, TRIM 1, BW FACING",20,145753.73,317
ONGC-PIP-01862,ONGC,"Mumbai High Offshore Logistics Base, Maharashtra","LINE PIPE, SEAMLESS, 10 INCH, SCH 40, ASTM A350 LF2, ASME B36.10M, BEVELED ENDS",4,3180.06,1151
ONGC-PSV-01863,ONGC,"Ankleshwar Asset, Gujarat","BALL VALVE, BOLTED BONNET, 8 INCH, CLASS 300, BODY ASTM A182 F11, FLANGED ENDS, TRIM 16, SW FACING",108,27408.07,54
ONGC-ELB-01864,ONGC,"Mumbai High Offshore Logistics Base, Maharashtra","BUTTWELD FITTING, ELBOW 90 DEG LONG RADIUS, 2 INCH, SCH 160, ASTM A234 WPB, ASME B16.9",68,2346.94,42
ONGC-CHE-01865,ONGC,"Hazira Gas Processing Plant, Gujarat","CHECK VALVE, BOLTED BONNET, 1.5 INCH, CLASS 600, BODY ASTM A193 B7, FLANGED ENDS, TRIM 5, SW FACING",78,27104.34,100
ONGC-BUT-01866,ONGC,"Mumbai High Offshore Logistics Base, Maharashtra","BALL VALVE, BOLTED BONNET, 4 INCH, CLASS 1500, BODY ASTM A193 B16, FLANGED ENDS",46,14757.49,26
ONGC-BUT-01867,ONGC,"Uran Gas Processing Complex, Maharashtra","BALL VALVE, BOLTED BONNET, 8 INCH, CLASS 2500, BODY ASTM A182 F304, FLANGED ENDS, TRIM 5, SW FACING",72,26542.04,20
ONGC-GAS-01868,ONGC,"Hazira Gas Processing Plant, Gujarat","METALLIC RING JOINT GASKET OCTAGONAL, 8 INCH, CLASS 150, ASME B16.20",99,21711.29,46
ONGC-STU-01869,ONGC,"Hazira Gas Processing Plant, Gujarat","STUD BOLT WITH TWO HEAVY HEX NUTS, 12 INCH, LENGTH 180 MM, STUD ASTM A106 GR.B, NUTS ASTM A194 GR 2H",149,4407.77,1035
ONGC-GAT-01870,ONGC,"Hazira Gas Processing Plant, Gujarat","GATE VALVE, BOLTED BONNET, 1/2 INCH, CLASS 1500, BODY ASTM A182 F316, FLANGED ENDS",40,54157.18,24
ONGC-CHE-01871,ONGC,"Rajahmundry Asset, Andhra Pradesh","CHECK VALVE, BOLTED BONNET, 24 INCH, CLASS 150, BODY ASTM A105, FLANGED ENDS, TRIM 1, SW FACING",117,16654.81,535
ONGC-PIP-01872,ONGC,"Rajahmundry Asset, Andhra Pradesh","LINE PIPE, SEAMLESS, 1/2 INCH, SCH 40, ASTM A182 F53, ASME B36.10M, BEVELED ENDS",5,18801.11,1041
ONGC-BUT-01873,ONGC,"Hazira Gas Processing Plant, Gujarat","BALL VALVE, BOLTED BONNET, 8 INCH, CLASS 150, BODY ASTM A182 F11, FLANGED ENDS",109,32053.77,1102
ONGC-CEN-01874,ONGC,"Mumbai High Offshore Logistics Base, Maharashtra","CENTRIFUGAL PUMP SPARE, 1/2 INCH, CLASS 1500, ASTM A182 F316L",9,150009.99,611
ONGC-GAT-01875,ONGC,"Ankleshwar Asset, Gujarat","GATE VALVE, BOLTED BONNET, 2 INCH, CLASS 600, BODY ASTM A182 F51, FLANGED ENDS, TRIM 12, RTJ FACING",69,44557.93,1011
ONGC-GLO-01876,ONGC,"Mumbai High Offshore Logistics Base, Maharashtra","GLOBE VALVE, BOLTED BONNET, 3/4 INCH, CLASS 300, BODY ASTM A182 F22, FLANGED ENDS, TRIM 16, FF FACING",3,28068.54,23
ONGC-STU-01877,ONGC,"Hazira Gas Processing Plant, Gujarat","STUD BOLT WITH TWO HEAVY HEX NUTS, 1 INCH, LENGTH 180 MM, STUD ASTM A182 F316, NUTS ASTM A194 GR 2H",118,7191.59,184
ONGC-RED-01878,ONGC,"Rajahmundry Asset, Andhra Pradesh","BUTTWELD FITTING, CONCENTRIC REDUCER, 20 INCH, SCH 160, ASTM A234 WPB, ASME B16.9",1,5594.03,241
ONGC-BUT-01879,ONGC,"Uran Gas Processing Complex, Maharashtra","BALL VALVE, BOLTED BONNET, 20 INCH, CLASS 900, BODY ASTM A216 WCB, FLANGED ENDS, TRIM 8, RF FACING",66,23424.4,363
ONGC-GAS-01880,ONGC,"Mumbai High Offshore Logistics Base, Maharashtra","METALLIC RING JOINT GASKET OCTAGONAL, 2 INCH, CLASS 1500, ASME B16.20",140,5697.23,27
ONGC-TEE-01881,ONGC,"Ankleshwar Asset, Gujarat","BUTTWELD FITTING, EQUAL TEE, 1 INCH, SCH 80, ASTM A234 WPB, ASME B16.9",110,4951.78,984
ONGC-TEE-01882,ONGC,"Ankleshwar Asset, Gujarat","BUTTWELD FITTING, EQUAL TEE, 2 INCH, SCH 80, ASTM A234 WPB, ASME B16.9",125,11341.06,504
ONGC-FLA-01883,ONGC,"Mumbai High Offshore Logistics Base, Maharashtra","FLANGE, BLIND, 4 INCH, CLASS 1500, ASTM A182 F304, ASME B16.5, SW FACING",3,5274.97,830
ONGC-RED-01884,ONGC,"Mumbai High Offshore Logistics Base, Maharashtra","BUTTWELD FITTING, CONCENTRIC REDUCER, 10 INCH, SCH 40, ASTM A234 WPB, ASME B16.9",40,8729.92,217
ONGC-GAS-01885,ONGC,"Rajahmundry Asset, Andhra Pradesh","METALLIC RING JOINT GASKET OCTAGONAL, 6 INCH, CLASS 900, ASME B16.20",48,17390.79,313
ONGC-GAT-01886,ONGC,"Hazira Gas Processing Plant, Gujarat","GATE VALVE, BOLTED BONNET, 24 INCH, CLASS 600, BODY ASTM A350 LF2, FLANGED ENDS, TRIM 5, SW FACING",64,15393.78,17
ONGC-GAS-01887,ONGC,"Mumbai High Offshore Logistics Base, Maharashtra","METALLIC RING JOINT GASKET OCTAGONAL, 1/2 INCH, CLASS 150, ASME B16.20",75,2693.1,46
ONGC-PSV-01888,ONGC,"Hazira Gas Processing Plant, Gujarat","BALL VALVE, BOLTED BONNET, 16 INCH, CLASS 1500, BODY ASTM A182 F11, FLANGED ENDS, TRIM 5, FF FACING",19,17811.0,575
ONGC-GAS-01889,ONGC,"Rajahmundry Asset, Andhra Pradesh","METALLIC RING JOINT GASKET OCTAGONAL, 1/2 INCH, CLASS 1500, ASME B16.20",139,3070.64,25
ONGC-GAS-01890,ONGC,"Uran Gas Processing Complex, Maharashtra","SPIRAL WOUND GASKET WITH INNER AND OUTER RING, 16 INCH, CLASS 2500, ASME B16.20",39,2027.93,16
ONGC-FLA-01891,ONGC,"Rajahmundry Asset, Andhra Pradesh","FLANGE, SLIP ON, 3/4 INCH, CLASS 1500, ASTM A182 F11, ASME B16.5, BW FACING",144,7858.43,948
ONGC-CEN-01892,ONGC,"Rajahmundry Asset, Andhra Pradesh","CENTRIFUGAL PUMP SPARE, 1/2 INCH, CLASS 150, INCONEL 625",122,398187.88,825
ONGC-PIP-01893,ONGC,"Rajahmundry Asset, Andhra Pradesh","LINE PIPE, SEAMLESS, 6 INCH, SCH 20, ASTM A182 F316L, ASME B36.10M, BEVELED ENDS",75,10528.32,249
ONGC-ELB-01894,ONGC,"Ankleshwar Asset, Gujarat","BUTTWELD FITTING, ELBOW 90 DEG LONG RADIUS, 12 INCH, SCH 20, ASTM A234 WPB, ASME B16.9",124,3691.31,25
ONGC-FLA-01895,ONGC,"Ankleshwar Asset, Gujarat","FLANGE, BLIND, 3 INCH, CLASS 150, ASTM A182 F51, ASME B16.5",108,9503.74,41
ONGC-GAS-01896,ONGC,"Hazira Gas Processing Plant, Gujarat","SPIRAL WOUND GASKET WITH INNER AND OUTER RING, 8 INCH, CLASS 900, ASME B16.20",50,6131.02,671
ONGC-GLO-01897,ONGC,"Mumbai High Offshore Logistics Base, Maharashtra","GLOBE VALVE, BOLTED BONNET, 10 INCH, CLASS 150, BODY ASTM A193 B16, FLANGED ENDS, TRIM 8, FF FACING",70,23268.97,1133
ONGC-PIP-01898,ONGC,"Hazira Gas Processing Plant, Gujarat","LINE PIPE, SEAMLESS, 1/2 INCH, SCH 40, INCONEL 625, ASME B36.10M, BEVELED ENDS",121,18073.39,127
ONGC-STU-01899,ONGC,"Mumbai High Offshore Logistics Base, Maharashtra","STUD BOLT WITH TWO HEAVY HEX NUTS, 12 INCH, LENGTH 180 MM, STUD ASTM A105, NUTS ASTM A194 GR 2H",138,3506.0,228
ONGC-CHE-01900,ONGC,"Rajahmundry Asset, Andhra Pradesh","CHECK VALVE, BOLTED BONNET, 8 INCH, CLASS 150, BODY ASTM A182 F304, FLANGED ENDS, TRIM 1, SW FACING",89,20357.07,1112
ONGC-GAS-01901,ONGC,"Uran Gas Processing Complex, Maharashtra","METALLIC RING JOINT GASKET OCTAGONAL, 10 INCH, CLASS 900, ASME B16.20",94,2559.41,47
ONGC-STU-01902,ONGC,"Uran Gas Processing Complex, Maharashtra","STUD BOLT WITH TWO HEAVY HEX NUTS, 1.5 INCH, LENGTH 180 MM, STUD ASTM A182 F51, NUTS ASTM A194 GR 2H",80,6880.17,151
ONGC-FLA-01903,ONGC,"Ankleshwar Asset, Gujarat","FLANGE, WELDING NECK, 20 INCH, CLASS 1500, ASTM A193 B16, ASME B16.5, SW FACING",54,6288.4,1151
ONGC-GAS-01904,ONGC,"Rajahmundry Asset, Andhra Pradesh","SPIRAL WOUND GASKET WITH INNER AND OUTER RING, 12 INCH, CLASS 600, ASME B16.20",6,3690.2,97
ONGC-BUT-01905,ONGC,"Mumbai High Offshore Logistics Base, Maharashtra","BALL VALVE, BOLTED BONNET, 4 INCH, CLASS 2500, BODY ASTM A216 WCB, FLANGED ENDS, TRIM 1, FF FACING",53,30665.64,716
ONGC-PIP-01906,ONGC,"Rajahmundry Asset, Andhra Pradesh","LINE PIPE, SEAMLESS, 2 INCH, SCH 40, ASTM A216 WCB, ASME B36.10M, BEVELED ENDS",6,3258.63,118
ONGC-ELB-01907,ONGC,"Mumbai High Offshore Logistics Base, Maharashtra","BUTTWELD FITTING, ELBOW 90 DEG LONG RADIUS, 1/2 INCH, SCH XXS, ASTM A234 WPB, ASME B16.9",44,1987.82,979
ONGC-RED-01908,ONGC,"Hazira Gas Processing Plant, Gujarat","BUTTWELD FITTING, CONCENTRIC REDUCER, 12 INCH, ASTM A234 WPB, ASME B16.9",100,2916.07,262
ONGC-TEE-01909,ONGC,"Ankleshwar Asset, Gujarat","BUTTWELD FITTING, EQUAL TEE, 1.5 INCH, SCH XXS, ASTM A234 WPB, ASME B16.9",31,5453.64,297
ONGC-ELB-01910,ONGC,"Uran Gas Processing Complex, Maharashtra","BUTTWELD FITTING, ELBOW 90 DEG LONG RADIUS, 6 INCH, SCH 40, ASTM A234 WPB, ASME B16.9",2,3184.13,277
ONGC-BAL-01911,ONGC,"Ankleshwar Asset, Gujarat","BALL VALVE, BOLTED BONNET, 20 INCH, CLASS 150, BODY ASTM A182 F51, FLANGED ENDS",75,53074.87,9
ONGC-RED-01912,ONGC,"Mumbai High Offshore Logistics Base, Maharashtra","BUTTWELD FITTING, CONCENTRIC REDUCER, 4 INCH, ASTM A234 WPB, ASME B16.9",64,2773.47,283
ONGC-CHE-01913,ONGC,"Rajahmundry Asset, Andhra Pradesh","CHECK VALVE, BOLTED BONNET, 1 INCH, CLASS 600, BODY ASTM A105, FLANGED ENDS, TRIM 1, BW FACING",125,29596.5,94
ONGC-TEE-01914,ONGC,"Mumbai High Offshore Logistics Base, Maharashtra","BUTTWELD FITTING, EQUAL TEE, 4 INCH, SCH 20, ASTM A234 WPB, ASME B16.9",62,7671.06,5
ONGC-GAS-01915,ONGC,"Hazira Gas Processing Plant, Gujarat","SPIRAL WOUND GASKET WITH INNER AND OUTER RING, 10 INCH, CLASS 150, ASME B16.20",3,25433.09,42
ONGC-GLO-01916,ONGC,"Uran Gas Processing Complex, Maharashtra","GLOBE VALVE, BOLTED BONNET, 10 INCH, CLASS 600, BODY ASTM A105, FLANGED ENDS",87,16629.98,326
ONGC-RED-01917,ONGC,"Hazira Gas Processing Plant, Gujarat","BUTTWELD FITTING, CONCENTRIC REDUCER, 24 INCH, SCH XXS, ASTM A234 WPB, ASME B16.9",101,4973.91,44
ONGC-GLO-01918,ONGC,"Uran Gas Processing Complex, Maharashtra","GLOBE VALVE, BOLTED BONNET, 2 INCH, CLASS 600, BODY INCONEL 625, FLANGED ENDS, TRIM 12, FF FACING",36,86208.76,235
ONGC-CEN-01919,ONGC,"Hazira Gas Processing Plant, Gujarat","CENTRIFUGAL PUMP SPARE, 12 INCH, CLASS 1500, ASTM A182 F316",31,173272.82,722
ONGC-BUT-01920,ONGC,"Uran Gas Processing Complex, Maharashtra","BALL VALVE, BOLTED BONNET, 4 INCH, CLASS 300, BODY ASTM A182 F53, FLANGED ENDS, TRIM 8, FF FACING",43,151937.61,48
ONGC-ELB-01921,ONGC,"Mumbai High Offshore Logistics Base, Maharashtra","BUTTWELD FITTING, ELBOW 90 DEG LONG RADIUS, 1.5 INCH, SCH 160, ASTM A234 WPB, ASME B16.9",27,4104.87,683
ONGC-PIP-01922,ONGC,"Mumbai High Offshore Logistics Base, Maharashtra","LINE PIPE, SEAMLESS, 1 INCH, SCH 160, ASTM A105, ASME B36.10M, BEVELED ENDS",104,1919.1,17
ONGC-BUT-01923,ONGC,"Uran Gas Processing Complex, Maharashtra","BALL VALVE, BOLTED BONNET, 12 INCH, CLASS 150, BODY ASTM A182 F53, FLANGED ENDS, TRIM 1, RF FACING",18,133416.83,137
ONGC-GAS-01924,ONGC,"Uran Gas Processing Complex, Maharashtra","METALLIC RING JOINT GASKET OCTAGONAL, 10 INCH, CLASS 150, ASME B16.20",96,2229.61,21
ONGC-CHE-01925,ONGC,"Rajahmundry Asset, Andhra Pradesh","CHECK VALVE, BOLTED BONNET, 16 INCH, CLASS 900, BODY ASTM A182 F11, FLANGED ENDS, TRIM 12, FF FACING",68,27992.07,465
ONGC-GAS-01926,ONGC,"Uran Gas Processing Complex, Maharashtra","METALLIC RING JOINT GASKET OCTAGONAL, 3/4 INCH, CLASS 1500, ASME B16.20",21,9901.99,363
ONGC-GAS-01927,ONGC,"Mumbai High Offshore Logistics Base, Maharashtra","SPIRAL WOUND GASKET WITH INNER AND OUTER RING, 3/4 INCH, CLASS 1500, ASME B16.20",61,2410.72,636
ONGC-STU-01928,ONGC,"Hazira Gas Processing Plant, Gujarat","STUD BOLT WITH TWO HEAVY HEX NUTS, 6 INCH, LENGTH 180 MM, STUD ASTM A182 F53, NUTS ASTM A194 GR 2H",48,27264.39,851
ONGC-GAT-01929,ONGC,"Hazira Gas Processing Plant, Gujarat","GATE VALVE, BOLTED BONNET, 1 INCH, CLASS 150, BODY ASTM A182 F53, FLANGED ENDS, TRIM 1, RTJ FACING",93,132379.41,20
ONGC-GAS-01930,ONGC,"Ankleshwar Asset, Gujarat","SPIRAL WOUND GASKET WITH INNER AND OUTER RING, 24 INCH, CLASS 900, ASME B16.20",75,2587.46,16
ONGC-GAS-01931,ONGC,"Rajahmundry Asset, Andhra Pradesh","METALLIC RING JOINT GASKET OCTAGONAL, 12 INCH, CLASS 300, ASME B16.20",67,2329.68,1002
ONGC-GLO-01932,ONGC,"Hazira Gas Processing Plant, Gujarat","GLOBE VALVE, BOLTED BONNET, 12 INCH, CLASS 300, BODY ASTM A350 LF2, FLANGED ENDS",6,24889.59,91
ONGC-RED-01933,ONGC,"Uran Gas Processing Complex, Maharashtra","BUTTWELD FITTING, CONCENTRIC REDUCER, 1.5 INCH, SCH 40, ASTM A234 WPB, ASME B16.9",127,3689.57,518
ONGC-FLA-01934,ONGC,"Hazira Gas Processing Plant, Gujarat","FLANGE, SLIP ON, 2 INCH, CLASS 2500, ASTM A193 B16, ASME B16.5, FF FACING",33,7813.66,317
ONGC-RED-01935,ONGC,"Ankleshwar Asset, Gujarat","BUTTWELD FITTING, CONCENTRIC REDUCER, 1.5 INCH, SCH XXS, ASTM A234 WPB, ASME B16.9",8,1885.4,292
ONGC-CHE-01936,ONGC,"Ankleshwar Asset, Gujarat","CHECK VALVE, BOLTED BONNET, 6 INCH, CLASS 900, BODY ASTM A350 LF2, FLANGED ENDS, TRIM 12, RTJ FACING",120,22743.87,790
ONGC-TEE-01937,ONGC,"Uran Gas Processing Complex, Maharashtra","BUTTWELD FITTING, EQUAL TEE, 1/2 INCH, SCH 20, ASTM A234 WPB, ASME B16.9",1,2445.17,117
ONGC-GAS-01938,ONGC,"Ankleshwar Asset, Gujarat","METALLIC RING JOINT GASKET OCTAGONAL, 20 INCH, CLASS 600, ASME B16.20",35,3607.98,110
ONGC-GAS-01939,ONGC,"Mumbai High Offshore Logistics Base, Maharashtra","METALLIC RING JOINT GASKET OCTAGONAL, 12 INCH, CLASS 2500, ASME B16.20",112,3176.42,53
ONGC-PIP-01940,ONGC,"Rajahmundry Asset, Andhra Pradesh","LINE PIPE, SEAMLESS, 24 INCH, SCH 160, ASTM A182 F51, ASME B36.10M, BEVELED ENDS",41,4782.33,216
ONGC-CHE-01941,ONGC,"Uran Gas Processing Complex, Maharashtra","CHECK VALVE, BOLTED BONNET, 16 INCH, CLASS 150, BODY ASTM A193 B16, FLANGED ENDS, TRIM 12, FF FACING",73,24858.8,252
ONGC-STU-01942,ONGC,"Ankleshwar Asset, Gujarat","STUD BOLT WITH TWO HEAVY HEX NUTS, 16 INCH, LENGTH 180 MM, STUD ASTM A182 F11, NUTS ASTM A194 GR 2H",125,3933.54,58
ONGC-BAL-01943,ONGC,"Rajahmundry Asset, Andhra Pradesh","BALL VALVE, BOLTED BONNET, 3 INCH, CLASS 600, BODY ASTM A182 F11, FLANGED ENDS, TRIM 1, BW FACING",4,30662.15,197
ONGC-GAS-01944,ONGC,"Ankleshwar Asset, Gujarat","METALLIC RING JOINT GASKET OCTAGONAL, 1.5 INCH, CLASS 1500, ASME B16.20",66,25987.61,11
ONGC-GAS-01945,ONGC,"Hazira Gas Processing Plant, Gujarat","SPIRAL WOUND GASKET WITH INNER AND OUTER RING, 2 INCH, CLASS 1500, ASME B16.20",87,15011.64,6
ONGC-GLO-01946,ONGC,"Ankleshwar Asset, Gujarat","GLOBE VALVE, BOLTED BONNET, 24 INCH, CLASS 1500, BODY ASTM A182 F22, FLANGED ENDS, TRIM 5, BW FACING",136,27423.34,24
ONGC-PSV-01947,ONGC,"Mumbai High Offshore Logistics Base, Maharashtra","BALL VALVE, BOLTED BONNET, 16 INCH, CLASS 900, BODY ASTM A182 F22, FLANGED ENDS, TRIM 12, FF FACING",17,30275.45,54
ONGC-CEN-01948,ONGC,"Rajahmundry Asset, Andhra Pradesh","CENTRIFUGAL PUMP SPARE, 1/2 INCH, CLASS 600, ASTM A216 WCB",140,81890.29,763
ONGC-FLA-01949,ONGC,"Rajahmundry Asset, Andhra Pradesh","FLANGE, SOCKET WELD, 4 INCH, CLASS 600, ASTM A182 F316L, ASME B16.5, RTJ FACING",148,15855.8,60
ONGC-GAS-01950,ONGC,"Mumbai High Offshore Logistics Base, Maharashtra","METALLIC RING JOINT GASKET OCTAGONAL, 10 INCH, CLASS 900, ASME B16.20",50,4304.88,369
ONGC-PSV-01951,ONGC,"Hazira Gas Processing Plant, Gujarat","BALL VALVE, BOLTED BONNET, 8 INCH, CLASS 150, BODY ASTM A182 F51, FLANGED ENDS",147,77312.82,133
ONGC-GLO-01952,ONGC,"Uran Gas Processing Complex, Maharashtra","GLOBE VALVE, BOLTED BONNET, 16 INCH, CLASS 900, BODY ASTM A105, FLANGED ENDS, TRIM 8, BW FACING",130,21545.77,877
ONGC-CEN-01953,ONGC,"Uran Gas Processing Complex, Maharashtra","CENTRIFUGAL PUMP SPARE, 3 INCH, CLASS 150, ASTM A182 F53",45,278165.41,32
ONGC-FLA-01954,ONGC,"Rajahmundry Asset, Andhra Pradesh","FLANGE, BLIND, 4 INCH, CLASS 1500, ASTM A182 F316L, ASME B16.5, BW FACING",75,16893.26,127
ONGC-BUT-01955,ONGC,"Ankleshwar Asset, Gujarat","BALL VALVE, BOLTED BONNET, 24 INCH, CLASS 600, BODY ASTM A182 F304, FLANGED ENDS, TRIM 5, RF FACING",67,14860.48,37
ONGC-GLO-01956,ONGC,"Mumbai High Offshore Logistics Base, Maharashtra","GLOBE VALVE, BOLTED BONNET, 4 INCH, CLASS 150, BODY ASTM A193 B16, FLANGED ENDS, TRIM 16, RTJ FACING",132,28855.52,58
ONGC-GAS-01957,ONGC,"Mumbai High Offshore Logistics Base, Maharashtra","SPIRAL WOUND GASKET WITH INNER AND OUTER RING, 10 INCH, CLASS 600, ASME B16.20",69,2298.18,353
ONGC-FLA-01958,ONGC,"Rajahmundry Asset, Andhra Pradesh","FLANGE, WELDING NECK, 8 INCH, CLASS 300, ASTM A216 WCB, ASME B16.5, FF FACING",72,7071.2,1050
ONGC-FLA-01959,ONGC,"Mumbai High Offshore Logistics Base, Maharashtra","FLANGE, SOCKET WELD, 24 INCH, CLASS 1500, ASTM A182 F11, ASME B16.5, RF FACING",35,7536.46,169
ONGC-GAT-01960,ONGC,"Uran Gas Processing Complex, Maharashtra","GATE VALVE, BOLTED BONNET, 2 INCH, CLASS 600, BODY ASTM A350 LF2, FLANGED ENDS, TRIM 16, BW FACING",11,22687.97,1135
ONGC-ELB-01961,ONGC,"Uran Gas Processing Complex, Maharashtra","BUTTWELD FITTING, ELBOW 90 DEG LONG RADIUS, 12 INCH, SCH XXS, ASTM A234 WPB, ASME B16.9",147,2565.84,964
ONGC-GAS-01962,ONGC,"Hazira Gas Processing Plant, Gujarat","METALLIC RING JOINT GASKET OCTAGONAL, 10 INCH, CLASS 600, ASME B16.20",70,13677.79,60
ONGC-GAT-01963,ONGC,"Uran Gas Processing Complex, Maharashtra","GATE VALVE, BOLTED BONNET, 10 INCH, CLASS 150, BODY ASTM A182 F316, FLANGED ENDS, TRIM 5, SW FACING",120,43214.89,24
ONGC-GAT-01964,ONGC,"Uran Gas Processing Complex, Maharashtra","GATE VALVE, BOLTED BONNET, 6 INCH, CLASS 600, BODY ASTM A182 F11, FLANGED ENDS, TRIM 12, BW FACING",94,32422.22,434
ONGC-CEN-01965,ONGC,"Ankleshwar Asset, Gujarat","CENTRIFUGAL PUMP SPARE, 8 INCH, CLASS 2500, ASTM A182 F316L",34,188213.51,771
ONGC-TEE-01966,ONGC,"Mumbai High Offshore Logistics Base, Maharashtra","BUTTWELD FITTING, EQUAL TEE, 12 INCH, SCH 80, ASTM A234 WPB, ASME B16.9",44,4545.45,1120
ONGC-BUT-01967,ONGC,"Uran Gas Processing Complex, Maharashtra","BALL VALVE, BOLTED BONNET, 4 INCH, CLASS 900, BODY ASTM A193 B7, FLANGED ENDS, TRIM 16, BW FACING",75,31876.22,18
ONGC-GAS-01968,ONGC,"Rajahmundry Asset, Andhra Pradesh","SPIRAL WOUND GASKET WITH INNER AND OUTER RING, 12 INCH, CLASS 2500, ASME B16.20",23,2896.71,56
ONGC-ELB-01969,ONGC,"Ankleshwar Asset, Gujarat","BUTTWELD FITTING, ELBOW 90 DEG LONG RADIUS, 24 INCH, SCH XXS, ASTM A234 WPB, ASME B16.9",88,20541.59,31
ONGC-CHE-01970,ONGC,"Mumbai High Offshore Logistics Base, Maharashtra","CHECK VALVE, BOLTED BONNET, 10 INCH, CLASS 1500, BODY ASTM A216 WCB, FLANGED ENDS",149,14034.1,178
ONGC-STU-01971,ONGC,"Mumbai High Offshore Logistics Base, Maharashtra","STUD BOLT WITH TWO HEAVY HEX NUTS, 2 INCH, LENGTH 180 MM, STUD INCONEL 625, NUTS ASTM A194 GR 2H",139,21606.84,1053
ONGC-BAL-01972,ONGC,"Uran Gas Processing Complex, Maharashtra","BALL VALVE, BOLTED BONNET, 3/4 INCH, CLASS 2500, BODY ASTM A193 B16, FLANGED ENDS, TRIM 16, BW FACING",114,21830.24,573
ONGC-TEE-01973,ONGC,"Hazira Gas Processing Plant, Gujarat","BUTTWELD FITTING, EQUAL TEE, 16 INCH, SCH XXS, ASTM A234 WPB, ASME B16.9",119,3289.02,124
ONGC-RED-01974,ONGC,"Uran Gas Processing Complex, Maharashtra","BUTTWELD FITTING, CONCENTRIC REDUCER, 10 INCH, SCH XXS, ASTM A234 WPB, ASME B16.9",100,2336.03,198
ONGC-TEE-01975,ONGC,"Rajahmundry Asset, Andhra Pradesh","BUTTWELD FITTING, EQUAL TEE, 1 INCH, ASTM A234 WPB, ASME B16.9",123,17826.8,212
ONGC-STU-01976,ONGC,"Hazira Gas Processing Plant, Gujarat","STUD BOLT WITH TWO HEAVY HEX NUTS, 3 INCH, LENGTH 180 MM, STUD ASTM A106 GR.B, NUTS ASTM A194 GR 2H",23,3379.75,524
ONGC-STU-01977,ONGC,"Hazira Gas Processing Plant, Gujarat","STUD BOLT WITH TWO HEAVY HEX NUTS, 1 INCH, LENGTH 180 MM, STUD ASTM A193 B16, NUTS ASTM A194 GR 2H",126,1894.37,1098
ONGC-FLA-01978,ONGC,"Rajahmundry Asset, Andhra Pradesh","FLANGE, BLIND, 6 INCH, CLASS 300, INCONEL 625, ASME B16.5",100,36682.39,647
ONGC-TEE-01979,ONGC,"Mumbai High Offshore Logistics Base, Maharashtra","BUTTWELD FITTING, EQUAL TEE, 1.5 INCH, SCH 160, ASTM A234 WPB, ASME B16.9",81,1996.66,837
ONGC-RED-01980,ONGC,"Uran Gas Processing Complex, Maharashtra","BUTTWELD FITTING, CONCENTRIC REDUCER, 6 INCH, SCH XXS, ASTM A234 WPB, ASME B16.9",125,7728.03,52
ONGC-PSV-01981,ONGC,"Uran Gas Processing Complex, Maharashtra","BALL VALVE, BOLTED BONNET, 1/2 INCH, CLASS 2500, BODY ASTM A193 B16, FLANGED ENDS, TRIM 8, RF FACING",82,22211.57,496
ONGC-GAT-01982,ONGC,"Ankleshwar Asset, Gujarat","GATE VALVE, BOLTED BONNET, 16 INCH, CLASS 600, BODY ASTM A182 F53, FLANGED ENDS, TRIM 16, SW FACING",68,86311.84,28
ONGC-GAT-01983,ONGC,"Mumbai High Offshore Logistics Base, Maharashtra","GATE VALVE, BOLTED BONNET, 12 INCH, CLASS 2500, BODY ASTM A106 GR.B, FLANGED ENDS, TRIM 8, RF FACING",27,28400.35,19
ONGC-PIP-01984,ONGC,"Mumbai High Offshore Logistics Base, Maharashtra","LINE PIPE, SEAMLESS, 20 INCH, SCH 160, ASTM A182 F53, ASME B36.10M, BEVELED ENDS",20,23520.3,827
ONGC-ELB-01985,ONGC,"Uran Gas Processing Complex, Maharashtra","BUTTWELD FITTING, ELBOW 90 DEG LONG RADIUS, 12 INCH, SCH 20, ASTM A234 WPB, ASME B16.9",92,18284.8,225
ONGC-RED-01986,ONGC,"Mumbai High Offshore Logistics Base, Maharashtra","BUTTWELD FITTING, CONCENTRIC REDUCER, 4 INCH, SCH 80, ASTM A234 WPB, ASME B16.9",6,2057.58,159
ONGC-ELB-01987,ONGC,"Hazira Gas Processing Plant, Gujarat","BUTTWELD FITTING, ELBOW 90 DEG LONG RADIUS, 6 INCH, SCH 160, ASTM A234 WPB, ASME B16.9",116,3817.65,166
ONGC-CHE-01988,ONGC,"Ankleshwar Asset, Gujarat","CHECK VALVE, BOLTED BONNET, 1 INCH, CLASS 1500, BODY ASTM A106 GR.B, FLANGED ENDS, TRIM 16, BW FACING",23,20062.25,28
ONGC-PSV-01989,ONGC,"Hazira Gas Processing Plant, Gujarat","BALL VALVE, BOLTED BONNET, 16 INCH, CLASS 600, BODY ASTM A350 LF2, FLANGED ENDS, TRIM 8, RTJ FACING",18,24389.81,45
ONGC-RED-01990,ONGC,"Ankleshwar Asset, Gujarat","BUTTWELD FITTING, CONCENTRIC REDUCER, 20 INCH, SCH 160, ASTM A234 WPB, ASME B16.9",121,9562.01,29
ONGC-BUT-01991,ONGC,"Uran Gas Processing Complex, Maharashtra","BALL VALVE, BOLTED BONNET, 12 INCH, CLASS 900, BODY ASTM A193 B7, FLANGED ENDS, TRIM 16, FF FACING",69,28166.33,44
ONGC-ELB-01992,ONGC,"Ankleshwar Asset, Gujarat","BUTTWELD FITTING, ELBOW 90 DEG LONG RADIUS, 12 INCH, ASTM A234 WPB, ASME B16.9",104,3427.5,9
ONGC-GAS-01993,ONGC,"Mumbai High Offshore Logistics Base, Maharashtra","METALLIC RING JOINT GASKET OCTAGONAL, 1/2 INCH, CLASS 2500, ASME B16.20",66,4122.57,340
ONGC-BAL-01994,ONGC,"Rajahmundry Asset, Andhra Pradesh","BALL VALVE, BOLTED BONNET, 12 INCH, CLASS 2500, BODY ASTM A105, FLANGED ENDS, TRIM 5, SW FACING",62,32727.65,54
ONGC-PIP-01995,ONGC,"Rajahmundry Asset, Andhra Pradesh","LINE PIPE, SEAMLESS, 24 INCH, SCH 80, INCONEL 625, ASME B36.10M, BEVELED ENDS",30,20454.2,303
ONGC-ELB-01996,ONGC,"Mumbai High Offshore Logistics Base, Maharashtra","BUTTWELD FITTING, ELBOW 90 DEG LONG RADIUS, 3/4 INCH, SCH XXS, ASTM A234 WPB, ASME B16.9",36,4617.8,292
ONGC-GLO-01997,ONGC,"Ankleshwar Asset, Gujarat","GLOBE VALVE, BOLTED BONNET, 1.5 INCH, CLASS 600, BODY ASTM A193 B16, FLANGED ENDS, TRIM 5, RTJ FACING",140,14284.43,799
ONGC-CHE-01998,ONGC,"Hazira Gas Processing Plant, Gujarat","CHECK VALVE, BOLTED BONNET, 24 INCH, CLASS 900, BODY ASTM A182 F316L, FLANGED ENDS",19,49956.19,246
ONGC-GAT-01999,ONGC,"Ankleshwar Asset, Gujarat","GATE VALVE, BOLTED BONNET, 20 INCH, CLASS 600, BODY ASTM A182 F304, FLANGED ENDS, TRIM 16, RF FACING",17,22566.84,293
ONGC-CEN-02000,ONGC,"Hazira Gas Processing Plant, Gujarat","CENTRIFUGAL PUMP SPARE, 1.5 INCH, CLASS 900, ASTM A182 F304",33,52540.7,1118
ONGC-PIP-02001,ONGC,"Ankleshwar Asset, Gujarat","LINE PIPE, SEAMLESS, 6 INCH, SCH 80, ASTM A182 F11, ASME B36.10M, BEVELED ENDS",113,2907.98,671
ONGC-FLA-02002,ONGC,"Hazira Gas Processing Plant, Gujarat","FLANGE, SLIP ON, 16 INCH, CLASS 600, ASTM A105, ASME B16.5, SW FACING",17,6981.61,229
ONGC-CEN-02003,ONGC,"Mumbai High Offshore Logistics Base, Maharashtra","CENTRIFUGAL PUMP SPARE, 8 INCH, CLASS 1500, ASTM A182 F22",59,62096.81,24
ONGC-CHE-02004,ONGC,"Mumbai High Offshore Logistics Base, Maharashtra","CHECK VALVE, BOLTED BONNET, 16 INCH, CLASS 150, BODY ASTM A106 GR.B, FLANGED ENDS, TRIM 8, FF FACING",96,27095.43,192
ONGC-GAT-02005,ONGC,"Rajahmundry Asset, Andhra Pradesh","GATE VALVE, BOLTED BONNET, 10 INCH, CLASS 600, BODY ASTM A106 GR.B, FLANGED ENDS, TRIM 12, SW FACING",55,14757.85,60
ONGC-RED-02006,ONGC,"Mumbai High Offshore Logistics Base, Maharashtra","BUTTWELD FITTING, CONCENTRIC REDUCER, 4 INCH, SCH 80, ASTM A234 WPB, ASME B16.9",132,6023.44,361
ONGC-TEE-02007,ONGC,"Mumbai High Offshore Logistics Base, Maharashtra","BUTTWELD FITTING, EQUAL TEE, 3/4 INCH, SCH 20, ASTM A234 WPB, ASME B16.9",53,3476.32,138
ONGC-CHE-02008,ONGC,"Ankleshwar Asset, Gujarat","CHECK VALVE, BOLTED BONNET, 20 INCH, CLASS 150, BODY ASTM A182 F316L, FLANGED ENDS, TRIM 12, SW FACING",125,73272.37,9
ONGC-RED-02009,ONGC,"Mumbai High Offshore Logistics Base, Maharashtra","BUTTWELD FITTING, CONCENTRIC REDUCER, 3 INCH, SCH 160, ASTM A234 WPB, ASME B16.9",14,2993.0,92
ONGC-PSV-02010,ONGC,"Uran Gas Processing Complex, Maharashtra","BALL VALVE, BOLTED BONNET, 1 INCH, CLASS 2500, BODY ASTM A182 F11, FLANGED ENDS, TRIM 1, RTJ FACING",51,13742.3,7
ONGC-FLA-02011,ONGC,"Uran Gas Processing Complex, Maharashtra","FLANGE, SLIP ON, 1/2 INCH, CLASS 2500, ASTM A216 WCB, ASME B16.5, BW FACING",36,4207.59,139
ONGC-GAS-02012,ONGC,"Mumbai High Offshore Logistics Base, Maharashtra","METALLIC RING JOINT GASKET OCTAGONAL, 3 INCH, CLASS 150, ASME B16.20",66,2754.34,42
ONGC-PSV-02013,ONGC,"Rajahmundry Asset, Andhra Pradesh","BALL VALVE, BOLTED BONNET, 1 INCH, CLASS 300, BODY ASTM A182 F316L, FLANGED ENDS",72,35599.23,25
ONGC-GLO-02014,ONGC,"Mumbai High Offshore Logistics Base, Maharashtra","GLOBE VALVE, BOLTED BONNET, 1/2 INCH, CLASS 150, BODY ASTM A182 F22, FLANGED ENDS",12,30336.66,628
ONGC-BAL-02015,ONGC,"Ankleshwar Asset, Gujarat","BALL VALVE, BOLTED BONNET, 1 INCH, CLASS 600, BODY ASTM A350 LF2, FLANGED ENDS, TRIM 1, SW FACING",47,23737.06,12
ONGC-GAS-02016,ONGC,"Uran Gas Processing Complex, Maharashtra","SPIRAL WOUND GASKET WITH INNER AND OUTER RING, 1.5 INCH, CLASS 600, ASME B16.20",48,3251.64,243
ONGC-PIP-02017,ONGC,"Rajahmundry Asset, Andhra Pradesh","LINE PIPE, SEAMLESS, 4 INCH, SCH 20, ASTM A193 B16, ASME B36.10M, BEVELED ENDS",69,2353.14,273
ONGC-GAS-02018,ONGC,"Rajahmundry Asset, Andhra Pradesh","METALLIC RING JOINT GASKET OCTAGONAL, 12 INCH, CLASS 600, ASME B16.20",46,8962.58,209
ONGC-PSV-02019,ONGC,"Mumbai High Offshore Logistics Base, Maharashtra","BALL VALVE, BOLTED BONNET, 4 INCH, CLASS 600, BODY ASTM A193 B16, FLANGED ENDS, TRIM 5, FF FACING",86,24641.87,227
ONGC-GLO-02020,ONGC,"Rajahmundry Asset, Andhra Pradesh","GLOBE VALVE, BOLTED BONNET, 4 INCH, CLASS 600, BODY ASTM A182 F316, FLANGED ENDS, TRIM 1, SW FACING",27,46946.75,55
ONGC-PIP-02021,ONGC,"Uran Gas Processing Complex, Maharashtra","LINE PIPE, SEAMLESS, 20 INCH, SCH XXS, INCONEL 625, ASME B36.10M, BEVELED ENDS",101,18415.99,25
ONGC-TEE-02022,ONGC,"Rajahmundry Asset, Andhra Pradesh","BUTTWELD FITTING, EQUAL TEE, 16 INCH, SCH 160, ASTM A234 WPB, ASME B16.9",40,2671.5,871
ONGC-GLO-02023,ONGC,"Hazira Gas Processing Plant, Gujarat","GLOBE VALVE, BOLTED BONNET, 6 INCH, CLASS 2500, BODY ASTM A182 F304, FLANGED ENDS, TRIM 12, FF FACING",108,32327.86,205
ONGC-CHE-02024,ONGC,"Uran Gas Processing Complex, Maharashtra","CHECK VALVE, BOLTED BONNET, 4 INCH, CLASS 300, BODY ASTM A182 F22, FLANGED ENDS, TRIM 16, BW FACING",148,14017.46,768
ONGC-TEE-02025,ONGC,"Rajahmundry Asset, Andhra Pradesh","BUTTWELD FITTING, EQUAL TEE, 10 INCH, SCH 80, ASTM A234 WPB, ASME B16.9",140,4040.15,303
ONGC-PSV-02026,ONGC,"Mumbai High Offshore Logistics Base, Maharashtra","BALL VALVE, BOLTED BONNET, 8 INCH, CLASS 2500, BODY ASTM A350 LF2, FLANGED ENDS, TRIM 1, RF FACING",51,27253.84,10
ONGC-ELB-02027,ONGC,"Mumbai High Offshore Logistics Base, Maharashtra","BUTTWELD FITTING, ELBOW 90 DEG LONG RADIUS, 16 INCH, ASTM A234 WPB, ASME B16.9",2,4468.21,365
ONGC-PSV-02028,ONGC,"Ankleshwar Asset, Gujarat","BALL VALVE, BOLTED BONNET, 2 INCH, CLASS 1500, BODY ASTM A182 F51, FLANGED ENDS, TRIM 16, RF FACING",54,39582.32,12
ONGC-RED-02029,ONGC,"Ankleshwar Asset, Gujarat","BUTTWELD FITTING, CONCENTRIC REDUCER, 2 INCH, SCH 80, ASTM A234 WPB, ASME B16.9",149,4601.61,763
ONGC-BAL-02030,ONGC,"Rajahmundry Asset, Andhra Pradesh","BALL VALVE, BOLTED BONNET, 1 INCH, CLASS 2500, BODY ASTM A182 F316, FLANGED ENDS",150,76348.44,42
ONGC-PIP-02031,ONGC,"Hazira Gas Processing Plant, Gujarat","LINE PIPE, SEAMLESS, 3/4 INCH, SCH XXS, INCONEL 625, ASME B36.10M, BEVELED ENDS",106,22841.51,240
ONGC-GAT-02032,ONGC,"Mumbai High Offshore Logistics Base, Maharashtra","GATE VALVE, BOLTED BONNET, 8 INCH, CLASS 300, BODY ASTM A182 F11, FLANGED ENDS, TRIM 1, BW FACING",56,20007.0,43
ONGC-PIP-02033,ONGC,"Hazira Gas Processing Plant, Gujarat","LINE PIPE, SEAMLESS, 20 INCH, ASTM A106 GR.B, ASME B36.10M, BEVELED ENDS",64,3436.14,22
ONGC-CHE-02034,ONGC,"Ankleshwar Asset, Gujarat","CHECK VALVE, BOLTED BONNET, 12 INCH, CLASS 900, BODY ASTM A350 LF2, FLANGED ENDS, TRIM 8, FF FACING",124,26504.47,18
ONGC-BAL-02035,ONGC,"Hazira Gas Processing Plant, Gujarat","BALL VALVE, BOLTED BONNET, 3/4 INCH, CLASS 900, BODY ASTM A105, FLANGED ENDS, TRIM 8, SW FACING",127,25389.81,623
ONGC-GAT-02036,ONGC,"Rajahmundry Asset, Andhra Pradesh","GATE VALVE, BOLTED BONNET, 10 INCH, CLASS 2500, BODY ASTM A106 GR.B, FLANGED ENDS, TRIM 8, RF FACING",22,28778.85,8
ONGC-CEN-02037,ONGC,"Mumbai High Offshore Logistics Base, Maharashtra","CENTRIFUGAL PUMP SPARE, 3/4 INCH, CLASS 900, ASTM A105",140,83212.96,1001
ONGC-FLA-02038,ONGC,"Ankleshwar Asset, Gujarat","FLANGE, SLIP ON, 16 INCH, CLASS 600, ASTM A350 LF2, ASME B16.5, RTJ FACING",142,4667.61,121
ONGC-CHE-02039,ONGC,"Rajahmundry Asset, Andhra Pradesh","CHECK VALVE, BOLTED BONNET, 3/4 INCH, CLASS 900, BODY ASTM A106 GR.B, FLANGED ENDS, TRIM 12, RF FACING",26,17567.1,39
ONGC-BUT-02040,ONGC,"Mumbai High Offshore Logistics Base, Maharashtra","BALL VALVE, BOLTED BONNET, 1 INCH, CLASS 2500, BODY ASTM A193 B16, FLANGED ENDS",26,25042.74,99
ONGC-CEN-02041,ONGC,"Rajahmundry Asset, Andhra Pradesh","CENTRIFUGAL PUMP SPARE, 3/4 INCH, CLASS 600, ASTM A182 F51",24,99129.85,836
ONGC-BAL-02042,ONGC,"Rajahmundry Asset, Andhra Pradesh","BALL VALVE, BOLTED BONNET, 4 INCH, CLASS 900, BODY ASTM A182 F316, FLANGED ENDS, TRIM 1, BW FACING",131,51990.87,29
ONGC-RED-02043,ONGC,"Hazira Gas Processing Plant, Gujarat","BUTTWELD FITTING, CONCENTRIC REDUCER, 6 INCH, SCH 40, ASTM A234 WPB, ASME B16.9",29,3683.46,1167
ONGC-BAL-02044,ONGC,"Uran Gas Processing Complex, Maharashtra","BALL VALVE, BOLTED BONNET, 1/2 INCH, CLASS 150, BODY ASTM A216 WCB, FLANGED ENDS, TRIM 1, RTJ FACING",61,15131.54,26
ONGC-PIP-02045,ONGC,"Hazira Gas Processing Plant, Gujarat","LINE PIPE, SEAMLESS, 2 INCH, SCH 160, ASTM A182 F11, ASME B36.10M, BEVELED ENDS",87,2334.86,1141
ONGC-ELB-02046,ONGC,"Ankleshwar Asset, Gujarat","BUTTWELD FITTING, ELBOW 90 DEG LONG RADIUS, 2 INCH, SCH 80, ASTM A234 WPB, ASME B16.9",17,4444.15,899
ONGC-CEN-02047,ONGC,"Uran Gas Processing Complex, Maharashtra","CENTRIFUGAL PUMP SPARE, 10 INCH, CLASS 300, ASTM A182 F316",15,88164.91,265
ONGC-BUT-02048,ONGC,"Uran Gas Processing Complex, Maharashtra","BALL VALVE, BOLTED BONNET, 2 INCH, CLASS 300, BODY ASTM A182 F22, FLANGED ENDS, TRIM 8, RTJ FACING",48,22375.45,51
ONGC-PIP-02049,ONGC,"Uran Gas Processing Complex, Maharashtra","LINE PIPE, SEAMLESS, 4 INCH, ASTM A182 F316L, ASME B36.10M, BEVELED ENDS",122,4842.57,667
ONGC-CEN-02050,ONGC,"Mumbai High Offshore Logistics Base, Maharashtra","CENTRIFUGAL PUMP SPARE, 4 INCH, CLASS 300, ASTM A182 F304",67,35756.0,49
ONGC-CEN-02051,ONGC,"Rajahmundry Asset, Andhra Pradesh","CENTRIFUGAL PUMP SPARE, 12 INCH, CLASS 600, ASTM A105",26,57800.14,163
ONGC-PIP-02052,ONGC,"Hazira Gas Processing Plant, Gujarat","LINE PIPE, SEAMLESS, 20 INCH, SCH 40, ASTM A216 WCB, ASME B36.10M, BEVELED ENDS",42,2260.02,14
ONGC-TEE-02053,ONGC,"Uran Gas Processing Complex, Maharashtra","BUTTWELD FITTING, EQUAL TEE, 24 INCH, SCH 80, ASTM A234 WPB, ASME B16.9",135,2404.66,43
ONGC-BAL-02054,ONGC,"Mumbai High Offshore Logistics Base, Maharashtra","BALL VALVE, BOLTED BONNET, 3/4 INCH, CLASS 300, BODY ASTM A106 GR.B, FLANGED ENDS, TRIM 8, SW FACING",96,31120.16,150
ONGC-STU-02055,ONGC,"Mumbai High Offshore Logistics Base, Maharashtra","STUD BOLT WITH TWO HEAVY HEX NUTS, 1 INCH, LENGTH 180 MM, STUD ASTM A105, NUTS ASTM A194 GR 2H",136,3503.13,94
ONGC-BAL-02056,ONGC,"Hazira Gas Processing Plant, Gujarat","BALL VALVE, BOLTED BONNET, 6 INCH, CLASS 1500, BODY ASTM A106 GR.B, FLANGED ENDS, TRIM 16, BW FACING",62,14078.37,39
ONGC-CEN-02057,ONGC,"Uran Gas Processing Complex, Maharashtra","CENTRIFUGAL PUMP SPARE, 3/4 INCH, CLASS 1500, ASTM A182 F304",86,76893.56,13
ONGC-CEN-02058,ONGC,"Rajahmundry Asset, Andhra Pradesh","CENTRIFUGAL PUMP SPARE, 6 INCH, CLASS 600, ASTM A182 F22",33,61004.83,1022
ONGC-STU-02059,ONGC,"Mumbai High Offshore Logistics Base, Maharashtra","STUD BOLT WITH TWO HEAVY HEX NUTS, 3 INCH, LENGTH 180 MM, STUD ASTM A182 F53, NUTS ASTM A194 GR 2H",144,21850.84,841
ONGC-RED-02060,ONGC,"Ankleshwar Asset, Gujarat","BUTTWELD FITTING, CONCENTRIC REDUCER, 10 INCH, SCH 20, ASTM A234 WPB, ASME B16.9",114,2564.1,976
ONGC-FLA-02061,ONGC,"Uran Gas Processing Complex, Maharashtra","FLANGE, SLIP ON, 20 INCH, CLASS 600, ASTM A182 F316, ASME B16.5, SW FACING",6,15178.55,955
ONGC-FLA-02062,ONGC,"Rajahmundry Asset, Andhra Pradesh","FLANGE, SLIP ON, 16 INCH, CLASS 600, INCONEL 625, ASME B16.5, SW FACING",40,35688.71,310
ONGC-GAT-02063,ONGC,"Mumbai High Offshore Logistics Base, Maharashtra","GATE VALVE, BOLTED BONNET, 1.5 INCH, CLASS 900, BODY ASTM A193 B7, FLANGED ENDS, TRIM 8, BW FACING",70,20850.84,133
ONGC-GLO-02064,ONGC,"Mumbai High Offshore Logistics Base, Maharashtra","GLOBE VALVE, BOLTED BONNET, 3/4 INCH, CLASS 600, BODY ASTM A182 F51, FLANGED ENDS, TRIM 5, RF FACING",142,36650.02,27
ONGC-TEE-02065,ONGC,"Rajahmundry Asset, Andhra Pradesh","BUTTWELD FITTING, EQUAL TEE, 12 INCH, SCH 40, ASTM A234 WPB, ASME B16.9",102,2688.34,326
ONGC-PSV-02066,ONGC,"Uran Gas Processing Complex, Maharashtra","BALL VALVE, BOLTED BONNET, 1.5 INCH, CLASS 2500, BODY ASTM A216 WCB, FLANGED ENDS, TRIM 16, RF FACING",37,31338.89,674
ONGC-FLA-02067,ONGC,"Mumbai High Offshore Logistics Base, Maharashtra","FLANGE, SLIP ON, 2 INCH, CLASS 150, ASTM A193 B16, ASME B16.5, FF FACING",88,4595.67,60
ONGC-BUT-02068,ONGC,"Uran Gas Processing Complex, Maharashtra","BALL VALVE, BOLTED BONNET, 10 INCH, CLASS 150, BODY ASTM A182 F53, FLANGED ENDS, TRIM 12, FF FACING",99,101685.12,36
ONGC-BAL-02069,ONGC,"Ankleshwar Asset, Gujarat","BALL VALVE, BOLTED BONNET, 1.5 INCH, CLASS 300, BODY ASTM A216 WCB, FLANGED ENDS, TRIM 1, BW FACING",37,25787.54,26
ONGC-CEN-02070,ONGC,"Ankleshwar Asset, Gujarat","CENTRIFUGAL PUMP SPARE, 1.5 INCH, CLASS 150, ASTM A350 LF2",72,34752.66,162
ONGC-PIP-02071,ONGC,"Mumbai High Offshore Logistics Base, Maharashtra","LINE PIPE, SEAMLESS, 6 INCH, SCH XXS, ASTM A216 WCB, ASME B36.10M, BEVELED ENDS",41,3525.66,158
ONGC-GAT-02072,ONGC,"Hazira Gas Processing Plant, Gujarat","GATE VALVE, BOLTED BONNET, 1.5 INCH, CLASS 1500, BODY ASTM A182 F316L, FLANGED ENDS, TRIM 5, SW FACING",46,78292.43,29
ONGC-PIP-02073,ONGC,"Ankleshwar Asset, Gujarat","LINE PIPE, SEAMLESS, 1.5 INCH, ASTM A350 LF2, ASME B36.10M, BEVELED ENDS",41,3250.31,363
ONGC-FLA-02074,ONGC,"Hazira Gas Processing Plant, Gujarat","FLANGE, BLIND, 1/2 INCH, CLASS 150, ASTM A216 WCB, ASME B16.5, RF FACING",63,4422.65,867
ONGC-ELB-02075,ONGC,"Hazira Gas Processing Plant, Gujarat","BUTTWELD FITTING, ELBOW 90 DEG LONG RADIUS, 1 INCH, SCH XXS, ASTM A234 WPB, ASME B16.9",149,3657.09,32
ONGC-GLO-02076,ONGC,"Mumbai High Offshore Logistics Base, Maharashtra","GLOBE VALVE, BOLTED BONNET, 16 INCH, CLASS 600, BODY INCONEL 625, FLANGED ENDS",91,196215.5,92
ONGC-RED-02077,ONGC,"Uran Gas Processing Complex, Maharashtra","BUTTWELD FITTING, CONCENTRIC REDUCER, 3 INCH, SCH 40, ASTM A234 WPB, ASME B16.9",56,2250.97,760
ONGC-STU-02078,ONGC,"Uran Gas Processing Complex, Maharashtra","STUD BOLT WITH TWO HEAVY HEX NUTS, 2 INCH, LENGTH 180 MM, STUD ASTM A182 F51, NUTS ASTM A194 GR 2H",74,10447.83,1167
ONGC-GAT-02079,ONGC,"Rajahmundry Asset, Andhra Pradesh","GATE VALVE, BOLTED BONNET, 3/4 INCH, CLASS 150, BODY ASTM A182 F11, FLANGED ENDS, TRIM 5, FF FACING",116,32785.89,306
ONGC-BUT-02080,ONGC,"Mumbai High Offshore Logistics Base, Maharashtra","BALL VALVE, BOLTED BONNET, 1/2 INCH, CLASS 1500, BODY ASTM A105, FLANGED ENDS",41,24464.73,854
ONGC-FLA-02081,ONGC,"Ankleshwar Asset, Gujarat","FLANGE, WELDING NECK, 3/4 INCH, CLASS 2500, ASTM A182 F316L, ASME B16.5",101,14358.45,317
ONGC-STU-02082,ONGC,"Uran Gas Processing Complex, Maharashtra","STUD BOLT WITH TWO HEAVY HEX NUTS, 1 INCH, LENGTH 180 MM, STUD INCONEL 625, NUTS ASTM A194 GR 2H",125,13281.22,27
ONGC-PIP-02083,ONGC,"Uran Gas Processing Complex, Maharashtra","LINE PIPE, SEAMLESS, 6 INCH, SCH XXS, INCONEL 625, ASME B36.10M, BEVELED ENDS",22,15970.11,14
ONGC-FLA-02084,ONGC,"Ankleshwar Asset, Gujarat","FLANGE, BLIND, 8 INCH, CLASS 1500, ASTM A105, ASME B16.5, BW FACING",63,6855.04,197
ONGC-PIP-02085,ONGC,"Mumbai High Offshore Logistics Base, Maharashtra","LINE PIPE, SEAMLESS, 1 INCH, SCH XXS, ASTM A182 F316, ASME B36.10M, BEVELED ENDS",138,9593.54,1040
ONGC-CHE-02086,ONGC,"Rajahmundry Asset, Andhra Pradesh","CHECK VALVE, BOLTED BONNET, 3 INCH, CLASS 300, BODY ASTM A193 B16, FLANGED ENDS",135,16261.33,141
ONGC-STU-02087,ONGC,"Ankleshwar Asset, Gujarat","STUD BOLT WITH TWO HEAVY HEX NUTS, 4 INCH, LENGTH 180 MM, STUD INCONEL 625, NUTS ASTM A194 GR 2H",48,18362.86,60
ONGC-GAS-02088,ONGC,"Uran Gas Processing Complex, Maharashtra","METALLIC RING JOINT GASKET OCTAGONAL, 1.5 INCH, CLASS 300, ASME B16.20",126,4488.0,291
ONGC-RED-02089,ONGC,"Mumbai High Offshore Logistics Base, Maharashtra","BUTTWELD FITTING, CONCENTRIC REDUCER, 10 INCH, SCH 160, ASTM A234 WPB, ASME B16.9",41,5819.72,238
ONGC-PSV-02090,ONGC,"Ankleshwar Asset, Gujarat","BALL VALVE, BOLTED BONNET, 4 INCH, CLASS 1500, BODY ASTM A106 GR.B, FLANGED ENDS, TRIM 12, FF FACING",34,32719.75,758
ONGC-CEN-02091,ONGC,"Mumbai High Offshore Logistics Base, Maharashtra","CENTRIFUGAL PUMP SPARE, 20 INCH, CLASS 900, ASTM A182 F316",107,172356.54,209
ONGC-GAS-02092,ONGC,"Ankleshwar Asset, Gujarat","SPIRAL WOUND GASKET WITH INNER AND OUTER RING, 2 INCH, CLASS 300, ASME B16.20",19,2235.22,813
ONGC-BUT-02093,ONGC,"Uran Gas Processing Complex, Maharashtra","BALL VALVE, BOLTED BONNET, 6 INCH, CLASS 1500, BODY ASTM A105, FLANGED ENDS, TRIM 5, RTJ FACING",2,19180.11,1106
ONGC-ELB-02094,ONGC,"Rajahmundry Asset, Andhra Pradesh","BUTTWELD FITTING, ELBOW 90 DEG LONG RADIUS, 12 INCH, SCH 40, ASTM A234 WPB, ASME B16.9",118,11649.75,19
ONGC-BAL-02095,ONGC,"Ankleshwar Asset, Gujarat","BALL VALVE, BOLTED BONNET, 16 INCH, CLASS 300, BODY ASTM A182 F51, FLANGED ENDS, TRIM 5, RTJ FACING",15,79610.01,49
ONGC-GAS-02096,ONGC,"Hazira Gas Processing Plant, Gujarat","SPIRAL WOUND GASKET WITH INNER AND OUTER RING, 4 INCH, CLASS 2500, ASME B16.20",57,9299.95,59
ONGC-FLA-02097,ONGC,"Hazira Gas Processing Plant, Gujarat","FLANGE, SLIP ON, 24 INCH, CLASS 150, ASTM A106 GR.B, ASME B16.5, RTJ FACING",129,7919.62,625
ONGC-CHE-02098,ONGC,"Rajahmundry Asset, Andhra Pradesh","CHECK VALVE, BOLTED BONNET, 20 INCH, CLASS 1500, BODY ASTM A350 LF2, FLANGED ENDS, TRIM 12, BW FACING",43,32082.39,876
ONGC-GAS-02099,ONGC,"Hazira Gas Processing Plant, Gujarat","SPIRAL WOUND GASKET WITH INNER AND OUTER RING, 12 INCH, CLASS 2500, ASME B16.20",65,3543.12,23
ONGC-FLA-02100,ONGC,"Rajahmundry Asset, Andhra Pradesh","FLANGE, BLIND, 1/2 INCH, CLASS 150, ASTM A182 F53, ASME B16.5, BW FACING",38,28018.06,28
ONGC-BUT-02101,ONGC,"Uran Gas Processing Complex, Maharashtra","BALL VALVE, BOLTED BONNET, 3/4 INCH, CLASS 900, BODY ASTM A105, FLANGED ENDS, TRIM 1, RF FACING",89,29084.25,38
ONGC-CHE-02102,ONGC,"Uran Gas Processing Complex, Maharashtra","CHECK VALVE, BOLTED BONNET, 3/4 INCH, CLASS 150, BODY ASTM A182 F53, FLANGED ENDS, TRIM 1, SW FACING",73,88298.58,123
ONGC-PIP-02103,ONGC,"Uran Gas Processing Complex, Maharashtra","LINE PIPE, SEAMLESS, 12 INCH, SCH 80, ASTM A182 F53, ASME B36.10M, BEVELED ENDS",27,15778.27,202
ONGC-ELB-02104,ONGC,"Ankleshwar Asset, Gujarat","BUTTWELD FITTING, ELBOW 90 DEG LONG RADIUS, 12 INCH, ASTM A234 WPB, ASME B16.9",27,11027.45,253
ONGC-ELB-02105,ONGC,"Uran Gas Processing Complex, Maharashtra","BUTTWELD FITTING, ELBOW 90 DEG LONG RADIUS, 10 INCH, ASTM A234 WPB, ASME B16.9",40,4318.59,780
ONGC-TEE-02106,ONGC,"Hazira Gas Processing Plant, Gujarat","BUTTWELD FITTING, EQUAL TEE, 3/4 INCH, SCH XXS, ASTM A234 WPB, ASME B16.9",133,4426.57,32
ONGC-GAT-02107,ONGC,"Mumbai High Offshore Logistics Base, Maharashtra","GATE VALVE, BOLTED BONNET, 16 INCH, CLASS 2500, BODY ASTM A182 F11, FLANGED ENDS, TRIM 12, BW FACING",134,17498.9,17
ONGC-ELB-02108,ONGC,"Uran Gas Processing Complex, Maharashtra","BUTTWELD FITTING, ELBOW 90 DEG LONG RADIUS, 8 INCH, SCH 20, ASTM A234 WPB, ASME B16.9",96,14378.26,125
ONGC-PIP-02109,ONGC,"Uran Gas Processing Complex, Maharashtra","LINE PIPE, SEAMLESS, 1.5 INCH, SCH 160, ASTM A182 F316, ASME B36.10M, BEVELED ENDS",149,9198.42,351
ONGC-GLO-02110,ONGC,"Mumbai High Offshore Logistics Base, Maharashtra","GLOBE VALVE, BOLTED BONNET, 16 INCH, CLASS 900, BODY ASTM A182 F316L, FLANGED ENDS, TRIM 1, RTJ FACING",86,61448.12,260
ONGC-CEN-02111,ONGC,"Rajahmundry Asset, Andhra Pradesh","CENTRIFUGAL PUMP SPARE, 1/2 INCH, CLASS 300, ASTM A182 F316L",2,103138.58,37
ONGC-CEN-02112,ONGC,"Mumbai High Offshore Logistics Base, Maharashtra","CENTRIFUGAL PUMP SPARE, 8 INCH, CLASS 2500, INCONEL 625",57,278248.74,1196
ONGC-GAS-02113,ONGC,"Rajahmundry Asset, Andhra Pradesh","SPIRAL WOUND GASKET WITH INNER AND OUTER RING, 2 INCH, CLASS 900, ASME B16.20",28,4537.77,5
ONGC-TEE-02114,ONGC,"Mumbai High Offshore Logistics Base, Maharashtra","BUTTWELD FITTING, EQUAL TEE, 1.5 INCH, SCH 160, ASTM A234 WPB, ASME B16.9",43,4487.86,334
ONGC-CEN-02115,ONGC,"Uran Gas Processing Complex, Maharashtra","CENTRIFUGAL PUMP SPARE, 1 INCH, CLASS 2500, ASTM A193 B7",124,66047.42,367
ONGC-FLA-02116,ONGC,"Hazira Gas Processing Plant, Gujarat","FLANGE, SLIP ON, 1 INCH, CLASS 2500, ASTM A105, ASME B16.5",37,4332.64,48
ONGC-CEN-02117,ONGC,"Mumbai High Offshore Logistics Base, Maharashtra","CENTRIFUGAL PUMP SPARE, 3/4 INCH, CLASS 1500, ASTM A182 F22",110,80016.44,334
ONGC-BUT-02118,ONGC,"Mumbai High Offshore Logistics Base, Maharashtra","BALL VALVE, BOLTED BONNET, 6 INCH, CLASS 900, BODY ASTM A193 B7, FLANGED ENDS, TRIM 8, BW FACING",76,14305.7,44
ONGC-CHE-02119,ONGC,"Rajahmundry Asset, Andhra Pradesh","CHECK VALVE, BOLTED BONNET, 1 INCH, CLASS 300, BODY ASTM A182 F304, FLANGED ENDS, TRIM 1, RF FACING",73,32210.53,1064
ONGC-BUT-02120,ONGC,"Ankleshwar Asset, Gujarat","BALL VALVE, BOLTED BONNET, 3/4 INCH, CLASS 1500, BODY ASTM A350 LF2, FLANGED ENDS",20,28552.73,20
ONGC-BUT-02121,ONGC,"Mumbai High Offshore Logistics Base, Maharashtra","BALL VALVE, BOLTED BONNET, 3/4 INCH, CLASS 600, BODY ASTM A193 B7, FLANGED ENDS",127,29114.1,149
ONGC-FLA-02122,ONGC,"Mumbai High Offshore Logistics Base, Maharashtra","FLANGE, WELDING NECK, 1 INCH, CLASS 900, ASTM A193 B7, ASME B16.5, RF FACING",8,5869.4,723
ONGC-RED-02123,ONGC,"Uran Gas Processing Complex, Maharashtra","BUTTWELD FITTING, CONCENTRIC REDUCER, 24 INCH, SCH 40, ASTM A234 WPB, ASME B16.9",53,2481.81,878
ONGC-CHE-02124,ONGC,"Ankleshwar Asset, Gujarat","CHECK VALVE, BOLTED BONNET, 10 INCH, CLASS 900, BODY ASTM A182 F316, FLANGED ENDS",121,61971.65,57
ONGC-CEN-02125,ONGC,"Uran Gas Processing Complex, Maharashtra","CENTRIFUGAL PUMP SPARE, 1.5 INCH, CLASS 300, ASTM A193 B7",6,77141.52,10
ONGC-PSV-02126,ONGC,"Ankleshwar Asset, Gujarat","BALL VALVE, BOLTED BONNET, 1 INCH, CLASS 600, BODY ASTM A182 F22, FLANGED ENDS, TRIM 8, BW FACING",101,24166.78,176
ONGC-STU-02127,ONGC,"Hazira Gas Processing Plant, Gujarat","STUD BOLT WITH TWO HEAVY HEX NUTS, 16 INCH, LENGTH 180 MM, STUD ASTM A216 WCB, NUTS ASTM A194 GR 2H",37,1932.18,116
ONGC-STU-02128,ONGC,"Hazira Gas Processing Plant, Gujarat","STUD BOLT WITH TWO HEAVY HEX NUTS, 8 INCH, LENGTH 180 MM, STUD ASTM A193 B7, NUTS ASTM A194 GR 2H",72,2448.3,344
ONGC-STU-02129,ONGC,"Uran Gas Processing Complex, Maharashtra","STUD BOLT WITH TWO HEAVY HEX NUTS, 24 INCH, LENGTH 180 MM, STUD ASTM A350 LF2, NUTS ASTM A194 GR 2H",56,2923.82,50
ONGC-GAT-02130,ONGC,"Hazira Gas Processing Plant, Gujarat","GATE VALVE, BOLTED BONNET, 10 INCH, CLASS 1500, BODY ASTM A105, FLANGED ENDS, TRIM 16, RF FACING",61,14806.14,482
ONGC-FLA-02131,ONGC,"Ankleshwar Asset, Gujarat","FLANGE, SLIP ON, 1.5 INCH, CLASS 600, ASTM A193 B16, ASME B16.5, SW FACING",17,5033.76,1005
ONGC-FLA-02132,ONGC,"Ankleshwar Asset, Gujarat","FLANGE, WELDING NECK, 4 INCH, CLASS 900, ASTM A182 F11, ASME B16.5, RF FACING",63,7188.06,912
ONGC-FLA-02133,ONGC,"Mumbai High Offshore Logistics Base, Maharashtra","FLANGE, SLIP ON, 3 INCH, CLASS 1500, ASTM A182 F53, ASME B16.5, RTJ FACING",118,46805.65,325
ONGC-CEN-02134,ONGC,"Hazira Gas Processing Plant, Gujarat","CENTRIFUGAL PUMP SPARE, 12 INCH, CLASS 1500, ASTM A193 B7",55,67129.99,374
ONGC-PIP-02135,ONGC,"Rajahmundry Asset, Andhra Pradesh","LINE PIPE, SEAMLESS, 1 INCH, SCH 40, ASTM A182 F51, ASME B36.10M, BEVELED ENDS",143,8706.14,509
ONGC-PIP-02136,ONGC,"Uran Gas Processing Complex, Maharashtra","LINE PIPE, SEAMLESS, 20 INCH, SCH 40, ASTM A182 F11, ASME B36.10M, BEVELED ENDS",27,2990.22,856
ONGC-PSV-02137,ONGC,"Mumbai High Offshore Logistics Base, Maharashtra","BALL VALVE, BOLTED BONNET, 1 INCH, CLASS 2500, BODY ASTM A106 GR.B, FLANGED ENDS, TRIM 12, BW FACING",136,24245.32,300
ONGC-TEE-02138,ONGC,"Mumbai High Offshore Logistics Base, Maharashtra","BUTTWELD FITTING, EQUAL TEE, 20 INCH, SCH 80, ASTM A234 WPB, ASME B16.9",42,18838.19,30
ONGC-GLO-02139,ONGC,"Rajahmundry Asset, Andhra Pradesh","GLOBE VALVE, BOLTED BONNET, 8 INCH, CLASS 150, BODY ASTM A182 F316L, FLANGED ENDS, TRIM 12, BW FACING",146,68362.23,320
ONGC-GAT-02140,ONGC,"Rajahmundry Asset, Andhra Pradesh","GATE VALVE, BOLTED BONNET, 10 INCH, CLASS 2500, BODY ASTM A182 F316L, FLANGED ENDS, TRIM 5, RTJ FACING",138,81639.07,664
ONGC-RED-02141,ONGC,"Hazira Gas Processing Plant, Gujarat","BUTTWELD FITTING, CONCENTRIC REDUCER, 3 INCH, ASTM A234 WPB, ASME B16.9",123,3195.75,696
ONGC-PSV-02142,ONGC,"Rajahmundry Asset, Andhra Pradesh","BALL VALVE, BOLTED BONNET, 8 INCH, CLASS 600, BODY ASTM A182 F51, FLANGED ENDS, TRIM 1, FF FACING",137,34969.52,128
ONGC-GAT-02143,ONGC,"Uran Gas Processing Complex, Maharashtra","GATE VALVE, BOLTED BONNET, 10 INCH, CLASS 300, BODY ASTM A193 B16, FLANGED ENDS, TRIM 12, RF FACING",147,14885.43,162
ONGC-PSV-02144,ONGC,"Rajahmundry Asset, Andhra Pradesh","BALL VALVE, BOLTED BONNET, 12 INCH, CLASS 150, BODY ASTM A182 F316L, FLANGED ENDS, TRIM 16, RF FACING",79,59766.32,119
ONGC-GAS-02145,ONGC,"Uran Gas Processing Complex, Maharashtra","METALLIC RING JOINT GASKET OCTAGONAL, 16 INCH, CLASS 2500, ASME B16.20",47,3312.85,723
ONGC-ELB-02146,ONGC,"Rajahmundry Asset, Andhra Pradesh","BUTTWELD FITTING, ELBOW 90 DEG LONG RADIUS, 3/4 INCH, SCH 40, ASTM A234 WPB, ASME B16.9",39,2809.71,1025
ONGC-PIP-02147,ONGC,"Ankleshwar Asset, Gujarat","LINE PIPE, SEAMLESS, 1/2 INCH, SCH 20, INCONEL 625, ASME B36.10M, BEVELED ENDS",89,13712.38,16
ONGC-PIP-02148,ONGC,"Hazira Gas Processing Plant, Gujarat","LINE PIPE, SEAMLESS, 1/2 INCH, SCH 40, ASTM A182 F11, ASME B36.10M, BEVELED ENDS",128,3632.08,160
ONGC-GAS-02149,ONGC,"Uran Gas Processing Complex, Maharashtra","METALLIC RING JOINT GASKET OCTAGONAL, 10 INCH, CLASS 900, ASME B16.20",94,2532.85,391
ONGC-GAS-02150,ONGC,"Uran Gas Processing Complex, Maharashtra","METALLIC RING JOINT GASKET OCTAGONAL, 12 INCH, CLASS 1500, ASME B16.20",95,10883.88,48
ONGC-GAS-02151,ONGC,"Uran Gas Processing Complex, Maharashtra","SPIRAL WOUND GASKET WITH INNER AND OUTER RING, 2 INCH, CLASS 600, ASME B16.20",57,6436.4,124
ONGC-STU-02152,ONGC,"Uran Gas Processing Complex, Maharashtra","STUD BOLT WITH TWO HEAVY HEX NUTS, 8 INCH, LENGTH 180 MM, STUD ASTM A182 F316L, NUTS ASTM A194 GR 2H",69,8170.9,941
ONGC-PSV-02153,ONGC,"Ankleshwar Asset, Gujarat","BALL VALVE, BOLTED BONNET, 24 INCH, CLASS 900, BODY ASTM A350 LF2, FLANGED ENDS, TRIM 12, SW FACING",56,22096.7,244
ONGC-CHE-02154,ONGC,"Uran Gas Processing Complex, Maharashtra","CHECK VALVE, BOLTED BONNET, 1/2 INCH, CLASS 1500, BODY ASTM A216 WCB, FLANGED ENDS, TRIM 12, BW FACING",75,18325.32,1155
ONGC-TEE-02155,ONGC,"Mumbai High Offshore Logistics Base, Maharashtra","BUTTWELD FITTING, EQUAL TEE, 16 INCH, SCH 80, ASTM A234 WPB, ASME B16.9",138,1962.1,6
ONGC-BUT-02156,ONGC,"Rajahmundry Asset, Andhra Pradesh","BALL VALVE, BOLTED BONNET, 6 INCH, CLASS 300, BODY ASTM A193 B7, FLANGED ENDS, TRIM 5, SW FACING",3,14512.51,542
ONGC-GAS-02157,ONGC,"Mumbai High Offshore Logistics Base, Maharashtra","METALLIC RING JOINT GASKET OCTAGONAL, 16 INCH, CLASS 900, ASME B16.20",37,4197.47,642
ONGC-GAS-02158,ONGC,"Hazira Gas Processing Plant, Gujarat","METALLIC RING JOINT GASKET OCTAGONAL, 1 INCH, CLASS 600, ASME B16.20",144,11513.05,405
ONGC-GLO-02159,ONGC,"Hazira Gas Processing Plant, Gujarat","GLOBE VALVE, BOLTED BONNET, 8 INCH, CLASS 150, BODY ASTM A193 B7, FLANGED ENDS, TRIM 8, FF FACING",80,17652.41,124
ONGC-RED-02160,ONGC,"Rajahmundry Asset, Andhra Pradesh","BUTTWELD FITTING, CONCENTRIC REDUCER, 20 INCH, SCH 40, ASTM A234 WPB, ASME B16.9",49,2091.34,51
ONGC-CHE-02161,ONGC,"Uran Gas Processing Complex, Maharashtra","CHECK VALVE, BOLTED BONNET, 1 INCH, CLASS 900, BODY ASTM A182 F22, FLANGED ENDS, TRIM 1, SW FACING",92,17156.08,518
ONGC-PIP-02162,ONGC,"Hazira Gas Processing Plant, Gujarat","LINE PIPE, SEAMLESS, 8 INCH, SCH 160, INCONEL 625, ASME B36.10M, BEVELED ENDS",127,14936.83,270
ONGC-BUT-02163,ONGC,"Rajahmundry Asset, Andhra Pradesh","BALL VALVE, BOLTED BONNET, 12 INCH, CLASS 150, BODY ASTM A106 GR.B, FLANGED ENDS, TRIM 1, BW FACING",150,18096.58,854
ONGC-CEN-02164,ONGC,"Ankleshwar Asset, Gujarat","CENTRIFUGAL PUMP SPARE, 16 INCH, CLASS 150, ASTM A182 F304",107,40467.77,146
ONGC-CHE-02165,ONGC,"Hazira Gas Processing Plant, Gujarat","CHECK VALVE, BOLTED BONNET, 1 INCH, CLASS 150, BODY ASTM A350 LF2, FLANGED ENDS, TRIM 12, FF FACING",82,29943.02,1102
ONGC-GAS-02166,ONGC,"Hazira Gas Processing Plant, Gujarat","METALLIC RING JOINT GASKET OCTAGONAL, 4 INCH, CLASS 150, ASME B16.20",132,15499.39,1168
ONGC-ELB-02167,ONGC,"Rajahmundry Asset, Andhra Pradesh","BUTTWELD FITTING, ELBOW 90 DEG LONG RADIUS, 4 INCH, SCH 40, ASTM A234 WPB, ASME B16.9",60,5263.87,58
ONGC-GAS-02168,ONGC,"Uran Gas Processing Complex, Maharashtra","METALLIC RING JOINT GASKET OCTAGONAL, 4 INCH, CLASS 2500, ASME B16.20",127,26776.91,399
ONGC-BUT-02169,ONGC,"Ankleshwar Asset, Gujarat","BALL VALVE, BOLTED BONNET, 1 INCH, CLASS 2500, BODY ASTM A193 B7, FLANGED ENDS, TRIM 16, SW FACING",108,22226.12,48
ONGC-BAL-02170,ONGC,"Rajahmundry Asset, Andhra Pradesh","BALL VALVE, BOLTED BONNET, 2 INCH, CLASS 1500, BODY ASTM A193 B16, FLANGED ENDS, TRIM 16, SW FACING",89,30334.14,10
ONGC-FLA-02171,ONGC,"Mumbai High Offshore Logistics Base, Maharashtra","FLANGE, BLIND, 1/2 INCH, CLASS 2500, ASTM A216 WCB, ASME B16.5, SW FACING",142,4244.74,51
ONGC-BAL-02172,ONGC,"Mumbai High Offshore Logistics Base, Maharashtra","BALL VALVE, BOLTED BONNET, 1 INCH, CLASS 1500, BODY ASTM A216 WCB, FLANGED ENDS, TRIM 8, FF FACING",17,15681.94,26
ONGC-GAS-02173,ONGC,"Rajahmundry Asset, Andhra Pradesh","SPIRAL WOUND GASKET WITH INNER AND OUTER RING, 1.5 INCH, CLASS 2500, ASME B16.20",77,2559.01,44
ONGC-CEN-02174,ONGC,"Mumbai High Offshore Logistics Base, Maharashtra","CENTRIFUGAL PUMP SPARE, 12 INCH, CLASS 150, ASTM A105",83,34532.08,149
ONGC-RED-02175,ONGC,"Mumbai High Offshore Logistics Base, Maharashtra","BUTTWELD FITTING, CONCENTRIC REDUCER, 1 INCH, SCH 160, ASTM A234 WPB, ASME B16.9",29,4190.1,14
ONGC-GAS-02176,ONGC,"Ankleshwar Asset, Gujarat","SPIRAL WOUND GASKET WITH INNER AND OUTER RING, 10 INCH, CLASS 1500, ASME B16.20",64,17801.66,9
ONGC-STU-02177,ONGC,"Hazira Gas Processing Plant, Gujarat","STUD BOLT WITH TWO HEAVY HEX NUTS, 10 INCH, LENGTH 180 MM, STUD ASTM A182 F51, NUTS ASTM A194 GR 2H",116,8037.85,720
ONGC-GAS-02178,ONGC,"Hazira Gas Processing Plant, Gujarat","SPIRAL WOUND GASKET WITH INNER AND OUTER RING, 3 INCH, CLASS 150, ASME B16.20",3,4099.38,500
ONGC-PIP-02179,ONGC,"Mumbai High Offshore Logistics Base, Maharashtra","LINE PIPE, SEAMLESS, 1/2 INCH, SCH XXS, ASTM A193 B7, ASME B36.10M, BEVELED ENDS",80,3629.37,178
ONGC-TEE-02180,ONGC,"Ankleshwar Asset, Gujarat","BUTTWELD FITTING, EQUAL TEE, 1/2 INCH, SCH 160, ASTM A234 WPB, ASME B16.9",3,8844.04,196
ONGC-STU-02181,ONGC,"Hazira Gas Processing Plant, Gujarat","STUD BOLT WITH TWO HEAVY HEX NUTS, 16 INCH, LENGTH 180 MM, STUD ASTM A193 B7, NUTS ASTM A194 GR 2H",62,4044.22,39
ONGC-GAT-02182,ONGC,"Ankleshwar Asset, Gujarat","GATE VALVE, BOLTED BONNET, 24 INCH, CLASS 600, BODY ASTM A350 LF2, FLANGED ENDS",26,18324.95,22
ONGC-TEE-02183,ONGC,"Hazira Gas Processing Plant, Gujarat","BUTTWELD FITTING, EQUAL TEE, 12 INCH, SCH 40, ASTM A234 WPB, ASME B16.9",44,2869.57,398
ONGC-GAS-02184,ONGC,"Hazira Gas Processing Plant, Gujarat","SPIRAL WOUND GASKET WITH INNER AND OUTER RING, 12 INCH, CLASS 900, ASME B16.20",57,3017.17,916
ONGC-STU-02185,ONGC,"Mumbai High Offshore Logistics Base, Maharashtra","STUD BOLT WITH TWO HEAVY HEX NUTS, 6 INCH, LENGTH 180 MM, STUD ASTM A182 F22, NUTS ASTM A194 GR 2H",131,3504.41,339
ONGC-GLO-02186,ONGC,"Ankleshwar Asset, Gujarat","GLOBE VALVE, BOLTED BONNET, 16 INCH, CLASS 2500, BODY ASTM A105, FLANGED ENDS",26,28954.76,35
ONGC-PIP-02187,ONGC,"Hazira Gas Processing Plant, Gujarat","LINE PIPE, SEAMLESS, 12 INCH, SCH 80, ASTM A350 LF2, ASME B36.10M, BEVELED ENDS",83,2161.55,372
ONGC-BUT-02188,ONGC,"Rajahmundry Asset, Andhra Pradesh","BALL VALVE, BOLTED BONNET, 12 INCH, CLASS 600, BODY ASTM A106 GR.B, FLANGED ENDS, TRIM 1, SW FACING",93,18638.93,306
ONGC-GLO-02189,ONGC,"Mumbai High Offshore Logistics Base, Maharashtra","GLOBE VALVE, BOLTED BONNET, 10 INCH, CLASS 300, BODY ASTM A182 F11, FLANGED ENDS, TRIM 8, FF FACING",117,21970.16,211
ONGC-GAS-02190,ONGC,"Mumbai High Offshore Logistics Base, Maharashtra","SPIRAL WOUND GASKET WITH INNER AND OUTER RING, 24 INCH, CLASS 900, ASME B16.20",62,3482.8,503
ONGC-PIP-02191,ONGC,"Ankleshwar Asset, Gujarat","LINE PIPE, SEAMLESS, 3 INCH, SCH 160, ASTM A193 B16, ASME B36.10M, BEVELED ENDS",127,2445.55,923
ONGC-ELB-02192,ONGC,"Ankleshwar Asset, Gujarat","BUTTWELD FITTING, ELBOW 90 DEG LONG RADIUS, 12 INCH, SCH 80, ASTM A234 WPB, ASME B16.9",74,3709.85,245
ONGC-CEN-02193,ONGC,"Ankleshwar Asset, Gujarat","CENTRIFUGAL PUMP SPARE, 1/2 INCH, CLASS 600, ASTM A182 F316L",29,93237.77,34
ONGC-STU-02194,ONGC,"Ankleshwar Asset, Gujarat","STUD BOLT WITH TWO HEAVY HEX NUTS, 1.5 INCH, LENGTH 180 MM, STUD ASTM A182 F304, NUTS ASTM A194 GR 2H",102,4598.46,306
ONGC-BAL-02195,ONGC,"Uran Gas Processing Complex, Maharashtra","BALL VALVE, BOLTED BONNET, 10 INCH, CLASS 900, BODY ASTM A182 F51, FLANGED ENDS, TRIM 12, FF FACING",131,78418.51,752
ONGC-TEE-02196,ONGC,"Uran Gas Processing Complex, Maharashtra","BUTTWELD FITTING, EQUAL TEE, 6 INCH, SCH 40, ASTM A234 WPB, ASME B16.9",59,2979.3,131
ONGC-RED-02197,ONGC,"Ankleshwar Asset, Gujarat","BUTTWELD FITTING, CONCENTRIC REDUCER, 1/2 INCH, SCH 40, ASTM A234 WPB, ASME B16.9",85,3520.35,123
ONGC-FLA-02198,ONGC,"Hazira Gas Processing Plant, Gujarat","FLANGE, BLIND, 1 INCH, CLASS 300, ASTM A182 F316L, ASME B16.5, SW FACING",72,14375.2,38
ONGC-TEE-02199,ONGC,"Hazira Gas Processing Plant, Gujarat","BUTTWELD FITTING, EQUAL TEE, 6 INCH, SCH 160, ASTM A234 WPB, ASME B16.9",115,3321.01,357
ONGC-PSV-02200,ONGC,"Rajahmundry Asset, Andhra Pradesh","BALL VALVE, BOLTED BONNET, 10 INCH, CLASS 150, BODY ASTM A182 F11, FLANGED ENDS, TRIM 16, FF FACING",81,16692.35,160
ONGC-GAT-02201,ONGC,"Uran Gas Processing Complex, Maharashtra","GATE VALVE, BOLTED BONNET, 3 INCH, CLASS 1500, BODY ASTM A106 GR.B, FLANGED ENDS, TRIM 12, SW FACING",25,24447.26,143
ONGC-GAT-02202,ONGC,"Ankleshwar Asset, Gujarat","GATE VALVE, BOLTED BONNET, 4 INCH, CLASS 300, BODY ASTM A182 F51, FLANGED ENDS",25,42074.07,278
ONGC-PSV-02203,ONGC,"Rajahmundry Asset, Andhra Pradesh","BALL VALVE, BOLTED BONNET, 4 INCH, CLASS 300, BODY ASTM A216 WCB, FLANGED ENDS, TRIM 12, RF FACING",125,31594.35,456
ONGC-PSV-02204,ONGC,"Rajahmundry Asset, Andhra Pradesh","BALL VALVE, BOLTED BONNET, 8 INCH, CLASS 300, BODY ASTM A350 LF2, FLANGED ENDS",13,15753.81,18
ONGC-PIP-02205,ONGC,"Hazira Gas Processing Plant, Gujarat","LINE PIPE, SEAMLESS, 20 INCH, SCH 80, ASTM A182 F51, ASME B36.10M, BEVELED ENDS",50,7585.94,214
ONGC-RED-02206,ONGC,"Rajahmundry Asset, Andhra Pradesh","BUTTWELD FITTING, CONCENTRIC REDUCER, 24 INCH, ASTM A234 WPB, ASME B16.9",80,22622.58,119
ONGC-STU-02207,ONGC,"Uran Gas Processing Complex, Maharashtra","STUD BOLT WITH TWO HEAVY HEX NUTS, 3 INCH, LENGTH 180 MM, STUD ASTM A216 WCB, NUTS ASTM A194 GR 2H",58,2814.8,1062
ONGC-CEN-02208,ONGC,"Mumbai High Offshore Logistics Base, Maharashtra","CENTRIFUGAL PUMP SPARE, 16 INCH, CLASS 300, ASTM A182 F11",40,40952.25,266
ONGC-GAS-02209,ONGC,"Uran Gas Processing Complex, Maharashtra","METALLIC RING JOINT GASKET OCTAGONAL, 3/4 INCH, CLASS 2500, ASME B16.20",66,4163.2,60
ONGC-PSV-02210,ONGC,"Hazira Gas Processing Plant, Gujarat","BALL VALVE, BOLTED BONNET, 8 INCH, CLASS 900, BODY ASTM A193 B7, FLANGED ENDS",60,24814.68,21
ONGC-PSV-02211,ONGC,"Ankleshwar Asset, Gujarat","BALL VALVE, BOLTED BONNET, 4 INCH, CLASS 300, BODY ASTM A350 LF2, FLANGED ENDS",14,25441.53,331
ONGC-TEE-02212,ONGC,"Rajahmundry Asset, Andhra Pradesh","BUTTWELD FITTING, EQUAL TEE, 12 INCH, SCH 80, ASTM A234 WPB, ASME B16.9",93,4300.31,504
ONGC-BAL-02213,ONGC,"Rajahmundry Asset, Andhra Pradesh","BALL VALVE, BOLTED BONNET, 16 INCH, CLASS 150, BODY ASTM A193 B7, FLANGED ENDS, TRIM 16, SW FACING",118,23072.41,702
ONGC-GAS-02214,ONGC,"Hazira Gas Processing Plant, Gujarat","METALLIC RING JOINT GASKET OCTAGONAL, 1.5 INCH, CLASS 300, ASME B16.20",121,2403.3,322
ONGC-GAS-02215,ONGC,"Uran Gas Processing Complex, Maharashtra","SPIRAL WOUND GASKET WITH INNER AND OUTER RING, 16 INCH, CLASS 300, ASME B16.20",79,2239.66,178
ONGC-GAT-02216,ONGC,"Hazira Gas Processing Plant, Gujarat","GATE VALVE, BOLTED BONNET, 1.5 INCH, CLASS 300, BODY ASTM A193 B7, FLANGED ENDS, TRIM 5, SW FACING",61,22090.81,462
ONGC-GAT-02217,ONGC,"Ankleshwar Asset, Gujarat","GATE VALVE, BOLTED BONNET, 8 INCH, CLASS 600, BODY ASTM A182 F22, FLANGED ENDS, TRIM 8, FF FACING",40,26754.16,527
ONGC-BAL-02218,ONGC,"Uran Gas Processing Complex, Maharashtra","BALL VALVE, BOLTED BONNET, 3 INCH, CLASS 2500, BODY ASTM A350 LF2, FLANGED ENDS, TRIM 16, RF FACING",24,15836.7,802
ONGC-GAT-02219,ONGC,"Rajahmundry Asset, Andhra Pradesh","GATE VALVE, BOLTED BONNET, 2 INCH, CLASS 150, BODY ASTM A182 F316, FLANGED ENDS, TRIM 1, FF FACING",80,58252.14,124
ONGC-FLA-02220,ONGC,"Uran Gas Processing Complex, Maharashtra","FLANGE, WELDING NECK, 12 INCH, CLASS 2500, ASTM A182 F316, ASME B16.5, RTJ FACING",131,19690.07,443
ONGC-CEN-02221,ONGC,"Uran Gas Processing Complex, Maharashtra","CENTRIFUGAL PUMP SPARE, 10 INCH, CLASS 600, INCONEL 625",47,425056.63,402
ONGC-GLO-02222,ONGC,"Mumbai High Offshore Logistics Base, Maharashtra","GLOBE VALVE, BOLTED BONNET, 4 INCH, CLASS 1500, BODY ASTM A350 LF2, FLANGED ENDS, TRIM 12, BW FACING",45,28852.28,41
ONGC-TEE-02223,ONGC,"Hazira Gas Processing Plant, Gujarat","BUTTWELD FITTING, EQUAL TEE, 12 INCH, SCH 20, ASTM A234 WPB, ASME B16.9",50,8873.2,209
ONGC-GLO-02224,ONGC,"Mumbai High Offshore Logistics Base, Maharashtra","GLOBE VALVE, BOLTED BONNET, 1 INCH, CLASS 1500, BODY ASTM A182 F304, FLANGED ENDS, TRIM 1, FF FACING",49,18849.15,194
ONGC-STU-02225,ONGC,"Ankleshwar Asset, Gujarat","STUD BOLT WITH TWO HEAVY HEX NUTS, 6 INCH, LENGTH 180 MM, STUD ASTM A182 F53, NUTS ASTM A194 GR 2H",27,26744.67,360
ONGC-CEN-02226,ONGC,"Mumbai High Offshore Logistics Base, Maharashtra","CENTRIFUGAL PUMP SPARE, 3 INCH, CLASS 600, ASTM A182 F11",45,47821.8,758
ONGC-GLO-02227,ONGC,"Mumbai High Offshore Logistics Base, Maharashtra","GLOBE VALVE, BOLTED BONNET, 3 INCH, CLASS 150, BODY ASTM A182 F53, FLANGED ENDS, TRIM 1, FF FACING",148,183401.9,1192
ONGC-BUT-02228,ONGC,"Ankleshwar Asset, Gujarat","BALL VALVE, BOLTED BONNET, 20 INCH, CLASS 1500, BODY ASTM A182 F11, FLANGED ENDS, TRIM 1, BW FACING",109,19110.91,18
ONGC-PSV-02229,ONGC,"Hazira Gas Processing Plant, Gujarat","BALL VALVE, BOLTED BONNET, 3/4 INCH, CLASS 1500, BODY INCONEL 625, FLANGED ENDS, TRIM 8, BW FACING",134,104927.41,7
ONGC-TEE-02230,ONGC,"Uran Gas Processing Complex, Maharashtra","BUTTWELD FITTING, EQUAL TEE, 10 INCH, SCH 160, ASTM A234 WPB, ASME B16.9",103,22254.87,313
ONGC-RED-02231,ONGC,"Mumbai High Offshore Logistics Base, Maharashtra","BUTTWELD FITTING, CONCENTRIC REDUCER, 16 INCH, ASTM A234 WPB, ASME B16.9",118,22804.62,809
ONGC-FLA-02232,ONGC,"Hazira Gas Processing Plant, Gujarat","FLANGE, SLIP ON, 20 INCH, CLASS 300, ASTM A106 GR.B, ASME B16.5",115,3883.01,336
ONGC-PIP-02233,ONGC,"Hazira Gas Processing Plant, Gujarat","LINE PIPE, SEAMLESS, 8 INCH, SCH 80, ASTM A193 B7, ASME B36.10M, BEVELED ENDS",6,3762.12,342
ONGC-BAL-02234,ONGC,"Ankleshwar Asset, Gujarat","BALL VALVE, BOLTED BONNET, 3 INCH, CLASS 1500, BODY ASTM A182 F11, FLANGED ENDS, TRIM 8, RTJ FACING",112,24894.58,100
ONGC-GAS-02235,ONGC,"Rajahmundry Asset, Andhra Pradesh","METALLIC RING JOINT GASKET OCTAGONAL, 1.5 INCH, CLASS 900, ASME B16.20",88,2729.88,548
ONGC-PIP-02236,ONGC,"Ankleshwar Asset, Gujarat","LINE PIPE, SEAMLESS, 20 INCH, SCH 160, ASTM A106 GR.B, ASME B36.10M, BEVELED ENDS",32,2701.82,7
ONGC-PSV-02237,ONGC,"Mumbai High Offshore Logistics Base, Maharashtra","BALL VALVE, BOLTED BONNET, 1 INCH, CLASS 900, BODY ASTM A182 F22, FLANGED ENDS, TRIM 8, SW FACING",78,23680.41,127
ONGC-GAS-02238,ONGC,"Rajahmundry Asset, Andhra Pradesh","METALLIC RING JOINT GASKET OCTAGONAL, 16 INCH, CLASS 900, ASME B16.20",144,4262.47,288
ONGC-TEE-02239,ONGC,"Hazira Gas Processing Plant, Gujarat","BUTTWELD FITTING, EQUAL TEE, 24 INCH, SCH 40, ASTM A234 WPB, ASME B16.9",113,8463.74,452
ONGC-STU-02240,ONGC,"Uran Gas Processing Complex, Maharashtra","STUD BOLT WITH TWO HEAVY HEX NUTS, 24 INCH, LENGTH 180 MM, STUD ASTM A350 LF2, NUTS ASTM A194 GR 2H",126,3139.08,283
ONGC-FLA-02241,ONGC,"Ankleshwar Asset, Gujarat","FLANGE, SOCKET WELD, 1.5 INCH, CLASS 2500, ASTM A350 LF2, ASME B16.5",56,4630.96,582
ONGC-RED-02242,ONGC,"Mumbai High Offshore Logistics Base, Maharashtra","BUTTWELD FITTING, CONCENTRIC REDUCER, 16 INCH, SCH 160, ASTM A234 WPB, ASME B16.9",60,2163.62,9
ONGC-BUT-02243,ONGC,"Hazira Gas Processing Plant, Gujarat","BALL VALVE, BOLTED BONNET, 1.5 INCH, CLASS 150, BODY ASTM A182 F51, FLANGED ENDS, TRIM 12, RF FACING",115,48671.93,273
ONGC-CEN-02244,ONGC,"Mumbai High Offshore Logistics Base, Maharashtra","CENTRIFUGAL PUMP SPARE, 4 INCH, CLASS 900, ASTM A182 F316L",138,123128.76,994
ONGC-CEN-02245,ONGC,"Mumbai High Offshore Logistics Base, Maharashtra","CENTRIFUGAL PUMP SPARE, 24 INCH, CLASS 600, ASTM A182 F11",70,67614.85,658
ONGC-GAS-02246,ONGC,"Ankleshwar Asset, Gujarat","SPIRAL WOUND GASKET WITH INNER AND OUTER RING, 6 INCH, CLASS 600, ASME B16.20",8,11303.33,213
ONGC-ELB-02247,ONGC,"Hazira Gas Processing Plant, Gujarat","BUTTWELD FITTING, ELBOW 90 DEG LONG RADIUS, 1 INCH, SCH XXS, ASTM A234 WPB, ASME B16.9",123,7583.6,681
ONGC-ELB-02248,ONGC,"Hazira Gas Processing Plant, Gujarat","BUTTWELD FITTING, ELBOW 90 DEG LONG RADIUS, 6 INCH, SCH 40, ASTM A234 WPB, ASME B16.9",54,5095.84,42
ONGC-STU-02249,ONGC,"Hazira Gas Processing Plant, Gujarat","STUD BOLT WITH TWO HEAVY HEX NUTS, 3 INCH, LENGTH 180 MM, STUD ASTM A193 B7, NUTS ASTM A194 GR 2H",92,3871.42,214
ONGC-GAS-02250,ONGC,"Uran Gas Processing Complex, Maharashtra","SPIRAL WOUND GASKET WITH INNER AND OUTER RING, 4 INCH, CLASS 600, ASME B16.20",63,2815.38,16
ONGC-PIP-02251,ONGC,"Uran Gas Processing Complex, Maharashtra","LINE PIPE, SEAMLESS, 24 INCH, SCH 20, ASTM A182 F316L, ASME B36.10M, BEVELED ENDS",21,5169.71,216
ONGC-RED-02252,ONGC,"Hazira Gas Processing Plant, Gujarat","BUTTWELD FITTING, CONCENTRIC REDUCER, 20 INCH, SCH 80, ASTM A234 WPB, ASME B16.9",129,3436.17,52
ONGC-GAT-02253,ONGC,"Ankleshwar Asset, Gujarat","GATE VALVE, BOLTED BONNET, 6 INCH, CLASS 600, BODY ASTM A182 F53, FLANGED ENDS, TRIM 16, FF FACING",103,131654.56,247
ONGC-PIP-02254,ONGC,"Mumbai High Offshore Logistics Base, Maharashtra","LINE PIPE, SEAMLESS, 2 INCH, SCH XXS, ASTM A106 GR.B, ASME B36.10M, BEVELED ENDS",119,3890.96,1053
ONGC-PSV-02255,ONGC,"Rajahmundry Asset, Andhra Pradesh","BALL VALVE, BOLTED BONNET, 3 INCH, CLASS 2500, BODY ASTM A193 B16, FLANGED ENDS",35,20803.43,383
ONGC-STU-02256,ONGC,"Ankleshwar Asset, Gujarat","STUD BOLT WITH TWO HEAVY HEX NUTS, 1/2 INCH, LENGTH 180 MM, STUD ASTM A182 F11, NUTS ASTM A194 GR 2H",47,3454.19,345
ONGC-PSV-02257,ONGC,"Ankleshwar Asset, Gujarat","BALL VALVE, BOLTED BONNET, 4 INCH, CLASS 300, BODY ASTM A105, FLANGED ENDS, TRIM 12, FF FACING",40,14828.29,8
ONGC-CEN-02258,ONGC,"Hazira Gas Processing Plant, Gujarat","CENTRIFUGAL PUMP SPARE, 2 INCH, CLASS 900, ASTM A106 GR.B",63,44304.09,137
ONGC-GAS-02259,ONGC,"Uran Gas Processing Complex, Maharashtra","SPIRAL WOUND GASKET WITH INNER AND OUTER RING, 24 INCH, CLASS 600, ASME B16.20",33,1882.32,25
ONGC-FLA-02260,ONGC,"Mumbai High Offshore Logistics Base, Maharashtra","FLANGE, WELDING NECK, 24 INCH, CLASS 600, ASTM A193 B7, ASME B16.5, RTJ FACING",138,7908.09,299
ONGC-CEN-02261,ONGC,"Hazira Gas Processing Plant, Gujarat","CENTRIFUGAL PUMP SPARE, 1.5 INCH, CLASS 600, INCONEL 625",20,352628.31,95
ONGC-TEE-02262,ONGC,"Uran Gas Processing Complex, Maharashtra","BUTTWELD FITTING, EQUAL TEE, 3/4 INCH, SCH 40, ASTM A234 WPB, ASME B16.9",54,11224.71,38
ONGC-GAS-02263,ONGC,"Uran Gas Processing Complex, Maharashtra","SPIRAL WOUND GASKET WITH INNER AND OUTER RING, 10 INCH, CLASS 1500, ASME B16.20",15,4099.33,1088
ONGC-GAS-02264,ONGC,"Uran Gas Processing Complex, Maharashtra","METALLIC RING JOINT GASKET OCTAGONAL, 8 INCH, CLASS 150, ASME B16.20",97,3141.97,586
ONGC-CHE-02265,ONGC,"Uran Gas Processing Complex, Maharashtra","CHECK VALVE, BOLTED BONNET, 10 INCH, CLASS 150, BODY INCONEL 625, FLANGED ENDS, TRIM 5, SW FACING",141,186913.6,53
ONGC-CHE-02266,ONGC,"Ankleshwar Asset, Gujarat","CHECK VALVE, BOLTED BONNET, 16 INCH, CLASS 1500, BODY ASTM A182 F53, FLANGED ENDS, TRIM 12, FF FACING",45,118036.7,1071
ONGC-CEN-02267,ONGC,"Hazira Gas Processing Plant, Gujarat","CENTRIFUGAL PUMP SPARE, 16 INCH, CLASS 150, ASTM A182 F316",45,92210.13,25
ONGC-BAL-02268,ONGC,"Hazira Gas Processing Plant, Gujarat","BALL VALVE, BOLTED BONNET, 3/4 INCH, CLASS 600, BODY ASTM A106 GR.B, FLANGED ENDS, TRIM 12, FF FACING",92,20676.38,118
ONGC-CHE-02269,ONGC,"Uran Gas Processing Complex, Maharashtra","CHECK VALVE, BOLTED BONNET, 6 INCH, CLASS 1500, BODY ASTM A105, FLANGED ENDS",23,26800.03,997
ONGC-PIP-02270,ONGC,"Uran Gas Processing Complex, Maharashtra","LINE PIPE, SEAMLESS, 4 INCH, SCH XXS, ASTM A182 F316, ASME B36.10M, BEVELED ENDS",111,6319.49,247
ONGC-GAT-02271,ONGC,"Rajahmundry Asset, Andhra Pradesh","GATE VALVE, BOLTED BONNET, 4 INCH, CLASS 1500, BODY ASTM A193 B16, FLANGED ENDS",69,20256.62,680
ONGC-GAT-02272,ONGC,"Hazira Gas Processing Plant, Gujarat","GATE VALVE, BOLTED BONNET, 16 INCH, CLASS 900, BODY ASTM A182 F11, FLANGED ENDS, TRIM 12, RF FACING",98,27162.43,426
ONGC-GAS-02273,ONGC,"Ankleshwar Asset, Gujarat","SPIRAL WOUND GASKET WITH INNER AND OUTER RING, 3/4 INCH, CLASS 900, ASME B16.20",138,13583.02,57
ONGC-STU-02274,ONGC,"Ankleshwar Asset, Gujarat","STUD BOLT WITH TWO HEAVY HEX NUTS, 4 INCH, LENGTH 180 MM, STUD ASTM A106 GR.B, NUTS ASTM A194 GR 2H",146,4017.52,14
ONGC-STU-02275,ONGC,"Hazira Gas Processing Plant, Gujarat","STUD BOLT WITH TWO HEAVY HEX NUTS, 10 INCH, LENGTH 180 MM, STUD ASTM A182 F304, NUTS ASTM A194 GR 2H",36,3695.63,45
ONGC-GAS-02276,ONGC,"Ankleshwar Asset, Gujarat","METALLIC RING JOINT GASKET OCTAGONAL, 1/2 INCH, CLASS 150, ASME B16.20",119,4385.39,264
ONGC-GAS-02277,ONGC,"Mumbai High Offshore Logistics Base, Maharashtra","SPIRAL WOUND GASKET WITH INNER AND OUTER RING, 1 INCH, CLASS 1500, ASME B16.20",90,2118.02,26
ONGC-BUT-02278,ONGC,"Rajahmundry Asset, Andhra Pradesh","BALL VALVE, BOLTED BONNET, 20 INCH, CLASS 900, BODY ASTM A182 F22, FLANGED ENDS, TRIM 5, RF FACING",12,19203.12,6
ONGC-BAL-02279,ONGC,"Mumbai High Offshore Logistics Base, Maharashtra","BALL VALVE, BOLTED BONNET, 20 INCH, CLASS 900, BODY ASTM A105, FLANGED ENDS, TRIM 8, FF FACING",88,14324.83,42
ONGC-STU-02280,ONGC,"Mumbai High Offshore Logistics Base, Maharashtra","STUD BOLT WITH TWO HEAVY HEX NUTS, 16 INCH, LENGTH 180 MM, STUD ASTM A182 F53, NUTS ASTM A194 GR 2H",53,11832.07,259
ONGC-PIP-02281,ONGC,"Rajahmundry Asset, Andhra Pradesh","LINE PIPE, SEAMLESS, 8 INCH, SCH 40, ASTM A193 B16, ASME B36.10M, BEVELED ENDS",114,3877.01,801
ONGC-CEN-02282,ONGC,"Ankleshwar Asset, Gujarat","CENTRIFUGAL PUMP SPARE, 1/2 INCH, CLASS 900, ASTM A182 F11",33,77559.93,13
ONGC-GAS-02283,ONGC,"Hazira Gas Processing Plant, Gujarat","METALLIC RING JOINT GASKET OCTAGONAL, 6 INCH, CLASS 1500, ASME B16.20",71,3704.88,1137
ONGC-RED-02284,ONGC,"Ankleshwar Asset, Gujarat","BUTTWELD FITTING, CONCENTRIC REDUCER, 20 INCH, SCH 40, ASTM A234 WPB, ASME B16.9",66,4231.3,38
ONGC-TEE-02285,ONGC,"Hazira Gas Processing Plant, Gujarat","BUTTWELD FITTING, EQUAL TEE, 20 INCH, SCH XXS, ASTM A234 WPB, ASME B16.9",67,3138.9,41
ONGC-BAL-02286,ONGC,"Rajahmundry Asset, Andhra Pradesh","BALL VALVE, BOLTED BONNET, 3/4 INCH, CLASS 2500, BODY ASTM A182 F51, FLANGED ENDS, TRIM 5, SW FACING",105,57224.49,119
ONGC-GAS-02287,ONGC,"Hazira Gas Processing Plant, Gujarat","SPIRAL WOUND GASKET WITH INNER AND OUTER RING, 2 INCH, CLASS 1500, ASME B16.20",133,2986.03,361
ONGC-PSV-02288,ONGC,"Rajahmundry Asset, Andhra Pradesh","BALL VALVE, BOLTED BONNET, 3 INCH, CLASS 2500, BODY ASTM A193 B16, FLANGED ENDS, TRIM 5, BW FACING",137,26638.28,60
ONGC-GAS-02289,ONGC,"Ankleshwar Asset, Gujarat","SPIRAL WOUND GASKET WITH INNER AND OUTER RING, 3 INCH, CLASS 300, ASME B16.20",11,18457.03,354
ONGC-TEE-02290,ONGC,"Mumbai High Offshore Logistics Base, Maharashtra","BUTTWELD FITTING, EQUAL TEE, 8 INCH, SCH 80, ASTM A234 WPB, ASME B16.9",103,2640.99,203
ONGC-GAS-02291,ONGC,"Mumbai High Offshore Logistics Base, Maharashtra","SPIRAL WOUND GASKET WITH INNER AND OUTER RING, 3/4 INCH, CLASS 300, ASME B16.20",92,3624.49,335
ONGC-STU-02292,ONGC,"Rajahmundry Asset, Andhra Pradesh","STUD BOLT WITH TWO HEAVY HEX NUTS, 6 INCH, LENGTH 180 MM, STUD ASTM A193 B16, NUTS ASTM A194 GR 2H",138,3823.48,22
ONGC-GAS-02293,ONGC,"Ankleshwar Asset, Gujarat","SPIRAL WOUND GASKET WITH INNER AND OUTER RING, 3 INCH, CLASS 150, ASME B16.20",31,4047.25,343
ONGC-BUT-02294,ONGC,"Uran Gas Processing Complex, Maharashtra","BALL VALVE, BOLTED BONNET, 3/4 INCH, CLASS 600, BODY ASTM A350 LF2, FLANGED ENDS, TRIM 12, SW FACING",112,19651.47,817
ONGC-RED-02295,ONGC,"Rajahmundry Asset, Andhra Pradesh","BUTTWELD FITTING, CONCENTRIC REDUCER, 3 INCH, SCH 40, ASTM A234 WPB, ASME B16.9",130,10312.46,8
ONGC-PSV-02296,ONGC,"Mumbai High Offshore Logistics Base, Maharashtra","BALL VALVE, BOLTED BONNET, 1 INCH, CLASS 300, BODY ASTM A105, FLANGED ENDS, TRIM 16, FF FACING",72,16362.75,1143
ONGC-GAS-02297,ONGC,"Ankleshwar Asset, Gujarat","METALLIC RING JOINT GASKET OCTAGONAL, 4 INCH, CLASS 1500, ASME B16.20",13,3436.25,812
ONGC-GAS-02298,ONGC,"Uran Gas Processing Complex, Maharashtra","SPIRAL WOUND GASKET WITH INNER AND OUTER RING, 1.5 INCH, CLASS 300, ASME B16.20",77,3397.26,261
ONGC-GAS-02299,ONGC,"Mumbai High Offshore Logistics Base, Maharashtra","SPIRAL WOUND GASKET WITH INNER AND OUTER RING, 6 INCH, CLASS 150, ASME B16.20",89,2772.31,304
ONGC-CHE-02300,ONGC,"Rajahmundry Asset, Andhra Pradesh","CHECK VALVE, BOLTED BONNET, 6 INCH, CLASS 600, BODY ASTM A182 F11, FLANGED ENDS, TRIM 1, BW FACING",104,26033.24,13
ONGC-STU-02301,ONGC,"Rajahmundry Asset, Andhra Pradesh","STUD BOLT WITH TWO HEAVY HEX NUTS, 3/4 INCH, LENGTH 180 MM, STUD ASTM A182 F316, NUTS ASTM A194 GR 2H",40,9572.86,269
ONGC-GAS-02302,ONGC,"Hazira Gas Processing Plant, Gujarat","SPIRAL WOUND GASKET WITH INNER AND OUTER RING, 3/4 INCH, CLASS 600, ASME B16.20",83,3862.3,59
ONGC-PSV-02303,ONGC,"Uran Gas Processing Complex, Maharashtra","BALL VALVE, BOLTED BONNET, 3/4 INCH, CLASS 300, BODY ASTM A105, FLANGED ENDS, TRIM 8, BW FACING",99,17111.38,202
ONGC-PIP-02304,ONGC,"Mumbai High Offshore Logistics Base, Maharashtra","LINE PIPE, SEAMLESS, 8 INCH, ASTM A182 F51, ASME B36.10M, BEVELED ENDS",6,10401.93,450
ONGC-GAS-02305,ONGC,"Rajahmundry Asset, Andhra Pradesh","METALLIC RING JOINT GASKET OCTAGONAL, 6 INCH, CLASS 600, ASME B16.20",95,2063.43,41
ONGC-GAS-02306,ONGC,"Ankleshwar Asset, Gujarat","METALLIC RING JOINT GASKET OCTAGONAL, 4 INCH, CLASS 600, ASME B16.20",139,2364.07,895
ONGC-BUT-02307,ONGC,"Mumbai High Offshore Logistics Base, Maharashtra","BALL VALVE, BOLTED BONNET, 3 INCH, CLASS 900, BODY ASTM A182 F22, FLANGED ENDS, TRIM 8, BW FACING",82,25030.51,337
ONGC-BUT-02308,ONGC,"Uran Gas Processing Complex, Maharashtra","BALL VALVE, BOLTED BONNET, 20 INCH, CLASS 900, BODY ASTM A182 F304, FLANGED ENDS, TRIM 5, FF FACING",138,22820.86,143
ONGC-GAS-02309,ONGC,"Rajahmundry Asset, Andhra Pradesh","METALLIC RING JOINT GASKET OCTAGONAL, 10 INCH, CLASS 150, ASME B16.20",125,2988.52,49
ONGC-BUT-02310,ONGC,"Mumbai High Offshore Logistics Base, Maharashtra","BALL VALVE, BOLTED BONNET, 1/2 INCH, CLASS 2500, BODY ASTM A350 LF2, FLANGED ENDS",13,15673.84,220
ONGC-PSV-02311,ONGC,"Ankleshwar Asset, Gujarat","BALL VALVE, BOLTED BONNET, 24 INCH, CLASS 2500, BODY ASTM A350 LF2, FLANGED ENDS, TRIM 8, SW FACING",68,27245.84,159
ONGC-BUT-02312,ONGC,"Uran Gas Processing Complex, Maharashtra","BALL VALVE, BOLTED BONNET, 3 INCH, CLASS 600, BODY ASTM A182 F51, FLANGED ENDS",125,49046.52,702
ONGC-BUT-02313,ONGC,"Ankleshwar Asset, Gujarat","BALL VALVE, BOLTED BONNET, 1 INCH, CLASS 1500, BODY ASTM A182 F51, FLANGED ENDS, TRIM 8, SW FACING",94,81603.54,1159
ONGC-GAS-02314,ONGC,"Uran Gas Processing Complex, Maharashtra","SPIRAL WOUND GASKET WITH INNER AND OUTER RING, 3 INCH, CLASS 1500, ASME B16.20",26,3672.46,525
ONGC-GAS-02315,ONGC,"Ankleshwar Asset, Gujarat","METALLIC RING JOINT GASKET OCTAGONAL, 16 INCH, CLASS 2500, ASME B16.20",78,3096.11,24
ONGC-BAL-02316,ONGC,"Uran Gas Processing Complex, Maharashtra","BALL VALVE, BOLTED BONNET, 6 INCH, CLASS 2500, BODY ASTM A182 F316L, FLANGED ENDS, TRIM 1, BW FACING",126,69408.03,56
ONGC-TEE-02317,ONGC,"Hazira Gas Processing Plant, Gujarat","BUTTWELD FITTING, EQUAL TEE, 1.5 INCH, SCH 80, ASTM A234 WPB, ASME B16.9",73,7250.94,54
ONGC-ELB-02318,ONGC,"Hazira Gas Processing Plant, Gujarat","BUTTWELD FITTING, ELBOW 90 DEG LONG RADIUS, 6 INCH, ASTM A234 WPB, ASME B16.9",8,3687.4,814
ONGC-FLA-02319,ONGC,"Rajahmundry Asset, Andhra Pradesh","FLANGE, BLIND, 8 INCH, CLASS 900, ASTM A182 F316L, ASME B16.5",136,12305.94,773
ONGC-GLO-02320,ONGC,"Rajahmundry Asset, Andhra Pradesh","GLOBE VALVE, BOLTED BONNET, 10 INCH, CLASS 900, BODY ASTM A106 GR.B, FLANGED ENDS, TRIM 5, SW FACING",114,21455.72,271
ONGC-ELB-02321,ONGC,"Rajahmundry Asset, Andhra Pradesh","BUTTWELD FITTING, ELBOW 90 DEG LONG RADIUS, 6 INCH, SCH 80, ASTM A234 WPB, ASME B16.9",117,2227.24,39
ONGC-CHE-02322,ONGC,"Rajahmundry Asset, Andhra Pradesh","CHECK VALVE, BOLTED BONNET, 2 INCH, CLASS 300, BODY ASTM A350 LF2, FLANGED ENDS",13,25451.3,249
ONGC-STU-02323,ONGC,"Mumbai High Offshore Logistics Base, Maharashtra","STUD BOLT WITH TWO HEAVY HEX NUTS, 1.5 INCH, LENGTH 180 MM, STUD ASTM A182 F304, NUTS ASTM A194 GR 2H",123,3833.74,51
ONGC-GAS-02324,ONGC,"Hazira Gas Processing Plant, Gujarat","SPIRAL WOUND GASKET WITH INNER AND OUTER RING, 6 INCH, CLASS 2500, ASME B16.20",59,4087.63,739
ONGC-PSV-02325,ONGC,"Ankleshwar Asset, Gujarat","BALL VALVE, BOLTED BONNET, 3 INCH, CLASS 300, BODY ASTM A216 WCB, FLANGED ENDS, TRIM 16, RF FACING",107,18198.23,1195
ONGC-BAL-02326,ONGC,"Rajahmundry Asset, Andhra Pradesh","BALL VALVE, BOLTED BONNET, 10 INCH, CLASS 150, BODY ASTM A193 B7, FLANGED ENDS, TRIM 16, RTJ FACING",23,29542.91,48
ONGC-GAT-02327,ONGC,"Mumbai High Offshore Logistics Base, Maharashtra","GATE VALVE, BOLTED BONNET, 3/4 INCH, CLASS 1500, BODY ASTM A182 F304, FLANGED ENDS",126,29136.42,707
ONGC-PSV-02328,ONGC,"Uran Gas Processing Complex, Maharashtra","BALL VALVE, BOLTED BONNET, 2 INCH, CLASS 900, BODY ASTM A182 F304, FLANGED ENDS, TRIM 12, FF FACING",96,27361.32,282
ONGC-BAL-02329,ONGC,"Hazira Gas Processing Plant, Gujarat","BALL VALVE, BOLTED BONNET, 16 INCH, CLASS 1500, BODY ASTM A182 F304, FLANGED ENDS, TRIM 16, RF FACING",88,15189.5,558
ONGC-FLA-02330,ONGC,"Ankleshwar Asset, Gujarat","FLANGE, WELDING NECK, 12 INCH, CLASS 2500, ASTM A182 F22, ASME B16.5, RTJ FACING",56,5575.57,310
ONGC-GAS-02331,ONGC,"Hazira Gas Processing Plant, Gujarat","METALLIC RING JOINT GASKET OCTAGONAL, 12 INCH, CLASS 300, ASME B16.20",43,1951.73,1043
ONGC-CHE-02332,ONGC,"Hazira Gas Processing Plant, Gujarat","CHECK VALVE, BOLTED BONNET, 3/4 INCH, CLASS 300, BODY ASTM A350 LF2, FLANGED ENDS, TRIM 8, FF FACING",114,16845.88,18
ONGC-FLA-02333,ONGC,"Mumbai High Offshore Logistics Base, Maharashtra","FLANGE, WELDING NECK, 1/2 INCH, CLASS 2500, ASTM A182 F53, ASME B16.5, BW FACING",108,39893.59,477
ONGC-CHE-02334,ONGC,"Rajahmundry Asset, Andhra Pradesh","CHECK VALVE, BOLTED BONNET, 6 INCH, CLASS 900, BODY ASTM A193 B16, FLANGED ENDS, TRIM 5, BW FACING",124,27143.05,9
ONGC-ELB-02335,ONGC,"Rajahmundry Asset, Andhra Pradesh","BUTTWELD FITTING, ELBOW 90 DEG LONG RADIUS, 4 INCH, SCH 20, ASTM A234 WPB, ASME B16.9",13,3681.12,765
ONGC-CHE-02336,ONGC,"Uran Gas Processing Complex, Maharashtra","CHECK VALVE, BOLTED BONNET, 20 INCH, CLASS 900, BODY ASTM A105, FLANGED ENDS, TRIM 12, RTJ FACING",66,25672.21,477
ONGC-RED-02337,ONGC,"Ankleshwar Asset, Gujarat","BUTTWELD FITTING, CONCENTRIC REDUCER, 1/2 INCH, SCH 160, ASTM A234 WPB, ASME B16.9",65,4064.23,944
ONGC-GAS-02338,ONGC,"Uran Gas Processing Complex, Maharashtra","SPIRAL WOUND GASKET WITH INNER AND OUTER RING, 24 INCH, CLASS 2500, ASME B16.20",30,3814.21,43
ONGC-GAT-02339,ONGC,"Rajahmundry Asset, Andhra Pradesh","GATE VALVE, BOLTED BONNET, 4 INCH, CLASS 1500, BODY ASTM A182 F53, FLANGED ENDS",37,149853.77,96
ONGC-GLO-02340,ONGC,"Rajahmundry Asset, Andhra Pradesh","GLOBE VALVE, BOLTED BONNET, 4 INCH, CLASS 2500, BODY ASTM A106 GR.B, FLANGED ENDS, TRIM 1, RTJ FACING",36,28962.99,26
ONGC-GLO-02341,ONGC,"Hazira Gas Processing Plant, Gujarat","GLOBE VALVE, BOLTED BONNET, 8 INCH, CLASS 900, BODY ASTM A216 WCB, FLANGED ENDS, TRIM 16, BW FACING",94,29194.81,510
ONGC-CHE-02342,ONGC,"Rajahmundry Asset, Andhra Pradesh","CHECK VALVE, BOLTED BONNET, 1.5 INCH, CLASS 2500, BODY ASTM A350 LF2, FLANGED ENDS, TRIM 5, SW FACING",22,13584.38,320
ONGC-PSV-02343,ONGC,"Uran Gas Processing Complex, Maharashtra","BALL VALVE, BOLTED BONNET, 1.5 INCH, CLASS 2500, BODY ASTM A106 GR.B, FLANGED ENDS, TRIM 8, FF FACING",89,15917.93,15
ONGC-CEN-02344,ONGC,"Ankleshwar Asset, Gujarat","CENTRIFUGAL PUMP SPARE, 10 INCH, CLASS 600, ASTM A193 B16",95,59154.75,945
ONGC-FLA-02345,ONGC,"Hazira Gas Processing Plant, Gujarat","FLANGE, SOCKET WELD, 6 INCH, CLASS 150, ASTM A350 LF2, ASME B16.5, SW FACING",7,4326.62,301
ONGC-CEN-02346,ONGC,"Ankleshwar Asset, Gujarat","CENTRIFUGAL PUMP SPARE, 16 INCH, CLASS 900, ASTM A105",2,50083.0,30
ONGC-GAS-02347,ONGC,"Ankleshwar Asset, Gujarat","METALLIC RING JOINT GASKET OCTAGONAL, 4 INCH, CLASS 1500, ASME B16.20",67,2192.08,323
ONGC-ELB-02348,ONGC,"Mumbai High Offshore Logistics Base, Maharashtra","BUTTWELD FITTING, ELBOW 90 DEG LONG RADIUS, 2 INCH, SCH 160, ASTM A234 WPB, ASME B16.9",117,9337.22,447
ONGC-GAS-02349,ONGC,"Ankleshwar Asset, Gujarat","METALLIC RING JOINT GASKET OCTAGONAL, 10 INCH, CLASS 900, ASME B16.20",116,6979.15,346
ONGC-GAT-02350,ONGC,"Uran Gas Processing Complex, Maharashtra","GATE VALVE, BOLTED BONNET, 24 INCH, CLASS 150, BODY ASTM A193 B16, FLANGED ENDS, TRIM 16, FF FACING",78,27378.01,485
ONGC-GAT-02351,ONGC,"Uran Gas Processing Complex, Maharashtra","GATE VALVE, BOLTED BONNET, 1/2 INCH, CLASS 900, BODY ASTM A182 F316, FLANGED ENDS, TRIM 8, RF FACING",150,77854.52,244
ONGC-PIP-02352,ONGC,"Hazira Gas Processing Plant, Gujarat","LINE PIPE, SEAMLESS, 10 INCH, SCH 20, INCONEL 625, ASME B36.10M, BEVELED ENDS",101,16310.11,662
ONGC-GAS-02353,ONGC,"Ankleshwar Asset, Gujarat","SPIRAL WOUND GASKET WITH INNER AND OUTER RING, 20 INCH, CLASS 900, ASME B16.20",39,5831.63,669
ONGC-BUT-02354,ONGC,"Hazira Gas Processing Plant, Gujarat","BALL VALVE, BOLTED BONNET, 2 INCH, CLASS 2500, BODY ASTM A182 F304, FLANGED ENDS, TRIM 16, RTJ FACING",98,23962.81,304
ONGC-PIP-02355,ONGC,"Mumbai High Offshore Logistics Base, Maharashtra","LINE PIPE, SEAMLESS, 8 INCH, ASTM A193 B7, ASME B36.10M, BEVELED ENDS",105,4024.92,108
ONGC-CEN-02356,ONGC,"Uran Gas Processing Complex, Maharashtra","CENTRIFUGAL PUMP SPARE, 20 INCH, CLASS 2500, ASTM A182 F51",53,154851.01,299
ONGC-CHE-02357,ONGC,"Mumbai High Offshore Logistics Base, Maharashtra","CHECK VALVE, BOLTED BONNET, 20 INCH, CLASS 150, BODY ASTM A182 F51, FLANGED ENDS",15,80594.45,53
ONGC-GLO-02358,ONGC,"Ankleshwar Asset, Gujarat","GLOBE VALVE, BOLTED BONNET, 1/2 INCH, CLASS 900, BODY ASTM A182 F53, FLANGED ENDS, TRIM 5, BW FACING",139,195860.09,46
ONGC-GLO-02359,ONGC,"Ankleshwar Asset, Gujarat","GLOBE VALVE, BOLTED BONNET, 10 INCH, CLASS 300, BODY ASTM A350 LF2, FLANGED ENDS, TRIM 1, RTJ FACING",65,19042.48,1199
ONGC-CEN-02360,ONGC,"Ankleshwar Asset, Gujarat","CENTRIFUGAL PUMP SPARE, 1/2 INCH, CLASS 900, ASTM A105",89,66141.11,814
ONGC-CEN-02361,ONGC,"Uran Gas Processing Complex, Maharashtra","CENTRIFUGAL PUMP SPARE, 8 INCH, CLASS 600, ASTM A182 F316L",63,144071.28,115
ONGC-PSV-02362,ONGC,"Uran Gas Processing Complex, Maharashtra","BALL VALVE, BOLTED BONNET, 6 INCH, CLASS 600, BODY ASTM A182 F304, FLANGED ENDS, TRIM 16, SW FACING",63,15611.35,42
ONGC-BAL-02363,ONGC,"Ankleshwar Asset, Gujarat","BALL VALVE, BOLTED BONNET, 1/2 INCH, CLASS 600, BODY ASTM A216 WCB, FLANGED ENDS, TRIM 8, FF FACING",64,32793.65,245
ONGC-BUT-02364,ONGC,"Mumbai High Offshore Logistics Base, Maharashtra","BALL VALVE, BOLTED BONNET, 12 INCH, CLASS 900, BODY ASTM A193 B16, FLANGED ENDS, TRIM 16, BW FACING",140,21358.37,48
ONGC-GAS-02365,ONGC,"Ankleshwar Asset, Gujarat","SPIRAL WOUND GASKET WITH INNER AND OUTER RING, 6 INCH, CLASS 150, ASME B16.20",24,3583.94,257
ONGC-PIP-02366,ONGC,"Rajahmundry Asset, Andhra Pradesh","LINE PIPE, SEAMLESS, 10 INCH, SCH XXS, ASTM A350 LF2, ASME B36.10M, BEVELED ENDS",124,2313.57,573
ONGC-GAT-02367,ONGC,"Uran Gas Processing Complex, Maharashtra","GATE VALVE, BOLTED BONNET, 1 INCH, CLASS 1500, BODY ASTM A182 F304, FLANGED ENDS, TRIM 16, FF FACING",29,22883.01,291
ONGC-GAT-02368,ONGC,"Ankleshwar Asset, Gujarat","GATE VALVE, BOLTED BONNET, 8 INCH, CLASS 150, BODY ASTM A182 F316L, FLANGED ENDS, TRIM 5, RTJ FACING",121,33972.21,25
ONGC-GLO-02369,ONGC,"Hazira Gas Processing Plant, Gujarat","GLOBE VALVE, BOLTED BONNET, 1/2 INCH, CLASS 300, BODY ASTM A182 F53, FLANGED ENDS, TRIM 8, FF FACING",41,167797.96,450
ONGC-CEN-02370,ONGC,"Uran Gas Processing Complex, Maharashtra","CENTRIFUGAL PUMP SPARE, 2 INCH, CLASS 1500, ASTM A182 F51",128,161039.86,125
ONGC-PIP-02371,ONGC,"Hazira Gas Processing Plant, Gujarat","LINE PIPE, SEAMLESS, 3 INCH, SCH 40, ASTM A182 F316L, ASME B36.10M, BEVELED ENDS",104,9369.0,320
ONGC-GLO-02372,ONGC,"Hazira Gas Processing Plant, Gujarat","GLOBE VALVE, BOLTED BONNET, 20 INCH, CLASS 600, BODY INCONEL 625, FLANGED ENDS, TRIM 12, RTJ FACING",75,168311.41,56
ONGC-RED-02373,ONGC,"Ankleshwar Asset, Gujarat","BUTTWELD FITTING, CONCENTRIC REDUCER, 1.5 INCH, SCH XXS, ASTM A234 WPB, ASME B16.9",137,9549.62,5
ONGC-PSV-02374,ONGC,"Ankleshwar Asset, Gujarat","BALL VALVE, BOLTED BONNET, 4 INCH, CLASS 900, BODY ASTM A182 F304, FLANGED ENDS, TRIM 16, BW FACING",20,18804.24,716
ONGC-GAS-02375,ONGC,"Hazira Gas Processing Plant, Gujarat","SPIRAL WOUND GASKET WITH INNER AND OUTER RING, 16 INCH, CLASS 150, ASME B16.20",145,3063.79,43
ONGC-FLA-02376,ONGC,"Rajahmundry Asset, Andhra Pradesh","FLANGE, BLIND, 3/4 INCH, CLASS 1500, ASTM A182 F11, ASME B16.5",141,6957.92,27
ONGC-GAS-02377,ONGC,"Uran Gas Processing Complex, Maharashtra","SPIRAL WOUND GASKET WITH INNER AND OUTER RING, 24 INCH, CLASS 300, ASME B16.20",123,3485.1,37
ONGC-BUT-02378,ONGC,"Hazira Gas Processing Plant, Gujarat","BALL VALVE, BOLTED BONNET, 1.5 INCH, CLASS 1500, BODY ASTM A182 F53, FLANGED ENDS, TRIM 1, FF FACING",114,90893.89,175
ONGC-BUT-02379,ONGC,"Uran Gas Processing Complex, Maharashtra","BALL VALVE, BOLTED BONNET, 2 INCH, CLASS 1500, BODY INCONEL 625, FLANGED ENDS, TRIM 1, FF FACING",120,179215.03,301
ONGC-GLO-02380,ONGC,"Rajahmundry Asset, Andhra Pradesh","GLOBE VALVE, BOLTED BONNET, 3/4 INCH, CLASS 300, BODY ASTM A182 F316, FLANGED ENDS, TRIM 16, RF FACING",77,66080.2,331
ONGC-CHE-02381,ONGC,"Ankleshwar Asset, Gujarat","CHECK VALVE, BOLTED BONNET, 2 INCH, CLASS 600, BODY ASTM A193 B16, FLANGED ENDS, TRIM 12, BW FACING",49,26080.06,677
ONGC-CEN-02382,ONGC,"Rajahmundry Asset, Andhra Pradesh","CENTRIFUGAL PUMP SPARE, 4 INCH, CLASS 600, ASTM A182 F51",122,98026.81,594
ONGC-PSV-02383,ONGC,"Rajahmundry Asset, Andhra Pradesh","BALL VALVE, BOLTED BONNET, 20 INCH, CLASS 300, BODY ASTM A182 F22, FLANGED ENDS",70,31876.3,100
ONGC-GLO-02384,ONGC,"Hazira Gas Processing Plant, Gujarat","GLOBE VALVE, BOLTED BONNET, 16 INCH, CLASS 150, BODY ASTM A182 F304, FLANGED ENDS, TRIM 12, SW FACING",146,19184.19,795
ONGC-BUT-02385,ONGC,"Ankleshwar Asset, Gujarat","BALL VALVE, BOLTED BONNET, 1 INCH, CLASS 900, BODY ASTM A182 F51, FLANGED ENDS, TRIM 12, BW FACING",98,68128.88,161
ONGC-BAL-02386,ONGC,"Mumbai High Offshore Logistics Base, Maharashtra","BALL VALVE, BOLTED BONNET, 1.5 INCH, CLASS 150, BODY ASTM A182 F11, FLANGED ENDS, TRIM 5, RF FACING",22,27713.08,468
ONGC-BUT-02387,ONGC,"Hazira Gas Processing Plant, Gujarat","BALL VALVE, BOLTED BONNET, 1 INCH, CLASS 300, BODY ASTM A216 WCB, FLANGED ENDS, TRIM 1, RTJ FACING",102,19652.63,223
ONGC-PIP-02388,ONGC,"Rajahmundry Asset, Andhra Pradesh","LINE PIPE, SEAMLESS, 10 INCH, SCH 20, ASTM A182 F11, ASME B36.10M, BEVELED ENDS",56,4566.95,361
ONGC-ELB-02389,ONGC,"Rajahmundry Asset, Andhra Pradesh","BUTTWELD FITTING, ELBOW 90 DEG LONG RADIUS, 1.5 INCH, SCH 80, ASTM A234 WPB, ASME B16.9",83,3570.26,303
ONGC-GAS-02390,ONGC,"Rajahmundry Asset, Andhra Pradesh","METALLIC RING JOINT GASKET OCTAGONAL, 1 INCH, CLASS 300, ASME B16.20",111,9975.39,842
ONGC-GAS-02391,ONGC,"Hazira Gas Processing Plant, Gujarat","METALLIC RING JOINT GASKET OCTAGONAL, 1 INCH, CLASS 1500, ASME B16.20",145,1918.72,119
ONGC-PSV-02392,ONGC,"Uran Gas Processing Complex, Maharashtra","BALL VALVE, BOLTED BONNET, 8 INCH, CLASS 900, BODY ASTM A182 F51, FLANGED ENDS",64,75430.72,257
ONGC-STU-02393,ONGC,"Hazira Gas Processing Plant, Gujarat","STUD BOLT WITH TWO HEAVY HEX NUTS, 6 INCH, LENGTH 180 MM, STUD ASTM A105, NUTS ASTM A194 GR 2H",37,3866.33,122
ONGC-ELB-02394,ONGC,"Rajahmundry Asset, Andhra Pradesh","BUTTWELD FITTING, ELBOW 90 DEG LONG RADIUS, 1.5 INCH, SCH 80, ASTM A234 WPB, ASME B16.9",148,7439.19,6
ONGC-GAS-02395,ONGC,"Ankleshwar Asset, Gujarat","SPIRAL WOUND GASKET WITH INNER AND OUTER RING, 8 INCH, CLASS 2500, ASME B16.20",57,2794.53,1183
ONGC-GAT-02396,ONGC,"Ankleshwar Asset, Gujarat","GATE VALVE, BOLTED BONNET, 1.5 INCH, CLASS 2500, BODY ASTM A350 LF2, FLANGED ENDS, TRIM 12, RF FACING",54,14499.38,19
ONGC-PSV-02397,ONGC,"Uran Gas Processing Complex, Maharashtra","BALL VALVE, BOLTED BONNET, 10 INCH, CLASS 1500, BODY ASTM A216 WCB, FLANGED ENDS",96,17279.37,57
ONGC-CHE-02398,ONGC,"Hazira Gas Processing Plant, Gujarat","CHECK VALVE, BOLTED BONNET, 1 INCH, CLASS 300, BODY ASTM A350 LF2, FLANGED ENDS, TRIM 8, RF FACING",34,19967.74,865
ONGC-GAT-02399,ONGC,"Mumbai High Offshore Logistics Base, Maharashtra","GATE VALVE, BOLTED BONNET, 10 INCH, CLASS 600, BODY ASTM A182 F316, FLANGED ENDS",14,47282.45,244
ONGC-BAL-02400,ONGC,"Ankleshwar Asset, Gujarat","BALL VALVE, BOLTED BONNET, 3 INCH, CLASS 150, BODY ASTM A106 GR.B, FLANGED ENDS, TRIM 16, SW FACING",34,19850.69,863
ONGC-GAT-02401,ONGC,"Hazira Gas Processing Plant, Gujarat","GATE VALVE, BOLTED BONNET, 16 INCH, CLASS 300, BODY ASTM A182 F11, FLANGED ENDS, TRIM 8, RTJ FACING",80,25602.56,997
ONGC-PSV-02402,ONGC,"Uran Gas Processing Complex, Maharashtra","BALL VALVE, BOLTED BONNET, 3/4 INCH, CLASS 900, BODY ASTM A182 F51, FLANGED ENDS, TRIM 12, FF FACING",111,73228.32,1012
ONGC-GLO-02403,ONGC,"Mumbai High Offshore Logistics Base, Maharashtra","GLOBE VALVE, BOLTED BONNET, 4 INCH, CLASS 300, BODY ASTM A182 F304, FLANGED ENDS",20,26792.75,365
ONGC-CEN-02404,ONGC,"Ankleshwar Asset, Gujarat","CENTRIFUGAL PUMP SPARE, 20 INCH, CLASS 150, ASTM A193 B7",118,55323.01,251
ONGC-GLO-02405,ONGC,"Mumbai High Offshore Logistics Base, Maharashtra","GLOBE VALVE, BOLTED BONNET, 3 INCH, CLASS 2500, BODY ASTM A105, FLANGED ENDS, TRIM 16, SW FACING",108,25293.8,34
ONGC-STU-02406,ONGC,"Hazira Gas Processing Plant, Gujarat","STUD BOLT WITH TWO HEAVY HEX NUTS, 10 INCH, LENGTH 180 MM, STUD ASTM A350 LF2, NUTS ASTM A194 GR 2H",28,1996.36,23
ONGC-PSV-02407,ONGC,"Mumbai High Offshore Logistics Base, Maharashtra","BALL VALVE, BOLTED BONNET, 8 INCH, CLASS 1500, BODY ASTM A105, FLANGED ENDS, TRIM 5, SW FACING",143,15443.63,197
ONGC-GAS-02408,ONGC,"Rajahmundry Asset, Andhra Pradesh","METALLIC RING JOINT GASKET OCTAGONAL, 4 INCH, CLASS 1500, ASME B16.20",122,9553.09,456
ONGC-PSV-02409,ONGC,"Hazira Gas Processing Plant, Gujarat","BALL VALVE, BOLTED BONNET, 12 INCH, CLASS 150, BODY ASTM A182 F22, FLANGED ENDS, TRIM 16, BW FACING",98,20114.61,30
ONGC-PIP-02410,ONGC,"Hazira Gas Processing Plant, Gujarat","LINE PIPE, SEAMLESS, 1 INCH, SCH 40, ASTM A182 F51, ASME B36.10M, BEVELED ENDS",125,5764.08,1055
ONGC-PSV-02411,ONGC,"Mumbai High Offshore Logistics Base, Maharashtra","BALL VALVE, BOLTED BONNET, 4 INCH, CLASS 600, BODY ASTM A182 F304, FLANGED ENDS, TRIM 5, RTJ FACING",5,22728.98,19
ONGC-FLA-02412,ONGC,"Rajahmundry Asset, Andhra Pradesh","FLANGE, SLIP ON, 10 INCH, CLASS 2500, ASTM A193 B16, ASME B16.5, SW FACING",27,6550.64,988
ONGC-CHE-02413,ONGC,"Mumbai High Offshore Logistics Base, Maharashtra","CHECK VALVE, BOLTED BONNET, 10 INCH, CLASS 150, BODY ASTM A182 F316L, FLANGED ENDS, TRIM 8, RF FACING",112,52506.45,304
ONGC-GAT-02414,ONGC,"Hazira Gas Processing Plant, Gujarat","GATE VALVE, BOLTED BONNET, 2 INCH, CLASS 600, BODY INCONEL 625, FLANGED ENDS",111,86397.54,47
ONGC-BAL-02415,ONGC,"Mumbai High Offshore Logistics Base, Maharashtra","BALL VALVE, BOLTED BONNET, 1 INCH, CLASS 150, BODY ASTM A350 LF2, FLANGED ENDS, TRIM 1, SW FACING",9,16167.11,268
ONGC-GAS-02416,ONGC,"Mumbai High Offshore Logistics Base, Maharashtra","METALLIC RING JOINT GASKET OCTAGONAL, 1.5 INCH, CLASS 150, ASME B16.20",52,2148.41,476
ONGC-GAS-02417,ONGC,"Uran Gas Processing Complex, Maharashtra","METALLIC RING JOINT GASKET OCTAGONAL, 12 INCH, CLASS 300, ASME B16.20",4,4218.31,14
ONGC-GLO-02418,ONGC,"Hazira Gas Processing Plant, Gujarat","GLOBE VALVE, BOLTED BONNET, 3 INCH, CLASS 600, BODY ASTM A182 F316, FLANGED ENDS, TRIM 8, FF FACING",9,58860.4,1047
ONGC-RED-02419,ONGC,"Mumbai High Offshore Logistics Base, Maharashtra","BUTTWELD FITTING, CONCENTRIC REDUCER, 1.5 INCH, SCH 40, ASTM A234 WPB, ASME B16.9",131,19142.12,284
ONGC-CHE-02420,ONGC,"Rajahmundry Asset, Andhra Pradesh","CHECK VALVE, BOLTED BONNET, 12 INCH, CLASS 150, BODY ASTM A105, FLANGED ENDS, TRIM 5, FF FACING",8,14092.19,240
ONGC-GLO-02421,ONGC,"Hazira Gas Processing Plant, Gujarat","GLOBE VALVE, BOLTED BONNET, 16 INCH, CLASS 600, BODY ASTM A182 F11, FLANGED ENDS, TRIM 5, SW FACING",28,22166.12,302
ONGC-PIP-02422,ONGC,"Rajahmundry Asset, Andhra Pradesh","LINE PIPE, SEAMLESS, 1.5 INCH, SCH 160, ASTM A193 B16, ASME B36.10M, BEVELED ENDS",26,3310.14,56
ONGC-BUT-02423,ONGC,"Hazira Gas Processing Plant, Gujarat","BALL VALVE, BOLTED BONNET, 1 INCH, CLASS 300, BODY ASTM A216 WCB, FLANGED ENDS",10,16066.86,110
ONGC-GAS-02424,ONGC,"Uran Gas Processing Complex, Maharashtra","SPIRAL WOUND GASKET WITH INNER AND OUTER RING, 3 INCH, CLASS 1500, ASME B16.20",145,9751.48,470
ONGC-PSV-02425,ONGC,"Uran Gas Processing Complex, Maharashtra","BALL VALVE, BOLTED BONNET, 4 INCH, CLASS 900, BODY ASTM A182 F22, FLANGED ENDS",12,27550.83,56
ONGC-RED-02426,ONGC,"Uran Gas Processing Complex, Maharashtra","BUTTWELD FITTING, CONCENTRIC REDUCER, 6 INCH, SCH 160, ASTM A234 WPB, ASME B16.9",9,3480.18,29
ONGC-BUT-02427,ONGC,"Uran Gas Processing Complex, Maharashtra","BALL VALVE, BOLTED BONNET, 20 INCH, CLASS 600, BODY ASTM A216 WCB, FLANGED ENDS, TRIM 16, BW FACING",78,19498.03,165
ONGC-GAS-02428,ONGC,"Rajahmundry Asset, Andhra Pradesh","SPIRAL WOUND GASKET WITH INNER AND OUTER RING, 1.5 INCH, CLASS 2500, ASME B16.20",19,15281.22,34
ONGC-BAL-02429,ONGC,"Hazira Gas Processing Plant, Gujarat","BALL VALVE, BOLTED BONNET, 1/2 INCH, CLASS 2500, BODY ASTM A182 F316, FLANGED ENDS, TRIM 1, RTJ FACING",40,52572.82,29
ONGC-RED-02430,ONGC,"Hazira Gas Processing Plant, Gujarat","BUTTWELD FITTING, CONCENTRIC REDUCER, 1/2 INCH, SCH 40, ASTM A234 WPB, ASME B16.9",117,4434.37,879
ONGC-PSV-02431,ONGC,"Rajahmundry Asset, Andhra Pradesh","BALL VALVE, BOLTED BONNET, 3 INCH, CLASS 900, BODY ASTM A193 B7, FLANGED ENDS",37,31090.14,785
ONGC-TEE-02432,ONGC,"Hazira Gas Processing Plant, Gujarat","BUTTWELD FITTING, EQUAL TEE, 3/4 INCH, SCH 40, ASTM A234 WPB, ASME B16.9",24,2419.51,9
ONGC-PSV-02433,ONGC,"Hazira Gas Processing Plant, Gujarat","BALL VALVE, BOLTED BONNET, 3 INCH, CLASS 150, BODY INCONEL 625, FLANGED ENDS, TRIM 8, RF FACING",60,99600.8,821
ONGC-STU-02434,ONGC,"Hazira Gas Processing Plant, Gujarat","STUD BOLT WITH TWO HEAVY HEX NUTS, 4 INCH, LENGTH 180 MM, STUD ASTM A105, NUTS ASTM A194 GR 2H",147,3923.31,115
ONGC-ELB-02435,ONGC,"Rajahmundry Asset, Andhra Pradesh","BUTTWELD FITTING, ELBOW 90 DEG LONG RADIUS, 1/2 INCH, SCH 80, ASTM A234 WPB, ASME B16.9",27,2597.36,272
ONGC-BAL-02436,ONGC,"Mumbai High Offshore Logistics Base, Maharashtra","BALL VALVE, BOLTED BONNET, 6 INCH, CLASS 1500, BODY ASTM A182 F316, FLANGED ENDS, TRIM 5, RTJ FACING",69,72882.69,34
ONGC-CHE-02437,ONGC,"Rajahmundry Asset, Andhra Pradesh","CHECK VALVE, BOLTED BONNET, 10 INCH, CLASS 1500, BODY INCONEL 625, FLANGED ENDS, TRIM 8, FF FACING",116,81440.74,19
ONGC-GAS-02438,ONGC,"Hazira Gas Processing Plant, Gujarat","SPIRAL WOUND GASKET WITH INNER AND OUTER RING, 12 INCH, CLASS 900, ASME B16.20",77,2069.72,58
ONGC-GLO-02439,ONGC,"Hazira Gas Processing Plant, Gujarat","GLOBE VALVE, BOLTED BONNET, 8 INCH, CLASS 150, BODY ASTM A182 F316L, FLANGED ENDS, TRIM 5, FF FACING",90,57951.07,455
ONGC-PSV-02440,ONGC,"Rajahmundry Asset, Andhra Pradesh","BALL VALVE, BOLTED BONNET, 3 INCH, CLASS 600, BODY ASTM A105, FLANGED ENDS, TRIM 16, RF FACING",105,29078.75,255
ONGC-FLA-02441,ONGC,"Uran Gas Processing Complex, Maharashtra","FLANGE, SOCKET WELD, 8 INCH, CLASS 900, ASTM A182 F316L, ASME B16.5, RF FACING",77,19288.07,356
ONGC-TEE-02442,ONGC,"Hazira Gas Processing Plant, Gujarat","BUTTWELD FITTING, EQUAL TEE, 1.5 INCH, SCH XXS, ASTM A234 WPB, ASME B16.9",28,1944.72,324
ONGC-FLA-02443,ONGC,"Ankleshwar Asset, Gujarat","FLANGE, SLIP ON, 3 INCH, CLASS 1500, ASTM A193 B16, ASME B16.5, BW FACING",51,7379.28,820
ONGC-GAT-02444,ONGC,"Rajahmundry Asset, Andhra Pradesh","GATE VALVE, BOLTED BONNET, 4 INCH, CLASS 150, BODY ASTM A106 GR.B, FLANGED ENDS, TRIM 1, BW FACING",10,19005.03,178
ONGC-BAL-02445,ONGC,"Rajahmundry Asset, Andhra Pradesh","BALL VALVE, BOLTED BONNET, 2 INCH, CLASS 300, BODY ASTM A182 F304, FLANGED ENDS, TRIM 8, FF FACING",60,18119.21,676
ONGC-RED-02446,ONGC,"Ankleshwar Asset, Gujarat","BUTTWELD FITTING, CONCENTRIC REDUCER, 3/4 INCH, SCH 160, ASTM A234 WPB, ASME B16.9",7,4125.99,51
ONGC-CEN-02447,ONGC,"Rajahmundry Asset, Andhra Pradesh","CENTRIFUGAL PUMP SPARE, 4 INCH, CLASS 2500, ASTM A105",104,82257.36,18
ONGC-GAS-02448,ONGC,"Hazira Gas Processing Plant, Gujarat","SPIRAL WOUND GASKET WITH INNER AND OUTER RING, 1.5 INCH, CLASS 1500, ASME B16.20",78,3974.21,645
ONGC-ELB-02449,ONGC,"Uran Gas Processing Complex, Maharashtra","BUTTWELD FITTING, ELBOW 90 DEG LONG RADIUS, 4 INCH, SCH 40, ASTM A234 WPB, ASME B16.9",63,4172.88,336
ONGC-TEE-02450,ONGC,"Ankleshwar Asset, Gujarat","BUTTWELD FITTING, EQUAL TEE, 1.5 INCH, SCH 20, ASTM A234 WPB, ASME B16.9",124,10994.7,316
ONGC-FLA-02451,ONGC,"Mumbai High Offshore Logistics Base, Maharashtra","FLANGE, SOCKET WELD, 24 INCH, CLASS 600, ASTM A182 F316, ASME B16.5, SW FACING",33,9903.22,50
ONGC-BUT-02452,ONGC,"Rajahmundry Asset, Andhra Pradesh","BALL VALVE, BOLTED BONNET, 3 INCH, CLASS 600, BODY ASTM A105, FLANGED ENDS, TRIM 16, SW FACING",101,19484.74,1076
ONGC-ELB-02453,ONGC,"Uran Gas Processing Complex, Maharashtra","BUTTWELD FITTING, ELBOW 90 DEG LONG RADIUS, 24 INCH, SCH 20, ASTM A234 WPB, ASME B16.9",61,2563.98,13
ONGC-GAS-02454,ONGC,"Ankleshwar Asset, Gujarat","SPIRAL WOUND GASKET WITH INNER AND OUTER RING, 1 INCH, CLASS 1500, ASME B16.20",15,16682.91,44
ONGC-FLA-02455,ONGC,"Hazira Gas Processing Plant, Gujarat","FLANGE, SOCKET WELD, 4 INCH, CLASS 150, ASTM A105, ASME B16.5, RF FACING",19,7563.14,189
ONGC-GAS-02456,ONGC,"Ankleshwar Asset, Gujarat","METALLIC RING JOINT GASKET OCTAGONAL, 24 INCH, CLASS 300, ASME B16.20",1,2003.92,509
ONGC-GAS-02457,ONGC,"Rajahmundry Asset, Andhra Pradesh","METALLIC RING JOINT GASKET OCTAGONAL, 20 INCH, CLASS 2500, ASME B16.20",144,4219.92,567
ONGC-CEN-02458,ONGC,"Uran Gas Processing Complex, Maharashtra","CENTRIFUGAL PUMP SPARE, 6 INCH, CLASS 2500, ASTM A350 LF2",120,80710.03,302
ONGC-GAS-02459,ONGC,"Ankleshwar Asset, Gujarat","SPIRAL WOUND GASKET WITH INNER AND OUTER RING, 20 INCH, CLASS 1500, ASME B16.20",141,5623.96,13
ONGC-GAS-02460,ONGC,"Hazira Gas Processing Plant, Gujarat","METALLIC RING JOINT GASKET OCTAGONAL, 3/4 INCH, CLASS 2500, ASME B16.20",58,4153.29,188
ONGC-GAS-02461,ONGC,"Mumbai High Offshore Logistics Base, Maharashtra","METALLIC RING JOINT GASKET OCTAGONAL, 3 INCH, CLASS 2500, ASME B16.20",17,3013.02,34
ONGC-PSV-02462,ONGC,"Hazira Gas Processing Plant, Gujarat","BALL VALVE, BOLTED BONNET, 16 INCH, CLASS 300, BODY ASTM A350 LF2, FLANGED ENDS, TRIM 16, RTJ FACING",46,32854.71,518
ONGC-GAS-02463,ONGC,"Mumbai High Offshore Logistics Base, Maharashtra","METALLIC RING JOINT GASKET OCTAGONAL, 1.5 INCH, CLASS 900, ASME B16.20",150,6475.25,59
ONGC-BUT-02464,ONGC,"Uran Gas Processing Complex, Maharashtra","BALL VALVE, BOLTED BONNET, 8 INCH, CLASS 600, BODY ASTM A216 WCB, FLANGED ENDS, TRIM 8, BW FACING",64,29368.41,1151
ONGC-GAS-02465,ONGC,"Hazira Gas Processing Plant, Gujarat","SPIRAL WOUND GASKET WITH INNER AND OUTER RING, 20 INCH, CLASS 300, ASME B16.20",57,12014.48,985
ONGC-TEE-02466,ONGC,"Mumbai High Offshore Logistics Base, Maharashtra","BUTTWELD FITTING, EQUAL TEE, 3 INCH, ASTM A234 WPB, ASME B16.9",90,3508.04,1155
ONGC-CEN-02467,ONGC,"Mumbai High Offshore Logistics Base, Maharashtra","CENTRIFUGAL PUMP SPARE, 1/2 INCH, CLASS 300, ASTM A182 F316L",92,155794.5,382
ONGC-GAS-02468,ONGC,"Ankleshwar Asset, Gujarat","SPIRAL WOUND GASKET WITH INNER AND OUTER RING, 1 INCH, CLASS 2500, ASME B16.20",102,2961.99,6
ONGC-BUT-02469,ONGC,"Hazira Gas Processing Plant, Gujarat","BALL VALVE, BOLTED BONNET, 3 INCH, CLASS 600, BODY ASTM A182 F53, FLANGED ENDS, TRIM 16, RF FACING",146,194024.89,207
ONGC-CEN-02470,ONGC,"Uran Gas Processing Complex, Maharashtra","CENTRIFUGAL PUMP SPARE, 24 INCH, CLASS 1500, ASTM A193 B16",81,71550.22,626
ONGC-ELB-02471,ONGC,"Mumbai High Offshore Logistics Base, Maharashtra","BUTTWELD FITTING, ELBOW 90 DEG LONG RADIUS, 4 INCH, SCH 20, ASTM A234 WPB, ASME B16.9",4,2475.65,308
ONGC-PIP-02472,ONGC,"Hazira Gas Processing Plant, Gujarat","LINE PIPE, SEAMLESS, 8 INCH, SCH 160, ASTM A182 F22, ASME B36.10M, BEVELED ENDS",42,2439.54,6
ONGC-BUT-02473,ONGC,"Ankleshwar Asset, Gujarat","BALL VALVE, BOLTED BONNET, 1 INCH, CLASS 2500, BODY ASTM A182 F316L, FLANGED ENDS, TRIM 16, RF FACING",65,82964.2,162
ONGC-CHE-02474,ONGC,"Mumbai High Offshore Logistics Base, Maharashtra","CHECK VALVE, BOLTED BONNET, 8 INCH, CLASS 1500, BODY INCONEL 625, FLANGED ENDS, TRIM 1, RF FACING",52,90887.08,601
ONGC-PIP-02475,ONGC,"Ankleshwar Asset, Gujarat","LINE PIPE, SEAMLESS, 6 INCH, SCH 80, ASTM A182 F316, ASME B36.10M, BEVELED ENDS",2,5127.87,102
ONGC-GLO-02476,ONGC,"Mumbai High Offshore Logistics Base, Maharashtra","GLOBE VALVE, BOLTED BONNET, 1 INCH, CLASS 900, BODY ASTM A182 F53, FLANGED ENDS, TRIM 1, FF FACING",111,171529.45,18
ONGC-GLO-02477,ONGC,"Hazira Gas Processing Plant, Gujarat","GLOBE VALVE, BOLTED BONNET, 1/2 INCH, CLASS 150, BODY ASTM A182 F11, FLANGED ENDS, TRIM 8, FF FACING",94,31023.04,483
ONGC-BAL-02478,ONGC,"Ankleshwar Asset, Gujarat","BALL VALVE, BOLTED BONNET, 1 INCH, CLASS 300, BODY ASTM A193 B7, FLANGED ENDS, TRIM 5, FF FACING",13,13754.73,31
ONGC-GLO-02479,ONGC,"Rajahmundry Asset, Andhra Pradesh","GLOBE VALVE, BOLTED BONNET, 16 INCH, CLASS 300, BODY ASTM A350 LF2, FLANGED ENDS, TRIM 5, RF FACING",70,27019.5,231
ONGC-BUT-02480,ONGC,"Mumbai High Offshore Logistics Base, Maharashtra","BALL VALVE, BOLTED BONNET, 1 INCH, CLASS 1500, BODY ASTM A193 B16, FLANGED ENDS, TRIM 1, SW FACING",8,30616.48,303
ONGC-CHE-02481,ONGC,"Mumbai High Offshore Logistics Base, Maharashtra","CHECK VALVE, BOLTED BONNET, 6 INCH, CLASS 2500, BODY ASTM A106 GR.B, FLANGED ENDS, TRIM 16, BW FACING",79,13683.14,91
ONGC-BAL-02482,ONGC,"Hazira Gas Processing Plant, Gujarat","BALL VALVE, BOLTED BONNET, 2 INCH, CLASS 1500, BODY ASTM A182 F304, FLANGED ENDS, TRIM 12, RF FACING",119,13584.83,663
ONGC-BUT-02483,ONGC,"Hazira Gas Processing Plant, Gujarat","BALL VALVE, BOLTED BONNET, 2 INCH, CLASS 300, BODY ASTM A182 F53, FLANGED ENDS, TRIM 8, RF FACING",149,193310.06,58
ONGC-RED-02484,ONGC,"Uran Gas Processing Complex, Maharashtra","BUTTWELD FITTING, CONCENTRIC REDUCER, 24 INCH, ASTM A234 WPB, ASME B16.9",105,3567.0,467
ONGC-GAS-02485,ONGC,"Ankleshwar Asset, Gujarat","SPIRAL WOUND GASKET WITH INNER AND OUTER RING, 3 INCH, CLASS 300, ASME B16.20",63,3789.86,698
ONGC-PSV-02486,ONGC,"Uran Gas Processing Complex, Maharashtra","BALL VALVE, BOLTED BONNET, 2 INCH, CLASS 2500, BODY ASTM A182 F53, FLANGED ENDS, TRIM 12, BW FACING",15,194412.06,247
ONGC-GLO-02487,ONGC,"Hazira Gas Processing Plant, Gujarat","GLOBE VALVE, BOLTED BONNET, 3/4 INCH, CLASS 150, BODY ASTM A182 F316, FLANGED ENDS, TRIM 8, SW FACING",85,72176.53,693
ONGC-STU-02488,ONGC,"Rajahmundry Asset, Andhra Pradesh","STUD BOLT WITH TWO HEAVY HEX NUTS, 1 INCH, LENGTH 180 MM, STUD ASTM A182 F316L, NUTS ASTM A194 GR 2H",11,6207.21,910
ONGC-FLA-02489,ONGC,"Rajahmundry Asset, Andhra Pradesh","FLANGE, SOCKET WELD, 8 INCH, CLASS 150, ASTM A350 LF2, ASME B16.5, FF FACING",31,7517.01,125
ONGC-PSV-02490,ONGC,"Uran Gas Processing Complex, Maharashtra","BALL VALVE, BOLTED BONNET, 3 INCH, CLASS 2500, BODY ASTM A216 WCB, FLANGED ENDS, TRIM 5, SW FACING",76,26582.87,183
ONGC-GAS-02491,ONGC,"Mumbai High Offshore Logistics Base, Maharashtra","SPIRAL WOUND GASKET WITH INNER AND OUTER RING, 6 INCH, CLASS 1500, ASME B16.20",23,2169.18,972
ONGC-CHE-02492,ONGC,"Mumbai High Offshore Logistics Base, Maharashtra","CHECK VALVE, BOLTED BONNET, 6 INCH, CLASS 600, BODY ASTM A105, FLANGED ENDS, TRIM 12, FF FACING",84,28687.68,144
ONGC-FLA-02493,ONGC,"Rajahmundry Asset, Andhra Pradesh","FLANGE, SLIP ON, 1/2 INCH, CLASS 150, ASTM A182 F53, ASME B16.5, FF FACING",43,25641.56,196
ONGC-GAS-02494,ONGC,"Hazira Gas Processing Plant, Gujarat","SPIRAL WOUND GASKET WITH INNER AND OUTER RING, 1.5 INCH, CLASS 600, ASME B16.20",118,18388.28,499
ONGC-TEE-02495,ONGC,"Rajahmundry Asset, Andhra Pradesh","BUTTWELD FITTING, EQUAL TEE, 1/2 INCH, SCH XXS, ASTM A234 WPB, ASME B16.9",127,2647.1,11
ONGC-GAS-02496,ONGC,"Rajahmundry Asset, Andhra Pradesh","SPIRAL WOUND GASKET WITH INNER AND OUTER RING, 24 INCH, CLASS 1500, ASME B16.20",33,18947.95,259
ONGC-CEN-02497,ONGC,"Mumbai High Offshore Logistics Base, Maharashtra","CENTRIFUGAL PUMP SPARE, 8 INCH, CLASS 2500, ASTM A105",91,77434.48,740
ONGC-STU-02498,ONGC,"Rajahmundry Asset, Andhra Pradesh","STUD BOLT WITH TWO HEAVY HEX NUTS, 8 INCH, LENGTH 180 MM, STUD ASTM A182 F53, NUTS ASTM A194 GR 2H",61,27241.05,34
ONGC-FLA-02499,ONGC,"Mumbai High Offshore Logistics Base, Maharashtra","FLANGE, SLIP ON, 10 INCH, CLASS 600, ASTM A193 B7, ASME B16.5, RF FACING",71,4922.53,220
ONGC-BAL-02500,ONGC,"Rajahmundry Asset, Andhra Pradesh","BALL VALVE, BOLTED BONNET, 1 INCH, CLASS 2500, BODY ASTM A106 GR.B, FLANGED ENDS, TRIM 12, BW FACING",110,16181.67,657
ONGC-CHE-02501,ONGC,"Hazira Gas Processing Plant, Gujarat","CHECK VALVE, BOLTED BONNET, 1/2 INCH, CLASS 2500, BODY ASTM A182 F304, FLANGED ENDS, TRIM 16, FF FACING",67,18439.82,580
ONGC-TEE-02502,ONGC,"Rajahmundry Asset, Andhra Pradesh","BUTTWELD FITTING, EQUAL TEE, 10 INCH, SCH XXS, ASTM A234 WPB, ASME B16.9",94,8168.19,25
ONGC-CEN-02503,ONGC,"Rajahmundry Asset, Andhra Pradesh","CENTRIFUGAL PUMP SPARE, 6 INCH, CLASS 1500, ASTM A182 F22",80,83051.88,18
ONGC-ELB-02504,ONGC,"Hazira Gas Processing Plant, Gujarat","BUTTWELD FITTING, ELBOW 90 DEG LONG RADIUS, 24 INCH, SCH 40, ASTM A234 WPB, ASME B16.9",120,27045.48,689
ONGC-FLA-02505,ONGC,"Rajahmundry Asset, Andhra Pradesh","FLANGE, BLIND, 10 INCH, CLASS 300, ASTM A182 F22, ASME B16.5, BW FACING",49,4351.99,347
ONGC-FLA-02506,ONGC,"Rajahmundry Asset, Andhra Pradesh","FLANGE, SLIP ON, 1 INCH, CLASS 1500, ASTM A350 LF2, ASME B16.5, BW FACING",12,6978.82,19
ONGC-CEN-02507,ONGC,"Ankleshwar Asset, Gujarat","CENTRIFUGAL PUMP SPARE, 3 INCH, CLASS 2500, INCONEL 625",85,442732.03,321
ONGC-RED-02508,ONGC,"Ankleshwar Asset, Gujarat","BUTTWELD FITTING, CONCENTRIC REDUCER, 6 INCH, SCH 20, ASTM A234 WPB, ASME B16.9",20,2678.05,400
ONGC-CHE-02509,ONGC,"Uran Gas Processing Complex, Maharashtra","CHECK VALVE, BOLTED BONNET, 1/2 INCH, CLASS 300, BODY ASTM A193 B7, FLANGED ENDS, TRIM 8, FF FACING",10,14310.9,12
ONGC-CHE-02510,ONGC,"Rajahmundry Asset, Andhra Pradesh","CHECK VALVE, BOLTED BONNET, 6 INCH, CLASS 900, BODY ASTM A182 F316L, FLANGED ENDS, TRIM 8, FF FACING",29,71665.58,1044
ONGC-GAT-02511,ONGC,"Mumbai High Offshore Logistics Base, Maharashtra","GATE VALVE, BOLTED BONNET, 6 INCH, CLASS 2500, BODY ASTM A182 F22, FLANGED ENDS, TRIM 1, BW FACING",104,15546.69,519
ONGC-STU-02512,ONGC,"Uran Gas Processing Complex, Maharashtra","STUD BOLT WITH TWO HEAVY HEX NUTS, 8 INCH, LENGTH 180 MM, STUD ASTM A350 LF2, NUTS ASTM A194 GR 2H",91,2557.91,222
ONGC-BUT-02513,ONGC,"Hazira Gas Processing Plant, Gujarat","BALL VALVE, BOLTED BONNET, 4 INCH, CLASS 300, BODY ASTM A193 B16, FLANGED ENDS",86,21988.34,864
ONGC-RED-02514,ONGC,"Ankleshwar Asset, Gujarat","BUTTWELD FITTING, CONCENTRIC REDUCER, 24 INCH, SCH 80, ASTM A234 WPB, ASME B16.9",148,3863.73,225
ONGC-FLA-02515,ONGC,"Mumbai High Offshore Logistics Base, Maharashtra","FLANGE, BLIND, 16 INCH, CLASS 2500, ASTM A105, ASME B16.5, RTJ FACING",109,7779.47,554
ONGC-GLO-02516,ONGC,"Uran Gas Processing Complex, Maharashtra","GLOBE VALVE, BOLTED BONNET, 12 INCH, CLASS 150, BODY ASTM A216 WCB, FLANGED ENDS, TRIM 12, SW FACING",103,15562.83,808
ONGC-CEN-02517,ONGC,"Hazira Gas Processing Plant, Gujarat","CENTRIFUGAL PUMP SPARE, 1/2 INCH, CLASS 300, ASTM A182 F51",150,189357.5,21
ONGC-ELB-02518,ONGC,"Hazira Gas Processing Plant, Gujarat","BUTTWELD FITTING, ELBOW 90 DEG LONG RADIUS, 16 INCH, SCH XXS, ASTM A234 WPB, ASME B16.9",142,9149.74,1139
ONGC-PSV-02519,ONGC,"Ankleshwar Asset, Gujarat","BALL VALVE, BOLTED BONNET, 4 INCH, CLASS 2500, BODY ASTM A350 LF2, FLANGED ENDS, TRIM 16, RF FACING",38,15727.0,59
ONGC-ELB-02520,ONGC,"Hazira Gas Processing Plant, Gujarat","BUTTWELD FITTING, ELBOW 90 DEG LONG RADIUS, 8 INCH, SCH 40, ASTM A234 WPB, ASME B16.9",38,3280.0,821
ONGC-BAL-02521,ONGC,"Uran Gas Processing Complex, Maharashtra","BALL VALVE, BOLTED BONNET, 3 INCH, CLASS 900, BODY ASTM A216 WCB, FLANGED ENDS, TRIM 8, RF FACING",139,24101.87,33
ONGC-FLA-02522,ONGC,"Rajahmundry Asset, Andhra Pradesh","FLANGE, WELDING NECK, 16 INCH, CLASS 2500, ASTM A182 F316L, ASME B16.5, RTJ FACING",21,20575.53,956
ONGC-FLA-02523,ONGC,"Uran Gas Processing Complex, Maharashtra","FLANGE, SLIP ON, 3 INCH, CLASS 300, ASTM A182 F304, ASME B16.5, BW FACING",126,5396.34,59
ONGC-STU-02524,ONGC,"Uran Gas Processing Complex, Maharashtra","STUD BOLT WITH TWO HEAVY HEX NUTS, 3 INCH, LENGTH 180 MM, STUD ASTM A182 F316L, NUTS ASTM A194 GR 2H",93,7857.09,329
ONGC-ELB-02525,ONGC,"Hazira Gas Processing Plant, Gujarat","BUTTWELD FITTING, ELBOW 90 DEG LONG RADIUS, 20 INCH, SCH XXS, ASTM A234 WPB, ASME B16.9",70,7551.45,35
ONGC-PIP-02526,ONGC,"Rajahmundry Asset, Andhra Pradesh","LINE PIPE, SEAMLESS, 1 INCH, SCH 40, ASTM A106 GR.B, ASME B36.10M, BEVELED ENDS",79,2301.42,1180
ONGC-GLO-02527,ONGC,"Mumbai High Offshore Logistics Base, Maharashtra","GLOBE VALVE, BOLTED BONNET, 6 INCH, CLASS 150, BODY ASTM A182 F53, FLANGED ENDS, TRIM 1, BW FACING",1,121582.09,442
ONGC-TEE-02528,ONGC,"Mumbai High Offshore Logistics Base, Maharashtra","BUTTWELD FITTING, EQUAL TEE, 1/2 INCH, SCH 20, ASTM A234 WPB, ASME B16.9",20,9431.07,296
ONGC-ELB-02529,ONGC,"Ankleshwar Asset, Gujarat","BUTTWELD FITTING, ELBOW 90 DEG LONG RADIUS, 8 INCH, SCH XXS, ASTM A234 WPB, ASME B16.9",32,25771.94,502
ONGC-STU-02530,ONGC,"Hazira Gas Processing Plant, Gujarat","STUD BOLT WITH TWO HEAVY HEX NUTS, 20 INCH, LENGTH 180 MM, STUD ASTM A182 F316, NUTS ASTM A194 GR 2H",22,8653.01,10
ONGC-TEE-02531,ONGC,"Hazira Gas Processing Plant, Gujarat","BUTTWELD FITTING, EQUAL TEE, 20 INCH, SCH 20, ASTM A234 WPB, ASME B16.9",103,8028.05,11
ONGC-ELB-02532,ONGC,"Uran Gas Processing Complex, Maharashtra","BUTTWELD FITTING, ELBOW 90 DEG LONG RADIUS, 1.5 INCH, ASTM A234 WPB, ASME B16.9",109,11390.91,281
ONGC-RED-02533,ONGC,"Mumbai High Offshore Logistics Base, Maharashtra","BUTTWELD FITTING, CONCENTRIC REDUCER, 1/2 INCH, ASTM A234 WPB, ASME B16.9",18,5317.19,418
ONGC-ELB-02534,ONGC,"Uran Gas Processing Complex, Maharashtra","BUTTWELD FITTING, ELBOW 90 DEG LONG RADIUS, 1 INCH, ASTM A234 WPB, ASME B16.9",96,2007.18,238
ONGC-GLO-02535,ONGC,"Hazira Gas Processing Plant, Gujarat","GLOBE VALVE, BOLTED BONNET, 12 INCH, CLASS 300, BODY ASTM A182 F22, FLANGED ENDS",121,20716.59,641
ONGC-ELB-02536,ONGC,"Mumbai High Offshore Logistics Base, Maharashtra","BUTTWELD FITTING, ELBOW 90 DEG LONG RADIUS, 24 INCH, SCH 80, ASTM A234 WPB, ASME B16.9",116,3932.46,21
ONGC-PIP-02537,ONGC,"Hazira Gas Processing Plant, Gujarat","LINE PIPE, SEAMLESS, 4 INCH, SCH XXS, ASTM A182 F22, ASME B36.10M, BEVELED ENDS",29,2835.36,199
ONGC-FLA-02538,ONGC,"Ankleshwar Asset, Gujarat","FLANGE, BLIND, 20 INCH, CLASS 1500, ASTM A193 B16, ASME B16.5, RF FACING",114,7282.6,1125
ONGC-GAS-02539,ONGC,"Rajahmundry Asset, Andhra Pradesh","METALLIC RING JOINT GASKET OCTAGONAL, 12 INCH, CLASS 900, ASME B16.20",2,4178.08,25
ONGC-GAS-02540,ONGC,"Hazira Gas Processing Plant, Gujarat","METALLIC RING JOINT GASKET OCTAGONAL, 8 INCH, CLASS 600, ASME B16.20",101,3294.58,645
ONGC-RED-02541,ONGC,"Uran Gas Processing Complex, Maharashtra","BUTTWELD FITTING, CONCENTRIC REDUCER, 1 INCH, SCH XXS, ASTM A234 WPB, ASME B16.9",12,3728.06,221
ONGC-FLA-02542,ONGC,"Mumbai High Offshore Logistics Base, Maharashtra","FLANGE, BLIND, 2 INCH, CLASS 600, ASTM A182 F11, ASME B16.5, SW FACING",82,4094.52,33
ONGC-GAT-02543,ONGC,"Hazira Gas Processing Plant, Gujarat","GATE VALVE, BOLTED BONNET, 2 INCH, CLASS 900, BODY ASTM A193 B7, FLANGED ENDS, TRIM 8, SW FACING",109,31261.94,44
ONGC-PSV-02544,ONGC,"Rajahmundry Asset, Andhra Pradesh","BALL VALVE, BOLTED BONNET, 8 INCH, CLASS 2500, BODY ASTM A216 WCB, FLANGED ENDS, TRIM 8, RTJ FACING",54,14535.84,1106
ONGC-CHE-02545,ONGC,"Hazira Gas Processing Plant, Gujarat","CHECK VALVE, BOLTED BONNET, 1 INCH, CLASS 2500, BODY ASTM A182 F22, FLANGED ENDS, TRIM 1, SW FACING",108,18741.01,27
ONGC-FLA-02546,ONGC,"Ankleshwar Asset, Gujarat","FLANGE, WELDING NECK, 8 INCH, CLASS 900, ASTM A182 F316, ASME B16.5, FF FACING",37,20421.27,847
ONGC-BAL-02547,ONGC,"Uran Gas Processing Complex, Maharashtra","BALL VALVE, BOLTED BONNET, 2 INCH, CLASS 300, BODY ASTM A182 F11, FLANGED ENDS, TRIM 12, FF FACING",150,18408.55,859
ONGC-TEE-02548,ONGC,"Uran Gas Processing Complex, Maharashtra","BUTTWELD FITTING, EQUAL TEE, 6 INCH, SCH 160, ASTM A234 WPB, ASME B16.9",128,2798.86,8
ONGC-RED-02549,ONGC,"Mumbai High Offshore Logistics Base, Maharashtra","BUTTWELD FITTING, CONCENTRIC REDUCER, 8 INCH, SCH 40, ASTM A234 WPB, ASME B16.9",117,20979.72,359
ONGC-BUT-02550,ONGC,"Uran Gas Processing Complex, Maharashtra","BALL VALVE, BOLTED BONNET, 20 INCH, CLASS 600, BODY ASTM A182 F304, FLANGED ENDS, TRIM 16, FF FACING",18,18164.88,5
ONGC-GAS-02551,ONGC,"Uran Gas Processing Complex, Maharashtra","SPIRAL WOUND GASKET WITH INNER AND OUTER RING, 4 INCH, CLASS 300, ASME B16.20",117,2790.4,197
ONGC-CEN-02552,ONGC,"Hazira Gas Processing Plant, Gujarat","CENTRIFUGAL PUMP SPARE, 2 INCH, CLASS 1500, ASTM A350 LF2",74,72737.49,798
ONGC-GAS-02553,ONGC,"Hazira Gas Processing Plant, Gujarat","METALLIC RING JOINT GASKET OCTAGONAL, 4 INCH, CLASS 1500, ASME B16.20",103,2249.28,213
ONGC-FLA-02554,ONGC,"Uran Gas Processing Complex, Maharashtra","FLANGE, BLIND, 24 INCH, CLASS 600, ASTM A182 F22, ASME B16.5, FF FACING",27,5249.9,826
ONGC-CEN-02555,ONGC,"Ankleshwar Asset, Gujarat","CENTRIFUGAL PUMP SPARE, 12 INCH, CLASS 300, ASTM A182 F304",126,37086.59,173
ONGC-ELB-02556,ONGC,"Hazira Gas Processing Plant, Gujarat","BUTTWELD FITTING, ELBOW 90 DEG LONG RADIUS, 3/4 INCH, SCH 80, ASTM A234 WPB, ASME B16.9",20,14710.16,869
ONGC-PSV-02557,ONGC,"Hazira Gas Processing Plant, Gujarat","BALL VALVE, BOLTED BONNET, 4 INCH, CLASS 150, BODY ASTM A216 WCB, FLANGED ENDS, TRIM 16, BW FACING",82,27299.7,1003
ONGC-BUT-02558,ONGC,"Uran Gas Processing Complex, Maharashtra","BALL VALVE, BOLTED BONNET, 16 INCH, CLASS 600, BODY ASTM A182 F53, FLANGED ENDS, TRIM 5, BW FACING",21,143118.78,1009
ONGC-STU-02559,ONGC,"Hazira Gas Processing Plant, Gujarat","STUD BOLT WITH TWO HEAVY HEX NUTS, 12 INCH, LENGTH 180 MM, STUD ASTM A182 F53, NUTS ASTM A194 GR 2H",139,17540.22,689
ONGC-BAL-02560,ONGC,"Uran Gas Processing Complex, Maharashtra","BALL VALVE, BOLTED BONNET, 8 INCH, CLASS 300, BODY ASTM A182 F316L, FLANGED ENDS, TRIM 16, SW FACING",137,82762.35,33
ONGC-FLA-02561,ONGC,"Rajahmundry Asset, Andhra Pradesh","FLANGE, WELDING NECK, 24 INCH, CLASS 900, ASTM A350 LF2, ASME B16.5, RTJ FACING",43,4412.56,99
ONGC-PIP-02562,ONGC,"Mumbai High Offshore Logistics Base, Maharashtra","LINE PIPE, SEAMLESS, 16 INCH, SCH 160, ASTM A182 F53, ASME B36.10M, BEVELED ENDS",140,17671.78,264
ONGC-GLO-02563,ONGC,"Ankleshwar Asset, Gujarat","GLOBE VALVE, BOLTED BONNET, 8 INCH, CLASS 900, BODY ASTM A182 F53, FLANGED ENDS",115,147651.33,58
ONGC-GAS-02564,ONGC,"Ankleshwar Asset, Gujarat","SPIRAL WOUND GASKET WITH INNER AND OUTER RING, 2 INCH, CLASS 2500, ASME B16.20",89,4111.48,53
ONGC-BUT-02565,ONGC,"Mumbai High Offshore Logistics Base, Maharashtra","BALL VALVE, BOLTED BONNET, 16 INCH, CLASS 150, BODY ASTM A182 F316L, FLANGED ENDS, TRIM 5, RTJ FACING",15,46357.13,264
ONGC-GAS-02566,ONGC,"Ankleshwar Asset, Gujarat","SPIRAL WOUND GASKET WITH INNER AND OUTER RING, 1.5 INCH, CLASS 2500, ASME B16.20",33,2343.09,320
ONGC-GAS-02567,ONGC,"Uran Gas Processing Complex, Maharashtra","SPIRAL WOUND GASKET WITH INNER AND OUTER RING, 2 INCH, CLASS 900, ASME B16.20",134,3534.99,205
ONGC-CEN-02568,ONGC,"Hazira Gas Processing Plant, Gujarat","CENTRIFUGAL PUMP SPARE, 8 INCH, CLASS 1500, ASTM A182 F51",18,128886.03,306
ONGC-PIP-02569,ONGC,"Mumbai High Offshore Logistics Base, Maharashtra","LINE PIPE, SEAMLESS, 24 INCH, SCH 160, INCONEL 625, ASME B36.10M, BEVELED ENDS",98,21293.92,893
ONGC-CEN-02570,ONGC,"Ankleshwar Asset, Gujarat","CENTRIFUGAL PUMP SPARE, 1 INCH, CLASS 1500, ASTM A182 F304",19,81509.72,923
ONGC-BUT-02571,ONGC,"Hazira Gas Processing Plant, Gujarat","BALL VALVE, BOLTED BONNET, 24 INCH, CLASS 900, BODY ASTM A182 F316, FLANGED ENDS",42,45588.02,686
ONGC-PSV-02572,ONGC,"Uran Gas Processing Complex, Maharashtra","BALL VALVE, BOLTED BONNET, 4 INCH, CLASS 150, BODY ASTM A182 F11, FLANGED ENDS",143,25273.87,18
ONGC-GAS-02573,ONGC,"Rajahmundry Asset, Andhra Pradesh","SPIRAL WOUND GASKET WITH INNER AND OUTER RING, 3/4 INCH, CLASS 300, ASME B16.20",130,3246.7,513
ONGC-CHE-02574,ONGC,"Rajahmundry Asset, Andhra Pradesh","CHECK VALVE, BOLTED BONNET, 8 INCH, CLASS 150, BODY ASTM A350 LF2, FLANGED ENDS",10,24208.59,6
ONGC-CHE-02575,ONGC,"Mumbai High Offshore Logistics Base, Maharashtra","CHECK VALVE, BOLTED BONNET, 1 INCH, CLASS 2500, BODY ASTM A182 F51, FLANGED ENDS, TRIM 8, RTJ FACING",116,58054.61,326
ONGC-CEN-02576,ONGC,"Rajahmundry Asset, Andhra Pradesh","CENTRIFUGAL PUMP SPARE, 16 INCH, CLASS 1500, ASTM A182 F316L",76,128114.84,265
ONGC-RED-02577,ONGC,"Uran Gas Processing Complex, Maharashtra","BUTTWELD FITTING, CONCENTRIC REDUCER, 12 INCH, SCH 80, ASTM A234 WPB, ASME B16.9",100,2243.51,50
ONGC-BAL-02578,ONGC,"Rajahmundry Asset, Andhra Pradesh","BALL VALVE, BOLTED BONNET, 3 INCH, CLASS 300, BODY ASTM A182 F53, FLANGED ENDS, TRIM 1, FF FACING",81,96560.6,59
ONGC-ELB-02579,ONGC,"Hazira Gas Processing Plant, Gujarat","BUTTWELD FITTING, ELBOW 90 DEG LONG RADIUS, 3 INCH, SCH XXS, ASTM A234 WPB, ASME B16.9",18,3553.21,185
ONGC-PSV-02580,ONGC,"Uran Gas Processing Complex, Maharashtra","BALL VALVE, BOLTED BONNET, 20 INCH, CLASS 300, BODY ASTM A182 F316, FLANGED ENDS",11,72829.85,850
ONGC-PIP-02581,ONGC,"Ankleshwar Asset, Gujarat","LINE PIPE, SEAMLESS, 16 INCH, ASTM A193 B16, ASME B36.10M, BEVELED ENDS",37,2700.51,187
ONGC-STU-02582,ONGC,"Ankleshwar Asset, Gujarat","STUD BOLT WITH TWO HEAVY HEX NUTS, 2 INCH, LENGTH 180 MM, STUD INCONEL 625, NUTS ASTM A194 GR 2H",3,23406.95,193
ONGC-CHE-02583,ONGC,"Hazira Gas Processing Plant, Gujarat","CHECK VALVE, BOLTED BONNET, 16 INCH, CLASS 150, BODY ASTM A182 F304, FLANGED ENDS, TRIM 8, SW FACING",142,31343.33,175
ONGC-RED-02584,ONGC,"Hazira Gas Processing Plant, Gujarat","BUTTWELD FITTING, CONCENTRIC REDUCER, 24 INCH, SCH XXS, ASTM A234 WPB, ASME B16.9",65,5296.22,212
ONGC-BAL-02585,ONGC,"Rajahmundry Asset, Andhra Pradesh","BALL VALVE, BOLTED BONNET, 20 INCH, CLASS 150, BODY ASTM A182 F316L, FLANGED ENDS",53,73345.85,634
ONGC-GAS-02586,ONGC,"Ankleshwar Asset, Gujarat","SPIRAL WOUND GASKET WITH INNER AND OUTER RING, 12 INCH, CLASS 1500, ASME B16.20",111,9444.34,309
ONGC-GAT-02587,ONGC,"Ankleshwar Asset, Gujarat","GATE VALVE, BOLTED BONNET, 3/4 INCH, CLASS 300, BODY ASTM A216 WCB, FLANGED ENDS",7,28810.79,1078
ONGC-CHE-02588,ONGC,"Hazira Gas Processing Plant, Gujarat","CHECK VALVE, BOLTED BONNET, 24 INCH, CLASS 600, BODY ASTM A182 F53, FLANGED ENDS, TRIM 1, RTJ FACING",144,85083.13,44
ONGC-TEE-02589,ONGC,"Mumbai High Offshore Logistics Base, Maharashtra","BUTTWELD FITTING, EQUAL TEE, 2 INCH, SCH XXS, ASTM A234 WPB, ASME B16.9",41,14356.22,1058
ONGC-PSV-02590,ONGC,"Hazira Gas Processing Plant, Gujarat","BALL VALVE, BOLTED BONNET, 1.5 INCH, CLASS 600, BODY ASTM A182 F11, FLANGED ENDS, TRIM 5, SW FACING",101,32591.67,196
ONGC-GLO-02591,ONGC,"Hazira Gas Processing Plant, Gujarat","GLOBE VALVE, BOLTED BONNET, 16 INCH, CLASS 2500, BODY ASTM A350 LF2, FLANGED ENDS, TRIM 12, BW FACING",18,31543.42,10
ONGC-GAS-02592,ONGC,"Hazira Gas Processing Plant, Gujarat","SPIRAL WOUND GASKET WITH INNER AND OUTER RING, 20 INCH, CLASS 900, ASME B16.20",75,11840.12,57
ONGC-GAS-02593,ONGC,"Uran Gas Processing Complex, Maharashtra","SPIRAL WOUND GASKET WITH INNER AND OUTER RING, 2 INCH, CLASS 1500, ASME B16.20",95,3057.11,628
ONGC-ELB-02594,ONGC,"Mumbai High Offshore Logistics Base, Maharashtra","BUTTWELD FITTING, ELBOW 90 DEG LONG RADIUS, 20 INCH, SCH 160, ASTM A234 WPB, ASME B16.9",40,2859.79,60
ONGC-GAT-02595,ONGC,"Mumbai High Offshore Logistics Base, Maharashtra","GATE VALVE, BOLTED BONNET, 1.5 INCH, CLASS 2500, BODY INCONEL 625, FLANGED ENDS",128,195010.11,461
ONGC-PSV-02596,ONGC,"Hazira Gas Processing Plant, Gujarat","BALL VALVE, BOLTED BONNET, 20 INCH, CLASS 1500, BODY ASTM A182 F22, FLANGED ENDS, TRIM 12, FF FACING",98,30522.33,121
ONGC-PSV-02597,ONGC,"Rajahmundry Asset, Andhra Pradesh","BALL VALVE, BOLTED BONNET, 4 INCH, CLASS 1500, BODY ASTM A182 F51, FLANGED ENDS, TRIM 8, RF FACING",102,53412.05,43
ONGC-GAS-02598,ONGC,"Hazira Gas Processing Plant, Gujarat","METALLIC RING JOINT GASKET OCTAGONAL, 16 INCH, CLASS 2500, ASME B16.20",82,3313.02,104
ONGC-PSV-02599,ONGC,"Mumbai High Offshore Logistics Base, Maharashtra","BALL VALVE, BOLTED BONNET, 1 INCH, CLASS 300, BODY ASTM A106 GR.B, FLANGED ENDS, TRIM 16, RF FACING",77,17766.75,711
ONGC-GAS-02600,ONGC,"Rajahmundry Asset, Andhra Pradesh","METALLIC RING JOINT GASKET OCTAGONAL, 10 INCH, CLASS 2500, ASME B16.20",44,6360.92,93
ONGC-GLO-02601,ONGC,"Ankleshwar Asset, Gujarat","GLOBE VALVE, BOLTED BONNET, 8 INCH, CLASS 600, BODY ASTM A216 WCB, FLANGED ENDS, TRIM 16, FF FACING",71,20550.2,582
ONGC-GAS-02602,ONGC,"Ankleshwar Asset, Gujarat","METALLIC RING JOINT GASKET OCTAGONAL, 8 INCH, CLASS 300, ASME B16.20",61,3053.01,926
ONGC-ELB-02603,ONGC,"Ankleshwar Asset, Gujarat","BUTTWELD FITTING, ELBOW 90 DEG LONG RADIUS, 8 INCH, SCH 160, ASTM A234 WPB, ASME B16.9",9,2584.77,301
ONGC-BUT-02604,ONGC,"Uran Gas Processing Complex, Maharashtra","BALL VALVE, BOLTED BONNET, 16 INCH, CLASS 900, BODY ASTM A182 F53, FLANGED ENDS, TRIM 12, BW FACING",69,92673.87,19
ONGC-GLO-02605,ONGC,"Mumbai High Offshore Logistics Base, Maharashtra","GLOBE VALVE, BOLTED BONNET, 1 INCH, CLASS 1500, BODY ASTM A105, FLANGED ENDS, TRIM 1, RTJ FACING",114,23019.56,153
ONGC-TEE-02606,ONGC,"Hazira Gas Processing Plant, Gujarat","BUTTWELD FITTING, EQUAL TEE, 2 INCH, SCH 20, ASTM A234 WPB, ASME B16.9",21,2892.15,148
ONGC-GAS-02607,ONGC,"Mumbai High Offshore Logistics Base, Maharashtra","SPIRAL WOUND GASKET WITH INNER AND OUTER RING, 3/4 INCH, CLASS 150, ASME B16.20",79,2938.45,6
ONGC-GAT-02608,ONGC,"Hazira Gas Processing Plant, Gujarat","GATE VALVE, BOLTED BONNET, 3 INCH, CLASS 600, BODY ASTM A182 F53, FLANGED ENDS, TRIM 12, RTJ FACING",70,126035.16,545
ONGC-PIP-02609,ONGC,"Uran Gas Processing Complex, Maharashtra","LINE PIPE, SEAMLESS, 20 INCH, SCH 40, ASTM A182 F53, ASME B36.10M, BEVELED ENDS",128,18709.27,104
ONGC-CEN-02610,ONGC,"Uran Gas Processing Complex, Maharashtra","CENTRIFUGAL PUMP SPARE, 3 INCH, CLASS 2500, ASTM A193 B16",106,72752.5,6
ONGC-PSV-02611,ONGC,"Ankleshwar Asset, Gujarat","BALL VALVE, BOLTED BONNET, 20 INCH, CLASS 300, BODY ASTM A106 GR.B, FLANGED ENDS, TRIM 12, SW FACING",57,32679.75,639
ONGC-GLO-02612,ONGC,"Mumbai High Offshore Logistics Base, Maharashtra","GLOBE VALVE, BOLTED BONNET, 1.5 INCH, CLASS 1500, BODY ASTM A193 B7, FLANGED ENDS, TRIM 5, BW FACING",95,26530.78,119
ONGC-PSV-02613,ONGC,"Ankleshwar Asset, Gujarat","BALL VALVE, BOLTED BONNET, 20 INCH, CLASS 2500, BODY ASTM A182 F22, FLANGED ENDS, TRIM 16, RF FACING",147,15183.67,399
ONGC-GAT-02614,ONGC,"Hazira Gas Processing Plant, Gujarat","GATE VALVE, BOLTED BONNET, 24 INCH, CLASS 1500, BODY ASTM A106 GR.B, FLANGED ENDS, TRIM 8, BW FACING",65,24627.06,333
ONGC-FLA-02615,ONGC,"Rajahmundry Asset, Andhra Pradesh","FLANGE, SLIP ON, 12 INCH, CLASS 1500, ASTM A105, ASME B16.5, RTJ FACING",32,4884.16,272
ONGC-RED-02616,ONGC,"Uran Gas Processing Complex, Maharashtra","BUTTWELD FITTING, CONCENTRIC REDUCER, 24 INCH, SCH 160, ASTM A234 WPB, ASME B16.9",122,4192.07,49
ONGC-ELB-02617,ONGC,"Hazira Gas Processing Plant, Gujarat","BUTTWELD FITTING, ELBOW 90 DEG LONG RADIUS, 16 INCH, ASTM A234 WPB, ASME B16.9",18,9144.98,195
ONGC-ELB-02618,ONGC,"Ankleshwar Asset, Gujarat","BUTTWELD FITTING, ELBOW 90 DEG LONG RADIUS, 12 INCH, SCH 80, ASTM A234 WPB, ASME B16.9",105,3831.9,207
ONGC-BAL-02619,ONGC,"Hazira Gas Processing Plant, Gujarat","BALL VALVE, BOLTED BONNET, 12 INCH, CLASS 150, BODY ASTM A193 B7, FLANGED ENDS, TRIM 12, SW FACING",14,15291.85,5
ONGC-GLO-02620,ONGC,"Mumbai High Offshore Logistics Base, Maharashtra","GLOBE VALVE, BOLTED BONNET, 3/4 INCH, CLASS 2500, BODY ASTM A182 F22, FLANGED ENDS, TRIM 8, FF FACING",62,14310.89,245
ONGC-GAT-02621,ONGC,"Uran Gas Processing Complex, Maharashtra","GATE VALVE, BOLTED BONNET, 20 INCH, CLASS 300, BODY ASTM A193 B7, FLANGED ENDS, TRIM 5, RTJ FACING",139,17499.47,539
ONGC-TEE-02622,ONGC,"Mumbai High Offshore Logistics Base, Maharashtra","BUTTWELD FITTING, EQUAL TEE, 8 INCH, SCH 160, ASTM A234 WPB, ASME B16.9",54,2007.76,303
ONGC-BAL-02623,ONGC,"Hazira Gas Processing Plant, Gujarat","BALL VALVE, BOLTED BONNET, 8 INCH, CLASS 300, BODY ASTM A182 F22, FLANGED ENDS, TRIM 1, BW FACING",17,30048.68,404
ONGC-CEN-02624,ONGC,"Hazira Gas Processing Plant, Gujarat","CENTRIFUGAL PUMP SPARE, 10 INCH, CLASS 150, ASTM A182 F53",30,496187.11,129
ONGC-BAL-02625,ONGC,"Rajahmundry Asset, Andhra Pradesh","BALL VALVE, BOLTED BONNET, 1.5 INCH, CLASS 150, BODY ASTM A182 F304, FLANGED ENDS, TRIM 1, RF FACING",148,22558.04,542
ONGC-GAS-02626,ONGC,"Rajahmundry Asset, Andhra Pradesh","METALLIC RING JOINT GASKET OCTAGONAL, 20 INCH, CLASS 600, ASME B16.20",48,2538.23,665
ONGC-STU-02627,ONGC,"Hazira Gas Processing Plant, Gujarat","STUD BOLT WITH TWO HEAVY HEX NUTS, 8 INCH, LENGTH 180 MM, STUD INCONEL 625, NUTS ASTM A194 GR 2H",38,16870.51,16
ONGC-GAT-02628,ONGC,"Ankleshwar Asset, Gujarat","GATE VALVE, BOLTED BONNET, 4 INCH, CLASS 900, BODY ASTM A193 B16, FLANGED ENDS, TRIM 16, RF FACING",147,32737.47,300
ONGC-PIP-02629,ONGC,"Mumbai High Offshore Logistics Base, Maharashtra","LINE PIPE, SEAMLESS, 16 INCH, SCH 20, ASTM A193 B7, ASME B36.10M, BEVELED ENDS",141,4605.06,58
ONGC-PIP-02630,ONGC,"Hazira Gas Processing Plant, Gujarat","LINE PIPE, SEAMLESS, 1/2 INCH, SCH 160, ASTM A182 F304, ASME B36.10M, BEVELED ENDS",49,3752.88,375
ONGC-RED-02631,ONGC,"Ankleshwar Asset, Gujarat","BUTTWELD FITTING, CONCENTRIC REDUCER, 20 INCH, SCH 20, ASTM A234 WPB, ASME B16.9",136,21669.98,1096
ONGC-GAS-02632,ONGC,"Hazira Gas Processing Plant, Gujarat","METALLIC RING JOINT GASKET OCTAGONAL, 24 INCH, CLASS 2500, ASME B16.20",9,8610.64,645
ONGC-BAL-02633,ONGC,"Uran Gas Processing Complex, Maharashtra","BALL VALVE, BOLTED BONNET, 24 INCH, CLASS 900, BODY ASTM A182 F11, FLANGED ENDS, TRIM 12, BW FACING",46,25690.68,121
ONGC-STU-02634,ONGC,"Uran Gas Processing Complex, Maharashtra","STUD BOLT WITH TWO HEAVY HEX NUTS, 4 INCH, LENGTH 180 MM, STUD INCONEL 625, NUTS ASTM A194 GR 2H",102,17197.44,1157
ONGC-TEE-02635,ONGC,"Rajahmundry Asset, Andhra Pradesh","BUTTWELD FITTING, EQUAL TEE, 6 INCH, SCH XXS, ASTM A234 WPB, ASME B16.9",90,1884.6,111
ONGC-BUT-02636,ONGC,"Ankleshwar Asset, Gujarat","BALL VALVE, BOLTED BONNET, 1 INCH, CLASS 900, BODY ASTM A193 B16, FLANGED ENDS, TRIM 1, RTJ FACING",58,14655.28,290
ONGC-BUT-02637,ONGC,"Ankleshwar Asset, Gujarat","BALL VALVE, BOLTED BONNET, 16 INCH, CLASS 150, BODY ASTM A216 WCB, FLANGED ENDS",119,28419.02,57
ONGC-GAS-02638,ONGC,"Mumbai High Offshore Logistics Base, Maharashtra","SPIRAL WOUND GASKET WITH INNER AND OUTER RING, 1 INCH, CLASS 2500, ASME B16.20",39,6555.87,30
ONGC-GLO-02639,ONGC,"Rajahmundry Asset, Andhra Pradesh","GLOBE VALVE, BOLTED BONNET, 1/2 INCH, CLASS 150, BODY ASTM A182 F316, FLANGED ENDS, TRIM 12, RTJ FACING",92,75357.84,295
ONGC-RED-02640,ONGC,"Mumbai High Offshore Logistics Base, Maharashtra","BUTTWELD FITTING, CONCENTRIC REDUCER, 2 INCH, SCH 40, ASTM A234 WPB, ASME B16.9",39,3340.17,529
ONGC-CHE-02641,ONGC,"Ankleshwar Asset, Gujarat","CHECK VALVE, BOLTED BONNET, 20 INCH, CLASS 1500, BODY ASTM A182 F51, FLANGED ENDS, TRIM 12, RTJ FACING",54,38799.35,208
ONGC-PSV-02642,ONGC,"Rajahmundry Asset, Andhra Pradesh","BALL VALVE, BOLTED BONNET, 12 INCH, CLASS 300, BODY ASTM A193 B16, FLANGED ENDS, TRIM 16, RF FACING",65,32024.99,195
ONGC-FLA-02643,ONGC,"Ankleshwar Asset, Gujarat","FLANGE, BLIND, 12 INCH, CLASS 2500, ASTM A182 F304, ASME B16.5, RTJ FACING",137,4765.61,133
ONGC-STU-02644,ONGC,"Mumbai High Offshore Logistics Base, Maharashtra","STUD BOLT WITH TWO HEAVY HEX NUTS, 3/4 INCH, LENGTH 180 MM, STUD ASTM A182 F51, NUTS ASTM A194 GR 2H",135,10194.01,1136
ONGC-STU-02645,ONGC,"Mumbai High Offshore Logistics Base, Maharashtra","STUD BOLT WITH TWO HEAVY HEX NUTS, 12 INCH, LENGTH 180 MM, STUD ASTM A106 GR.B, NUTS ASTM A194 GR 2H",99,2688.43,273
ONGC-GAS-02646,ONGC,"Mumbai High Offshore Logistics Base, Maharashtra","SPIRAL WOUND GASKET WITH INNER AND OUTER RING, 8 INCH, CLASS 300, ASME B16.20",119,21491.95,15
ONGC-BUT-02647,ONGC,"Rajahmundry Asset, Andhra Pradesh","BALL VALVE, BOLTED BONNET, 8 INCH, CLASS 600, BODY ASTM A350 LF2, FLANGED ENDS, TRIM 5, BW FACING",53,18708.86,13
ONGC-STU-02648,ONGC,"Rajahmundry Asset, Andhra Pradesh","STUD BOLT WITH TWO HEAVY HEX NUTS, 10 INCH, LENGTH 180 MM, STUD ASTM A193 B16, NUTS ASTM A194 GR 2H",133,4246.9,448
ONGC-BUT-02649,ONGC,"Rajahmundry Asset, Andhra Pradesh","BALL VALVE, BOLTED BONNET, 20 INCH, CLASS 1500, BODY ASTM A105, FLANGED ENDS, TRIM 1, RTJ FACING",108,32586.25,56
ONGC-STU-02650,ONGC,"Hazira Gas Processing Plant, Gujarat","STUD BOLT WITH TWO HEAVY HEX NUTS, 4 INCH, LENGTH 180 MM, STUD ASTM A182 F22, NUTS ASTM A194 GR 2H",135,2988.16,778
ONGC-ELB-02651,ONGC,"Mumbai High Offshore Logistics Base, Maharashtra","BUTTWELD FITTING, ELBOW 90 DEG LONG RADIUS, 2 INCH, ASTM A234 WPB, ASME B16.9",148,3740.98,511
ONGC-RED-02652,ONGC,"Ankleshwar Asset, Gujarat","BUTTWELD FITTING, CONCENTRIC REDUCER, 1 INCH, SCH XXS, ASTM A234 WPB, ASME B16.9",38,10576.05,29
ONGC-BUT-02653,ONGC,"Mumbai High Offshore Logistics Base, Maharashtra","BALL VALVE, BOLTED BONNET, 10 INCH, CLASS 2500, BODY ASTM A182 F316, FLANGED ENDS, TRIM 5, BW FACING",107,45028.68,222
ONGC-CEN-02654,ONGC,"Rajahmundry Asset, Andhra Pradesh","CENTRIFUGAL PUMP SPARE, 3 INCH, CLASS 2500, ASTM A182 F11",74,54280.53,32
ONGC-ELB-02655,ONGC,"Hazira Gas Processing Plant, Gujarat","BUTTWELD FITTING, ELBOW 90 DEG LONG RADIUS, 16 INCH, ASTM A234 WPB, ASME B16.9",5,3696.01,330
ONGC-STU-02656,ONGC,"Mumbai High Offshore Logistics Base, Maharashtra","STUD BOLT WITH TWO HEAVY HEX NUTS, 6 INCH, LENGTH 180 MM, STUD ASTM A182 F316L, NUTS ASTM A194 GR 2H",48,5856.33,657
ONGC-ELB-02657,ONGC,"Hazira Gas Processing Plant, Gujarat","BUTTWELD FITTING, ELBOW 90 DEG LONG RADIUS, 4 INCH, SCH XXS, ASTM A234 WPB, ASME B16.9",25,3470.72,675
ONGC-TEE-02658,ONGC,"Ankleshwar Asset, Gujarat","BUTTWELD FITTING, EQUAL TEE, 16 INCH, SCH 160, ASTM A234 WPB, ASME B16.9",106,6815.6,1158
ONGC-CEN-02659,ONGC,"Uran Gas Processing Complex, Maharashtra","CENTRIFUGAL PUMP SPARE, 12 INCH, CLASS 600, ASTM A182 F11",24,57725.02,1171
ONGC-STU-02660,ONGC,"Hazira Gas Processing Plant, Gujarat","STUD BOLT WITH TWO HEAVY HEX NUTS, 2 INCH, LENGTH 180 MM, STUD ASTM A105, NUTS ASTM A194 GR 2H",94,3630.88,146
ONGC-BUT-02661,ONGC,"Mumbai High Offshore Logistics Base, Maharashtra","BALL VALVE, BOLTED BONNET, 10 INCH, CLASS 600, BODY ASTM A193 B16, FLANGED ENDS, TRIM 8, RTJ FACING",66,31600.5,55
ONGC-TEE-02662,ONGC,"Ankleshwar Asset, Gujarat","BUTTWELD FITTING, EQUAL TEE, 10 INCH, SCH XXS, ASTM A234 WPB, ASME B16.9",85,7361.81,27
ONGC-ELB-02663,ONGC,"Hazira Gas Processing Plant, Gujarat","BUTTWELD FITTING, ELBOW 90 DEG LONG RADIUS, 20 INCH, SCH 80, ASTM A234 WPB, ASME B16.9",129,15150.43,231
ONGC-BUT-02664,ONGC,"Uran Gas Processing Complex, Maharashtra","BALL VALVE, BOLTED BONNET, 8 INCH, CLASS 150, BODY ASTM A105, FLANGED ENDS, TRIM 16, BW FACING",102,16623.3,25
ONGC-FLA-02665,ONGC,"Uran Gas Processing Complex, Maharashtra","FLANGE, BLIND, 10 INCH, CLASS 2500, ASTM A182 F53, ASME B16.5, SW FACING",68,47881.07,209
ONGC-TEE-02666,ONGC,"Hazira Gas Processing Plant, Gujarat","BUTTWELD FITTING, EQUAL TEE, 3/4 INCH, SCH XXS, ASTM A234 WPB, ASME B16.9",92,7361.02,211
ONGC-GAT-02667,ONGC,"Ankleshwar Asset, Gujarat","GATE VALVE, BOLTED BONNET, 2 INCH, CLASS 900, BODY ASTM A105, FLANGED ENDS, TRIM 1, SW FACING",75,21058.86,5
ONGC-CHE-02668,ONGC,"Uran Gas Processing Complex, Maharashtra","CHECK VALVE, BOLTED BONNET, 16 INCH, CLASS 1500, BODY ASTM A182 F51, FLANGED ENDS, TRIM 12, FF FACING",32,66275.13,10
ONGC-GLO-02669,ONGC,"Rajahmundry Asset, Andhra Pradesh","GLOBE VALVE, BOLTED BONNET, 4 INCH, CLASS 2500, BODY ASTM A106 GR.B, FLANGED ENDS, TRIM 5, RF FACING",81,32884.88,1093
ONGC-GAS-02670,ONGC,"Hazira Gas Processing Plant, Gujarat","SPIRAL WOUND GASKET WITH INNER AND OUTER RING, 2 INCH, CLASS 150, ASME B16.20",81,3308.12,201
ONGC-GLO-02671,ONGC,"Hazira Gas Processing Plant, Gujarat","GLOBE VALVE, BOLTED BONNET, 1.5 INCH, CLASS 1500, BODY INCONEL 625, FLANGED ENDS",81,118499.63,537
ONGC-BUT-02672,ONGC,"Hazira Gas Processing Plant, Gujarat","BALL VALVE, BOLTED BONNET, 1/2 INCH, CLASS 150, BODY ASTM A193 B16, FLANGED ENDS",48,30440.23,56
ONGC-TEE-02673,ONGC,"Mumbai High Offshore Logistics Base, Maharashtra","BUTTWELD FITTING, EQUAL TEE, 12 INCH, SCH 80, ASTM A234 WPB, ASME B16.9",76,3545.86,150
ONGC-STU-02674,ONGC,"Uran Gas Processing Complex, Maharashtra","STUD BOLT WITH TWO HEAVY HEX NUTS, 3/4 INCH, LENGTH 180 MM, STUD ASTM A193 B16, NUTS ASTM A194 GR 2H",57,4166.61,301
ONGC-GAT-02675,ONGC,"Mumbai High Offshore Logistics Base, Maharashtra","GATE VALVE, BOLTED BONNET, 1/2 INCH, CLASS 2500, BODY ASTM A182 F53, FLANGED ENDS",80,153505.98,14
ONGC-GAS-02676,ONGC,"Mumbai High Offshore Logistics Base, Maharashtra","METALLIC RING JOINT GASKET OCTAGONAL, 16 INCH, CLASS 150, ASME B16.20",109,12631.53,42
ONGC-GAT-02677,ONGC,"Uran Gas Processing Complex, Maharashtra","GATE VALVE, BOLTED BONNET, 1 INCH, CLASS 150, BODY ASTM A193 B16, FLANGED ENDS, TRIM 16, FF FACING",145,30756.36,408
ONGC-FLA-02678,ONGC,"Mumbai High Offshore Logistics Base, Maharashtra","FLANGE, SLIP ON, 8 INCH, CLASS 1500, INCONEL 625, ASME B16.5, BW FACING",99,24838.64,33
ONGC-PIP-02679,ONGC,"Mumbai High Offshore Logistics Base, Maharashtra","LINE PIPE, SEAMLESS, 16 INCH, SCH 20, ASTM A182 F316L, ASME B36.10M, BEVELED ENDS",9,9153.96,289
ONGC-GAT-02680,ONGC,"Ankleshwar Asset, Gujarat","GATE VALVE, BOLTED BONNET, 8 INCH, CLASS 900, BODY ASTM A182 F316L, FLANGED ENDS",13,74907.39,490
ONGC-GAS-02681,ONGC,"Ankleshwar Asset, Gujarat","SPIRAL WOUND GASKET WITH INNER AND OUTER RING, 1 INCH, CLASS 600, ASME B16.20",92,3480.22,351
ONGC-RED-02682,ONGC,"Ankleshwar Asset, Gujarat","BUTTWELD FITTING, CONCENTRIC REDUCER, 20 INCH, SCH 40, ASTM A234 WPB, ASME B16.9",88,3525.09,1083
ONGC-PSV-02683,ONGC,"Mumbai High Offshore Logistics Base, Maharashtra","BALL VALVE, BOLTED BONNET, 10 INCH, CLASS 900, BODY INCONEL 625, FLANGED ENDS, TRIM 16, RF FACING",141,86750.19,274
ONGC-GLO-02684,ONGC,"Ankleshwar Asset, Gujarat","GLOBE VALVE, BOLTED BONNET, 1/2 INCH, CLASS 1500, BODY ASTM A106 GR.B, FLANGED ENDS, TRIM 1, RTJ FACING",32,21517.97,1071
ONGC-GAS-02685,ONGC,"Hazira Gas Processing Plant, Gujarat","METALLIC RING JOINT GASKET OCTAGONAL, 16 INCH, CLASS 150, ASME B16.20",128,4369.35,1189
ONGC-PSV-02686,ONGC,"Uran Gas Processing Complex, Maharashtra","BALL VALVE, BOLTED BONNET, 10 INCH, CLASS 600, BODY ASTM A350 LF2, FLANGED ENDS, TRIM 16, BW FACING",8,29740.49,5
ONGC-PIP-02687,ONGC,"Uran Gas Processing Complex, Maharashtra","LINE PIPE, SEAMLESS, 10 INCH, SCH 40, INCONEL 625, ASME B36.10M, BEVELED ENDS",57,22540.24,951
ONGC-FLA-02688,ONGC,"Uran Gas Processing Complex, Maharashtra","FLANGE, WELDING NECK, 1 INCH, CLASS 2500, ASTM A182 F51, ASME B16.5",75,16113.69,34
ONGC-BUT-02689,ONGC,"Mumbai High Offshore Logistics Base, Maharashtra","BALL VALVE, BOLTED BONNET, 4 INCH, CLASS 1500, BODY INCONEL 625, FLANGED ENDS, TRIM 8, SW FACING",22,185322.7,56
ONGC-GAT-02690,ONGC,"Rajahmundry Asset, Andhra Pradesh","GATE VALVE, BOLTED BONNET, 4 INCH, CLASS 150, BODY ASTM A182 F316L, FLANGED ENDS, TRIM 5, BW FACING",121,82716.81,283
ONGC-RED-02691,ONGC,"Rajahmundry Asset, Andhra Pradesh","BUTTWELD FITTING, CONCENTRIC REDUCER, 4 INCH, SCH 40, ASTM A234 WPB, ASME B16.9",31,3961.03,1153
ONGC-TEE-02692,ONGC,"Uran Gas Processing Complex, Maharashtra","BUTTWELD FITTING, EQUAL TEE, 1 INCH, SCH 160, ASTM A234 WPB, ASME B16.9",103,10710.89,860
ONGC-FLA-02693,ONGC,"Ankleshwar Asset, Gujarat","FLANGE, SLIP ON, 16 INCH, CLASS 900, ASTM A106 GR.B, ASME B16.5, FF FACING",12,4157.78,28
ONGC-GAT-02694,ONGC,"Uran Gas Processing Complex, Maharashtra","GATE VALVE, BOLTED BONNET, 1.5 INCH, CLASS 600, BODY ASTM A193 B7, FLANGED ENDS, TRIM 5, FF FACING",39,20263.11,52
ONGC-TEE-02695,ONGC,"Rajahmundry Asset, Andhra Pradesh","BUTTWELD FITTING, EQUAL TEE, 3/4 INCH, SCH XXS, ASTM A234 WPB, ASME B16.9",47,5430.0,59
ONGC-FLA-02696,ONGC,"Ankleshwar Asset, Gujarat","FLANGE, WELDING NECK, 1.5 INCH, CLASS 2500, ASTM A182 F22, ASME B16.5, RTJ FACING",132,4722.37,703
ONGC-PSV-02697,ONGC,"Ankleshwar Asset, Gujarat","BALL VALVE, BOLTED BONNET, 16 INCH, CLASS 2500, BODY ASTM A182 F11, FLANGED ENDS",32,13631.25,166
ONGC-CEN-02698,ONGC,"Hazira Gas Processing Plant, Gujarat","CENTRIFUGAL PUMP SPARE, 1/2 INCH, CLASS 1500, ASTM A182 F304",125,59093.69,1063
ONGC-ELB-02699,ONGC,"Ankleshwar Asset, Gujarat","BUTTWELD FITTING, ELBOW 90 DEG LONG RADIUS, 2 INCH, SCH 160, ASTM A234 WPB, ASME B16.9",39,12845.04,12
ONGC-CHE-02700,ONGC,"Rajahmundry Asset, Andhra Pradesh","CHECK VALVE, BOLTED BONNET, 16 INCH, CLASS 1500, BODY ASTM A106 GR.B, FLANGED ENDS, TRIM 16, BW FACING",21,23444.52,409
ONGC-RED-02701,ONGC,"Mumbai High Offshore Logistics Base, Maharashtra","BUTTWELD FITTING, CONCENTRIC REDUCER, 6 INCH, SCH 40, ASTM A234 WPB, ASME B16.9",112,10261.53,736
ONGC-ELB-02702,ONGC,"Mumbai High Offshore Logistics Base, Maharashtra","BUTTWELD FITTING, ELBOW 90 DEG LONG RADIUS, 16 INCH, SCH 80, ASTM A234 WPB, ASME B16.9",129,8280.91,566
ONGC-GAS-02703,ONGC,"Uran Gas Processing Complex, Maharashtra","METALLIC RING JOINT GASKET OCTAGONAL, 1 INCH, CLASS 2500, ASME B16.20",83,6080.37,843
ONGC-STU-02704,ONGC,"Uran Gas Processing Complex, Maharashtra","STUD BOLT WITH TWO HEAVY HEX NUTS, 1.5 INCH, LENGTH 180 MM, STUD ASTM A182 F53, NUTS ASTM A194 GR 2H",87,17281.14,557
ONGC-ELB-02705,ONGC,"Mumbai High Offshore Logistics Base, Maharashtra","BUTTWELD FITTING, ELBOW 90 DEG LONG RADIUS, 4 INCH, SCH 20, ASTM A234 WPB, ASME B16.9",12,3338.76,344
ONGC-GAS-02706,ONGC,"Ankleshwar Asset, Gujarat","SPIRAL WOUND GASKET WITH INNER AND OUTER RING, 6 INCH, CLASS 600, ASME B16.20",54,2073.7,201
ONGC-TEE-02707,ONGC,"Uran Gas Processing Complex, Maharashtra","BUTTWELD FITTING, EQUAL TEE, 16 INCH, SCH XXS, ASTM A234 WPB, ASME B16.9",102,5570.21,108
ONGC-GAS-02708,ONGC,"Hazira Gas Processing Plant, Gujarat","SPIRAL WOUND GASKET WITH INNER AND OUTER RING, 3/4 INCH, CLASS 150, ASME B16.20",100,2099.45,511
ONGC-GAS-02709,ONGC,"Uran Gas Processing Complex, Maharashtra","METALLIC RING JOINT GASKET OCTAGONAL, 2 INCH, CLASS 600, ASME B16.20",53,14773.3,43
ONGC-STU-02710,ONGC,"Ankleshwar Asset, Gujarat","STUD BOLT WITH TWO HEAVY HEX NUTS, 20 INCH, LENGTH 180 MM, STUD INCONEL 625, NUTS ASTM A194 GR 2H",116,13966.36,32
ONGC-FLA-02711,ONGC,"Ankleshwar Asset, Gujarat","FLANGE, SOCKET WELD, 10 INCH, CLASS 1500, ASTM A193 B16, ASME B16.5, RTJ FACING",94,7032.52,1199
ONGC-GAS-02712,ONGC,"Rajahmundry Asset, Andhra Pradesh","SPIRAL WOUND GASKET WITH INNER AND OUTER RING, 6 INCH, CLASS 1500, ASME B16.20",104,5056.6,157
ONGC-RED-02713,ONGC,"Uran Gas Processing Complex, Maharashtra","BUTTWELD FITTING, CONCENTRIC REDUCER, 4 INCH, SCH 40, ASTM A234 WPB, ASME B16.9",132,2225.8,23
ONGC-GAT-02714,ONGC,"Rajahmundry Asset, Andhra Pradesh","GATE VALVE, BOLTED BONNET, 8 INCH, CLASS 150, BODY ASTM A216 WCB, FLANGED ENDS, TRIM 5, RTJ FACING",113,13772.85,33
ONGC-BAL-02715,ONGC,"Rajahmundry Asset, Andhra Pradesh","BALL VALVE, BOLTED BONNET, 6 INCH, CLASS 900, BODY ASTM A193 B7, FLANGED ENDS, TRIM 12, RTJ FACING",128,18565.6,100
ONGC-PIP-02716,ONGC,"Hazira Gas Processing Plant, Gujarat","LINE PIPE, SEAMLESS, 6 INCH, SCH 80, ASTM A182 F316L, ASME B36.10M, BEVELED ENDS",36,5801.62,40
ONGC-GAS-02717,ONGC,"Rajahmundry Asset, Andhra Pradesh","METALLIC RING JOINT GASKET OCTAGONAL, 1.5 INCH, CLASS 1500, ASME B16.20",107,4254.33,858
ONGC-GAS-02718,ONGC,"Uran Gas Processing Complex, Maharashtra","METALLIC RING JOINT GASKET OCTAGONAL, 1.5 INCH, CLASS 1500, ASME B16.20",53,2418.29,244
ONGC-STU-02719,ONGC,"Hazira Gas Processing Plant, Gujarat","STUD BOLT WITH TWO HEAVY HEX NUTS, 4 INCH, LENGTH 180 MM, STUD ASTM A182 F11, NUTS ASTM A194 GR 2H",102,1964.27,22
ONGC-GLO-02720,ONGC,"Uran Gas Processing Complex, Maharashtra","GLOBE VALVE, BOLTED BONNET, 16 INCH, CLASS 600, BODY ASTM A350 LF2, FLANGED ENDS, TRIM 5, FF FACING",149,30889.97,481
ONGC-STU-02721,ONGC,"Ankleshwar Asset, Gujarat","STUD BOLT WITH TWO HEAVY HEX NUTS, 1 INCH, LENGTH 180 MM, STUD ASTM A182 F304, NUTS ASTM A194 GR 2H",8,4275.52,844
ONGC-STU-02722,ONGC,"Rajahmundry Asset, Andhra Pradesh","STUD BOLT WITH TWO HEAVY HEX NUTS, 1.5 INCH, LENGTH 180 MM, STUD ASTM A106 GR.B, NUTS ASTM A194 GR 2H",65,3596.28,451
ONGC-PIP-02723,ONGC,"Uran Gas Processing Complex, Maharashtra","LINE PIPE, SEAMLESS, 24 INCH, SCH 80, ASTM A193 B7, ASME B36.10M, BEVELED ENDS",96,3449.97,441
ONGC-CHE-02724,ONGC,"Ankleshwar Asset, Gujarat","CHECK VALVE, BOLTED BONNET, 4 INCH, CLASS 300, BODY ASTM A182 F51, FLANGED ENDS, TRIM 1, RTJ FACING",101,50404.47,181
ONGC-ELB-02725,ONGC,"Mumbai High Offshore Logistics Base, Maharashtra","BUTTWELD FITTING, ELBOW 90 DEG LONG RADIUS, 1.5 INCH, SCH XXS, ASTM A234 WPB, ASME B16.9",144,7610.37,249
ONGC-BAL-02726,ONGC,"Ankleshwar Asset, Gujarat","BALL VALVE, BOLTED BONNET, 8 INCH, CLASS 150, BODY ASTM A182 F11, FLANGED ENDS, TRIM 8, SW FACING",141,26416.67,243
ONGC-GAS-02727,ONGC,"Rajahmundry Asset, Andhra Pradesh","METALLIC RING JOINT GASKET OCTAGONAL, 12 INCH, CLASS 900, ASME B16.20",104,5478.0,60
ONGC-GAT-02728,ONGC,"Uran Gas Processing Complex, Maharashtra","GATE VALVE, BOLTED BONNET, 1/2 INCH, CLASS 600, BODY ASTM A106 GR.B, FLANGED ENDS, TRIM 1, SW FACING",73,17131.89,302
ONGC-RED-02729,ONGC,"Rajahmundry Asset, Andhra Pradesh","BUTTWELD FITTING, CONCENTRIC REDUCER, 1/2 INCH, ASTM A234 WPB, ASME B16.9",135,4489.59,287
ONGC-PSV-02730,ONGC,"Rajahmundry Asset, Andhra Pradesh","BALL VALVE, BOLTED BONNET, 3/4 INCH, CLASS 600, BODY ASTM A182 F51, FLANGED ENDS, TRIM 8, RF FACING",124,44846.5,104
ONGC-RED-02731,ONGC,"Mumbai High Offshore Logistics Base, Maharashtra","BUTTWELD FITTING, CONCENTRIC REDUCER, 1/2 INCH, SCH 160, ASTM A234 WPB, ASME B16.9",101,2199.97,56
ONGC-ELB-02732,ONGC,"Ankleshwar Asset, Gujarat","BUTTWELD FITTING, ELBOW 90 DEG LONG RADIUS, 8 INCH, ASTM A234 WPB, ASME B16.9",146,3431.24,737
ONGC-ELB-02733,ONGC,"Rajahmundry Asset, Andhra Pradesh","BUTTWELD FITTING, ELBOW 90 DEG LONG RADIUS, 20 INCH, SCH 80, ASTM A234 WPB, ASME B16.9",120,1894.56,681
ONGC-RED-02734,ONGC,"Ankleshwar Asset, Gujarat","BUTTWELD FITTING, CONCENTRIC REDUCER, 24 INCH, SCH 160, ASTM A234 WPB, ASME B16.9",2,4122.18,308
ONGC-PIP-02735,ONGC,"Mumbai High Offshore Logistics Base, Maharashtra","LINE PIPE, SEAMLESS, 1/2 INCH, SCH XXS, ASTM A182 F53, ASME B36.10M, BEVELED ENDS",88,22363.58,721
ONGC-PIP-02736,ONGC,"Ankleshwar Asset, Gujarat","LINE PIPE, SEAMLESS, 4 INCH, SCH XXS, ASTM A182 F51, ASME B36.10M, BEVELED ENDS",70,10762.99,8
ONGC-GLO-02737,ONGC,"Uran Gas Processing Complex, Maharashtra","GLOBE VALVE, BOLTED BONNET, 20 INCH, CLASS 600, BODY ASTM A182 F51, FLANGED ENDS, TRIM 12, BW FACING",86,59403.01,760
ONGC-BAL-02738,ONGC,"Hazira Gas Processing Plant, Gujarat","BALL VALVE, BOLTED BONNET, 24 INCH, CLASS 2500, BODY INCONEL 625, FLANGED ENDS, TRIM 12, FF FACING",62,113679.06,693
ONGC-FLA-02739,ONGC,"Uran Gas Processing Complex, Maharashtra","FLANGE, WELDING NECK, 6 INCH, CLASS 300, ASTM A193 B7, ASME B16.5, FF FACING",144,6963.63,359
ONGC-BUT-02740,ONGC,"Hazira Gas Processing Plant, Gujarat","BALL VALVE, BOLTED BONNET, 20 INCH, CLASS 600, BODY ASTM A350 LF2, FLANGED ENDS, TRIM 8, FF FACING",72,24468.52,7
ONGC-BUT-02741,ONGC,"Rajahmundry Asset, Andhra Pradesh","BALL VALVE, BOLTED BONNET, 4 INCH, CLASS 1500, BODY ASTM A350 LF2, FLANGED ENDS, TRIM 5, RTJ FACING",49,17193.29,152
ONGC-RED-02742,ONGC,"Uran Gas Processing Complex, Maharashtra","BUTTWELD FITTING, CONCENTRIC REDUCER, 1/2 INCH, SCH 80, ASTM A234 WPB, ASME B16.9",57,7840.36,231
ONGC-FLA-02743,ONGC,"Uran Gas Processing Complex, Maharashtra","FLANGE, WELDING NECK, 3 INCH, CLASS 150, ASTM A193 B7, ASME B16.5, RTJ FACING",37,5392.68,208
ONGC-STU-02744,ONGC,"Uran Gas Processing Complex, Maharashtra","STUD BOLT WITH TWO HEAVY HEX NUTS, 6 INCH, LENGTH 180 MM, STUD ASTM A182 F11, NUTS ASTM A194 GR 2H",110,2607.81,808
ONGC-FLA-02745,ONGC,"Ankleshwar Asset, Gujarat","FLANGE, SOCKET WELD, 10 INCH, CLASS 1500, ASTM A350 LF2, ASME B16.5, RTJ FACING",68,3926.72,43
ONGC-GAS-02746,ONGC,"Hazira Gas Processing Plant, Gujarat","SPIRAL WOUND GASKET WITH INNER AND OUTER RING, 1/2 INCH, CLASS 300, ASME B16.20",126,3074.58,478
ONGC-PSV-02747,ONGC,"Uran Gas Processing Complex, Maharashtra","BALL VALVE, BOLTED BONNET, 2 INCH, CLASS 1500, BODY ASTM A182 F11, FLANGED ENDS, TRIM 12, RF FACING",119,22920.38,573
ONGC-CHE-02748,ONGC,"Uran Gas Processing Complex, Maharashtra","CHECK VALVE, BOLTED BONNET, 3 INCH, CLASS 900, BODY ASTM A350 LF2, FLANGED ENDS, TRIM 1, BW FACING",96,18837.91,35
ONGC-PSV-02749,ONGC,"Mumbai High Offshore Logistics Base, Maharashtra","BALL VALVE, BOLTED BONNET, 20 INCH, CLASS 900, BODY ASTM A182 F316, FLANGED ENDS",8,69696.86,361
ONGC-PIP-02750,ONGC,"Hazira Gas Processing Plant, Gujarat","LINE PIPE, SEAMLESS, 16 INCH, SCH 160, ASTM A193 B16, ASME B36.10M, BEVELED ENDS",31,4463.96,610
ONGC-PIP-02751,ONGC,"Ankleshwar Asset, Gujarat","LINE PIPE, SEAMLESS, 6 INCH, SCH 40, ASTM A106 GR.B, ASME B36.10M, BEVELED ENDS",94,3520.11,670
ONGC-GAT-02752,ONGC,"Mumbai High Offshore Logistics Base, Maharashtra","GATE VALVE, BOLTED BONNET, 6 INCH, CLASS 150, BODY ASTM A193 B7, FLANGED ENDS, TRIM 12, RTJ FACING",86,31649.99,867
ONGC-GAT-02753,ONGC,"Hazira Gas Processing Plant, Gujarat","GATE VALVE, BOLTED BONNET, 24 INCH, CLASS 900, BODY ASTM A193 B16, FLANGED ENDS, TRIM 8, BW FACING",69,14308.42,7
ONGC-GAS-02754,ONGC,"Uran Gas Processing Complex, Maharashtra","METALLIC RING JOINT GASKET OCTAGONAL, 1.5 INCH, CLASS 150, ASME B16.20",59,15446.04,58
ONGC-PIP-02755,ONGC,"Uran Gas Processing Complex, Maharashtra","LINE PIPE, SEAMLESS, 10 INCH, SCH 80, INCONEL 625, ASME B36.10M, BEVELED ENDS",123,14297.6,8
ONGC-PSV-02756,ONGC,"Mumbai High Offshore Logistics Base, Maharashtra","BALL VALVE, BOLTED BONNET, 2 INCH, CLASS 300, BODY ASTM A182 F51, FLANGED ENDS, TRIM 5, SW FACING",22,54937.12,699
ONGC-RED-02757,ONGC,"Hazira Gas Processing Plant, Gujarat","BUTTWELD FITTING, CONCENTRIC REDUCER, 12 INCH, SCH 80, ASTM A234 WPB, ASME B16.9",81,27692.51,42
ONGC-GLO-02758,ONGC,"Mumbai High Offshore Logistics Base, Maharashtra","GLOBE VALVE, BOLTED BONNET, 16 INCH, CLASS 600, BODY ASTM A182 F22, FLANGED ENDS",40,21881.85,493
ONGC-BUT-02759,ONGC,"Rajahmundry Asset, Andhra Pradesh","BALL VALVE, BOLTED BONNET, 12 INCH, CLASS 1500, BODY ASTM A216 WCB, FLANGED ENDS, TRIM 5, RF FACING",103,21045.73,19
ONGC-CEN-02760,ONGC,"Uran Gas Processing Complex, Maharashtra","CENTRIFUGAL PUMP SPARE, 1.5 INCH, CLASS 150, ASTM A350 LF2",113,63313.49,151
ONGC-BAL-02761,ONGC,"Ankleshwar Asset, Gujarat","BALL VALVE, BOLTED BONNET, 1/2 INCH, CLASS 150, BODY ASTM A193 B16, FLANGED ENDS, TRIM 12, RTJ FACING",38,30654.36,45
ONGC-TEE-02762,ONGC,"Ankleshwar Asset, Gujarat","BUTTWELD FITTING, EQUAL TEE, 12 INCH, SCH 20, ASTM A234 WPB, ASME B16.9",36,9498.51,53
ONGC-GAS-02763,ONGC,"Hazira Gas Processing Plant, Gujarat","METALLIC RING JOINT GASKET OCTAGONAL, 1/2 INCH, CLASS 600, ASME B16.20",77,3334.39,588
ONGC-BUT-02764,ONGC,"Ankleshwar Asset, Gujarat","BALL VALVE, BOLTED BONNET, 8 INCH, CLASS 2500, BODY ASTM A182 F51, FLANGED ENDS, TRIM 12, SW FACING",39,47159.31,1019
ONGC-BUT-02765,ONGC,"Hazira Gas Processing Plant, Gujarat","BALL VALVE, BOLTED BONNET, 6 INCH, CLASS 300, BODY ASTM A350 LF2, FLANGED ENDS, TRIM 8, RF FACING",49,28640.84,161
ONGC-PSV-02766,ONGC,"Rajahmundry Asset, Andhra Pradesh","BALL VALVE, BOLTED BONNET, 24 INCH, CLASS 600, BODY ASTM A216 WCB, FLANGED ENDS, TRIM 1, FF FACING",94,26301.12,1158
ONGC-GAS-02767,ONGC,"Rajahmundry Asset, Andhra Pradesh","METALLIC RING JOINT GASKET OCTAGONAL, 1/2 INCH, CLASS 1500, ASME B16.20",32,20740.59,259
ONGC-GAS-02768,ONGC,"Uran Gas Processing Complex, Maharashtra","SPIRAL WOUND GASKET WITH INNER AND OUTER RING, 16 INCH, CLASS 600, ASME B16.20",132,20397.71,149
ONGC-GAS-02769,ONGC,"Uran Gas Processing Complex, Maharashtra","SPIRAL WOUND GASKET WITH INNER AND OUTER RING, 16 INCH, CLASS 600, ASME B16.20",11,2527.65,104
ONGC-RED-02770,ONGC,"Ankleshwar Asset, Gujarat","BUTTWELD FITTING, CONCENTRIC REDUCER, 3 INCH, SCH 80, ASTM A234 WPB, ASME B16.9",131,5222.4,1140
ONGC-GLO-02771,ONGC,"Uran Gas Processing Complex, Maharashtra","GLOBE VALVE, BOLTED BONNET, 20 INCH, CLASS 900, BODY ASTM A182 F22, FLANGED ENDS, TRIM 12, BW FACING",128,31988.68,22
ONGC-BUT-02772,ONGC,"Rajahmundry Asset, Andhra Pradesh","BALL VALVE, BOLTED BONNET, 24 INCH, CLASS 600, BODY ASTM A182 F304, FLANGED ENDS, TRIM 5, RTJ FACING",64,23054.04,110
ONGC-FLA-02773,ONGC,"Rajahmundry Asset, Andhra Pradesh","FLANGE, SOCKET WELD, 8 INCH, CLASS 600, ASTM A193 B7, ASME B16.5, FF FACING",119,7812.12,145
ONGC-GLO-02774,ONGC,"Mumbai High Offshore Logistics Base, Maharashtra","GLOBE VALVE, BOLTED BONNET, 3 INCH, CLASS 600, BODY ASTM A350 LF2, FLANGED ENDS",57,20301.42,177
ONGC-PIP-02775,ONGC,"Mumbai High Offshore Logistics Base, Maharashtra","LINE PIPE, SEAMLESS, 20 INCH, SCH 80, ASTM A182 F51, ASME B36.10M, BEVELED ENDS",40,8061.88,338
ONGC-CHE-02776,ONGC,"Hazira Gas Processing Plant, Gujarat","CHECK VALVE, BOLTED BONNET, 1.5 INCH, CLASS 600, BODY ASTM A193 B16, FLANGED ENDS, TRIM 8, FF FACING",27,23329.44,116
ONGC-BAL-02777,ONGC,"Uran Gas Processing Complex, Maharashtra","BALL VALVE, BOLTED BONNET, 10 INCH, CLASS 600, BODY ASTM A182 F316, FLANGED ENDS, TRIM 5, SW FACING",94,79469.79,186
ONGC-TEE-02778,ONGC,"Mumbai High Offshore Logistics Base, Maharashtra","BUTTWELD FITTING, EQUAL TEE, 24 INCH, SCH 40, ASTM A234 WPB, ASME B16.9",107,3274.68,40
ONGC-BAL-02779,ONGC,"Rajahmundry Asset, Andhra Pradesh","BALL VALVE, BOLTED BONNET, 16 INCH, CLASS 150, BODY ASTM A193 B16, FLANGED ENDS, TRIM 1, RF FACING",76,17478.28,136
ONGC-STU-02780,ONGC,"Hazira Gas Processing Plant, Gujarat","STUD BOLT WITH TWO HEAVY HEX NUTS, 10 INCH, LENGTH 180 MM, STUD ASTM A182 F51, NUTS ASTM A194 GR 2H",150,6279.16,413
ONGC-STU-02781,ONGC,"Rajahmundry Asset, Andhra Pradesh","STUD BOLT WITH TWO HEAVY HEX NUTS, 8 INCH, LENGTH 180 MM, STUD ASTM A350 LF2, NUTS ASTM A194 GR 2H",140,2838.22,48
ONGC-BUT-02782,ONGC,"Hazira Gas Processing Plant, Gujarat","BALL VALVE, BOLTED BONNET, 3 INCH, CLASS 300, BODY ASTM A182 F316, FLANGED ENDS",45,35913.67,30
ONGC-RED-02783,ONGC,"Rajahmundry Asset, Andhra Pradesh","BUTTWELD FITTING, CONCENTRIC REDUCER, 6 INCH, SCH 40, ASTM A234 WPB, ASME B16.9",11,2383.59,922
ONGC-STU-02784,ONGC,"Rajahmundry Asset, Andhra Pradesh","STUD BOLT WITH TWO HEAVY HEX NUTS, 1.5 INCH, LENGTH 180 MM, STUD ASTM A182 F51, NUTS ASTM A194 GR 2H",77,6635.37,357
ONGC-GAS-02785,ONGC,"Uran Gas Processing Complex, Maharashtra","METALLIC RING JOINT GASKET OCTAGONAL, 20 INCH, CLASS 300, ASME B16.20",3,8425.28,24
ONGC-GLO-02786,ONGC,"Uran Gas Processing Complex, Maharashtra","GLOBE VALVE, BOLTED BONNET, 1 INCH, CLASS 2500, BODY ASTM A182 F304, FLANGED ENDS, TRIM 12, BW FACING",106,19577.69,106
ONGC-STU-02787,ONGC,"Rajahmundry Asset, Andhra Pradesh","STUD BOLT WITH TWO HEAVY HEX NUTS, 4 INCH, LENGTH 180 MM, STUD ASTM A182 F53, NUTS ASTM A194 GR 2H",114,21049.07,46
ONGC-STU-02788,ONGC,"Uran Gas Processing Complex, Maharashtra","STUD BOLT WITH TWO HEAVY HEX NUTS, 10 INCH, LENGTH 180 MM, STUD ASTM A193 B7, NUTS ASTM A194 GR 2H",80,2942.47,136
ONGC-PIP-02789,ONGC,"Rajahmundry Asset, Andhra Pradesh","LINE PIPE, SEAMLESS, 1.5 INCH, SCH XXS, INCONEL 625, ASME B36.10M, BEVELED ENDS",84,16699.64,684
ONGC-GLO-02790,ONGC,"Ankleshwar Asset, Gujarat","GLOBE VALVE, BOLTED BONNET, 20 INCH, CLASS 1500, BODY ASTM A350 LF2, FLANGED ENDS, TRIM 1, FF FACING",3,30268.43,640
ONGC-PIP-02791,ONGC,"Hazira Gas Processing Plant, Gujarat","LINE PIPE, SEAMLESS, 8 INCH, SCH 160, ASTM A182 F316L, ASME B36.10M, BEVELED ENDS",36,8651.2,614
ONGC-GAS-02792,ONGC,"Rajahmundry Asset, Andhra Pradesh","METALLIC RING JOINT GASKET OCTAGONAL, 1 INCH, CLASS 150, ASME B16.20",58,3161.2,1089
ONGC-GAS-02793,ONGC,"Ankleshwar Asset, Gujarat","METALLIC RING JOINT GASKET OCTAGONAL, 6 INCH, CLASS 600, ASME B16.20",134,4525.07,36
ONGC-CEN-02794,ONGC,"Mumbai High Offshore Logistics Base, Maharashtra","CENTRIFUGAL PUMP SPARE, 3 INCH, CLASS 2500, ASTM A182 F304",116,66548.32,281
ONGC-TEE-02795,ONGC,"Uran Gas Processing Complex, Maharashtra","BUTTWELD FITTING, EQUAL TEE, 24 INCH, SCH XXS, ASTM A234 WPB, ASME B16.9",34,10988.88,336
ONGC-BAL-02796,ONGC,"Ankleshwar Asset, Gujarat","BALL VALVE, BOLTED BONNET, 1.5 INCH, CLASS 300, BODY ASTM A182 F22, FLANGED ENDS, TRIM 8, SW FACING",120,14221.14,145
ONGC-BUT-02797,ONGC,"Hazira Gas Processing Plant, Gujarat","BALL VALVE, BOLTED BONNET, 1 INCH, CLASS 150, BODY ASTM A350 LF2, FLANGED ENDS",131,22039.62,21
ONGC-PSV-02798,ONGC,"Uran Gas Processing Complex, Maharashtra","BALL VALVE, BOLTED BONNET, 10 INCH, CLASS 150, BODY ASTM A182 F316, FLANGED ENDS",147,81815.06,102
ONGC-PIP-02799,ONGC,"Uran Gas Processing Complex, Maharashtra","LINE PIPE, SEAMLESS, 8 INCH, SCH 20, ASTM A182 F316, ASME B36.10M, BEVELED ENDS",13,8423.53,45
ONGC-PSV-02800,ONGC,"Mumbai High Offshore Logistics Base, Maharashtra","BALL VALVE, BOLTED BONNET, 1.5 INCH, CLASS 300, BODY ASTM A216 WCB, FLANGED ENDS, TRIM 12, SW FACING",126,26798.04,115
ONGC-GLO-02801,ONGC,"Hazira Gas Processing Plant, Gujarat","GLOBE VALVE, BOLTED BONNET, 16 INCH, CLASS 1500, BODY ASTM A350 LF2, FLANGED ENDS, TRIM 1, SW FACING",20,28086.24,113
ONGC-GLO-02802,ONGC,"Uran Gas Processing Complex, Maharashtra","GLOBE VALVE, BOLTED BONNET, 24 INCH, CLASS 2500, BODY ASTM A216 WCB, FLANGED ENDS, TRIM 16, RF FACING",76,24991.5,736
ONGC-RED-02803,ONGC,"Hazira Gas Processing Plant, Gujarat","BUTTWELD FITTING, CONCENTRIC REDUCER, 3 INCH, SCH 80, ASTM A234 WPB, ASME B16.9",110,2138.13,239
ONGC-CEN-02804,ONGC,"Hazira Gas Processing Plant, Gujarat","CENTRIFUGAL PUMP SPARE, 6 INCH, CLASS 2500, ASTM A182 F53",94,239180.31,7
ONGC-RED-02805,ONGC,"Mumbai High Offshore Logistics Base, Maharashtra","BUTTWELD FITTING, CONCENTRIC REDUCER, 6 INCH, SCH 40, ASTM A234 WPB, ASME B16.9",87,4084.83,326
ONGC-ELB-02806,ONGC,"Ankleshwar Asset, Gujarat","BUTTWELD FITTING, ELBOW 90 DEG LONG RADIUS, 1 INCH, ASTM A234 WPB, ASME B16.9",73,2559.5,182
ONGC-PIP-02807,ONGC,"Ankleshwar Asset, Gujarat","LINE PIPE, SEAMLESS, 3/4 INCH, SCH 160, ASTM A182 F316, ASME B36.10M, BEVELED ENDS",92,7023.3,6
ONGC-BAL-02808,ONGC,"Ankleshwar Asset, Gujarat","BALL VALVE, BOLTED BONNET, 1 INCH, CLASS 150, BODY ASTM A182 F51, FLANGED ENDS, TRIM 8, FF FACING",62,53806.53,120
ONGC-GAS-02809,ONGC,"Uran Gas Processing Complex, Maharashtra","SPIRAL WOUND GASKET WITH INNER AND OUTER RING, 24 INCH, CLASS 2500, ASME B16.20",112,8467.78,7
ONGC-BUT-02810,ONGC,"Hazira Gas Processing Plant, Gujarat","BALL VALVE, BOLTED BONNET, 3/4 INCH, CLASS 900, BODY ASTM A182 F51, FLANGED ENDS, TRIM 5, RF FACING",117,76790.27,43
ONGC-CHE-02811,ONGC,"Ankleshwar Asset, Gujarat","CHECK VALVE, BOLTED BONNET, 24 INCH, CLASS 600, BODY ASTM A182 F316, FLANGED ENDS",70,59971.4,254
ONGC-BUT-02812,ONGC,"Uran Gas Processing Complex, Maharashtra","BALL VALVE, BOLTED BONNET, 24 INCH, CLASS 150, BODY ASTM A182 F51, FLANGED ENDS, TRIM 16, BW FACING",136,44996.51,229
ONGC-STU-02813,ONGC,"Uran Gas Processing Complex, Maharashtra","STUD BOLT WITH TWO HEAVY HEX NUTS, 10 INCH, LENGTH 180 MM, STUD ASTM A182 F304, NUTS ASTM A194 GR 2H",37,3857.05,1159
ONGC-CEN-02814,ONGC,"Rajahmundry Asset, Andhra Pradesh","CENTRIFUGAL PUMP SPARE, 3 INCH, CLASS 150, ASTM A106 GR.B",13,63786.19,236
ONGC-GAS-02815,ONGC,"Ankleshwar Asset, Gujarat","SPIRAL WOUND GASKET WITH INNER AND OUTER RING, 6 INCH, CLASS 2500, ASME B16.20",95,3799.73,17
ONGC-FLA-02816,ONGC,"Mumbai High Offshore Logistics Base, Maharashtra","FLANGE, SOCKET WELD, 2 INCH, CLASS 300, ASTM A182 F11, ASME B16.5, FF FACING",115,3538.37,166
ONGC-FLA-02817,ONGC,"Hazira Gas Processing Plant, Gujarat","FLANGE, BLIND, 3 INCH, CLASS 2500, INCONEL 625, ASME B16.5, BW FACING",142,46936.12,583
ONGC-PSV-02818,ONGC,"Rajahmundry Asset, Andhra Pradesh","BALL VALVE, BOLTED BONNET, 8 INCH, CLASS 150, BODY ASTM A182 F11, FLANGED ENDS, TRIM 12, RF FACING",117,20996.11,282
ONGC-RED-02819,ONGC,"Ankleshwar Asset, Gujarat","BUTTWELD FITTING, CONCENTRIC REDUCER, 16 INCH, ASTM A234 WPB, ASME B16.9",15,3760.49,51
ONGC-GAS-02820,ONGC,"Ankleshwar Asset, Gujarat","METALLIC RING JOINT GASKET OCTAGONAL, 3/4 INCH, CLASS 900, ASME B16.20",55,11528.3,238
ONGC-FLA-02821,ONGC,"Hazira Gas Processing Plant, Gujarat","FLANGE, SLIP ON, 16 INCH, CLASS 2500, ASTM A182 F53, ASME B16.5, FF FACING",91,44842.63,52
ONGC-CEN-02822,ONGC,"Mumbai High Offshore Logistics Base, Maharashtra","CENTRIFUGAL PUMP SPARE, 4 INCH, CLASS 600, INCONEL 625",2,373735.14,183
ONGC-TEE-02823,ONGC,"Ankleshwar Asset, Gujarat","BUTTWELD FITTING, EQUAL TEE, 10 INCH, SCH 80, ASTM A234 WPB, ASME B16.9",41,3004.34,1012
ONGC-PIP-02824,ONGC,"Mumbai High Offshore Logistics Base, Maharashtra","LINE PIPE, SEAMLESS, 24 INCH, SCH 20, ASTM A193 B16, ASME B36.10M, BEVELED ENDS",31,1947.57,43
ONGC-RED-02825,ONGC,"Rajahmundry Asset, Andhra Pradesh","BUTTWELD FITTING, CONCENTRIC REDUCER, 8 INCH, ASTM A234 WPB, ASME B16.9",120,2009.64,191
ONGC-GAS-02826,ONGC,"Uran Gas Processing Complex, Maharashtra","SPIRAL WOUND GASKET WITH INNER AND OUTER RING, 20 INCH, CLASS 2500, ASME B16.20",135,7862.6,57
ONGC-GAT-02827,ONGC,"Mumbai High Offshore Logistics Base, Maharashtra","GATE VALVE, BOLTED BONNET, 3/4 INCH, CLASS 150, BODY ASTM A182 F304, FLANGED ENDS, TRIM 5, BW FACING",145,20149.86,296
ONGC-FLA-02828,ONGC,"Rajahmundry Asset, Andhra Pradesh","FLANGE, WELDING NECK, 16 INCH, CLASS 1500, ASTM A182 F51, ASME B16.5, RTJ FACING",43,10285.04,152
ONGC-PIP-02829,ONGC,"Rajahmundry Asset, Andhra Pradesh","LINE PIPE, SEAMLESS, 10 INCH, SCH XXS, ASTM A350 LF2, ASME B36.10M, BEVELED ENDS",91,1998.43,273
ONGC-ELB-02830,ONGC,"Mumbai High Offshore Logistics Base, Maharashtra","BUTTWELD FITTING, ELBOW 90 DEG LONG RADIUS, 8 INCH, SCH 80, ASTM A234 WPB, ASME B16.9",142,2234.47,341
ONGC-BAL-02831,ONGC,"Mumbai High Offshore Logistics Base, Maharashtra","BALL VALVE, BOLTED BONNET, 3 INCH, CLASS 1500, BODY ASTM A182 F53, FLANGED ENDS, TRIM 12, FF FACING",86,158767.12,24
ONGC-BUT-02832,ONGC,"Mumbai High Offshore Logistics Base, Maharashtra","BALL VALVE, BOLTED BONNET, 1 INCH, CLASS 600, BODY ASTM A182 F316L, FLANGED ENDS, TRIM 16, SW FACING",38,72014.55,58
ONGC-FLA-02833,ONGC,"Rajahmundry Asset, Andhra Pradesh","FLANGE, WELDING NECK, 4 INCH, CLASS 900, ASTM A193 B7, ASME B16.5",148,3815.78,187
ONGC-CHE-02834,ONGC,"Ankleshwar Asset, Gujarat","CHECK VALVE, BOLTED BONNET, 6 INCH, CLASS 1500, BODY ASTM A182 F22, FLANGED ENDS, TRIM 1, RTJ FACING",56,14284.19,46
ONGC-TEE-02835,ONGC,"Ankleshwar Asset, Gujarat","BUTTWELD FITTING, EQUAL TEE, 3 INCH, SCH 160, ASTM A234 WPB, ASME B16.9",109,3771.25,978
ONGC-BAL-02836,ONGC,"Mumbai High Offshore Logistics Base, Maharashtra","BALL VALVE, BOLTED BONNET, 3/4 INCH, CLASS 300, BODY ASTM A193 B16, FLANGED ENDS, TRIM 8, BW FACING",143,16621.34,663
ONGC-BUT-02837,ONGC,"Ankleshwar Asset, Gujarat","BALL VALVE, BOLTED BONNET, 1 INCH, CLASS 1500, BODY ASTM A106 GR.B, FLANGED ENDS, TRIM 16, RTJ FACING",57,15137.54,326
ONGC-BUT-02838,ONGC,"Mumbai High Offshore Logistics Base, Maharashtra","BALL VALVE, BOLTED BONNET, 20 INCH, CLASS 2500, BODY ASTM A105, FLANGED ENDS, TRIM 8, SW FACING",15,19762.06,344
ONGC-GAS-02839,ONGC,"Uran Gas Processing Complex, Maharashtra","METALLIC RING JOINT GASKET OCTAGONAL, 1 INCH, CLASS 2500, ASME B16.20",78,14742.77,254
ONGC-CHE-02840,ONGC,"Mumbai High Offshore Logistics Base, Maharashtra","CHECK VALVE, BOLTED BONNET, 24 INCH, CLASS 1500, BODY ASTM A182 F53, FLANGED ENDS, TRIM 8, RF FACING",37,187911.87,417
ONGC-BAL-02841,ONGC,"Rajahmundry Asset, Andhra Pradesh","BALL VALVE, BOLTED BONNET, 3 INCH, CLASS 900, BODY ASTM A182 F53, FLANGED ENDS, TRIM 12, RTJ FACING",91,198827.19,16
ONGC-RED-02842,ONGC,"Mumbai High Offshore Logistics Base, Maharashtra","BUTTWELD FITTING, CONCENTRIC REDUCER, 20 INCH, SCH 160, ASTM A234 WPB, ASME B16.9",138,2742.41,295
ONGC-CHE-02843,ONGC,"Hazira Gas Processing Plant, Gujarat","CHECK VALVE, BOLTED BONNET, 16 INCH, CLASS 150, BODY ASTM A193 B16, FLANGED ENDS",5,19436.87,1164
ONGC-RED-02844,ONGC,"Uran Gas Processing Complex, Maharashtra","BUTTWELD FITTING, CONCENTRIC REDUCER, 10 INCH, SCH 80, ASTM A234 WPB, ASME B16.9",30,11018.15,5
ONGC-TEE-02845,ONGC,"Rajahmundry Asset, Andhra Pradesh","BUTTWELD FITTING, EQUAL TEE, 1.5 INCH, SCH XXS, ASTM A234 WPB, ASME B16.9",63,17350.23,198
ONGC-GAS-02846,ONGC,"Uran Gas Processing Complex, Maharashtra","METALLIC RING JOINT GASKET OCTAGONAL, 1/2 INCH, CLASS 300, ASME B16.20",77,18807.92,30
ONGC-PSV-02847,ONGC,"Mumbai High Offshore Logistics Base, Maharashtra","BALL VALVE, BOLTED BONNET, 24 INCH, CLASS 600, BODY INCONEL 625, FLANGED ENDS, TRIM 5, FF FACING",83,114719.28,15
ONGC-PSV-02848,ONGC,"Rajahmundry Asset, Andhra Pradesh","BALL VALVE, BOLTED BONNET, 1 INCH, CLASS 300, BODY ASTM A350 LF2, FLANGED ENDS, TRIM 12, FF FACING",64,24778.4,341
ONGC-CHE-02849,ONGC,"Mumbai High Offshore Logistics Base, Maharashtra","CHECK VALVE, BOLTED BONNET, 1/2 INCH, CLASS 1500, BODY ASTM A182 F22, FLANGED ENDS, TRIM 8, RTJ FACING",88,29997.36,21
ONGC-GAS-02850,ONGC,"Ankleshwar Asset, Gujarat","SPIRAL WOUND GASKET WITH INNER AND OUTER RING, 8 INCH, CLASS 150, ASME B16.20",14,3089.12,274
ONGC-CHE-02851,ONGC,"Hazira Gas Processing Plant, Gujarat","CHECK VALVE, BOLTED BONNET, 1/2 INCH, CLASS 300, BODY ASTM A182 F316, FLANGED ENDS, TRIM 8, RF FACING",43,48157.73,340
ONGC-GAT-02852,ONGC,"Uran Gas Processing Complex, Maharashtra","GATE VALVE, BOLTED BONNET, 12 INCH, CLASS 150, BODY ASTM A182 F316L, FLANGED ENDS, TRIM 16, RF FACING",136,69980.64,26
ONGC-CHE-02853,ONGC,"Uran Gas Processing Complex, Maharashtra","CHECK VALVE, BOLTED BONNET, 1/2 INCH, CLASS 300, BODY ASTM A182 F22, FLANGED ENDS, TRIM 12, BW FACING",133,20242.77,125
ONGC-GAS-02854,ONGC,"Mumbai High Offshore Logistics Base, Maharashtra","SPIRAL WOUND GASKET WITH INNER AND OUTER RING, 3/4 INCH, CLASS 2500, ASME B16.20",96,3874.32,40
ONGC-GAS-02855,ONGC,"Ankleshwar Asset, Gujarat","SPIRAL WOUND GASKET WITH INNER AND OUTER RING, 24 INCH, CLASS 1500, ASME B16.20",30,9108.98,529
ONGC-RED-02856,ONGC,"Uran Gas Processing Complex, Maharashtra","BUTTWELD FITTING, CONCENTRIC REDUCER, 1/2 INCH, ASTM A234 WPB, ASME B16.9",56,4117.81,957
ONGC-CHE-02857,ONGC,"Mumbai High Offshore Logistics Base, Maharashtra","CHECK VALVE, BOLTED BONNET, 1/2 INCH, CLASS 150, BODY ASTM A182 F11, FLANGED ENDS, TRIM 5, FF FACING",42,29751.66,146
ONGC-CEN-02858,ONGC,"Rajahmundry Asset, Andhra Pradesh","CENTRIFUGAL PUMP SPARE, 16 INCH, CLASS 600, ASTM A105",112,64354.4,353
ONGC-PIP-02859,ONGC,"Hazira Gas Processing Plant, Gujarat","LINE PIPE, SEAMLESS, 1 INCH, SCH XXS, ASTM A182 F316, ASME B36.10M, BEVELED ENDS",48,11146.53,619
ONGC-PIP-02860,ONGC,"Mumbai High Offshore Logistics Base, Maharashtra","LINE PIPE, SEAMLESS, 2 INCH, SCH 80, ASTM A182 F51, ASME B36.10M, BEVELED ENDS",148,5538.31,25
ONGC-GAS-02861,ONGC,"Hazira Gas Processing Plant, Gujarat","SPIRAL WOUND GASKET WITH INNER AND OUTER RING, 8 INCH, CLASS 600, ASME B16.20",36,2473.75,27
ONGC-CEN-02862,ONGC,"Uran Gas Processing Complex, Maharashtra","CENTRIFUGAL PUMP SPARE, 1/2 INCH, CLASS 2500, ASTM A350 LF2",33,41053.8,51
ONGC-PIP-02863,ONGC,"Hazira Gas Processing Plant, Gujarat","LINE PIPE, SEAMLESS, 3 INCH, SCH 20, ASTM A182 F51, ASME B36.10M, BEVELED ENDS",65,5780.12,39
ONGC-PSV-02864,ONGC,"Uran Gas Processing Complex, Maharashtra","BALL VALVE, BOLTED BONNET, 10 INCH, CLASS 2500, BODY ASTM A182 F51, FLANGED ENDS, TRIM 1, BW FACING",51,66014.73,871
ONGC-GAS-02865,ONGC,"Hazira Gas Processing Plant, Gujarat","SPIRAL WOUND GASKET WITH INNER AND OUTER RING, 16 INCH, CLASS 900, ASME B16.20",125,10622.4,825
ONGC-BUT-02866,ONGC,"Ankleshwar Asset, Gujarat","BALL VALVE, BOLTED BONNET, 16 INCH, CLASS 150, BODY ASTM A216 WCB, FLANGED ENDS, TRIM 1, RF FACING",95,30418.58,343
ONGC-GAS-02867,ONGC,"Ankleshwar Asset, Gujarat","METALLIC RING JOINT GASKET OCTAGONAL, 2 INCH, CLASS 150, ASME B16.20",112,9808.97,972
ONGC-CHE-02868,ONGC,"Ankleshwar Asset, Gujarat","CHECK VALVE, BOLTED BONNET, 3 INCH, CLASS 2500, BODY ASTM A182 F11, FLANGED ENDS, TRIM 12, BW FACING",48,17846.7,1190
ONGC-GLO-02869,ONGC,"Mumbai High Offshore Logistics Base, Maharashtra","GLOBE VALVE, BOLTED BONNET, 12 INCH, CLASS 2500, BODY ASTM A193 B16, FLANGED ENDS, TRIM 5, SW FACING",43,28885.91,34
ONGC-ELB-02870,ONGC,"Ankleshwar Asset, Gujarat","BUTTWELD FITTING, ELBOW 90 DEG LONG RADIUS, 6 INCH, SCH 20, ASTM A234 WPB, ASME B16.9",60,2092.45,44
ONGC-GAT-02871,ONGC,"Rajahmundry Asset, Andhra Pradesh","GATE VALVE, BOLTED BONNET, 3/4 INCH, CLASS 2500, BODY INCONEL 625, FLANGED ENDS, TRIM 16, BW FACING",49,118867.32,24
ONGC-BUT-02872,ONGC,"Mumbai High Offshore Logistics Base, Maharashtra","BALL VALVE, BOLTED BONNET, 16 INCH, CLASS 1500, BODY ASTM A105, FLANGED ENDS, TRIM 12, RF FACING",142,31692.77,1040
ONGC-RED-02873,ONGC,"Mumbai High Offshore Logistics Base, Maharashtra","BUTTWELD FITTING, CONCENTRIC REDUCER, 4 INCH, SCH 160, ASTM A234 WPB, ASME B16.9",107,2219.43,9
ONGC-GAS-02874,ONGC,"Rajahmundry Asset, Andhra Pradesh","METALLIC RING JOINT GASKET OCTAGONAL, 2 INCH, CLASS 1500, ASME B16.20",72,9773.96,178
ONGC-RED-02875,ONGC,"Ankleshwar Asset, Gujarat","BUTTWELD FITTING, CONCENTRIC REDUCER, 16 INCH, SCH 80, ASTM A234 WPB, ASME B16.9",18,7100.75,579
ONGC-GAS-02876,ONGC,"Rajahmundry Asset, Andhra Pradesh","SPIRAL WOUND GASKET WITH INNER AND OUTER RING, 2 INCH, CLASS 600, ASME B16.20",28,9311.11,310
ONGC-GAS-02877,ONGC,"Hazira Gas Processing Plant, Gujarat","METALLIC RING JOINT GASKET OCTAGONAL, 6 INCH, CLASS 300, ASME B16.20",128,10757.46,163
ONGC-GLO-02878,ONGC,"Hazira Gas Processing Plant, Gujarat","GLOBE VALVE, BOLTED BONNET, 1.5 INCH, CLASS 2500, BODY ASTM A182 F316L, FLANGED ENDS, TRIM 12, SW FACING",45,44465.73,509
ONGC-GAT-02879,ONGC,"Rajahmundry Asset, Andhra Pradesh","GATE VALVE, BOLTED BONNET, 3 INCH, CLASS 600, BODY ASTM A182 F51, FLANGED ENDS, TRIM 16, SW FACING",114,70465.32,59
ONGC-GAT-02880,ONGC,"Mumbai High Offshore Logistics Base, Maharashtra","GATE VALVE, BOLTED BONNET, 24 INCH, CLASS 900, BODY ASTM A216 WCB, FLANGED ENDS, TRIM 16, FF FACING",56,14892.54,24
ONGC-CEN-02881,ONGC,"Ankleshwar Asset, Gujarat","CENTRIFUGAL PUMP SPARE, 1/2 INCH, CLASS 900, ASTM A105",86,72432.75,42
ONGC-FLA-02882,ONGC,"Hazira Gas Processing Plant, Gujarat","FLANGE, SLIP ON, 4 INCH, CLASS 600, ASTM A350 LF2, ASME B16.5, RF FACING",24,6728.68,435
ONGC-GLO-02883,ONGC,"Rajahmundry Asset, Andhra Pradesh","GLOBE VALVE, BOLTED BONNET, 1/2 INCH, CLASS 300, BODY ASTM A182 F304, FLANGED ENDS",133,18683.45,800
ONGC-TEE-02884,ONGC,"Ankleshwar Asset, Gujarat","BUTTWELD FITTING, EQUAL TEE, 2 INCH, SCH XXS, ASTM A234 WPB, ASME B16.9",147,7975.45,580
ONGC-GLO-02885,ONGC,"Mumbai High Offshore Logistics Base, Maharashtra","GLOBE VALVE, BOLTED BONNET, 16 INCH, CLASS 300, BODY ASTM A105, FLANGED ENDS, TRIM 8, RTJ FACING",79,19547.62,113
ONGC-GAT-02886,ONGC,"Mumbai High Offshore Logistics Base, Maharashtra","GATE VALVE, BOLTED BONNET, 1/2 INCH, CLASS 2500, BODY INCONEL 625, FLANGED ENDS",75,94130.38,211
ONGC-BUT-02887,ONGC,"Ankleshwar Asset, Gujarat","BALL VALVE, BOLTED BONNET, 6 INCH, CLASS 300, BODY ASTM A193 B7, FLANGED ENDS",33,26944.5,799
ONGC-ELB-02888,ONGC,"Hazira Gas Processing Plant, Gujarat","BUTTWELD FITTING, ELBOW 90 DEG LONG RADIUS, 20 INCH, SCH 20, ASTM A234 WPB, ASME B16.9",144,4462.6,1098
ONGC-CEN-02889,ONGC,"Mumbai High Offshore Logistics Base, Maharashtra","CENTRIFUGAL PUMP SPARE, 3 INCH, CLASS 150, INCONEL 625",56,351030.02,34
ONGC-RED-02890,ONGC,"Ankleshwar Asset, Gujarat","BUTTWELD FITTING, CONCENTRIC REDUCER, 12 INCH, SCH 20, ASTM A234 WPB, ASME B16.9",42,11938.38,37
ONGC-BAL-02891,ONGC,"Uran Gas Processing Complex, Maharashtra","BALL VALVE, BOLTED BONNET, 8 INCH, CLASS 900, BODY ASTM A182 F316, FLANGED ENDS, TRIM 8, SW FACING",131,73770.15,10
ONGC-BAL-02892,ONGC,"Mumbai High Offshore Logistics Base, Maharashtra","BALL VALVE, BOLTED BONNET, 10 INCH, CLASS 2500, BODY ASTM A106 GR.B, FLANGED ENDS, TRIM 1, SW FACING",104,28921.42,619
ONGC-STU-02893,ONGC,"Uran Gas Processing Complex, Maharashtra","STUD BOLT WITH TWO HEAVY HEX NUTS, 10 INCH, LENGTH 180 MM, STUD ASTM A193 B16, NUTS ASTM A194 GR 2H",146,2166.62,610
ONGC-PIP-02894,ONGC,"Uran Gas Processing Complex, Maharashtra","LINE PIPE, SEAMLESS, 10 INCH, SCH 40, ASTM A193 B7, ASME B36.10M, BEVELED ENDS",61,3479.71,1056
ONGC-BUT-02895,ONGC,"Rajahmundry Asset, Andhra Pradesh","BALL VALVE, BOLTED BONNET, 4 INCH, CLASS 900, BODY ASTM A182 F304, FLANGED ENDS, TRIM 5, BW FACING",3,16277.4,8
ONGC-GAS-02896,ONGC,"Uran Gas Processing Complex, Maharashtra","METALLIC RING JOINT GASKET OCTAGONAL, 12 INCH, CLASS 600, ASME B16.20",92,9379.29,27
ONGC-STU-02897,ONGC,"Mumbai High Offshore Logistics Base, Maharashtra","STUD BOLT WITH TWO HEAVY HEX NUTS, 8 INCH, LENGTH 180 MM, STUD ASTM A182 F316, NUTS ASTM A194 GR 2H",106,7822.72,904
ONGC-GAS-02898,ONGC,"Hazira Gas Processing Plant, Gujarat","METALLIC RING JOINT GASKET OCTAGONAL, 6 INCH, CLASS 300, ASME B16.20",3,4420.31,6
ONGC-GAT-02899,ONGC,"Hazira Gas Processing Plant, Gujarat","GATE VALVE, BOLTED BONNET, 3 INCH, CLASS 2500, BODY ASTM A193 B16, FLANGED ENDS, TRIM 12, FF FACING",126,24140.81,5
ONGC-GAS-02900,ONGC,"Mumbai High Offshore Logistics Base, Maharashtra","SPIRAL WOUND GASKET WITH INNER AND OUTER RING, 4 INCH, CLASS 600, ASME B16.20",70,2284.57,155
ONGC-BAL-02901,ONGC,"Rajahmundry Asset, Andhra Pradesh","BALL VALVE, BOLTED BONNET, 6 INCH, CLASS 150, BODY INCONEL 625, FLANGED ENDS, TRIM 8, RF FACING",30,176658.28,348
ONGC-GAS-02902,ONGC,"Uran Gas Processing Complex, Maharashtra","METALLIC RING JOINT GASKET OCTAGONAL, 1/2 INCH, CLASS 2500, ASME B16.20",74,3688.94,19
ONGC-GLO-02903,ONGC,"Rajahmundry Asset, Andhra Pradesh","GLOBE VALVE, BOLTED BONNET, 24 INCH, CLASS 900, BODY ASTM A182 F304, FLANGED ENDS, TRIM 16, BW FACING",66,25394.24,56
ONGC-STU-02904,ONGC,"Rajahmundry Asset, Andhra Pradesh","STUD BOLT WITH TWO HEAVY HEX NUTS, 20 INCH, LENGTH 180 MM, STUD ASTM A193 B16, NUTS ASTM A194 GR 2H",114,3591.9,970
ONGC-GLO-02905,ONGC,"Uran Gas Processing Complex, Maharashtra","GLOBE VALVE, BOLTED BONNET, 2 INCH, CLASS 1500, BODY ASTM A182 F304, FLANGED ENDS, TRIM 5, SW FACING",32,15584.59,48
ONGC-TEE-02906,ONGC,"Ankleshwar Asset, Gujarat","BUTTWELD FITTING, EQUAL TEE, 2 INCH, ASTM A234 WPB, ASME B16.9",98,10294.69,11
ONGC-GLO-02907,ONGC,"Mumbai High Offshore Logistics Base, Maharashtra","GLOBE VALVE, BOLTED BONNET, 1.5 INCH, CLASS 600, BODY ASTM A182 F51, FLANGED ENDS",62,78474.66,568
ONGC-PSV-02908,ONGC,"Uran Gas Processing Complex, Maharashtra","BALL VALVE, BOLTED BONNET, 24 INCH, CLASS 2500, BODY ASTM A216 WCB, FLANGED ENDS",85,17657.7,459
ONGC-STU-02909,ONGC,"Uran Gas Processing Complex, Maharashtra","STUD BOLT WITH TWO HEAVY HEX NUTS, 12 INCH, LENGTH 180 MM, STUD ASTM A216 WCB, NUTS ASTM A194 GR 2H",30,3502.65,161
ONGC-FLA-02910,ONGC,"Rajahmundry Asset, Andhra Pradesh","FLANGE, SLIP ON, 20 INCH, CLASS 150, ASTM A182 F51, ASME B16.5, RTJ FACING",33,10622.14,48
ONGC-STU-02911,ONGC,"Uran Gas Processing Complex, Maharashtra","STUD BOLT WITH TWO HEAVY HEX NUTS, 8 INCH, LENGTH 180 MM, STUD INCONEL 625, NUTS ASTM A194 GR 2H",35,16463.39,152
ONGC-GAT-02912,ONGC,"Rajahmundry Asset, Andhra Pradesh","GATE VALVE, BOLTED BONNET, 16 INCH, CLASS 300, BODY ASTM A182 F22, FLANGED ENDS, TRIM 16, SW FACING",106,29183.7,364
ONGC-BUT-02913,ONGC,"Ankleshwar Asset, Gujarat","BALL VALVE, BOLTED BONNET, 1 INCH, CLASS 2500, BODY ASTM A350 LF2, FLANGED ENDS, TRIM 16, FF FACING",95,14688.52,992
ONGC-PSV-02914,ONGC,"Ankleshwar Asset, Gujarat","BALL VALVE, BOLTED BONNET, 3 INCH, CLASS 1500, BODY INCONEL 625, FLANGED ENDS",95,151467.63,57
ONGC-GAS-02915,ONGC,"Rajahmundry Asset, Andhra Pradesh","SPIRAL WOUND GASKET WITH INNER AND OUTER RING, 1/2 INCH, CLASS 900, ASME B16.20",81,2000.32,456
ONGC-STU-02916,ONGC,"Uran Gas Processing Complex, Maharashtra","STUD BOLT WITH TWO HEAVY HEX NUTS, 24 INCH, LENGTH 180 MM, STUD ASTM A182 F22, NUTS ASTM A194 GR 2H",34,2859.85,333
ONGC-ELB-02917,ONGC,"Mumbai High Offshore Logistics Base, Maharashtra","BUTTWELD FITTING, ELBOW 90 DEG LONG RADIUS, 10 INCH, SCH 80, ASTM A234 WPB, ASME B16.9",9,2716.83,118
ONGC-FLA-02918,ONGC,"Ankleshwar Asset, Gujarat","FLANGE, BLIND, 8 INCH, CLASS 900, ASTM A182 F316L, ASME B16.5, SW FACING",118,12943.91,197
ONGC-RED-02919,ONGC,"Mumbai High Offshore Logistics Base, Maharashtra","BUTTWELD FITTING, CONCENTRIC REDUCER, 3/4 INCH, ASTM A234 WPB, ASME B16.9",32,1935.88,221
ONGC-GLO-02920,ONGC,"Ankleshwar Asset, Gujarat","GLOBE VALVE, BOLTED BONNET, 1/2 INCH, CLASS 150, BODY INCONEL 625, FLANGED ENDS, TRIM 8, FF FACING",112,88181.05,510
ONGC-GAS-02921,ONGC,"Rajahmundry Asset, Andhra Pradesh","SPIRAL WOUND GASKET WITH INNER AND OUTER RING, 1 INCH, CLASS 600, ASME B16.20",27,3818.32,493
ONGC-PIP-02922,ONGC,"Uran Gas Processing Complex, Maharashtra","LINE PIPE, SEAMLESS, 24 INCH, ASTM A193 B16, ASME B36.10M, BEVELED ENDS",150,2692.15,351
ONGC-BAL-02923,ONGC,"Uran Gas Processing Complex, Maharashtra","BALL VALVE, BOLTED BONNET, 1.5 INCH, CLASS 900, BODY ASTM A216 WCB, FLANGED ENDS, TRIM 16, SW FACING",24,29069.89,226
ONGC-GAS-02924,ONGC,"Uran Gas Processing Complex, Maharashtra","SPIRAL WOUND GASKET WITH INNER AND OUTER RING, 3 INCH, CLASS 900, ASME B16.20",130,4283.58,16
ONGC-GAS-02925,ONGC,"Mumbai High Offshore Logistics Base, Maharashtra","SPIRAL WOUND GASKET WITH INNER AND OUTER RING, 8 INCH, CLASS 300, ASME B16.20",34,4212.52,48
ONGC-CHE-02926,ONGC,"Mumbai High Offshore Logistics Base, Maharashtra","CHECK VALVE, BOLTED BONNET, 6 INCH, CLASS 900, BODY ASTM A182 F11, FLANGED ENDS, TRIM 5, BW FACING",70,27567.74,232
ONGC-GAS-02927,ONGC,"Hazira Gas Processing Plant, Gujarat","SPIRAL WOUND GASKET WITH INNER AND OUTER RING, 4 INCH, CLASS 300, ASME B16.20",130,5233.75,12
ONGC-GLO-02928,ONGC,"Ankleshwar Asset, Gujarat","GLOBE VALVE, BOLTED BONNET, 20 INCH, CLASS 2500, BODY ASTM A193 B7, FLANGED ENDS",75,26947.58,539
ONGC-GAS-02929,ONGC,"Mumbai High Offshore Logistics Base, Maharashtra","SPIRAL WOUND GASKET WITH INNER AND OUTER RING, 1 INCH, CLASS 300, ASME B16.20",54,2750.45,21
ONGC-PSV-02930,ONGC,"Mumbai High Offshore Logistics Base, Maharashtra","BALL VALVE, BOLTED BONNET, 1.5 INCH, CLASS 1500, BODY ASTM A182 F22, FLANGED ENDS, TRIM 5, RTJ FACING",108,28740.78,186
ONGC-GAT-02931,ONGC,"Hazira Gas Processing Plant, Gujarat","GATE VALVE, BOLTED BONNET, 20 INCH, CLASS 300, BODY ASTM A105, FLANGED ENDS, TRIM 12, RTJ FACING",18,18597.7,1079
ONGC-PIP-02932,ONGC,"Mumbai High Offshore Logistics Base, Maharashtra","LINE PIPE, SEAMLESS, 3 INCH, ASTM A182 F11, ASME B36.10M, BEVELED ENDS",64,2181.35,6
ONGC-TEE-02933,ONGC,"Rajahmundry Asset, Andhra Pradesh","BUTTWELD FITTING, EQUAL TEE, 1/2 INCH, SCH XXS, ASTM A234 WPB, ASME B16.9",146,4592.39,8
ONGC-PSV-02934,ONGC,"Hazira Gas Processing Plant, Gujarat","BALL VALVE, BOLTED BONNET, 10 INCH, CLASS 900, BODY ASTM A350 LF2, FLANGED ENDS, TRIM 5, BW FACING",50,31103.95,134
ONGC-TEE-02935,ONGC,"Uran Gas Processing Complex, Maharashtra","BUTTWELD FITTING, EQUAL TEE, 24 INCH, SCH 20, ASTM A234 WPB, ASME B16.9",7,8300.21,366
ONGC-FLA-02936,ONGC,"Rajahmundry Asset, Andhra Pradesh","FLANGE, BLIND, 6 INCH, CLASS 150, ASTM A182 F51, ASME B16.5, RTJ FACING",32,14902.78,59
ONGC-CHE-02937,ONGC,"Hazira Gas Processing Plant, Gujarat","CHECK VALVE, BOLTED BONNET, 1.5 INCH, CLASS 150, BODY ASTM A182 F11, FLANGED ENDS",84,29551.68,355
ONGC-BUT-02938,ONGC,"Rajahmundry Asset, Andhra Pradesh","BALL VALVE, BOLTED BONNET, 1 INCH, CLASS 300, BODY ASTM A106 GR.B, FLANGED ENDS",4,29717.22,40
ONGC-GAS-02939,ONGC,"Hazira Gas Processing Plant, Gujarat","METALLIC RING JOINT GASKET OCTAGONAL, 1/2 INCH, CLASS 300, ASME B16.20",72,5524.63,103
ONGC-TEE-02940,ONGC,"Uran Gas Processing Complex, Maharashtra","BUTTWELD FITTING, EQUAL TEE, 20 INCH, SCH XXS, ASTM A234 WPB, ASME B16.9",84,2811.86,371
ONGC-BUT-02941,ONGC,"Hazira Gas Processing Plant, Gujarat","BALL VALVE, BOLTED BONNET, 24 INCH, CLASS 900, BODY ASTM A182 F11, FLANGED ENDS, TRIM 8, FF FACING",46,31344.89,302
ONGC-STU-02942,ONGC,"Rajahmundry Asset, Andhra Pradesh","STUD BOLT WITH TWO HEAVY HEX NUTS, 3 INCH, LENGTH 180 MM, STUD ASTM A182 F316L, NUTS ASTM A194 GR 2H",139,10952.5,159
ONGC-GAS-02943,ONGC,"Hazira Gas Processing Plant, Gujarat","METALLIC RING JOINT GASKET OCTAGONAL, 16 INCH, CLASS 600, ASME B16.20",103,2277.15,633
ONGC-CHE-02944,ONGC,"Uran Gas Processing Complex, Maharashtra","CHECK VALVE, BOLTED BONNET, 20 INCH, CLASS 2500, BODY ASTM A182 F304, FLANGED ENDS",97,22392.82,935
ONGC-TEE-02945,ONGC,"Uran Gas Processing Complex, Maharashtra","BUTTWELD FITTING, EQUAL TEE, 6 INCH, SCH 160, ASTM A234 WPB, ASME B16.9",20,4508.77,770
ONGC-GAS-02946,ONGC,"Uran Gas Processing Complex, Maharashtra","METALLIC RING JOINT GASKET OCTAGONAL, 8 INCH, CLASS 900, ASME B16.20",61,9177.69,253
ONGC-ELB-02947,ONGC,"Rajahmundry Asset, Andhra Pradesh","BUTTWELD FITTING, ELBOW 90 DEG LONG RADIUS, 24 INCH, SCH 20, ASTM A234 WPB, ASME B16.9",111,3911.47,358
ONGC-CHE-02948,ONGC,"Mumbai High Offshore Logistics Base, Maharashtra","CHECK VALVE, BOLTED BONNET, 1/2 INCH, CLASS 900, BODY ASTM A182 F51, FLANGED ENDS",52,53004.42,351
ONGC-PIP-02949,ONGC,"Rajahmundry Asset, Andhra Pradesh","LINE PIPE, SEAMLESS, 1/2 INCH, ASTM A193 B16, ASME B36.10M, BEVELED ENDS",41,3166.46,266
ONGC-GAT-02950,ONGC,"Ankleshwar Asset, Gujarat","GATE VALVE, BOLTED BONNET, 1 INCH, CLASS 300, BODY ASTM A216 WCB, FLANGED ENDS, TRIM 12, BW FACING",2,14031.91,834
ONGC-TEE-02951,ONGC,"Hazira Gas Processing Plant, Gujarat","BUTTWELD FITTING, EQUAL TEE, 1 INCH, SCH XXS, ASTM A234 WPB, ASME B16.9",79,14246.87,54
ONGC-FLA-02952,ONGC,"Mumbai High Offshore Logistics Base, Maharashtra","FLANGE, WELDING NECK, 1.5 INCH, CLASS 900, ASTM A182 F11, ASME B16.5, RF FACING",53,3527.59,617
ONGC-PIP-02953,ONGC,"Rajahmundry Asset, Andhra Pradesh","LINE PIPE, SEAMLESS, 16 INCH, SCH 40, ASTM A182 F316, ASME B36.10M, BEVELED ENDS",69,8926.16,318
ONGC-PSV-02954,ONGC,"Hazira Gas Processing Plant, Gujarat","BALL VALVE, BOLTED BONNET, 2 INCH, CLASS 900, BODY ASTM A105, FLANGED ENDS",26,29964.99,213
ONGC-FLA-02955,ONGC,"Mumbai High Offshore Logistics Base, Maharashtra","FLANGE, SOCKET WELD, 2 INCH, CLASS 300, ASTM A105, ASME B16.5, SW FACING",144,5541.53,610
ONGC-CEN-02956,ONGC,"Hazira Gas Processing Plant, Gujarat","CENTRIFUGAL PUMP SPARE, 6 INCH, CLASS 2500, ASTM A193 B7",126,73349.54,94
ONGC-BAL-02957,ONGC,"Hazira Gas Processing Plant, Gujarat","BALL VALVE, BOLTED BONNET, 2 INCH, CLASS 1500, BODY ASTM A182 F316, FLANGED ENDS, TRIM 12, BW FACING",128,48976.51,866
ONGC-BUT-02958,ONGC,"Rajahmundry Asset, Andhra Pradesh","BALL VALVE, BOLTED BONNET, 6 INCH, CLASS 300, BODY ASTM A350 LF2, FLANGED ENDS, TRIM 1, FF FACING",108,17603.35,450
ONGC-GLO-02959,ONGC,"Rajahmundry Asset, Andhra Pradesh","GLOBE VALVE, BOLTED BONNET, 8 INCH, CLASS 300, BODY ASTM A216 WCB, FLANGED ENDS, TRIM 16, RTJ FACING",32,19718.06,103
ONGC-GAS-02960,ONGC,"Hazira Gas Processing Plant, Gujarat","SPIRAL WOUND GASKET WITH INNER AND OUTER RING, 2 INCH, CLASS 1500, ASME B16.20",67,26479.43,305
ONGC-GAT-02961,ONGC,"Mumbai High Offshore Logistics Base, Maharashtra","GATE VALVE, BOLTED BONNET, 2 INCH, CLASS 600, BODY ASTM A182 F316, FLANGED ENDS, TRIM 12, RF FACING",107,60878.79,58
ONGC-CEN-02962,ONGC,"Mumbai High Offshore Logistics Base, Maharashtra","CENTRIFUGAL PUMP SPARE, 6 INCH, CLASS 2500, ASTM A106 GR.B",116,70965.86,851
ONGC-PIP-02963,ONGC,"Mumbai High Offshore Logistics Base, Maharashtra","LINE PIPE, SEAMLESS, 3 INCH, ASTM A182 F316L, ASME B36.10M, BEVELED ENDS",3,8125.92,52
ONGC-RED-02964,ONGC,"Ankleshwar Asset, Gujarat","BUTTWELD FITTING, CONCENTRIC REDUCER, 3 INCH, ASTM A234 WPB, ASME B16.9",74,8628.43,872
ONGC-GLO-02965,ONGC,"Ankleshwar Asset, Gujarat","GLOBE VALVE, BOLTED BONNET, 2 INCH, CLASS 2500, BODY ASTM A182 F11, FLANGED ENDS, TRIM 12, SW FACING",71,16306.52,444
ONGC-GAS-02966,ONGC,"Rajahmundry Asset, Andhra Pradesh","SPIRAL WOUND GASKET WITH INNER AND OUTER RING, 24 INCH, CLASS 1500, ASME B16.20",120,24180.0,808
ONGC-BAL-02967,ONGC,"Ankleshwar Asset, Gujarat","BALL VALVE, BOLTED BONNET, 24 INCH, CLASS 900, BODY ASTM A105, FLANGED ENDS, TRIM 12, BW FACING",52,25066.29,20
ONGC-BAL-02968,ONGC,"Rajahmundry Asset, Andhra Pradesh","BALL VALVE, BOLTED BONNET, 10 INCH, CLASS 300, BODY ASTM A350 LF2, FLANGED ENDS, TRIM 1, RTJ FACING",62,29751.79,480
ONGC-BAL-02969,ONGC,"Uran Gas Processing Complex, Maharashtra","BALL VALVE, BOLTED BONNET, 3 INCH, CLASS 600, BODY ASTM A182 F22, FLANGED ENDS, TRIM 8, BW FACING",134,23363.42,159
ONGC-BUT-02970,ONGC,"Uran Gas Processing Complex, Maharashtra","BALL VALVE, BOLTED BONNET, 1.5 INCH, CLASS 900, BODY ASTM A216 WCB, FLANGED ENDS",118,32040.77,1090
ONGC-CHE-02971,ONGC,"Rajahmundry Asset, Andhra Pradesh","CHECK VALVE, BOLTED BONNET, 8 INCH, CLASS 900, BODY ASTM A182 F316, FLANGED ENDS, TRIM 16, BW FACING",23,66258.18,269
ONGC-CEN-02972,ONGC,"Rajahmundry Asset, Andhra Pradesh","CENTRIFUGAL PUMP SPARE, 10 INCH, CLASS 600, ASTM A182 F11",138,55399.47,841
ONGC-TEE-02973,ONGC,"Hazira Gas Processing Plant, Gujarat","BUTTWELD FITTING, EQUAL TEE, 16 INCH, SCH 80, ASTM A234 WPB, ASME B16.9",29,4006.01,312
ONGC-PSV-02974,ONGC,"Mumbai High Offshore Logistics Base, Maharashtra","BALL VALVE, BOLTED BONNET, 1 INCH, CLASS 1500, BODY ASTM A182 F316L, FLANGED ENDS, TRIM 12, FF FACING",51,53220.05,48
ONGC-PIP-02975,ONGC,"Rajahmundry Asset, Andhra Pradesh","LINE PIPE, SEAMLESS, 4 INCH, SCH 80, ASTM A182 F53, ASME B36.10M, BEVELED ENDS",145,23243.62,43
ONGC-GLO-02976,ONGC,"Hazira Gas Processing Plant, Gujarat","GLOBE VALVE, BOLTED BONNET, 10 INCH, CLASS 600, BODY ASTM A182 F22, FLANGED ENDS, TRIM 16, RF FACING",33,30066.35,17
ONGC-CEN-02977,ONGC,"Rajahmundry Asset, Andhra Pradesh","CENTRIFUGAL PUMP SPARE, 2 INCH, CLASS 600, ASTM A216 WCB",98,42240.33,793
ONGC-GLO-02978,ONGC,"Uran Gas Processing Complex, Maharashtra","GLOBE VALVE, BOLTED BONNET, 1.5 INCH, CLASS 2500, BODY ASTM A216 WCB, FLANGED ENDS, TRIM 12, RF FACING",61,25412.19,403
ONGC-GLO-02979,ONGC,"Ankleshwar Asset, Gujarat","GLOBE VALVE, BOLTED BONNET, 12 INCH, CLASS 1500, BODY ASTM A182 F304, FLANGED ENDS, TRIM 12, RTJ FACING",24,32397.31,420
ONGC-ELB-02980,ONGC,"Uran Gas Processing Complex, Maharashtra","BUTTWELD FITTING, ELBOW 90 DEG LONG RADIUS, 2 INCH, ASTM A234 WPB, ASME B16.9",16,5657.86,23
ONGC-GAS-02981,ONGC,"Uran Gas Processing Complex, Maharashtra","METALLIC RING JOINT GASKET OCTAGONAL, 16 INCH, CLASS 1500, ASME B16.20",55,9757.82,20
ONGC-PSV-02982,ONGC,"Hazira Gas Processing Plant, Gujarat","BALL VALVE, BOLTED BONNET, 2 INCH, CLASS 150, BODY ASTM A182 F11, FLANGED ENDS",78,31871.88,390
ONGC-FLA-02983,ONGC,"Ankleshwar Asset, Gujarat","FLANGE, BLIND, 3 INCH, CLASS 2500, ASTM A182 F51, ASME B16.5, RF FACING",34,17799.07,1010
ONGC-CHE-02984,ONGC,"Uran Gas Processing Complex, Maharashtra","CHECK VALVE, BOLTED BONNET, 3/4 INCH, CLASS 900, BODY ASTM A182 F51, FLANGED ENDS, TRIM 8, FF FACING",33,55718.75,206
ONGC-BAL-02985,ONGC,"Hazira Gas Processing Plant, Gujarat","BALL VALVE, BOLTED BONNET, 4 INCH, CLASS 900, BODY ASTM A182 F53, FLANGED ENDS, TRIM 12, FF FACING",110,93563.43,48
ONGC-GAS-02986,ONGC,"Uran Gas Processing Complex, Maharashtra","METALLIC RING JOINT GASKET OCTAGONAL, 16 INCH, CLASS 150, ASME B16.20",36,4519.73,27
ONGC-CHE-02987,ONGC,"Hazira Gas Processing Plant, Gujarat","CHECK VALVE, BOLTED BONNET, 6 INCH, CLASS 1500, BODY ASTM A182 F304, FLANGED ENDS, TRIM 16, RTJ FACING",139,32754.17,46
ONGC-CEN-02988,ONGC,"Ankleshwar Asset, Gujarat","CENTRIFUGAL PUMP SPARE, 24 INCH, CLASS 1500, ASTM A182 F304",18,74901.65,113
ONGC-CEN-02989,ONGC,"Mumbai High Offshore Logistics Base, Maharashtra","CENTRIFUGAL PUMP SPARE, 1.5 INCH, CLASS 1500, ASTM A106 GR.B",93,49345.38,47
ONGC-GAT-02990,ONGC,"Ankleshwar Asset, Gujarat","GATE VALVE, BOLTED BONNET, 16 INCH, CLASS 900, BODY ASTM A193 B16, FLANGED ENDS",84,25341.19,92
ONGC-PSV-02991,ONGC,"Ankleshwar Asset, Gujarat","BALL VALVE, BOLTED BONNET, 2 INCH, CLASS 600, BODY ASTM A182 F304, FLANGED ENDS, TRIM 8, BW FACING",54,29809.5,52
ONGC-BAL-02992,ONGC,"Mumbai High Offshore Logistics Base, Maharashtra","BALL VALVE, BOLTED BONNET, 1 INCH, CLASS 900, BODY ASTM A216 WCB, FLANGED ENDS, TRIM 1, RF FACING",102,27712.5,254
ONGC-TEE-02993,ONGC,"Uran Gas Processing Complex, Maharashtra","BUTTWELD FITTING, EQUAL TEE, 3/4 INCH, SCH XXS, ASTM A234 WPB, ASME B16.9",56,2392.98,53
ONGC-FLA-02994,ONGC,"Mumbai High Offshore Logistics Base, Maharashtra","FLANGE, SOCKET WELD, 1 INCH, CLASS 600, ASTM A105, ASME B16.5, RF FACING",122,7987.54,236
ONGC-TEE-02995,ONGC,"Rajahmundry Asset, Andhra Pradesh","BUTTWELD FITTING, EQUAL TEE, 6 INCH, SCH 20, ASTM A234 WPB, ASME B16.9",8,6346.64,22
ONGC-CHE-02996,ONGC,"Mumbai High Offshore Logistics Base, Maharashtra","CHECK VALVE, BOLTED BONNET, 8 INCH, CLASS 600, BODY ASTM A216 WCB, FLANGED ENDS, TRIM 8, BW FACING",17,20116.86,52
ONGC-BUT-02997,ONGC,"Ankleshwar Asset, Gujarat","BALL VALVE, BOLTED BONNET, 20 INCH, CLASS 150, BODY ASTM A106 GR.B, FLANGED ENDS, TRIM 12, FF FACING",132,20755.73,771
ONGC-STU-02998,ONGC,"Rajahmundry Asset, Andhra Pradesh","STUD BOLT WITH TWO HEAVY HEX NUTS, 20 INCH, LENGTH 180 MM, STUD ASTM A182 F316L, NUTS ASTM A194 GR 2H",4,4974.7,45
ONGC-ELB-02999,ONGC,"Rajahmundry Asset, Andhra Pradesh","BUTTWELD FITTING, ELBOW 90 DEG LONG RADIUS, 16 INCH, SCH 80, ASTM A234 WPB, ASME B16.9",133,2579.79,374
ONGC-GLO-03000,ONGC,"Uran Gas Processing Complex, Maharashtra","GLOBE VALVE, BOLTED BONNET, 6 INCH, CLASS 1500, BODY ASTM A216 WCB, FLANGED ENDS, TRIM 1, FF FACING",95,30115.75,17
BPCL-CHE-03001,BPCL,"Kochi Refinery, Kerala",VLV-CHK-DN25-PN150-A182F51,79,44343.19,413
BPCL-GAT-03002,BPCL,"Bina Refinery, Madhya Pradesh",VLV-GT-DN20-PN20-A350LF2-TR5-RTJ,52,20661.73,684
BPCL-CHE-03003,BPCL,"Bina Refinery, Madhya Pradesh",VLV-CHK-DN20-PN420-A182F11-TR16-RTJ,79,24741.76,224
BPCL-GAS-03004,BPCL,"Bina Refinery, Madhya Pradesh",GSKT-RTJ-DN200-PN150,138,11107.59,241
BPCL-PIP-03005,BPCL,"Kochi Refinery, Kerala",PIPE-SMLS-DN50-SCH XXS-A182F51-BE,103,7650.22,284
BPCL-GAS-03006,BPCL,"Bina Refinery, Madhya Pradesh",GSKT-SWG-DN300-PN100-SS316-GRAF,54,19797.67,1064
BPCL-BUT-03007,BPCL,"Kochi Refinery, Kerala",VLV-BFV-DN80-PN420-A193B7-TR8-SW,110,16770.31,185
BPCL-RED-03008,BPCL,"Kochi Refinery, Kerala",RED-CONC-DN600-SCH 40-A234WPB,125,2548.88,919
BPCL-RED-03009,BPCL,"Bina Refinery, Madhya Pradesh",RED-CONC-DN150-SCH 40-A234WPB,50,4022.63,625
BPCL-BAL-03010,BPCL,"Mumbai Mahul Refinery, Maharashtra",VLV-BL-DN50-PN250-A182F316L-TR1-BW,99,38053.24,284
BPCL-GLO-03011,BPCL,"Bina Refinery, Madhya Pradesh",VLV-GL-DN150-PN250-A182F53-TR16-BW,44,113294.49,21
BPCL-STU-03012,BPCL,"Bina Refinery, Madhya Pradesh",STUD-DN250-180MM-A193B16-2H,83,3021.99,208
BPCL-BAL-03013,BPCL,"Bina Refinery, Madhya Pradesh",VLV-BL-DN600-PN20-A105-TR5-SW,140,18401.96,770
BPCL-GAS-03014,BPCL,"Bina Refinery, Madhya Pradesh",GSKT-SWG-DN25-PN420,53,3233.39,1012
BPCL-TEE-03015,BPCL,"Mumbai Mahul Refinery, Maharashtra",TEE-EQ-DN15-SCH 20-A234WPB,99,2466.42,37
BPCL-FLA-03016,BPCL,"Mumbai Mahul Refinery, Maharashtra",FLG-BLD-DN40-PN20-A182F22-RTJ,63,7402.76,30
BPCL-BAL-03017,BPCL,"Mumbai Mahul Refinery, Maharashtra",VLV-BL-DN150-PN20-A193B16,47,18339.24,40
BPCL-FLA-03018,BPCL,"Kochi Refinery, Kerala",FLG-WN-DN600-PN50-INCONEL625-RTJ,117,34682.95,955
BPCL-GAS-03019,BPCL,"Bina Refinery, Madhya Pradesh",GSKT-SWG-DN500-PN420-SS316-GRAF,21,4490.85,29
BPCL-BAL-03020,BPCL,"Kochi Refinery, Kerala",VLV-BL-DN500-PN250-INCONEL625-TR5-SW,124,94511.42,657
BPCL-ELB-03021,BPCL,"Mumbai Mahul Refinery, Maharashtra",ELB-90LR-DN300-SCH 160-A234WPB,142,3118.54,510
BPCL-GLO-03022,BPCL,"Bina Refinery, Madhya Pradesh",VLV-GL-DN400-PN420-A105-TR1-RF,134,13691.47,655
BPCL-GAS-03023,BPCL,"Mumbai Mahul Refinery, Maharashtra",GSKT-SWG-DN300-PN420,4,1943.77,200
BPCL-GAS-03024,BPCL,"Bina Refinery, Madhya Pradesh",GSKT-SWG-DN80-PN50-SS316-GRAF,116,2932.05,28
BPCL-CEN-03025,BPCL,"Mumbai Mahul Refinery, Maharashtra",CENTRIFUGAL-PUMP-SPARE-DN250-PN100-ASTMA216WCB,75,41948.4,201
BPCL-ELB-03026,BPCL,"Kochi Refinery, Kerala",ELB-90LR-DN20-SCH 20-A234WPB,111,4589.84,787
BPCL-GLO-03027,BPCL,"Mumbai Mahul Refinery, Maharashtra",VLV-GL-DN200-PN150-A182F11-TR8-RTJ,66,28429.45,32
BPCL-GLO-03028,BPCL,"Kochi Refinery, Kerala",VLV-GL-DN300-PN100-A216WCB,54,26186.19,6
BPCL-BUT-03029,BPCL,"Bina Refinery, Madhya Pradesh",VLV-BFV-DN20-PN20-A193B16-TR16-RF,88,14043.88,368
BPCL-BAL-03030,BPCL,"Kochi Refinery, Kerala",VLV-BL-DN150-PN150-A182F53-TR16-RTJ,16,108642.96,349
BPCL-ELB-03031,BPCL,"Bina Refinery, Madhya Pradesh",ELB-90LR-DN40-SCH 160-A234WPB,116,2954.93,241
BPCL-CEN-03032,BPCL,"Bina Refinery, Madhya Pradesh",CENTRIFUGAL-PUMP-SPARE-DN20-PN150-ASTMA182F53,42,333734.19,614
BPCL-GLO-03033,BPCL,"Mumbai Mahul Refinery, Maharashtra",VLV-GL-DN200-PN50-A182F53-TR1-SW,34,82292.8,11
BPCL-GAT-03034,BPCL,"Kochi Refinery, Kerala",VLV-GT-DN600-PN150-INCONEL625-TR1-FF,137,84686.85,44
BPCL-GLO-03035,BPCL,"Mumbai Mahul Refinery, Maharashtra",VLV-GL-DN150-PN420-A182F304,70,30446.05,35
BPCL-ELB-03036,BPCL,"Kochi Refinery, Kerala",ELB-90LR-DN600-SCH 160-A234WPB,146,3072.98,565
BPCL-STU-03037,BPCL,"Kochi Refinery, Kerala",STUD-DN250-180MM-A106GR.B-2H,79,3620.48,618
BPCL-STU-03038,BPCL,"Mumbai Mahul Refinery, Maharashtra",STUD-DN500-180MM-A182F53-2H,86,22778.57,296
BPCL-PIP-03039,BPCL,"Kochi Refinery, Kerala",PIPE-SMLS-DN400-SCH XXS-A106GR.B-BE,25,3205.83,41
BPCL-ELB-03040,BPCL,"Kochi Refinery, Kerala",ELB-90LR-DN150-SCH 80-A234WPB,34,10767.13,47
BPCL-BAL-03041,BPCL,"Kochi Refinery, Kerala",VLV-BL-DN25-PN150-A193B7-TR8-RTJ,118,26510.95,25
BPCL-FLA-03042,BPCL,"Bina Refinery, Madhya Pradesh",FLG-SW-DN250-PN250-A182F11-SW,61,5160.77,346
BPCL-GLO-03043,BPCL,"Bina Refinery, Madhya Pradesh",VLV-GL-DN400-PN150-A182F11-TR5-RTJ,5,16735.5,21
BPCL-RED-03044,BPCL,"Bina Refinery, Madhya Pradesh",RED-CONC-DN200-SCH 160-A234WPB,99,15972.0,504
BPCL-ELB-03045,BPCL,"Kochi Refinery, Kerala",ELB-90LR-DN100-SCH XXS-A234WPB,89,2234.89,932
BPCL-TEE-03046,BPCL,"Mumbai Mahul Refinery, Maharashtra",TEE-EQ-DN80-SCH 160-A234WPB,61,10578.6,5
BPCL-FLA-03047,BPCL,"Mumbai Mahul Refinery, Maharashtra",FLG-WN-DN500-PN20-INCONEL625-BW,68,40777.35,138
BPCL-GAS-03048,BPCL,"Kochi Refinery, Kerala",GSKT-SWG-DN25-PN250-SS316-GRAF,143,3028.87,190
BPCL-FLA-03049,BPCL,"Kochi Refinery, Kerala",FLG-SO-DN20-PN420-A182F304-FF,53,4715.93,23
BPCL-GAT-03050,BPCL,"Kochi Refinery, Kerala",VLV-GT-DN250-PN100-A182F51-TR16-FF,123,65506.48,1012
BPCL-TEE-03051,BPCL,"Kochi Refinery, Kerala",TEE-EQ-DN20-SCH 80-A234WPB,20,2318.91,153
BPCL-GAS-03052,BPCL,"Bina Refinery, Madhya Pradesh",GSKT-RTJ-DN25-PN250-SS316-GRAF,129,11498.54,817
BPCL-CHE-03053,BPCL,"Bina Refinery, Madhya Pradesh",VLV-CHK-DN80-PN420-A182F316-TR16-SW,146,73943.12,28
BPCL-ELB-03054,BPCL,"Bina Refinery, Madhya Pradesh",ELB-90LR-DN200-A234WPB,72,7988.24,41
BPCL-FLA-03055,BPCL,"Kochi Refinery, Kerala",FLG-WN-DN40-PN20-A182F316-SW,129,9573.4,21
BPCL-GAS-03056,BPCL,"Kochi Refinery, Kerala",GSKT-SWG-DN15-PN420-SS316-GRAF,19,11018.8,303
BPCL-PIP-03057,BPCL,"Bina Refinery, Madhya Pradesh",PIPE-SMLS-DN500-A193B7-BE,106,2541.45,33
BPCL-CEN-03058,BPCL,"Kochi Refinery, Kerala",CENTRIFUGAL-PUMP-SPARE-DN400-PN420-ASTMA193B16,10,52845.0,308
BPCL-ELB-03059,BPCL,"Mumbai Mahul Refinery, Maharashtra",ELB-90LR-DN25-A234WPB,1,2256.68,17
BPCL-FLA-03060,BPCL,"Mumbai Mahul Refinery, Maharashtra",FLG-SW-DN500-PN250-A182F304-RTJ,131,8136.52,45
BPCL-FLA-03061,BPCL,"Bina Refinery, Madhya Pradesh",FLG-BLD-DN200-PN100-A182F53-RF,96,21339.58,293
BPCL-RED-03062,BPCL,"Mumbai Mahul Refinery, Maharashtra",RED-CONC-DN15-A234WPB,18,2661.27,229
BPCL-PIP-03063,BPCL,"Mumbai Mahul Refinery, Maharashtra",PIPE-SMLS-DN600-SCH 160-A105-BE,109,2061.26,539
BPCL-GAS-03064,BPCL,"Kochi Refinery, Kerala",GSKT-SWG-DN80-PN420-SS316-GRAF,121,22759.23,1085
BPCL-TEE-03065,BPCL,"Kochi Refinery, Kerala",TEE-EQ-DN150-SCH XXS-A234WPB,121,3690.21,364
BPCL-ELB-03066,BPCL,"Bina Refinery, Madhya Pradesh",ELB-90LR-DN15-SCH 20-A234WPB,56,8848.55,365
BPCL-FLA-03067,BPCL,"Mumbai Mahul Refinery, Maharashtra",FLG-WN-DN80-PN150-A193B16-RTJ,35,6002.16,999
BPCL-PIP-03068,BPCL,"Mumbai Mahul Refinery, Maharashtra",PIPE-SMLS-DN300-SCH 20-A182F316L-BE,101,4805.0,36
BPCL-GAT-03069,BPCL,"Mumbai Mahul Refinery, Maharashtra",VLV-GT-DN300-PN50-A105-TR8-SW,98,19653.87,472
BPCL-FLA-03070,BPCL,"Bina Refinery, Madhya Pradesh",FLG-BLD-DN200-PN100-A193B16-FF,83,5381.13,263
BPCL-STU-03071,BPCL,"Kochi Refinery, Kerala",STUD-DN150-180MM-A350LF2-2H,107,4408.16,28
BPCL-ELB-03072,BPCL,"Bina Refinery, Madhya Pradesh",ELB-90LR-DN25-SCH 80-A234WPB,20,14062.65,239
BPCL-GAS-03073,BPCL,"Kochi Refinery, Kerala",GSKT-RTJ-DN600-PN50-SS316-GRAF,123,3494.72,180
BPCL-RED-03074,BPCL,"Mumbai Mahul Refinery, Maharashtra",RED-CONC-DN100-SCH 160-A234WPB,66,3741.27,42
BPCL-PSV-03075,BPCL,"Mumbai Mahul Refinery, Maharashtra",VLV-BFV-DN15-PN250-A350LF2-TR8-FF,68,28540.24,133
BPCL-GLO-03076,BPCL,"Kochi Refinery, Kerala",VLV-GL-DN400-PN250-A182F316L-TR12-FF,88,37174.94,750
BPCL-CHE-03077,BPCL,"Kochi Refinery, Kerala",VLV-CHK-DN25-PN420-A182F316,112,70767.94,426
BPCL-BUT-03078,BPCL,"Mumbai Mahul Refinery, Maharashtra",VLV-BFV-DN100-PN20-A216WCB-TR5-BW,18,23938.76,36
BPCL-ELB-03079,BPCL,"Kochi Refinery, Kerala",ELB-90LR-DN600-SCH XXS-A234WPB,56,3776.74,470
BPCL-RED-03080,BPCL,"Mumbai Mahul Refinery, Maharashtra",RED-CONC-DN40-SCH 160-A234WPB,60,2043.18,282
BPCL-GAT-03081,BPCL,"Bina Refinery, Madhya Pradesh",VLV-GT-DN100-PN20-A182F53-TR12-RTJ,47,161425.65,45
BPCL-ELB-03082,BPCL,"Bina Refinery, Madhya Pradesh",ELB-90LR-DN15-SCH XXS-A234WPB,62,26591.7,302
BPCL-GAS-03083,BPCL,"Kochi Refinery, Kerala",GSKT-RTJ-DN150-PN150-SS316-GRAF,80,7142.43,24
BPCL-CHE-03084,BPCL,"Kochi Refinery, Kerala",VLV-CHK-DN400-PN100-A182F304-TR16-RF,52,20592.92,52
BPCL-GLO-03085,BPCL,"Kochi Refinery, Kerala",VLV-GL-DN40-PN20-A182F316L-TR16-RTJ,138,64354.31,562
BPCL-CHE-03086,BPCL,"Bina Refinery, Madhya Pradesh",VLV-CHK-DN20-PN100-A350LF2-TR8-RTJ,134,19735.04,52
BPCL-GLO-03087,BPCL,"Mumbai Mahul Refinery, Maharashtra",VLV-GL-DN100-PN20-A182F316L-TR12-RF,99,55530.81,693
BPCL-GAT-03088,BPCL,"Kochi Refinery, Kerala",VLV-GT-DN20-PN150-A193B7-TR16-FF,74,24637.24,20
BPCL-ELB-03089,BPCL,"Mumbai Mahul Refinery, Maharashtra",ELB-90LR-DN50-SCH XXS-A234WPB,112,3433.66,335
BPCL-GLO-03090,BPCL,"Bina Refinery, Madhya Pradesh",VLV-GL-DN80-PN250-A182F22-TR5-RTJ,53,22488.22,148
BPCL-TEE-03091,BPCL,"Bina Refinery, Madhya Pradesh",TEE-EQ-DN20-SCH XXS-A234WPB,77,4157.92,759
BPCL-GAS-03092,BPCL,"Bina Refinery, Madhya Pradesh",GSKT-SWG-DN250-PN100-SS316-GRAF,81,10436.45,241
BPCL-BAL-03093,BPCL,"Bina Refinery, Madhya Pradesh",VLV-BL-DN50-PN20-A193B16,95,16863.53,1121
BPCL-PIP-03094,BPCL,"Kochi Refinery, Kerala",PIPE-SMLS-DN15-SCH XXS-A182F51-BE,129,8729.47,979
BPCL-BUT-03095,BPCL,"Kochi Refinery, Kerala",VLV-BFV-DN15-PN420-A193B16-TR8-RF,59,21885.68,411
BPCL-GLO-03096,BPCL,"Bina Refinery, Madhya Pradesh",VLV-GL-DN150-PN420-A182F53,9,179444.28,642
BPCL-PSV-03097,BPCL,"Kochi Refinery, Kerala",VLV-BFV-DN300-PN100-A182F316L,4,70703.1,1187
BPCL-GAS-03098,BPCL,"Kochi Refinery, Kerala",GSKT-SWG-DN25-PN150-SS316-GRAF,89,2668.6,1094
BPCL-PSV-03099,BPCL,"Kochi Refinery, Kerala",VLV-BFV-DN200-PN100-A350LF2-TR12-SW,24,32497.54,117
BPCL-TEE-03100,BPCL,"Bina Refinery, Madhya Pradesh",TEE-EQ-DN400-SCH 20-A234WPB,94,25041.54,304
BPCL-PIP-03101,BPCL,"Bina Refinery, Madhya Pradesh",PIPE-SMLS-DN400-SCH XXS-A182F53-BE,100,15389.59,715
BPCL-CEN-03102,BPCL,"Mumbai Mahul Refinery, Maharashtra",CENTRIFUGAL-PUMP-SPARE-DN20-PN50-ASTMA182F316,54,157017.78,31
BPCL-BAL-03103,BPCL,"Kochi Refinery, Kerala",VLV-BL-DN100-PN20-A182F316-TR5-SW,33,37785.45,310
BPCL-PSV-03104,BPCL,"Bina Refinery, Madhya Pradesh",VLV-BFV-DN50-PN250-A193B7-TR12-SW,124,24807.15,1008
BPCL-PIP-03105,BPCL,"Kochi Refinery, Kerala",PIPE-SMLS-DN15-SCH 40-A193B7-BE,42,3235.32,8
BPCL-PIP-03106,BPCL,"Bina Refinery, Madhya Pradesh",PIPE-SMLS-DN100-SCH 40-A182F11-BE,35,2521.42,159
BPCL-PIP-03107,BPCL,"Kochi Refinery, Kerala",PIPE-SMLS-DN20-SCH 20-A182F11-BE,24,3444.34,308
BPCL-STU-03108,BPCL,"Bina Refinery, Madhya Pradesh",STUD-DN500-180MM-A182F22-2H,2,3030.17,14
BPCL-PIP-03109,BPCL,"Mumbai Mahul Refinery, Maharashtra",PIPE-SMLS-DN80-SCH 80-A350LF2-BE,117,2902.71,536
BPCL-TEE-03110,BPCL,"Mumbai Mahul Refinery, Maharashtra",TEE-EQ-DN400-SCH 20-A234WPB,56,4226.65,15
BPCL-CHE-03111,BPCL,"Mumbai Mahul Refinery, Maharashtra",VLV-CHK-DN50-PN420-A193B16-TR16-FF,98,17598.97,496
BPCL-GAS-03112,BPCL,"Mumbai Mahul Refinery, Maharashtra",GSKT-SWG-DN400-PN50-SS316-GRAF,4,4529.69,92
BPCL-PSV-03113,BPCL,"Bina Refinery, Madhya Pradesh",VLV-BFV-DN25-PN420-INCONEL625-TR16-FF,18,147787.22,17
BPCL-GAT-03114,BPCL,"Kochi Refinery, Kerala",VLV-GT-DN250-PN20-A182F22-TR1-SW,54,26123.45,32
BPCL-PIP-03115,BPCL,"Mumbai Mahul Refinery, Maharashtra",PIPE-SMLS-DN300-SCH XXS-A182F22-BE,41,3013.9,961
BPCL-BAL-03116,BPCL,"Bina Refinery, Madhya Pradesh",VLV-BL-DN15-PN420-A182F316-TR5-RTJ,45,66808.23,43
BPCL-ELB-03117,BPCL,"Bina Refinery, Madhya Pradesh",ELB-90LR-DN300-SCH 40-A234WPB,40,9572.14,495
BPCL-ELB-03118,BPCL,"Mumbai Mahul Refinery, Maharashtra",ELB-90LR-DN80-SCH 80-A234WPB,64,2024.92,831
BPCL-FLA-03119,BPCL,"Kochi Refinery, Kerala",FLG-SO-DN600-PN250-A182F51-RTJ,139,15907.45,529
BPCL-RED-03120,BPCL,"Mumbai Mahul Refinery, Maharashtra",RED-CONC-DN400-SCH 40-A234WPB,84,13243.26,330
BPCL-PIP-03121,BPCL,"Kochi Refinery, Kerala",PIPE-SMLS-DN100-SCH XXS-A182F304-BE,113,3013.31,27
BPCL-GLO-03122,BPCL,"Bina Refinery, Madhya Pradesh",VLV-GL-DN50-PN420-A193B7-TR16-RF,145,26694.92,158
BPCL-TEE-03123,BPCL,"Mumbai Mahul Refinery, Maharashtra",TEE-EQ-DN400-SCH 80-A234WPB,82,18807.3,58
BPCL-GAS-03124,BPCL,"Kochi Refinery, Kerala",GSKT-SWG-DN15-PN420-SS316-GRAF,9,3819.34,137
BPCL-RED-03125,BPCL,"Mumbai Mahul Refinery, Maharashtra",RED-CONC-DN40-A234WPB,94,11282.51,53
BPCL-CEN-03126,BPCL,"Mumbai Mahul Refinery, Maharashtra",CENTRIFUGAL-PUMP-SPARE-DN15-PN150-ASTMA106GR.B,99,39000.75,54
BPCL-PIP-03127,BPCL,"Mumbai Mahul Refinery, Maharashtra",PIPE-SMLS-DN150-SCH XXS-A105-BE,1,3714.59,1015
BPCL-CHE-03128,BPCL,"Mumbai Mahul Refinery, Maharashtra",VLV-CHK-DN250-PN250-A182F53,110,128046.94,310
BPCL-GLO-03129,BPCL,"Kochi Refinery, Kerala",VLV-GL-DN200-PN50-A105-TR5-BW,97,20659.63,837
BPCL-GAT-03130,BPCL,"Bina Refinery, Madhya Pradesh",VLV-GT-DN150-PN100-A182F11-TR12-FF,50,25161.27,335
BPCL-BAL-03131,BPCL,"Mumbai Mahul Refinery, Maharashtra",VLV-BL-DN50-PN420-A182F316L,2,62972.01,265
BPCL-CEN-03132,BPCL,"Bina Refinery, Madhya Pradesh",CENTRIFUGAL-PUMP-SPARE-DN500-PN100-ASTMA182F53,133,490027.6,32
BPCL-PSV-03133,BPCL,"Mumbai Mahul Refinery, Maharashtra",VLV-BFV-DN500-PN50-A216WCB-TR1-RTJ,109,30114.58,156
BPCL-ELB-03134,BPCL,"Bina Refinery, Madhya Pradesh",ELB-90LR-DN15-SCH XXS-A234WPB,4,4210.89,54
BPCL-PSV-03135,BPCL,"Mumbai Mahul Refinery, Maharashtra",VLV-BFV-DN250-PN420-A182F316,15,81575.72,580
BPCL-TEE-03136,BPCL,"Bina Refinery, Madhya Pradesh",TEE-EQ-DN50-SCH 80-A234WPB,128,6633.52,1137
BPCL-CHE-03137,BPCL,"Bina Refinery, Madhya Pradesh",VLV-CHK-DN40-PN20-INCONEL625-TR16-RF,148,144098.15,41
BPCL-TEE-03138,BPCL,"Mumbai Mahul Refinery, Maharashtra",TEE-EQ-DN25-SCH 40-A234WPB,139,3627.85,733
BPCL-GAT-03139,BPCL,"Mumbai Mahul Refinery, Maharashtra",VLV-GT-DN250-PN100-A106GR.B-TR1-SW,4,24940.91,15
BPCL-BUT-03140,BPCL,"Bina Refinery, Madhya Pradesh",VLV-BFV-DN15-PN420-A182F11-TR16-SW,59,28554.59,937
BPCL-GAS-03141,BPCL,"Kochi Refinery, Kerala",GSKT-SWG-DN300-PN150,43,10473.11,38
BPCL-GAS-03142,BPCL,"Bina Refinery, Madhya Pradesh",GSKT-RTJ-DN150-PN250-SS316-GRAF,56,20056.93,1051
BPCL-STU-03143,BPCL,"Bina Refinery, Madhya Pradesh",STUD-DN40-180MM-A350LF2-2H,146,3702.4,45
BPCL-GLO-03144,BPCL,"Mumbai Mahul Refinery, Maharashtra",VLV-GL-DN150-PN20-A182F316L-TR16-RTJ,90,79953.54,131
BPCL-GAT-03145,BPCL,"Kochi Refinery, Kerala",VLV-GT-DN15-PN100-A350LF2-TR1-RF,113,29918.33,30
BPCL-RED-03146,BPCL,"Mumbai Mahul Refinery, Maharashtra",RED-CONC-DN600-SCH XXS-A234WPB,16,4410.14,318
BPCL-BAL-03147,BPCL,"Mumbai Mahul Refinery, Maharashtra",VLV-BL-DN600-PN20-A105-TR16-SW,54,21769.38,866
BPCL-ELB-03148,BPCL,"Bina Refinery, Madhya Pradesh",ELB-90LR-DN25-SCH XXS-A234WPB,83,2814.41,123
BPCL-BAL-03149,BPCL,"Bina Refinery, Madhya Pradesh",VLV-BL-DN400-PN420-A182F11-TR8-BW,80,19763.83,33
BPCL-BUT-03150,BPCL,"Bina Refinery, Madhya Pradesh",VLV-BFV-DN600-PN100-A182F51,36,69404.88,46
BPCL-PSV-03151,BPCL,"Mumbai Mahul Refinery, Maharashtra",VLV-BFV-DN100-PN150-A182F53-TR1-RF,64,174536.76,267
BPCL-ELB-03152,BPCL,"Mumbai Mahul Refinery, Maharashtra",ELB-90LR-DN15-SCH 80-A234WPB,106,9849.98,375
BPCL-TEE-03153,BPCL,"Bina Refinery, Madhya Pradesh",TEE-EQ-DN100-SCH XXS-A234WPB,16,2363.06,254
BPCL-FLA-03154,BPCL,"Mumbai Mahul Refinery, Maharashtra",FLG-BLD-DN600-PN50-A350LF2-FF,63,4863.23,161
BPCL-ELB-03155,BPCL,"Kochi Refinery, Kerala",ELB-90LR-DN600-SCH 80-A234WPB,35,2981.68,39
BPCL-GAS-03156,BPCL,"Mumbai Mahul Refinery, Maharashtra",GSKT-RTJ-DN300-PN250-SS316-GRAF,100,4000.47,352
BPCL-RED-03157,BPCL,"Bina Refinery, Madhya Pradesh",RED-CONC-DN40-SCH 80-A234WPB,121,4856.53,267
BPCL-ELB-03158,BPCL,"Bina Refinery, Madhya Pradesh",ELB-90LR-DN600-A234WPB,32,24392.67,1107
BPCL-BAL-03159,BPCL,"Bina Refinery, Madhya Pradesh",VLV-BL-DN15-PN150-A106GR.B-TR5-RTJ,48,20400.65,48
BPCL-CEN-03160,BPCL,"Kochi Refinery, Kerala",CENTRIFUGAL-PUMP-SPARE-DN600-PN250-ASTMA182F53,43,297034.38,213
BPCL-GAS-03161,BPCL,"Kochi Refinery, Kerala",GSKT-RTJ-DN40-PN50-SS316-GRAF,130,2289.32,700
BPCL-BAL-03162,BPCL,"Kochi Refinery, Kerala",VLV-BL-DN500-PN250-INCONEL625-TR8-RF,98,123802.39,1178
BPCL-RED-03163,BPCL,"Mumbai Mahul Refinery, Maharashtra",RED-CONC-DN400-A234WPB,16,3317.4,299
BPCL-PIP-03164,BPCL,"Kochi Refinery, Kerala",PIPE-SMLS-DN300-A182F304-BE,138,2355.81,736
BPCL-ELB-03165,BPCL,"Kochi Refinery, Kerala",ELB-90LR-DN300-SCH XXS-A234WPB,101,2450.68,30
BPCL-PSV-03166,BPCL,"Mumbai Mahul Refinery, Maharashtra",VLV-BFV-DN400-PN150-A182F53-TR1-BW,39,142080.96,578
BPCL-CEN-03167,BPCL,"Bina Refinery, Madhya Pradesh",CENTRIFUGAL-PUMP-SPARE-DN50-PN420-ASTMA182F316L,128,119184.35,10
BPCL-BAL-03168,BPCL,"Mumbai Mahul Refinery, Maharashtra",VLV-BL-DN400-PN20-INCONEL625,100,129951.38,54
BPCL-GAS-03169,BPCL,"Kochi Refinery, Kerala",GSKT-RTJ-DN50-PN20-SS316-GRAF,137,3623.07,34
BPCL-CEN-03170,BPCL,"Bina Refinery, Madhya Pradesh",CENTRIFUGAL-PUMP-SPARE-DN50-PN250-ASTMA182F11,110,37700.04,29
BPCL-GAS-03171,BPCL,"Mumbai Mahul Refinery, Maharashtra",GSKT-SWG-DN250-PN20-SS316-GRAF,27,3091.04,570
BPCL-PSV-03172,BPCL,"Mumbai Mahul Refinery, Maharashtra",VLV-BFV-DN50-PN20-A182F22-TR12-RF,7,21744.98,924
BPCL-BAL-03173,BPCL,"Mumbai Mahul Refinery, Maharashtra",VLV-BL-DN15-PN50-A182F316-TR5-RTJ,71,41317.38,18
BPCL-BUT-03174,BPCL,"Mumbai Mahul Refinery, Maharashtra",VLV-BFV-DN300-PN20-A182F304-TR12-RF,119,28467.8,44
BPCL-GLO-03175,BPCL,"Kochi Refinery, Kerala",VLV-GL-DN20-PN100-A350LF2-TR1-FF,139,20228.4,19
BPCL-ELB-03176,BPCL,"Bina Refinery, Madhya Pradesh",ELB-90LR-DN80-SCH 20-A234WPB,17,2344.44,665
BPCL-GLO-03177,BPCL,"Bina Refinery, Madhya Pradesh",VLV-GL-DN20-PN100-A216WCB-TR16-RTJ,47,14441.66,42
BPCL-PSV-03178,BPCL,"Mumbai Mahul Refinery, Maharashtra",VLV-BFV-DN25-PN150-A182F51-TR1-SW,111,41979.11,7
BPCL-ELB-03179,BPCL,"Bina Refinery, Madhya Pradesh",ELB-90LR-DN20-SCH 40-A234WPB,76,2531.18,20
BPCL-GAS-03180,BPCL,"Bina Refinery, Madhya Pradesh",GSKT-SWG-DN25-PN50-SS316-GRAF,144,2508.47,414
BPCL-PSV-03181,BPCL,"Kochi Refinery, Kerala",VLV-BFV-DN250-PN250-A350LF2-TR8-BW,69,16556.32,1121
BPCL-FLA-03182,BPCL,"Kochi Refinery, Kerala",FLG-SO-DN600-PN20-A350LF2-RF,143,5411.75,970
BPCL-FLA-03183,BPCL,"Mumbai Mahul Refinery, Maharashtra",FLG-SW-DN50-PN420-A182F53-RF,28,30187.02,486
BPCL-GLO-03184,BPCL,"Mumbai Mahul Refinery, Maharashtra",VLV-GL-DN15-PN150-A350LF2,65,19221.02,35
BPCL-GAS-03185,BPCL,"Kochi Refinery, Kerala",GSKT-SWG-DN15-PN20-SS316-GRAF,52,3827.57,906
BPCL-CEN-03186,BPCL,"Kochi Refinery, Kerala",CENTRIFUGAL-PUMP-SPARE-DN150-PN50-ASTMA182F53,123,289750.11,284
BPCL-FLA-03187,BPCL,"Kochi Refinery, Kerala",FLG-SW-DN500-PN100-A182F51-RTJ,68,9718.77,5
BPCL-CHE-03188,BPCL,"Bina Refinery, Madhya Pradesh",VLV-CHK-DN80-PN50-A182F316L-TR5-SW,137,67329.85,235
BPCL-CHE-03189,BPCL,"Kochi Refinery, Kerala",VLV-CHK-DN100-PN250-A182F11,85,23066.39,501
BPCL-CEN-03190,BPCL,"Bina Refinery, Madhya Pradesh",CENTRIFUGAL-PUMP-SPARE-DN40-PN420-ASTMA182F316L,26,137260.02,30
BPCL-ELB-03191,BPCL,"Mumbai Mahul Refinery, Maharashtra",ELB-90LR-DN40-SCH 40-A234WPB,99,10781.54,601
BPCL-CHE-03192,BPCL,"Mumbai Mahul Refinery, Maharashtra",VLV-CHK-DN25-PN420-A105-TR8-SW,102,14326.98,46
BPCL-RED-03193,BPCL,"Kochi Refinery, Kerala",RED-CONC-DN15-SCH XXS-A234WPB,22,2573.39,341
BPCL-ELB-03194,BPCL,"Bina Refinery, Madhya Pradesh",ELB-90LR-DN150-SCH 80-A234WPB,10,6581.28,111
BPCL-ELB-03195,BPCL,"Kochi Refinery, Kerala",ELB-90LR-DN100-SCH 20-A234WPB,148,19158.03,210
BPCL-GAT-03196,BPCL,"Mumbai Mahul Refinery, Maharashtra",VLV-GT-DN40-PN150-A193B16-TR8-RTJ,139,31397.98,418
BPCL-PSV-03197,BPCL,"Bina Refinery, Madhya Pradesh",VLV-BFV-DN80-PN150-A193B7-TR1-FF,72,31130.06,7
BPCL-GAS-03198,BPCL,"Bina Refinery, Madhya Pradesh",GSKT-RTJ-DN20-PN420-SS316-GRAF,109,4495.44,142
BPCL-TEE-03199,BPCL,"Mumbai Mahul Refinery, Maharashtra",TEE-EQ-DN20-SCH 40-A234WPB,9,6500.37,816
BPCL-CEN-03200,BPCL,"Mumbai Mahul Refinery, Maharashtra",CENTRIFUGAL-PUMP-SPARE-DN500-PN150-ASTMA193B7,41,60936.23,1154
BPCL-PSV-03201,BPCL,"Bina Refinery, Madhya Pradesh",VLV-BFV-DN200-PN250-A106GR.B-TR16-BW,94,31553.56,957
BPCL-RED-03202,BPCL,"Bina Refinery, Madhya Pradesh",RED-CONC-DN20-SCH XXS-A234WPB,90,3737.81,40
BPCL-ELB-03203,BPCL,"Mumbai Mahul Refinery, Maharashtra",ELB-90LR-DN100-SCH 40-A234WPB,32,3331.43,28
BPCL-ELB-03204,BPCL,"Kochi Refinery, Kerala",ELB-90LR-DN400-SCH 20-A234WPB,70,23620.62,426
BPCL-GAS-03205,BPCL,"Kochi Refinery, Kerala",GSKT-SWG-DN40-PN20,14,3873.11,821
BPCL-ELB-03206,BPCL,"Bina Refinery, Madhya Pradesh",ELB-90LR-DN400-SCH XXS-A234WPB,129,3694.74,247
BPCL-CEN-03207,BPCL,"Bina Refinery, Madhya Pradesh",CENTRIFUGAL-PUMP-SPARE-DN600-PN420-ASTMA350LF2,39,78108.41,1182
BPCL-CEN-03208,BPCL,"Kochi Refinery, Kerala",CENTRIFUGAL-PUMP-SPARE-DN80-PN100-ASTMA182F11,115,70021.82,838
BPCL-GAS-03209,BPCL,"Mumbai Mahul Refinery, Maharashtra",GSKT-SWG-DN80-PN50-SS316-GRAF,37,2850.17,119
BPCL-GAS-03210,BPCL,"Bina Refinery, Madhya Pradesh",GSKT-SWG-DN400-PN150-SS316-GRAF,1,3986.59,11
BPCL-GAS-03211,BPCL,"Kochi Refinery, Kerala",GSKT-SWG-DN500-PN20-SS316-GRAF,12,2682.17,784
BPCL-PIP-03212,BPCL,"Mumbai Mahul Refinery, Maharashtra",PIPE-SMLS-DN15-SCH 160-INCONEL625-BE,29,27595.11,330
BPCL-PIP-03213,BPCL,"Kochi Refinery, Kerala",PIPE-SMLS-DN400-SCH 80-A350LF2-BE,41,3441.04,103
BPCL-CHE-03214,BPCL,"Bina Refinery, Madhya Pradesh",VLV-CHK-DN100-PN50-A182F53-TR12-RF,43,181764.51,513
BPCL-BUT-03215,BPCL,"Bina Refinery, Madhya Pradesh",VLV-BFV-DN40-PN250-A182F304-TR12-RF,18,19807.63,306
BPCL-GLO-03216,BPCL,"Kochi Refinery, Kerala",VLV-GL-DN200-PN50-A182F316-TR8-RF,12,67511.64,766
BPCL-CEN-03217,BPCL,"Bina Refinery, Madhya Pradesh",CENTRIFUGAL-PUMP-SPARE-DN100-PN20-ASTMA106GR.B,61,46489.63,49
BPCL-PSV-03218,BPCL,"Kochi Refinery, Kerala",VLV-BFV-DN100-PN100-A216WCB-TR12-RF,74,26488.49,1119
BPCL-GLO-03219,BPCL,"Bina Refinery, Madhya Pradesh",VLV-GL-DN80-PN50-A182F304-TR12-RF,43,32211.94,313
BPCL-TEE-03220,BPCL,"Mumbai Mahul Refinery, Maharashtra",TEE-EQ-DN200-SCH 20-A234WPB,86,3120.98,150
BPCL-GAS-03221,BPCL,"Kochi Refinery, Kerala",GSKT-RTJ-DN80-PN100-SS316-GRAF,35,2999.1,152
BPCL-FLA-03222,BPCL,"Mumbai Mahul Refinery, Maharashtra",FLG-SO-DN25-PN250-A193B7-FF,10,6157.54,343
BPCL-BAL-03223,BPCL,"Bina Refinery, Madhya Pradesh",VLV-BL-DN600-PN420-A106GR.B-TR8-RTJ,140,25168.67,691
BPCL-PIP-03224,BPCL,"Kochi Refinery, Kerala",PIPE-SMLS-DN15-SCH 40-A182F11-BE,48,2795.5,27
BPCL-ELB-03225,BPCL,"Mumbai Mahul Refinery, Maharashtra",ELB-90LR-DN40-SCH XXS-A234WPB,134,2563.78,26
BPCL-ELB-03226,BPCL,"Kochi Refinery, Kerala",ELB-90LR-DN15-SCH 40-A234WPB,17,3592.13,36
BPCL-GAT-03227,BPCL,"Kochi Refinery, Kerala",VLV-GT-DN100-PN20-A350LF2-TR1-BW,82,16444.2,311
BPCL-CHE-03228,BPCL,"Kochi Refinery, Kerala",VLV-CHK-DN300-PN250-A216WCB,25,32908.45,642
BPCL-GAS-03229,BPCL,"Mumbai Mahul Refinery, Maharashtra",GSKT-SWG-DN200-PN100-SS316-GRAF,12,4004.58,219
BPCL-GAS-03230,BPCL,"Mumbai Mahul Refinery, Maharashtra",GSKT-RTJ-DN200-PN20-SS316-GRAF,125,3948.71,374
BPCL-FLA-03231,BPCL,"Bina Refinery, Madhya Pradesh",FLG-SO-DN250-PN20-A182F53-FF,131,21491.47,12
BPCL-CHE-03232,BPCL,"Bina Refinery, Madhya Pradesh",VLV-CHK-DN20-PN420-A182F304-TR1-FF,13,20214.24,715
BPCL-TEE-03233,BPCL,"Mumbai Mahul Refinery, Maharashtra",TEE-EQ-DN20-SCH 160-A234WPB,18,2142.34,303
BPCL-PIP-03234,BPCL,"Kochi Refinery, Kerala",PIPE-SMLS-DN150-SCH 40-A105-BE,67,2271.51,1088
BPCL-GAS-03235,BPCL,"Mumbai Mahul Refinery, Maharashtra",GSKT-SWG-DN25-PN20-SS316-GRAF,118,4125.18,351
BPCL-RED-03236,BPCL,"Mumbai Mahul Refinery, Maharashtra",RED-CONC-DN600-SCH 80-A234WPB,39,1876.34,131
BPCL-GAS-03237,BPCL,"Kochi Refinery, Kerala",GSKT-SWG-DN600-PN20-SS316-GRAF,108,7373.86,36
BPCL-CHE-03238,BPCL,"Kochi Refinery, Kerala",VLV-CHK-DN50-PN50-A105-TR16-SW,129,24782.23,663
BPCL-GAT-03239,BPCL,"Bina Refinery, Madhya Pradesh",VLV-GT-DN400-PN420-A182F316L-TR1-FF,145,77186.63,17
BPCL-PSV-03240,BPCL,"Kochi Refinery, Kerala",VLV-BFV-DN200-PN150-A350LF2-TR5-BW,99,18542.53,16
BPCL-STU-03241,BPCL,"Kochi Refinery, Kerala",STUD-DN200-180MM-INCONEL625-2H,31,19565.76,5
BPCL-RED-03242,BPCL,"Mumbai Mahul Refinery, Maharashtra",RED-CONC-DN300-SCH 80-A234WPB,37,3732.15,354
BPCL-RED-03243,BPCL,"Mumbai Mahul Refinery, Maharashtra",RED-CONC-DN250-A234WPB,96,17534.69,745
BPCL-CEN-03244,BPCL,"Kochi Refinery, Kerala",CENTRIFUGAL-PUMP-SPARE-DN25-PN50-ASTMA182F11,107,60424.19,180
BPCL-CHE-03245,BPCL,"Bina Refinery, Madhya Pradesh",VLV-CHK-DN400-PN100-A182F304-TR5-SW,87,26068.66,35
BPCL-CEN-03246,BPCL,"Kochi Refinery, Kerala",CENTRIFUGAL-PUMP-SPARE-DN15-PN150-ASTMA182F53,34,370016.43,502
BPCL-PIP-03247,BPCL,"Kochi Refinery, Kerala",PIPE-SMLS-DN80-SCH XXS-A182F22-BE,55,2638.33,58
BPCL-RED-03248,BPCL,"Mumbai Mahul Refinery, Maharashtra",RED-CONC-DN20-SCH 20-A234WPB,111,4179.44,845
BPCL-STU-03249,BPCL,"Bina Refinery, Madhya Pradesh",STUD-DN150-180MM-A105-2H,35,3940.68,447
BPCL-PSV-03250,BPCL,"Mumbai Mahul Refinery, Maharashtra",VLV-BFV-DN40-PN420-A105-TR16-RF,120,30254.45,16
BPCL-STU-03251,BPCL,"Bina Refinery, Madhya Pradesh",STUD-DN300-180MM-A182F53-2H,49,25546.95,52
BPCL-BUT-03252,BPCL,"Mumbai Mahul Refinery, Maharashtra",VLV-BFV-DN25-PN100-A350LF2,127,22942.48,183
BPCL-BAL-03253,BPCL,"Mumbai Mahul Refinery, Maharashtra",VLV-BL-DN300-PN250-A182F316-TR1-FF,135,77174.57,138
BPCL-TEE-03254,BPCL,"Bina Refinery, Madhya Pradesh",TEE-EQ-DN200-SCH 160-A234WPB,150,4149.54,866
BPCL-PSV-03255,BPCL,"Bina Refinery, Madhya Pradesh",VLV-BFV-DN50-PN150-A182F53-TR1-RTJ,85,187945.61,743
BPCL-TEE-03256,BPCL,"Kochi Refinery, Kerala",TEE-EQ-DN100-A234WPB,63,3751.79,16
BPCL-GLO-03257,BPCL,"Kochi Refinery, Kerala",VLV-GL-DN600-PN150-A182F22-TR8-RTJ,122,25222.64,301
BPCL-STU-03258,BPCL,"Bina Refinery, Madhya Pradesh",STUD-DN100-180MM-A182F51-2H,107,9818.26,206
BPCL-RED-03259,BPCL,"Mumbai Mahul Refinery, Maharashtra",RED-CONC-DN20-SCH 80-A234WPB,144,2797.12,601
BPCL-BUT-03260,BPCL,"Kochi Refinery, Kerala",VLV-BFV-DN150-PN150-A182F22-TR16-RF,147,21865.89,883
BPCL-PIP-03261,BPCL,"Bina Refinery, Madhya Pradesh",PIPE-SMLS-DN300-SCH 80-INCONEL625-BE,146,12667.26,35
BPCL-FLA-03262,BPCL,"Mumbai Mahul Refinery, Maharashtra",FLG-SW-DN50-PN50-A105,107,6325.95,30
BPCL-BUT-03263,BPCL,"Mumbai Mahul Refinery, Maharashtra",VLV-BFV-DN250-PN20-A182F51-TR8-SW,145,68364.6,1013
BPCL-GAS-03264,BPCL,"Mumbai Mahul Refinery, Maharashtra",GSKT-RTJ-DN300-PN100-SS316-GRAF,132,3785.24,526
BPCL-GLO-03265,BPCL,"Kochi Refinery, Kerala",VLV-GL-DN300-PN50-A182F51-TR12-SW,77,74147.56,17
BPCL-ELB-03266,BPCL,"Bina Refinery, Madhya Pradesh",ELB-90LR-DN25-SCH XXS-A234WPB,56,4252.77,21
BPCL-BUT-03267,BPCL,"Bina Refinery, Madhya Pradesh",VLV-BFV-DN150-PN150-A350LF2-TR8-BW,114,17710.98,157
BPCL-TEE-03268,BPCL,"Mumbai Mahul Refinery, Maharashtra",TEE-EQ-DN15-SCH 160-A234WPB,113,21137.88,91
BPCL-GAT-03269,BPCL,"Kochi Refinery, Kerala",VLV-GT-DN300-PN250-A182F22,10,23031.11,768
BPCL-PIP-03270,BPCL,"Mumbai Mahul Refinery, Maharashtra",PIPE-SMLS-DN400-SCH 160-A182F11-BE,118,2204.19,15
BPCL-BUT-03271,BPCL,"Bina Refinery, Madhya Pradesh",VLV-BFV-DN25-PN100-A182F316L,51,52899.44,59
BPCL-CEN-03272,BPCL,"Bina Refinery, Madhya Pradesh",CENTRIFUGAL-PUMP-SPARE-DN100-PN150-ASTMA182F316,53,123996.77,5
BPCL-GAS-03273,BPCL,"Bina Refinery, Madhya Pradesh",GSKT-SWG-DN250-PN100-SS316-GRAF,119,4188.13,1133
BPCL-GAT-03274,BPCL,"Bina Refinery, Madhya Pradesh",VLV-GT-DN500-PN250-A216WCB-TR8-RF,53,26493.96,475
BPCL-PIP-03275,BPCL,"Bina Refinery, Madhya Pradesh",PIPE-SMLS-DN40-SCH 160-A216WCB-BE,10,3478.44,263
BPCL-CHE-03276,BPCL,"Kochi Refinery, Kerala",VLV-CHK-DN20-PN20-A105,92,26940.69,223
BPCL-TEE-03277,BPCL,"Mumbai Mahul Refinery, Maharashtra",TEE-EQ-DN400-A234WPB,94,9947.89,1070
BPCL-ELB-03278,BPCL,"Kochi Refinery, Kerala",ELB-90LR-DN150-SCH 40-A234WPB,42,3979.91,960
BPCL-TEE-03279,BPCL,"Bina Refinery, Madhya Pradesh",TEE-EQ-DN80-A234WPB,133,8762.48,50
BPCL-GLO-03280,BPCL,"Bina Refinery, Madhya Pradesh",VLV-GL-DN20-PN100-A193B7-TR12-SW,75,27435.3,16
BPCL-STU-03281,BPCL,"Bina Refinery, Madhya Pradesh",STUD-DN40-180MM-A216WCB-2H,101,3275.61,332
BPCL-PIP-03282,BPCL,"Kochi Refinery, Kerala",PIPE-SMLS-DN600-SCH 40-A105-BE,74,2083.29,451
BPCL-GLO-03283,BPCL,"Kochi Refinery, Kerala",VLV-GL-DN300-PN420-A193B7-TR16-RF,96,14749.86,271
BPCL-GAS-03284,BPCL,"Kochi Refinery, Kerala",GSKT-RTJ-DN25-PN50-SS316-GRAF,57,3779.98,1073
BPCL-BUT-03285,BPCL,"Mumbai Mahul Refinery, Maharashtra",VLV-BFV-DN300-PN50-A182F53,38,145976.23,60
BPCL-GAS-03286,BPCL,"Kochi Refinery, Kerala",GSKT-RTJ-DN150-PN20-SS316-GRAF,96,3872.05,1188
BPCL-STU-03287,BPCL,"Kochi Refinery, Kerala",STUD-DN50-180MM-A182F316L-2H,128,6516.82,22
BPCL-ELB-03288,BPCL,"Mumbai Mahul Refinery, Maharashtra",ELB-90LR-DN20-SCH 40-A234WPB,91,3871.43,8
BPCL-CEN-03289,BPCL,"Bina Refinery, Madhya Pradesh",CENTRIFUGAL-PUMP-SPARE-DN80-PN20-ASTMA182F53,87,363752.17,693
BPCL-FLA-03290,BPCL,"Bina Refinery, Madhya Pradesh",FLG-SW-DN150-PN250-A106GR.B-SW,67,4630.51,32
BPCL-ELB-03291,BPCL,"Mumbai Mahul Refinery, Maharashtra",ELB-90LR-DN500-SCH XXS-A234WPB,76,17662.92,26
BPCL-BAL-03292,BPCL,"Bina Refinery, Madhya Pradesh",VLV-BL-DN40-PN50-INCONEL625-TR8-BW,123,149566.26,525
BPCL-PIP-03293,BPCL,"Mumbai Mahul Refinery, Maharashtra",PIPE-SMLS-DN25-SCH XXS-A216WCB-BE,125,2672.97,346
BPCL-BUT-03294,BPCL,"Bina Refinery, Madhya Pradesh",VLV-BFV-DN80-PN420-A105-TR1-RTJ,1,18499.47,393
BPCL-ELB-03295,BPCL,"Bina Refinery, Madhya Pradesh",ELB-90LR-DN80-A234WPB,125,18689.8,382
BPCL-TEE-03296,BPCL,"Bina Refinery, Madhya Pradesh",TEE-EQ-DN150-SCH 80-A234WPB,125,4561.7,290
BPCL-CHE-03297,BPCL,"Kochi Refinery, Kerala",VLV-CHK-DN500-PN100-A182F11-TR16-SW,130,28300.66,268
BPCL-ELB-03298,BPCL,"Bina Refinery, Madhya Pradesh",ELB-90LR-DN50-SCH 40-A234WPB,100,2052.43,215
BPCL-GLO-03299,BPCL,"Kochi Refinery, Kerala",VLV-GL-DN40-PN150-A182F316-TR12-FF,41,37678.26,646
BPCL-ELB-03300,BPCL,"Bina Refinery, Madhya Pradesh",ELB-90LR-DN200-A234WPB,133,7912.39,972
BPCL-TEE-03301,BPCL,"Bina Refinery, Madhya Pradesh",TEE-EQ-DN500-A234WPB,16,16590.84,254
BPCL-GAS-03302,BPCL,"Kochi Refinery, Kerala",GSKT-SWG-DN50-PN20-SS316-GRAF,83,3880.73,205
BPCL-CEN-03303,BPCL,"Bina Refinery, Madhya Pradesh",CENTRIFUGAL-PUMP-SPARE-DN150-PN20-ASTMA216WCB,35,43077.97,217
BPCL-BUT-03304,BPCL,"Bina Refinery, Madhya Pradesh",VLV-BFV-DN150-PN100-A350LF2-TR5-FF,150,26776.81,6
BPCL-TEE-03305,BPCL,"Mumbai Mahul Refinery, Maharashtra",TEE-EQ-DN200-SCH 20-A234WPB,84,3615.46,1162
BPCL-GAS-03306,BPCL,"Mumbai Mahul Refinery, Maharashtra",GSKT-RTJ-DN150-PN150,57,8682.18,57
BPCL-PSV-03307,BPCL,"Bina Refinery, Madhya Pradesh",VLV-BFV-DN250-PN150-A182F316L-TR1-BW,129,73865.47,26
BPCL-STU-03308,BPCL,"Bina Refinery, Madhya Pradesh",STUD-DN400-180MM-A182F22-2H,103,2306.96,44
BPCL-FLA-03309,BPCL,"Bina Refinery, Madhya Pradesh",FLG-BLD-DN100-PN100-A182F51-RTJ,115,14832.82,27
BPCL-FLA-03310,BPCL,"Bina Refinery, Madhya Pradesh",FLG-WN-DN150-PN20-A182F316-FF,118,13908.2,317
BPCL-GAS-03311,BPCL,"Bina Refinery, Madhya Pradesh",GSKT-RTJ-DN500-PN250-SS316-GRAF,118,3719.14,37
BPCL-ELB-03312,BPCL,"Mumbai Mahul Refinery, Maharashtra",ELB-90LR-DN400-SCH 80-A234WPB,87,8940.29,813
BPCL-CHE-03313,BPCL,"Kochi Refinery, Kerala",VLV-CHK-DN15-PN100-INCONEL625-TR1-FF,22,175743.5,784
BPCL-PIP-03314,BPCL,"Bina Refinery, Madhya Pradesh",PIPE-SMLS-DN100-A182F51-BE,63,8487.94,105
BPCL-PSV-03315,BPCL,"Bina Refinery, Madhya Pradesh",VLV-BFV-DN200-PN50-A182F53-TR12-RTJ,29,115307.71,51
BPCL-CHE-03316,BPCL,"Mumbai Mahul Refinery, Maharashtra",VLV-CHK-DN100-PN420-A182F51-TR5-BW,50,61784.75,746
BPCL-CHE-03317,BPCL,"Bina Refinery, Madhya Pradesh",VLV-CHK-DN40-PN150-A105-TR8-SW,133,31891.52,32
BPCL-TEE-03318,BPCL,"Mumbai Mahul Refinery, Maharashtra",TEE-EQ-DN150-SCH 160-A234WPB,96,11532.82,27
BPCL-GAS-03319,BPCL,"Mumbai Mahul Refinery, Maharashtra",GSKT-SWG-DN400-PN420-SS316-GRAF,114,3198.82,47
BPCL-BAL-03320,BPCL,"Bina Refinery, Madhya Pradesh",VLV-BL-DN200-PN250-A105-TR16-FF,17,14010.66,254
BPCL-TEE-03321,BPCL,"Kochi Refinery, Kerala",TEE-EQ-DN500-SCH 40-A234WPB,121,9013.83,7
BPCL-BAL-03322,BPCL,"Kochi Refinery, Kerala",VLV-BL-DN150-PN420-A106GR.B,78,24981.1,12
BPCL-TEE-03323,BPCL,"Mumbai Mahul Refinery, Maharashtra",TEE-EQ-DN80-SCH 20-A234WPB,98,4540.32,209
BPCL-FLA-03324,BPCL,"Mumbai Mahul Refinery, Maharashtra",FLG-SO-DN600-PN100-A193B7,142,4864.3,499
BPCL-ELB-03325,BPCL,"Bina Refinery, Madhya Pradesh",ELB-90LR-DN300-A234WPB,80,3544.2,214
BPCL-STU-03326,BPCL,"Bina Refinery, Madhya Pradesh",STUD-DN200-180MM-A182F316-2H,104,6701.06,175
BPCL-BUT-03327,BPCL,"Mumbai Mahul Refinery, Maharashtra",VLV-BFV-DN40-PN50-A193B16-TR12-RF,90,14779.5,1024
BPCL-GLO-03328,BPCL,"Kochi Refinery, Kerala",VLV-GL-DN300-PN250-A182F304-TR12-SW,10,28754.2,108
BPCL-CHE-03329,BPCL,"Bina Refinery, Madhya Pradesh",VLV-CHK-DN400-PN250-A182F11-TR8-RF,140,29320.84,31
BPCL-PSV-03330,BPCL,"Bina Refinery, Madhya Pradesh",VLV-BFV-DN20-PN420-A182F316-TR1-FF,113,36271.02,42
BPCL-GAT-03331,BPCL,"Mumbai Mahul Refinery, Maharashtra",VLV-GT-DN100-PN250-A182F51-TR16-SW,144,38831.04,1007
BPCL-BAL-03332,BPCL,"Bina Refinery, Madhya Pradesh",VLV-BL-DN15-PN20-A182F316L,98,46242.93,21
BPCL-BUT-03333,BPCL,"Kochi Refinery, Kerala",VLV-BFV-DN20-PN50-A182F51-TR5-RF,113,53670.52,37
BPCL-GAS-03334,BPCL,"Kochi Refinery, Kerala",GSKT-RTJ-DN300-PN250-SS316-GRAF,80,19306.66,28
BPCL-STU-03335,BPCL,"Mumbai Mahul Refinery, Maharashtra",STUD-DN40-180MM-A182F11-2H,57,2121.27,344
BPCL-FLA-03336,BPCL,"Kochi Refinery, Kerala",FLG-SW-DN500-PN100-A182F304-BW,23,7813.44,109
BPCL-GAS-03337,BPCL,"Kochi Refinery, Kerala",GSKT-RTJ-DN80-PN420-SS316-GRAF,129,3909.6,1122
BPCL-BAL-03338,BPCL,"Bina Refinery, Madhya Pradesh",VLV-BL-DN250-PN20-A193B7-TR1-FF,57,31954.13,57
BPCL-BAL-03339,BPCL,"Mumbai Mahul Refinery, Maharashtra",VLV-BL-DN40-PN250-A182F11,50,22296.03,699
BPCL-GLO-03340,BPCL,"Mumbai Mahul Refinery, Maharashtra",VLV-GL-DN150-PN100-A182F304-TR12-BW,31,19657.66,21
BPCL-PIP-03341,BPCL,"Mumbai Mahul Refinery, Maharashtra",PIPE-SMLS-DN80-SCH 20-A193B7-BE,88,2934.82,192
BPCL-GAS-03342,BPCL,"Kochi Refinery, Kerala",GSKT-SWG-DN600-PN420-SS316-GRAF,93,2822.86,955
BPCL-BUT-03343,BPCL,"Kochi Refinery, Kerala",VLV-BFV-DN80-PN150-A182F304-TR5-FF,139,23465.69,646
BPCL-CEN-03344,BPCL,"Mumbai Mahul Refinery, Maharashtra",CENTRIFUGAL-PUMP-SPARE-DN25-PN150-ASTMA182F53,49,263540.05,1038
BPCL-CHE-03345,BPCL,"Mumbai Mahul Refinery, Maharashtra",VLV-CHK-DN25-PN150-A182F51-TR5-RF,64,45820.22,155
BPCL-CEN-03346,BPCL,"Kochi Refinery, Kerala",CENTRIFUGAL-PUMP-SPARE-DN80-PN250-ASTMA193B7,131,76315.99,240
BPCL-TEE-03347,BPCL,"Bina Refinery, Madhya Pradesh",TEE-EQ-DN250-SCH 160-A234WPB,69,8861.29,128
BPCL-ELB-03348,BPCL,"Kochi Refinery, Kerala",ELB-90LR-DN400-SCH 160-A234WPB,2,10942.55,780
BPCL-PIP-03349,BPCL,"Mumbai Mahul Refinery, Maharashtra",PIPE-SMLS-DN100-SCH XXS-A182F51-BE,53,10698.28,35
BPCL-BUT-03350,BPCL,"Bina Refinery, Madhya Pradesh",VLV-BFV-DN40-PN50-A350LF2-TR5-RF,52,15515.82,25
BPCL-GAT-03351,BPCL,"Mumbai Mahul Refinery, Maharashtra",VLV-GT-DN100-PN50-A182F316L-TR16-FF,138,36636.89,878
BPCL-PSV-03352,BPCL,"Mumbai Mahul Refinery, Maharashtra",VLV-BFV-DN50-PN420-A193B7,62,24654.68,139
BPCL-CHE-03353,BPCL,"Mumbai Mahul Refinery, Maharashtra",VLV-CHK-DN100-PN150-A182F304,4,23402.14,607
BPCL-PIP-03354,BPCL,"Mumbai Mahul Refinery, Maharashtra",PIPE-SMLS-DN100-SCH 20-A182F316-BE,45,10254.46,931
BPCL-RED-03355,BPCL,"Bina Refinery, Madhya Pradesh",RED-CONC-DN400-SCH 40-A234WPB,110,4519.58,11
BPCL-PIP-03356,BPCL,"Kochi Refinery, Kerala",PIPE-SMLS-DN80-A216WCB-BE,149,3240.15,46
BPCL-GAS-03357,BPCL,"Bina Refinery, Madhya Pradesh",GSKT-SWG-DN150-PN420-SS316-GRAF,91,2380.82,362
BPCL-CEN-03358,BPCL,"Kochi Refinery, Kerala",CENTRIFUGAL-PUMP-SPARE-DN500-PN150-ASTMA182F316,143,199461.11,174
BPCL-FLA-03359,BPCL,"Mumbai Mahul Refinery, Maharashtra",FLG-SO-DN150-PN20-A182F51-BW,51,15597.23,17
BPCL-FLA-03360,BPCL,"Kochi Refinery, Kerala",FLG-BLD-DN150-PN20-A105-BW,73,5812.57,258
BPCL-RED-03361,BPCL,"Mumbai Mahul Refinery, Maharashtra",RED-CONC-DN25-A234WPB,59,20043.67,522
BPCL-GAS-03362,BPCL,"Bina Refinery, Madhya Pradesh",GSKT-RTJ-DN300-PN50-SS316-GRAF,84,15472.72,972
BPCL-PSV-03363,BPCL,"Kochi Refinery, Kerala",VLV-BFV-DN80-PN100-A182F22-TR8-SW,61,26189.5,365
BPCL-BUT-03364,BPCL,"Mumbai Mahul Refinery, Maharashtra",VLV-BFV-DN600-PN420-A182F11,147,16939.25,310
BPCL-PIP-03365,BPCL,"Kochi Refinery, Kerala",PIPE-SMLS-DN300-SCH XXS-A182F11-BE,94,3657.89,22
BPCL-TEE-03366,BPCL,"Bina Refinery, Madhya Pradesh",TEE-EQ-DN150-SCH 80-A234WPB,149,5060.21,17
BPCL-GAT-03367,BPCL,"Bina Refinery, Madhya Pradesh",VLV-GT-DN15-PN100-A182F22-TR8-RTJ,50,17647.66,282
BPCL-RED-03368,BPCL,"Mumbai Mahul Refinery, Maharashtra",RED-CONC-DN100-A234WPB,24,10783.26,193
BPCL-GLO-03369,BPCL,"Kochi Refinery, Kerala",VLV-GL-DN250-PN50-A105,20,33095.91,232
BPCL-PIP-03370,BPCL,"Kochi Refinery, Kerala",PIPE-SMLS-DN15-INCONEL625-BE,40,14389.97,5
BPCL-GAS-03371,BPCL,"Kochi Refinery, Kerala",GSKT-SWG-DN400-PN100-SS316-GRAF,12,6986.84,395
BPCL-GAT-03372,BPCL,"Kochi Refinery, Kerala",VLV-GT-DN500-PN50-A182F11-TR8-RF,92,16614.49,739
BPCL-BUT-03373,BPCL,"Kochi Refinery, Kerala",VLV-BFV-DN20-PN50-A106GR.B-TR5-BW,8,16471.43,360
BPCL-ELB-03374,BPCL,"Kochi Refinery, Kerala",ELB-90LR-DN15-SCH 20-A234WPB,76,3473.08,278
BPCL-ELB-03375,BPCL,"Mumbai Mahul Refinery, Maharashtra",ELB-90LR-DN20-SCH 20-A234WPB,87,2402.02,1064
BPCL-CEN-03376,BPCL,"Kochi Refinery, Kerala",CENTRIFUGAL-PUMP-SPARE-DN80-PN250-ASTMA182F11,119,80471.96,975
BPCL-GAT-03377,BPCL,"Kochi Refinery, Kerala",VLV-GT-DN80-PN20-A182F316L-TR1-RTJ,24,37051.22,15
BPCL-BAL-03378,BPCL,"Kochi Refinery, Kerala",VLV-BL-DN150-PN50-A193B7-TR8-FF,20,31623.08,442
BPCL-ELB-03379,BPCL,"Mumbai Mahul Refinery, Maharashtra",ELB-90LR-DN100-SCH 80-A234WPB,83,16369.38,118
BPCL-ELB-03380,BPCL,"Mumbai Mahul Refinery, Maharashtra",ELB-90LR-DN300-SCH 20-A234WPB,127,2984.12,327
BPCL-GAT-03381,BPCL,"Bina Refinery, Madhya Pradesh",VLV-GT-DN40-PN250-A350LF2,57,30470.29,1012
BPCL-GAT-03382,BPCL,"Kochi Refinery, Kerala",VLV-GT-DN100-PN100-A182F51-TR5-RF,109,46596.65,6
BPCL-STU-03383,BPCL,"Kochi Refinery, Kerala",STUD-DN400-180MM-A193B16-2H,142,4129.74,14
BPCL-PIP-03384,BPCL,"Bina Refinery, Madhya Pradesh",PIPE-SMLS-DN300-SCH 80-INCONEL625-BE,18,25047.56,333
BPCL-STU-03385,BPCL,"Bina Refinery, Madhya Pradesh",STUD-DN40-180MM-A182F316L-2H,109,10837.57,23
BPCL-GAS-03386,BPCL,"Kochi Refinery, Kerala",GSKT-RTJ-DN200-PN250,90,2143.94,49
BPCL-CHE-03387,BPCL,"Mumbai Mahul Refinery, Maharashtra",VLV-CHK-DN500-PN150-A182F304,74,21908.82,25
BPCL-GAT-03388,BPCL,"Mumbai Mahul Refinery, Maharashtra",VLV-GT-DN500-PN100-A182F316L-TR8-SW,74,38868.31,853
BPCL-GAT-03389,BPCL,"Bina Refinery, Madhya Pradesh",VLV-GT-DN300-PN20-A350LF2,128,24257.77,114
BPCL-TEE-03390,BPCL,"Bina Refinery, Madhya Pradesh",TEE-EQ-DN20-SCH XXS-A234WPB,135,6251.02,475
BPCL-STU-03391,BPCL,"Kochi Refinery, Kerala",STUD-DN40-180MM-A182F316-2H,69,9514.67,331
BPCL-GAS-03392,BPCL,"Bina Refinery, Madhya Pradesh",GSKT-RTJ-DN500-PN100-SS316-GRAF,40,4174.28,444
BPCL-GAS-03393,BPCL,"Kochi Refinery, Kerala",GSKT-RTJ-DN500-PN250-SS316-GRAF,55,19067.18,150
BPCL-RED-03394,BPCL,"Kochi Refinery, Kerala",RED-CONC-DN400-SCH XXS-A234WPB,92,5850.42,1107
BPCL-BUT-03395,BPCL,"Bina Refinery, Madhya Pradesh",VLV-BFV-DN20-PN250-A105-TR12-FF,69,22348.87,773
BPCL-FLA-03396,BPCL,"Bina Refinery, Madhya Pradesh",FLG-SW-DN50-PN20-A182F316L-SW,25,9556.02,402
BPCL-GAS-03397,BPCL,"Bina Refinery, Madhya Pradesh",GSKT-SWG-DN250-PN20-SS316-GRAF,131,4561.96,769
BPCL-GAS-03398,BPCL,"Bina Refinery, Madhya Pradesh",GSKT-RTJ-DN150-PN250-SS316-GRAF,86,3532.36,40
BPCL-CHE-03399,BPCL,"Kochi Refinery, Kerala",VLV-CHK-DN25-PN100-A350LF2-TR8-RTJ,1,29826.37,200
BPCL-GAS-03400,BPCL,"Bina Refinery, Madhya Pradesh",GSKT-RTJ-DN20-PN100-SS316-GRAF,24,5990.17,874
BPCL-GAS-03401,BPCL,"Kochi Refinery, Kerala",GSKT-SWG-DN40-PN420-SS316-GRAF,126,10620.06,142
BPCL-GAS-03402,BPCL,"Mumbai Mahul Refinery, Maharashtra",GSKT-SWG-DN250-PN50,124,2592.49,28
BPCL-RED-03403,BPCL,"Kochi Refinery, Kerala",RED-CONC-DN600-A234WPB,85,4615.03,597
BPCL-GAS-03404,BPCL,"Bina Refinery, Madhya Pradesh",GSKT-RTJ-DN300-PN250-SS316-GRAF,126,3234.52,205
BPCL-STU-03405,BPCL,"Kochi Refinery, Kerala",STUD-DN150-180MM-A193B16-2H,57,3306.57,798
BPCL-GAS-03406,BPCL,"Mumbai Mahul Refinery, Maharashtra",GSKT-RTJ-DN20-PN20-SS316-GRAF,19,2533.29,18
BPCL-ELB-03407,BPCL,"Mumbai Mahul Refinery, Maharashtra",ELB-90LR-DN100-SCH 40-A234WPB,72,11250.92,1094
BPCL-CEN-03408,BPCL,"Bina Refinery, Madhya Pradesh",CENTRIFUGAL-PUMP-SPARE-DN40-PN50-ASTMA106GR.B,9,61356.94,218
BPCL-CEN-03409,BPCL,"Kochi Refinery, Kerala",CENTRIFUGAL-PUMP-SPARE-DN600-PN20-ASTMA193B7,64,57511.89,271
BPCL-TEE-03410,BPCL,"Mumbai Mahul Refinery, Maharashtra",TEE-EQ-DN20-SCH 160-A234WPB,142,2385.96,29
BPCL-RED-03411,BPCL,"Mumbai Mahul Refinery, Maharashtra",RED-CONC-DN250-SCH XXS-A234WPB,20,4419.87,642
BPCL-RED-03412,BPCL,"Mumbai Mahul Refinery, Maharashtra",RED-CONC-DN300-SCH XXS-A234WPB,113,25900.3,56
BPCL-GAT-03413,BPCL,"Bina Refinery, Madhya Pradesh",VLV-GT-DN50-PN150-A350LF2-TR1-BW,44,19562.74,28
BPCL-ELB-03414,BPCL,"Kochi Refinery, Kerala",ELB-90LR-DN80-SCH 160-A234WPB,130,19809.94,636
BPCL-GAS-03415,BPCL,"Bina Refinery, Madhya Pradesh",GSKT-SWG-DN25-PN250-SS316-GRAF,60,3298.05,25
BPCL-GAS-03416,BPCL,"Bina Refinery, Madhya Pradesh",GSKT-SWG-DN500-PN50-SS316-GRAF,88,19754.85,272
BPCL-GAT-03417,BPCL,"Kochi Refinery, Kerala",VLV-GT-DN500-PN50-A182F316-TR1-FF,56,70553.5,99
BPCL-PIP-03418,BPCL,"Mumbai Mahul Refinery, Maharashtra",PIPE-SMLS-DN40-SCH 160-A182F22-BE,26,3450.94,9
BPCL-GAT-03419,BPCL,"Mumbai Mahul Refinery, Maharashtra",VLV-GT-DN150-PN50-A182F11-TR5-FF,30,30152.27,120
BPCL-ELB-03420,BPCL,"Mumbai Mahul Refinery, Maharashtra",ELB-90LR-DN300-SCH 20-A234WPB,55,1950.57,11
BPCL-BAL-03421,BPCL,"Kochi Refinery, Kerala",VLV-BL-DN20-PN150-A182F316,47,74742.21,243
BPCL-PIP-03422,BPCL,"Mumbai Mahul Refinery, Maharashtra",PIPE-SMLS-DN500-SCH 80-A182F53-BE,16,23918.22,955
BPCL-RED-03423,BPCL,"Kochi Refinery, Kerala",RED-CONC-DN20-SCH 80-A234WPB,7,4114.72,108
BPCL-ELB-03424,BPCL,"Kochi Refinery, Kerala",ELB-90LR-DN400-SCH XXS-A234WPB,3,26436.49,948
BPCL-GAS-03425,BPCL,"Kochi Refinery, Kerala",GSKT-RTJ-DN80-PN420-SS316-GRAF,115,4621.97,131
BPCL-BAL-03426,BPCL,"Kochi Refinery, Kerala",VLV-BL-DN300-PN100-A182F304,22,32780.15,257
BPCL-GAS-03427,BPCL,"Mumbai Mahul Refinery, Maharashtra",GSKT-RTJ-DN100-PN420,128,4071.95,43
BPCL-GAT-03428,BPCL,"Mumbai Mahul Refinery, Maharashtra",VLV-GT-DN300-PN250-A350LF2-TR8-RF,14,21174.45,35
BPCL-PSV-03429,BPCL,"Kochi Refinery, Kerala",VLV-BFV-DN15-PN20-A182F304-TR8-BW,4,14295.97,110
BPCL-GAS-03430,BPCL,"Bina Refinery, Madhya Pradesh",GSKT-SWG-DN200-PN50-SS316-GRAF,76,9718.6,39
BPCL-BUT-03431,BPCL,"Bina Refinery, Madhya Pradesh",VLV-BFV-DN600-PN100-A182F316L-TR16-FF,102,54787.45,25
BPCL-GAT-03432,BPCL,"Bina Refinery, Madhya Pradesh",VLV-GT-DN20-PN20-A350LF2-TR12-RF,130,15719.69,145
BPCL-BUT-03433,BPCL,"Bina Refinery, Madhya Pradesh",VLV-BFV-DN250-PN100-A216WCB,6,19603.86,264
BPCL-PSV-03434,BPCL,"Mumbai Mahul Refinery, Maharashtra",VLV-BFV-DN300-PN100-INCONEL625-TR8-BW,124,193789.37,35
BPCL-STU-03435,BPCL,"Mumbai Mahul Refinery, Maharashtra",STUD-DN100-180MM-A105-2H,15,2320.94,283
BPCL-TEE-03436,BPCL,"Bina Refinery, Madhya Pradesh",TEE-EQ-DN80-SCH 80-A234WPB,130,3544.08,623
BPCL-BAL-03437,BPCL,"Bina Refinery, Madhya Pradesh",VLV-BL-DN20-PN20-A106GR.B-TR5-RTJ,62,30606.14,644
BPCL-STU-03438,BPCL,"Bina Refinery, Madhya Pradesh",STUD-DN250-180MM-A182F22-2H,84,4567.62,672
BPCL-CEN-03439,BPCL,"Bina Refinery, Madhya Pradesh",CENTRIFUGAL-PUMP-SPARE-DN100-PN100-ASTMA182F11,140,46375.9,1180
BPCL-GLO-03440,BPCL,"Kochi Refinery, Kerala",VLV-GL-DN300-PN150-A182F22-TR16-SW,63,22972.69,335
BPCL-PSV-03441,BPCL,"Bina Refinery, Madhya Pradesh",VLV-BFV-DN40-PN100-A182F11,38,20442.1,142
BPCL-GAT-03442,BPCL,"Kochi Refinery, Kerala",VLV-GT-DN100-PN150-A182F316L-TR16-SW,111,54792.59,1074
BPCL-GAT-03443,BPCL,"Kochi Refinery, Kerala",VLV-GT-DN600-PN100-A182F11-TR5-SW,33,20281.73,198
BPCL-PIP-03444,BPCL,"Bina Refinery, Madhya Pradesh",PIPE-SMLS-DN100-SCH XXS-INCONEL625-BE,82,20740.17,282
BPCL-GAS-03445,BPCL,"Kochi Refinery, Kerala",GSKT-SWG-DN50-PN100,115,3188.04,35
BPCL-BUT-03446,BPCL,"Mumbai Mahul Refinery, Maharashtra",VLV-BFV-DN400-PN20-A193B16-TR1-BW,22,20627.51,222
BPCL-FLA-03447,BPCL,"Kochi Refinery, Kerala",FLG-SO-DN80-PN50-A182F22-SW,100,8292.14,342
BPCL-CEN-03448,BPCL,"Kochi Refinery, Kerala",CENTRIFUGAL-PUMP-SPARE-DN400-PN420-ASTMA193B7,122,53073.63,58
BPCL-PSV-03449,BPCL,"Bina Refinery, Madhya Pradesh",VLV-BFV-DN80-PN20-A182F316-TR1-RTJ,145,78225.6,96
BPCL-GLO-03450,BPCL,"Bina Refinery, Madhya Pradesh",VLV-GL-DN500-PN50-A182F51-TR16-RTJ,122,53009.14,350
BPCL-FLA-03451,BPCL,"Mumbai Mahul Refinery, Maharashtra",FLG-SW-DN300-PN150-A193B7-SW,6,4537.04,1172
BPCL-GLO-03452,BPCL,"Kochi Refinery, Kerala",VLV-GL-DN300-PN250-A193B16-TR8-BW,74,17391.61,114
BPCL-RED-03453,BPCL,"Kochi Refinery, Kerala",RED-CONC-DN150-SCH 160-A234WPB,135,15474.8,342
BPCL-BAL-03454,BPCL,"Kochi Refinery, Kerala",VLV-BL-DN300-PN150-A182F11-TR1-SW,149,20106.72,59
BPCL-BUT-03455,BPCL,"Mumbai Mahul Refinery, Maharashtra",VLV-BFV-DN20-PN100-A182F11-TR1-FF,110,25638.37,857
BPCL-TEE-03456,BPCL,"Bina Refinery, Madhya Pradesh",TEE-EQ-DN200-A234WPB,51,2468.34,1120
BPCL-FLA-03457,BPCL,"Mumbai Mahul Refinery, Maharashtra",FLG-BLD-DN100-PN250-A216WCB-BW,72,6461.41,458
BPCL-PIP-03458,BPCL,"Bina Refinery, Madhya Pradesh",PIPE-SMLS-DN300-A182F22-BE,45,3449.0,24
BPCL-CHE-03459,BPCL,"Bina Refinery, Madhya Pradesh",VLV-CHK-DN250-PN20-A106GR.B-TR5-SW,68,22105.99,27
BPCL-STU-03460,BPCL,"Bina Refinery, Madhya Pradesh",STUD-DN400-180MM-A216WCB-2H,95,3532.53,312
BPCL-STU-03461,BPCL,"Bina Refinery, Madhya Pradesh",STUD-DN50-180MM-A182F11-2H,143,3733.08,731
BPCL-GAS-03462,BPCL,"Kochi Refinery, Kerala",GSKT-SWG-DN150-PN420-SS316-GRAF,123,2538.63,420
BPCL-CHE-03463,BPCL,"Mumbai Mahul Refinery, Maharashtra",VLV-CHK-DN20-PN150-A105-TR12-BW,148,17546.1,296
BPCL-FLA-03464,BPCL,"Mumbai Mahul Refinery, Maharashtra",FLG-BLD-DN250-PN250-INCONEL625-FF,72,45848.88,1057
BPCL-TEE-03465,BPCL,"Bina Refinery, Madhya Pradesh",TEE-EQ-DN500-SCH 160-A234WPB,125,3495.26,1047
BPCL-RED-03466,BPCL,"Mumbai Mahul Refinery, Maharashtra",RED-CONC-DN100-SCH 80-A234WPB,43,19606.02,875
BPCL-PIP-03467,BPCL,"Mumbai Mahul Refinery, Maharashtra",PIPE-SMLS-DN400-SCH 20-A182F11-BE,97,4257.05,55
BPCL-PSV-03468,BPCL,"Kochi Refinery, Kerala",VLV-BFV-DN300-PN250-A193B7-TR8-RF,13,16286.37,23
BPCL-GAS-03469,BPCL,"Mumbai Mahul Refinery, Maharashtra",GSKT-SWG-DN500-PN100,64,4038.46,20
BPCL-PIP-03470,BPCL,"Kochi Refinery, Kerala",PIPE-SMLS-DN40-SCH 160-A182F316-BE,82,4893.5,42
BPCL-CEN-03471,BPCL,"Bina Refinery, Madhya Pradesh",CENTRIFUGAL-PUMP-SPARE-DN50-PN100-ASTMA106GR.B,102,55674.56,19
BPCL-ELB-03472,BPCL,"Kochi Refinery, Kerala",ELB-90LR-DN20-SCH 20-A234WPB,93,3015.85,6
BPCL-GLO-03473,BPCL,"Mumbai Mahul Refinery, Maharashtra",VLV-GL-DN250-PN150-A106GR.B-TR12-RTJ,12,15151.86,466
BPCL-CEN-03474,BPCL,"Mumbai Mahul Refinery, Maharashtra",CENTRIFUGAL-PUMP-SPARE-DN500-PN250-ASTMA182F304,41,79257.29,15
BPCL-PIP-03475,BPCL,"Kochi Refinery, Kerala",PIPE-SMLS-DN400-SCH 40-A106GR.B-BE,110,4422.98,178
BPCL-PSV-03476,BPCL,"Bina Refinery, Madhya Pradesh",VLV-BFV-DN600-PN100-A106GR.B-TR8-RTJ,121,15152.52,58
BPCL-BAL-03477,BPCL,"Bina Refinery, Madhya Pradesh",VLV-BL-DN20-PN420-A182F316-TR8-RF,29,62072.64,25
BPCL-ELB-03478,BPCL,"Kochi Refinery, Kerala",ELB-90LR-DN250-SCH XXS-A234WPB,107,5029.09,222
BPCL-PIP-03479,BPCL,"Mumbai Mahul Refinery, Maharashtra",PIPE-SMLS-DN25-SCH 80-A216WCB-BE,80,2976.96,762
BPCL-CEN-03480,BPCL,"Bina Refinery, Madhya Pradesh",CENTRIFUGAL-PUMP-SPARE-DN80-PN100-ASTMA182F304,28,70317.14,346
BPCL-GAT-03481,BPCL,"Bina Refinery, Madhya Pradesh",VLV-GT-DN20-PN150-A193B16-TR16-FF,15,20808.06,443
BPCL-ELB-03482,BPCL,"Mumbai Mahul Refinery, Maharashtra",ELB-90LR-DN100-SCH 80-A234WPB,141,2923.9,114
BPCL-GAS-03483,BPCL,"Bina Refinery, Madhya Pradesh",GSKT-SWG-DN50-PN50,104,3232.63,908
BPCL-FLA-03484,BPCL,"Kochi Refinery, Kerala",FLG-SW-DN40-PN150-A193B7-RF,46,5408.0,318
BPCL-GLO-03485,BPCL,"Bina Refinery, Madhya Pradesh",VLV-GL-DN50-PN50-A182F304-TR16-BW,2,22316.65,815
BPCL-FLA-03486,BPCL,"Kochi Refinery, Kerala",FLG-SW-DN80-PN250-A105-SW,40,6699.88,330
BPCL-GAS-03487,BPCL,"Mumbai Mahul Refinery, Maharashtra",GSKT-SWG-DN500-PN20-SS316-GRAF,83,1978.84,55
BPCL-GAT-03488,BPCL,"Bina Refinery, Madhya Pradesh",VLV-GT-DN15-PN20-A193B7-TR1-FF,115,31569.27,549
BPCL-BAL-03489,BPCL,"Mumbai Mahul Refinery, Maharashtra",VLV-BL-DN100-PN150-A182F316-TR12-BW,124,73307.77,32
BPCL-GAS-03490,BPCL,"Bina Refinery, Madhya Pradesh",GSKT-SWG-DN50-PN250-SS316-GRAF,31,2587.1,168
BPCL-GLO-03491,BPCL,"Kochi Refinery, Kerala",VLV-GL-DN40-PN150-A182F51-TR16-FF,119,78873.8,902
BPCL-RED-03492,BPCL,"Bina Refinery, Madhya Pradesh",RED-CONC-DN50-SCH 40-A234WPB,120,3602.14,971
BPCL-PSV-03493,BPCL,"Mumbai Mahul Refinery, Maharashtra",VLV-BFV-DN25-PN100-A182F53-TR1-RF,104,175754.56,363
BPCL-GAT-03494,BPCL,"Mumbai Mahul Refinery, Maharashtra",VLV-GT-DN150-PN420-A193B7,10,29184.12,59
BPCL-GAS-03495,BPCL,"Mumbai Mahul Refinery, Maharashtra",GSKT-SWG-DN80-PN100-SS316-GRAF,91,4308.75,44
BPCL-PIP-03496,BPCL,"Bina Refinery, Madhya Pradesh",PIPE-SMLS-DN250-SCH 160-A182F51-BE,89,8411.6,30
BPCL-GLO-03497,BPCL,"Bina Refinery, Madhya Pradesh",VLV-GL-DN25-PN20-A193B16-TR12-RTJ,38,17020.22,60
BPCL-GAS-03498,BPCL,"Kochi Refinery, Kerala",GSKT-RTJ-DN150-PN250,119,24769.78,465
BPCL-CEN-03499,BPCL,"Mumbai Mahul Refinery, Maharashtra",CENTRIFUGAL-PUMP-SPARE-DN100-PN150-ASTMA350LF2,83,60475.68,612
BPCL-GAS-03500,BPCL,"Mumbai Mahul Refinery, Maharashtra",GSKT-RTJ-DN15-PN50-SS316-GRAF,81,4175.49,367
BPCL-TEE-03501,BPCL,"Kochi Refinery, Kerala",TEE-EQ-DN600-SCH 160-A234WPB,63,3168.35,93
BPCL-ELB-03502,BPCL,"Mumbai Mahul Refinery, Maharashtra",ELB-90LR-DN150-A234WPB,33,3218.58,103
BPCL-PIP-03503,BPCL,"Mumbai Mahul Refinery, Maharashtra",PIPE-SMLS-DN500-SCH 80-A182F304-BE,83,4408.11,487
BPCL-TEE-03504,BPCL,"Kochi Refinery, Kerala",TEE-EQ-DN200-SCH 160-A234WPB,1,8413.33,16
BPCL-PIP-03505,BPCL,"Kochi Refinery, Kerala",PIPE-SMLS-DN150-SCH XXS-A216WCB-BE,89,2740.52,745
BPCL-GLO-03506,BPCL,"Kochi Refinery, Kerala",VLV-GL-DN20-PN50-A182F53-TR8-RF,85,99651.73,132
BPCL-TEE-03507,BPCL,"Bina Refinery, Madhya Pradesh",TEE-EQ-DN40-SCH 160-A234WPB,31,25724.47,455
BPCL-FLA-03508,BPCL,"Mumbai Mahul Refinery, Maharashtra",FLG-SW-DN400-PN20-A182F316,67,16257.89,231
BPCL-GAT-03509,BPCL,"Mumbai Mahul Refinery, Maharashtra",VLV-GT-DN500-PN50-A182F316-TR16-SW,122,53904.71,165
BPCL-TEE-03510,BPCL,"Mumbai Mahul Refinery, Maharashtra",TEE-EQ-DN600-SCH XXS-A234WPB,52,1990.62,14
BPCL-RED-03511,BPCL,"Kochi Refinery, Kerala",RED-CONC-DN500-SCH 160-A234WPB,113,2097.62,154
BPCL-CHE-03512,BPCL,"Mumbai Mahul Refinery, Maharashtra",VLV-CHK-DN200-PN20-A182F11-TR1-SW,146,17892.2,290
BPCL-PSV-03513,BPCL,"Kochi Refinery, Kerala",VLV-BFV-DN400-PN50-A350LF2-TR5-FF,22,26524.19,1075
BPCL-GAS-03514,BPCL,"Mumbai Mahul Refinery, Maharashtra",GSKT-RTJ-DN500-PN250-SS316-GRAF,150,2753.94,756
BPCL-CHE-03515,BPCL,"Bina Refinery, Madhya Pradesh",VLV-CHK-DN150-PN150-A193B16-TR12-SW,59,18249.1,48
BPCL-FLA-03516,BPCL,"Mumbai Mahul Refinery, Maharashtra",FLG-BLD-DN200-PN420-A182F304-RTJ,27,6649.0,29
BPCL-BUT-03517,BPCL,"Mumbai Mahul Refinery, Maharashtra",VLV-BFV-DN15-PN100-A105-TR12-RTJ,63,28840.7,313
BPCL-TEE-03518,BPCL,"Bina Refinery, Madhya Pradesh",TEE-EQ-DN15-SCH 160-A234WPB,42,3151.3,350
BPCL-PIP-03519,BPCL,"Kochi Refinery, Kerala",PIPE-SMLS-DN150-SCH 160-A350LF2-BE,136,2034.18,40
BPCL-CHE-03520,BPCL,"Mumbai Mahul Refinery, Maharashtra",VLV-CHK-DN500-PN250-INCONEL625,139,101163.42,417
BPCL-STU-03521,BPCL,"Bina Refinery, Madhya Pradesh",STUD-DN25-180MM-A182F51-2H,1,8561.17,302
BPCL-ELB-03522,BPCL,"Kochi Refinery, Kerala",ELB-90LR-DN250-SCH 40-A234WPB,3,11477.23,1177
BPCL-STU-03523,BPCL,"Bina Refinery, Madhya Pradesh",STUD-DN400-180MM-A182F53-2H,95,14085.66,227
BPCL-TEE-03524,BPCL,"Bina Refinery, Madhya Pradesh",TEE-EQ-DN25-SCH 160-A234WPB,74,2152.37,324
BPCL-FLA-03525,BPCL,"Mumbai Mahul Refinery, Maharashtra",FLG-WN-DN50-PN250-A350LF2-RF,140,7899.88,629
BPCL-ELB-03526,BPCL,"Bina Refinery, Madhya Pradesh",ELB-90LR-DN50-SCH XXS-A234WPB,82,20146.57,1119
BPCL-GLO-03527,BPCL,"Mumbai Mahul Refinery, Maharashtra",VLV-GL-DN200-PN420-A182F316L,8,54656.67,32
BPCL-BUT-03528,BPCL,"Bina Refinery, Madhya Pradesh",VLV-BFV-DN40-PN420-A182F22-TR12-SW,7,24017.85,51
BPCL-ELB-03529,BPCL,"Kochi Refinery, Kerala",ELB-90LR-DN100-A234WPB,135,19953.8,238
BPCL-GAS-03530,BPCL,"Mumbai Mahul Refinery, Maharashtra",GSKT-RTJ-DN150-PN50-SS316-GRAF,20,6637.97,855
BPCL-BUT-03531,BPCL,"Bina Refinery, Madhya Pradesh",VLV-BFV-DN400-PN100-A182F316L-TR12-FF,64,43471.47,12
BPCL-ELB-03532,BPCL,"Kochi Refinery, Kerala",ELB-90LR-DN25-SCH 20-A234WPB,136,2724.5,316
BPCL-GAS-03533,BPCL,"Kochi Refinery, Kerala",GSKT-SWG-DN50-PN150-SS316-GRAF,99,5642.54,889
BPCL-BUT-03534,BPCL,"Kochi Refinery, Kerala",VLV-BFV-DN300-PN100-INCONEL625-TR5-FF,39,112251.74,307
BPCL-GLO-03535,BPCL,"Mumbai Mahul Refinery, Maharashtra",VLV-GL-DN25-PN50-A182F11-TR16-SW,108,22849.14,809
BPCL-FLA-03536,BPCL,"Mumbai Mahul Refinery, Maharashtra",FLG-BLD-DN150-PN420-A106GR.B-FF,143,5390.42,39
BPCL-RED-03537,BPCL,"Bina Refinery, Madhya Pradesh",RED-CONC-DN25-SCH 40-A234WPB,65,3038.82,557
BPCL-PIP-03538,BPCL,"Kochi Refinery, Kerala",PIPE-SMLS-DN150-SCH 20-A182F316L-BE,142,5043.66,868
BPCL-CEN-03539,BPCL,"Kochi Refinery, Kerala",CENTRIFUGAL-PUMP-SPARE-DN40-PN420-ASTMA106GR.B,94,33951.32,419
BPCL-GAT-03540,BPCL,"Kochi Refinery, Kerala",VLV-GT-DN15-PN250-A216WCB-TR8-BW,112,14994.29,43
BPCL-FLA-03541,BPCL,"Kochi Refinery, Kerala",FLG-SO-DN300-PN250-A105-RF,80,5057.1,24
BPCL-GAT-03542,BPCL,"Mumbai Mahul Refinery, Maharashtra",VLV-GT-DN600-PN150-A182F51-TR12-FF,77,76428.68,46
BPCL-CEN-03543,BPCL,"Kochi Refinery, Kerala",CENTRIFUGAL-PUMP-SPARE-DN200-PN250-ASTMA182F22,130,79979.81,192
BPCL-GAS-03544,BPCL,"Kochi Refinery, Kerala",GSKT-RTJ-DN500-PN150-SS316-GRAF,146,4313.23,426
BPCL-TEE-03545,BPCL,"Kochi Refinery, Kerala",TEE-EQ-DN300-A234WPB,1,3633.16,108
BPCL-BAL-03546,BPCL,"Kochi Refinery, Kerala",VLV-BL-DN600-PN250-A216WCB-TR12-BW,79,28603.16,264
BPCL-STU-03547,BPCL,"Mumbai Mahul Refinery, Maharashtra",STUD-DN150-180MM-A182F22-2H,68,2093.71,526
BPCL-BUT-03548,BPCL,"Bina Refinery, Madhya Pradesh",VLV-BFV-DN200-PN250-A193B7-TR5-FF,128,20298.56,690
BPCL-CEN-03549,BPCL,"Bina Refinery, Madhya Pradesh",CENTRIFUGAL-PUMP-SPARE-DN80-PN100-ASTMA193B7,42,81381.9,38
BPCL-FLA-03550,BPCL,"Bina Refinery, Madhya Pradesh",FLG-BLD-DN300-PN50-A193B16-BW,127,5642.02,241
BPCL-CHE-03551,BPCL,"Kochi Refinery, Kerala",VLV-CHK-DN200-PN150-A350LF2-TR8-SW,128,27225.92,51
BPCL-BAL-03552,BPCL,"Kochi Refinery, Kerala",VLV-BL-DN500-PN150-INCONEL625-TR5-BW,71,189525.11,1171
BPCL-GAS-03553,BPCL,"Bina Refinery, Madhya Pradesh",GSKT-RTJ-DN100-PN150-SS316-GRAF,20,11609.42,317
BPCL-BAL-03554,BPCL,"Bina Refinery, Madhya Pradesh",VLV-BL-DN20-PN150-A216WCB-TR5-SW,67,16096.46,348
BPCL-BUT-03555,BPCL,"Mumbai Mahul Refinery, Maharashtra",VLV-BFV-DN600-PN50-A182F53-TR12-SW,73,142267.31,716
BPCL-BUT-03556,BPCL,"Mumbai Mahul Refinery, Maharashtra",VLV-BFV-DN600-PN250-A182F51-TR16-SW,67,45065.44,270
BPCL-GAT-03557,BPCL,"Mumbai Mahul Refinery, Maharashtra",VLV-GT-DN50-PN20-A182F22-TR8-RTJ,120,27197.18,790
BPCL-CHE-03558,BPCL,"Bina Refinery, Madhya Pradesh",VLV-CHK-DN40-PN100-A106GR.B-TR8-SW,116,24189.55,699
BPCL-FLA-03559,BPCL,"Mumbai Mahul Refinery, Maharashtra",FLG-WN-DN20-PN420-A193B7-RTJ,19,4278.32,462
BPCL-TEE-03560,BPCL,"Kochi Refinery, Kerala",TEE-EQ-DN200-SCH 80-A234WPB,56,3984.84,324
BPCL-FLA-03561,BPCL,"Bina Refinery, Madhya Pradesh",FLG-WN-DN300-PN420-A182F316-BW,103,19978.95,202
BPCL-PIP-03562,BPCL,"Kochi Refinery, Kerala",PIPE-SMLS-DN25-SCH 80-A216WCB-BE,127,3542.51,221
BPCL-FLA-03563,BPCL,"Kochi Refinery, Kerala",FLG-SW-DN200-PN150-A182F51-SW,85,10455.64,1001
BPCL-RED-03564,BPCL,"Mumbai Mahul Refinery, Maharashtra",RED-CONC-DN50-SCH 40-A234WPB,71,6527.98,205
BPCL-ELB-03565,BPCL,"Mumbai Mahul Refinery, Maharashtra",ELB-90LR-DN25-SCH XXS-A234WPB,5,2151.67,271
BPCL-RED-03566,BPCL,"Kochi Refinery, Kerala",RED-CONC-DN150-SCH XXS-A234WPB,127,4508.79,28
BPCL-CHE-03567,BPCL,"Mumbai Mahul Refinery, Maharashtra",VLV-CHK-DN300-PN50-A350LF2,77,29682.19,431
BPCL-PSV-03568,BPCL,"Kochi Refinery, Kerala",VLV-BFV-DN25-PN20-A182F316L-TR12-BW,6,73437.67,113
BPCL-TEE-03569,BPCL,"Kochi Refinery, Kerala",TEE-EQ-DN600-SCH 80-A234WPB,119,5075.26,489
BPCL-GLO-03570,BPCL,"Bina Refinery, Madhya Pradesh",VLV-GL-DN40-PN20-A182F316-TR1-SW,1,50129.83,758
BPCL-CHE-03571,BPCL,"Bina Refinery, Madhya Pradesh",VLV-CHK-DN600-PN150-A216WCB-TR16-BW,74,26875.36,55
BPCL-GLO-03572,BPCL,"Kochi Refinery, Kerala",VLV-GL-DN20-PN420-A182F316L-TR12-SW,90,41844.18,196
BPCL-GLO-03573,BPCL,"Kochi Refinery, Kerala",VLV-GL-DN400-PN20-INCONEL625-TR8-BW,80,183300.51,1035
BPCL-BAL-03574,BPCL,"Kochi Refinery, Kerala",VLV-BL-DN80-PN420-A193B16-TR16-SW,148,32729.71,546
BPCL-BAL-03575,BPCL,"Mumbai Mahul Refinery, Maharashtra",VLV-BL-DN400-PN50-A182F22-TR8-SW,127,22345.76,129
BPCL-PSV-03576,BPCL,"Mumbai Mahul Refinery, Maharashtra",VLV-BFV-DN15-PN100-A350LF2-TR8-SW,29,31234.84,456
BPCL-CEN-03577,BPCL,"Bina Refinery, Madhya Pradesh",CENTRIFUGAL-PUMP-SPARE-DN150-PN50-ASTMA106GR.B,5,57354.67,144
BPCL-PSV-03578,BPCL,"Mumbai Mahul Refinery, Maharashtra",VLV-BFV-DN500-PN150-A193B7-TR12-BW,118,27088.68,460
BPCL-BUT-03579,BPCL,"Mumbai Mahul Refinery, Maharashtra",VLV-BFV-DN15-PN50-A105-TR8-RTJ,101,26450.12,753
BPCL-BAL-03580,BPCL,"Kochi Refinery, Kerala",VLV-BL-DN40-PN420-A182F51-TR12-BW,36,62853.5,35
BPCL-GAS-03581,BPCL,"Bina Refinery, Madhya Pradesh",GSKT-RTJ-DN15-PN420-SS316-GRAF,39,2538.58,802
BPCL-GLO-03582,BPCL,"Kochi Refinery, Kerala",VLV-GL-DN600-PN150-A106GR.B-TR1-BW,86,17861.97,58
BPCL-BUT-03583,BPCL,"Bina Refinery, Madhya Pradesh",VLV-BFV-DN150-PN420-A350LF2,136,14891.98,518
BPCL-CHE-03584,BPCL,"Kochi Refinery, Kerala",VLV-CHK-DN150-PN20-A105-TR1-BW,13,22050.25,12
BPCL-CHE-03585,BPCL,"Bina Refinery, Madhya Pradesh",VLV-CHK-DN20-PN20-A182F316L,118,66267.51,819
BPCL-PIP-03586,BPCL,"Bina Refinery, Madhya Pradesh",PIPE-SMLS-DN100-SCH 40-A182F22-BE,9,3436.22,44
BPCL-TEE-03587,BPCL,"Mumbai Mahul Refinery, Maharashtra",TEE-EQ-DN25-SCH 80-A234WPB,131,6193.04,920
BPCL-BAL-03588,BPCL,"Bina Refinery, Madhya Pradesh",VLV-BL-DN200-PN50-A193B7-TR16-BW,66,28898.14,269
BPCL-TEE-03589,BPCL,"Mumbai Mahul Refinery, Maharashtra",TEE-EQ-DN50-SCH 160-A234WPB,48,4456.73,19
BPCL-RED-03590,BPCL,"Kochi Refinery, Kerala",RED-CONC-DN80-SCH 160-A234WPB,91,1918.88,56
BPCL-PIP-03591,BPCL,"Kochi Refinery, Kerala",PIPE-SMLS-DN500-SCH 40-A182F51-BE,134,11336.05,22
BPCL-CEN-03592,BPCL,"Kochi Refinery, Kerala",CENTRIFUGAL-PUMP-SPARE-DN300-PN20-ASTMA182F53,62,335965.96,423
BPCL-BAL-03593,BPCL,"Kochi Refinery, Kerala",VLV-BL-DN100-PN420-A182F22-TR1-RTJ,61,22789.83,39
BPCL-GAT-03594,BPCL,"Mumbai Mahul Refinery, Maharashtra",VLV-GT-DN20-PN420-A182F22-TR8-RF,62,21047.9,102
BPCL-CEN-03595,BPCL,"Kochi Refinery, Kerala",CENTRIFUGAL-PUMP-SPARE-DN50-PN250-ASTMA182F51,68,91797.92,27
BPCL-RED-03596,BPCL,"Mumbai Mahul Refinery, Maharashtra",RED-CONC-DN250-SCH 40-A234WPB,19,3586.19,810
BPCL-RED-03597,BPCL,"Kochi Refinery, Kerala",RED-CONC-DN15-SCH 20-A234WPB,109,4148.88,128
BPCL-PSV-03598,BPCL,"Mumbai Mahul Refinery, Maharashtra",VLV-BFV-DN500-PN150-A106GR.B,39,30038.14,174
BPCL-CEN-03599,BPCL,"Mumbai Mahul Refinery, Maharashtra",CENTRIFUGAL-PUMP-SPARE-DN200-PN420-INCONEL625,89,367148.25,627
BPCL-STU-03600,BPCL,"Bina Refinery, Madhya Pradesh",STUD-DN50-180MM-A182F51-2H,9,6272.0,17
BPCL-GAS-03601,BPCL,"Kochi Refinery, Kerala",GSKT-SWG-DN200-PN250-SS316-GRAF,112,2364.7,249
BPCL-STU-03602,BPCL,"Bina Refinery, Madhya Pradesh",STUD-DN600-180MM-A182F51-2H,130,11096.4,443
BPCL-RED-03603,BPCL,"Kochi Refinery, Kerala",RED-CONC-DN50-SCH 20-A234WPB,35,4579.1,339
BPCL-FLA-03604,BPCL,"Bina Refinery, Madhya Pradesh",FLG-BLD-DN200-PN50-A182F53-SW,93,42269.43,192
BPCL-BAL-03605,BPCL,"Bina Refinery, Madhya Pradesh",VLV-BL-DN20-PN20-A182F53-TR5-RF,81,157976.91,781
BPCL-BAL-03606,BPCL,"Mumbai Mahul Refinery, Maharashtra",VLV-BL-DN500-PN100-A193B16-TR1-FF,95,29458.5,171
BPCL-BUT-03607,BPCL,"Kochi Refinery, Kerala",VLV-BFV-DN150-PN100-A105-TR16-RTJ,43,29653.06,203
BPCL-CHE-03608,BPCL,"Bina Refinery, Madhya Pradesh",VLV-CHK-DN400-PN150-A182F304-TR5-RF,148,31039.79,535
BPCL-FLA-03609,BPCL,"Mumbai Mahul Refinery, Maharashtra",FLG-SO-DN400-PN100-A182F51,84,17352.84,1166
BPCL-GLO-03610,BPCL,"Bina Refinery, Madhya Pradesh",VLV-GL-DN200-PN150-A182F11-TR12-RF,48,20733.22,817
BPCL-GLO-03611,BPCL,"Kochi Refinery, Kerala",VLV-GL-DN25-PN420-A182F11-TR1-BW,93,30704.89,34
BPCL-TEE-03612,BPCL,"Mumbai Mahul Refinery, Maharashtra",TEE-EQ-DN25-SCH 80-A234WPB,37,3953.26,133
BPCL-BUT-03613,BPCL,"Kochi Refinery, Kerala",VLV-BFV-DN25-PN420-INCONEL625-TR1-RF,116,169775.08,54
BPCL-PSV-03614,BPCL,"Kochi Refinery, Kerala",VLV-BFV-DN600-PN420-INCONEL625-TR12-BW,140,141507.66,582
BPCL-ELB-03615,BPCL,"Bina Refinery, Madhya Pradesh",ELB-90LR-DN15-SCH 40-A234WPB,8,4244.74,620
BPCL-GLO-03616,BPCL,"Mumbai Mahul Refinery, Maharashtra",VLV-GL-DN300-PN50-A182F53-TR1-SW,100,176164.98,1070
BPCL-BUT-03617,BPCL,"Kochi Refinery, Kerala",VLV-BFV-DN80-PN20-INCONEL625-TR12-BW,41,155400.11,29
BPCL-FLA-03618,BPCL,"Kochi Refinery, Kerala",FLG-SW-DN500-PN50-A182F53-FF,32,26478.06,442
BPCL-STU-03619,BPCL,"Bina Refinery, Madhya Pradesh",STUD-DN40-180MM-A182F316L-2H,68,7024.1,1039
BPCL-CHE-03620,BPCL,"Mumbai Mahul Refinery, Maharashtra",VLV-CHK-DN250-PN250-A182F53-TR5-SW,97,82747.51,862
BPCL-BUT-03621,BPCL,"Mumbai Mahul Refinery, Maharashtra",VLV-BFV-DN40-PN420-A193B7-TR1-RF,4,20633.82,1032
BPCL-GAS-03622,BPCL,"Bina Refinery, Madhya Pradesh",GSKT-RTJ-DN250-PN100-SS316-GRAF,19,5651.18,926
BPCL-TEE-03623,BPCL,"Bina Refinery, Madhya Pradesh",TEE-EQ-DN200-SCH XXS-A234WPB,8,3319.53,10
BPCL-BAL-03624,BPCL,"Mumbai Mahul Refinery, Maharashtra",VLV-BL-DN100-PN250-A182F11-TR12-RTJ,8,23550.35,349
BPCL-GAS-03625,BPCL,"Mumbai Mahul Refinery, Maharashtra",GSKT-RTJ-DN600-PN50-SS316-GRAF,45,3061.72,344
BPCL-CHE-03626,BPCL,"Bina Refinery, Madhya Pradesh",VLV-CHK-DN300-PN250-INCONEL625-TR1-RTJ,15,176162.59,670
BPCL-CHE-03627,BPCL,"Kochi Refinery, Kerala",VLV-CHK-DN500-PN150-A105-TR16-BW,132,27676.21,486
BPCL-GAT-03628,BPCL,"Bina Refinery, Madhya Pradesh",VLV-GT-DN150-PN50-A182F53-TR16-RF,24,165752.01,49
BPCL-GLO-03629,BPCL,"Kochi Refinery, Kerala",VLV-GL-DN40-PN20-A182F316L-TR12-SW,34,67708.9,159
BPCL-TEE-03630,BPCL,"Mumbai Mahul Refinery, Maharashtra",TEE-EQ-DN600-SCH 160-A234WPB,127,4229.04,447
BPCL-BUT-03631,BPCL,"Mumbai Mahul Refinery, Maharashtra",VLV-BFV-DN50-PN20-A182F11,98,20312.58,323
BPCL-GAT-03632,BPCL,"Bina Refinery, Madhya Pradesh",VLV-GT-DN20-PN20-A182F53-TR1-RF,5,196660.45,836
BPCL-STU-03633,BPCL,"Mumbai Mahul Refinery, Maharashtra",STUD-DN300-180MM-INCONEL625-2H,40,14466.98,46
BPCL-STU-03634,BPCL,"Bina Refinery, Madhya Pradesh",STUD-DN200-180MM-A182F51-2H,80,4721.09,763
BPCL-PIP-03635,BPCL,"Kochi Refinery, Kerala",PIPE-SMLS-DN150-SCH 40-A106GR.B-BE,10,3615.11,415
BPCL-GAS-03636,BPCL,"Bina Refinery, Madhya Pradesh",GSKT-SWG-DN40-PN420-SS316-GRAF,90,2503.9,18
BPCL-PIP-03637,BPCL,"Kochi Refinery, Kerala",PIPE-SMLS-DN15-SCH 40-A193B7-BE,148,2623.29,12
BPCL-CEN-03638,BPCL,"Mumbai Mahul Refinery, Maharashtra",CENTRIFUGAL-PUMP-SPARE-DN25-PN20-ASTMA182F316,102,139212.35,8
BPCL-ELB-03639,BPCL,"Bina Refinery, Madhya Pradesh",ELB-90LR-DN100-SCH 20-A234WPB,87,2531.86,116
BPCL-CHE-03640,BPCL,"Kochi Refinery, Kerala",VLV-CHK-DN250-PN20-A182F22-TR12-FF,82,30797.14,394
BPCL-BAL-03641,BPCL,"Kochi Refinery, Kerala",VLV-BL-DN20-PN420-A106GR.B-TR12-RTJ,80,22024.39,153
BPCL-BUT-03642,BPCL,"Kochi Refinery, Kerala",VLV-BFV-DN80-PN100-A105-TR16-RTJ,131,27688.88,763
BPCL-BAL-03643,BPCL,"Bina Refinery, Madhya Pradesh",VLV-BL-DN300-PN250-A182F22,6,16280.8,92
BPCL-BUT-03644,BPCL,"Bina Refinery, Madhya Pradesh",VLV-BFV-DN400-PN20-A106GR.B,29,30362.54,269
BPCL-BUT-03645,BPCL,"Kochi Refinery, Kerala",VLV-BFV-DN80-PN20-A106GR.B-TR12-RTJ,72,21444.59,30
BPCL-STU-03646,BPCL,"Bina Refinery, Madhya Pradesh",STUD-DN100-180MM-A182F22-2H,109,3354.31,52
BPCL-FLA-03647,BPCL,"Kochi Refinery, Kerala",FLG-SW-DN15-PN50-A216WCB,87,4501.04,283
BPCL-GAT-03648,BPCL,"Mumbai Mahul Refinery, Maharashtra",VLV-GT-DN250-PN150-A182F304-TR12-RTJ,76,20174.89,738
BPCL-BUT-03649,BPCL,"Mumbai Mahul Refinery, Maharashtra",VLV-BFV-DN250-PN20-A182F316,110,69335.51,27
BPCL-BUT-03650,BPCL,"Bina Refinery, Madhya Pradesh",VLV-BFV-DN50-PN50-A182F316L,106,64894.8,945
BPCL-GLO-03651,BPCL,"Mumbai Mahul Refinery, Maharashtra",VLV-GL-DN100-PN420-A182F304-TR16-RF,77,22250.67,14
BPCL-ELB-03652,BPCL,"Kochi Refinery, Kerala",ELB-90LR-DN25-A234WPB,44,2797.97,132
BPCL-GAS-03653,BPCL,"Mumbai Mahul Refinery, Maharashtra",GSKT-SWG-DN250-PN100-SS316-GRAF,77,4421.79,638
BPCL-FLA-03654,BPCL,"Bina Refinery, Madhya Pradesh",FLG-SO-DN500-PN250-A106GR.B,142,4190.38,558
BPCL-CHE-03655,BPCL,"Bina Refinery, Madhya Pradesh",VLV-CHK-DN15-PN250-A350LF2-TR16-BW,42,29366.79,32
BPCL-GLO-03656,BPCL,"Kochi Refinery, Kerala",VLV-GL-DN100-PN150-A193B16-TR8-BW,97,18642.33,40
BPCL-BUT-03657,BPCL,"Mumbai Mahul Refinery, Maharashtra",VLV-BFV-DN20-PN420-A105-TR8-FF,79,18406.7,170
BPCL-CEN-03658,BPCL,"Bina Refinery, Madhya Pradesh",CENTRIFUGAL-PUMP-SPARE-DN15-PN50-ASTMA105,134,50795.39,26
BPCL-TEE-03659,BPCL,"Mumbai Mahul Refinery, Maharashtra",TEE-EQ-DN25-A234WPB,139,3968.39,26
BPCL-PSV-03660,BPCL,"Kochi Refinery, Kerala",VLV-BFV-DN600-PN50-INCONEL625-TR1-SW,11,182003.88,190
BPCL-ELB-03661,BPCL,"Mumbai Mahul Refinery, Maharashtra",ELB-90LR-DN200-SCH 20-A234WPB,5,2162.66,334
BPCL-RED-03662,BPCL,"Bina Refinery, Madhya Pradesh",RED-CONC-DN15-A234WPB,26,3466.26,272
BPCL-CEN-03663,BPCL,"Mumbai Mahul Refinery, Maharashtra",CENTRIFUGAL-PUMP-SPARE-DN250-PN20-ASTMA193B16,80,45988.07,34
BPCL-TEE-03664,BPCL,"Bina Refinery, Madhya Pradesh",TEE-EQ-DN80-SCH 80-A234WPB,96,3011.17,252
BPCL-RED-03665,BPCL,"Bina Refinery, Madhya Pradesh",RED-CONC-DN25-SCH XXS-A234WPB,122,2475.71,21
BPCL-CHE-03666,BPCL,"Bina Refinery, Madhya Pradesh",VLV-CHK-DN80-PN150-A182F22-TR16-RF,104,28642.83,48
BPCL-STU-03667,BPCL,"Kochi Refinery, Kerala",STUD-DN300-180MM-A350LF2-2H,39,4485.64,350
BPCL-GAS-03668,BPCL,"Mumbai Mahul Refinery, Maharashtra",GSKT-RTJ-DN500-PN420-SS316-GRAF,23,3478.29,529
BPCL-BAL-03669,BPCL,"Kochi Refinery, Kerala",VLV-BL-DN300-PN50-A216WCB-TR5-BW,119,18437.8,7
BPCL-TEE-03670,BPCL,"Mumbai Mahul Refinery, Maharashtra",TEE-EQ-DN300-SCH 40-A234WPB,31,4088.18,52
BPCL-GAT-03671,BPCL,"Mumbai Mahul Refinery, Maharashtra",VLV-GT-DN40-PN100-A106GR.B,119,24165.82,208
BPCL-BAL-03672,BPCL,"Kochi Refinery, Kerala",VLV-BL-DN150-PN50-A106GR.B-TR8-FF,17,26407.76,890
BPCL-BUT-03673,BPCL,"Mumbai Mahul Refinery, Maharashtra",VLV-BFV-DN400-PN20-A182F11-TR12-BW,4,24299.66,358
BPCL-CHE-03674,BPCL,"Kochi Refinery, Kerala",VLV-CHK-DN80-PN150-A182F53-TR1-RF,130,168413.06,298
BPCL-FLA-03675,BPCL,"Mumbai Mahul Refinery, Maharashtra",FLG-BLD-DN250-PN20-A182F53-RF,73,28694.68,935
BPCL-GAS-03676,BPCL,"Mumbai Mahul Refinery, Maharashtra",GSKT-RTJ-DN100-PN20-SS316-GRAF,140,3133.16,53
BPCL-BAL-03677,BPCL,"Mumbai Mahul Refinery, Maharashtra",VLV-BL-DN25-PN50-A182F11-TR16-RF,52,23797.94,5
BPCL-STU-03678,BPCL,"Kochi Refinery, Kerala",STUD-DN300-180MM-A350LF2-2H,103,2662.13,31
BPCL-GAS-03679,BPCL,"Bina Refinery, Madhya Pradesh",GSKT-SWG-DN40-PN50-SS316-GRAF,122,9149.21,173
BPCL-GAS-03680,BPCL,"Mumbai Mahul Refinery, Maharashtra",GSKT-RTJ-DN40-PN420-SS316-GRAF,149,2384.86,49
BPCL-FLA-03681,BPCL,"Kochi Refinery, Kerala",FLG-BLD-DN15-PN420-A216WCB,63,5868.11,1143
BPCL-ELB-03682,BPCL,"Kochi Refinery, Kerala",ELB-90LR-DN15-SCH 20-A234WPB,41,7531.26,909
BPCL-GAT-03683,BPCL,"Bina Refinery, Madhya Pradesh",VLV-GT-DN150-PN250-A105,20,16937.95,820
BPCL-STU-03684,BPCL,"Bina Refinery, Madhya Pradesh",STUD-DN500-180MM-A350LF2-2H,143,4330.09,185
BPCL-STU-03685,BPCL,"Bina Refinery, Madhya Pradesh",STUD-DN250-180MM-A182F53-2H,63,24904.33,31
BPCL-CHE-03686,BPCL,"Mumbai Mahul Refinery, Maharashtra",VLV-CHK-DN600-PN250-A193B16-TR12-RF,107,15462.83,134
BPCL-GAS-03687,BPCL,"Bina Refinery, Madhya Pradesh",GSKT-RTJ-DN200-PN20-SS316-GRAF,17,3742.72,22
BPCL-GAT-03688,BPCL,"Mumbai Mahul Refinery, Maharashtra",VLV-GT-DN150-PN20-A182F304-TR16-RTJ,41,14235.54,194
BPCL-GLO-03689,BPCL,"Bina Refinery, Madhya Pradesh",VLV-GL-DN25-PN50-A182F304-TR8-BW,115,24281.86,40
BPCL-ELB-03690,BPCL,"Kochi Refinery, Kerala",ELB-90LR-DN100-A234WPB,85,3636.71,783
BPCL-RED-03691,BPCL,"Kochi Refinery, Kerala",RED-CONC-DN50-SCH XXS-A234WPB,106,21045.45,203
BPCL-CEN-03692,BPCL,"Bina Refinery, Madhya Pradesh",CENTRIFUGAL-PUMP-SPARE-DN80-PN150-ASTMA193B7,22,78606.57,37
BPCL-BUT-03693,BPCL,"Bina Refinery, Madhya Pradesh",VLV-BFV-DN25-PN420-A182F51-TR12-BW,71,81494.66,37
BPCL-TEE-03694,BPCL,"Kochi Refinery, Kerala",TEE-EQ-DN250-SCH XXS-A234WPB,49,3961.1,29
BPCL-BAL-03695,BPCL,"Kochi Refinery, Kerala",VLV-BL-DN100-PN150-A182F304-TR5-RF,16,16577.03,543
BPCL-BUT-03696,BPCL,"Mumbai Mahul Refinery, Maharashtra",VLV-BFV-DN500-PN20-A193B16-TR16-SW,1,32558.18,33
BPCL-RED-03697,BPCL,"Bina Refinery, Madhya Pradesh",RED-CONC-DN50-SCH 20-A234WPB,126,2577.52,813
BPCL-CEN-03698,BPCL,"Bina Refinery, Madhya Pradesh",CENTRIFUGAL-PUMP-SPARE-DN80-PN20-INCONEL625,4,358130.75,995
BPCL-ELB-03699,BPCL,"Bina Refinery, Madhya Pradesh",ELB-90LR-DN300-SCH 160-A234WPB,61,2226.74,536
BPCL-ELB-03700,BPCL,"Mumbai Mahul Refinery, Maharashtra",ELB-90LR-DN15-SCH 80-A234WPB,104,2902.07,277
BPCL-BAL-03701,BPCL,"Bina Refinery, Madhya Pradesh",VLV-BL-DN15-PN420-A182F53,127,160553.03,92
BPCL-PIP-03702,BPCL,"Mumbai Mahul Refinery, Maharashtra",PIPE-SMLS-DN300-SCH 80-A105-BE,30,2014.68,30
BPCL-GAS-03703,BPCL,"Bina Refinery, Madhya Pradesh",GSKT-SWG-DN300-PN100-SS316-GRAF,50,11448.54,33
BPCL-GAS-03704,BPCL,"Bina Refinery, Madhya Pradesh",GSKT-RTJ-DN250-PN150-SS316-GRAF,24,3278.23,601
BPCL-CEN-03705,BPCL,"Kochi Refinery, Kerala",CENTRIFUGAL-PUMP-SPARE-DN600-PN100-INCONEL625,68,319280.05,6
BPCL-BAL-03706,BPCL,"Kochi Refinery, Kerala",VLV-BL-DN600-PN250-A193B16-TR1-BW,140,16616.55,988
BPCL-RED-03707,BPCL,"Bina Refinery, Madhya Pradesh",RED-CONC-DN400-A234WPB,30,8220.52,895
BPCL-FLA-03708,BPCL,"Mumbai Mahul Refinery, Maharashtra",FLG-SW-DN40-PN100-A182F304-FF,67,5026.54,489
BPCL-CEN-03709,BPCL,"Mumbai Mahul Refinery, Maharashtra",CENTRIFUGAL-PUMP-SPARE-DN400-PN250-ASTMA350LF2,54,77269.11,43
BPCL-GAT-03710,BPCL,"Kochi Refinery, Kerala",VLV-GT-DN400-PN100-A182F22-TR5-RF,85,29961.7,106
BPCL-GLO-03711,BPCL,"Kochi Refinery, Kerala",VLV-GL-DN40-PN20-A182F316,98,65461.43,823
BPCL-CHE-03712,BPCL,"Mumbai Mahul Refinery, Maharashtra",VLV-CHK-DN40-PN150-A182F51-TR1-FF,125,56293.87,340
BPCL-GAS-03713,BPCL,"Kochi Refinery, Kerala",GSKT-RTJ-DN100-PN150-SS316-GRAF,56,3161.77,306
BPCL-BUT-03714,BPCL,"Mumbai Mahul Refinery, Maharashtra",VLV-BFV-DN250-PN100-A193B16,86,18726.65,917
BPCL-RED-03715,BPCL,"Bina Refinery, Madhya Pradesh",RED-CONC-DN200-SCH 80-A234WPB,97,4186.25,297
BPCL-GAT-03716,BPCL,"Kochi Refinery, Kerala",VLV-GT-DN200-PN150-A350LF2-TR12-BW,130,25465.83,42
BPCL-TEE-03717,BPCL,"Mumbai Mahul Refinery, Maharashtra",TEE-EQ-DN20-SCH 160-A234WPB,32,3357.88,20
BPCL-GAS-03718,BPCL,"Mumbai Mahul Refinery, Maharashtra",GSKT-SWG-DN500-PN100-SS316-GRAF,67,3157.78,325
BPCL-GLO-03719,BPCL,"Bina Refinery, Madhya Pradesh",VLV-GL-DN200-PN150-A182F316-TR8-FF,17,36765.16,837
BPCL-GLO-03720,BPCL,"Kochi Refinery, Kerala",VLV-GL-DN20-PN250-A182F53-TR1-FF,63,153580.98,21
BPCL-CHE-03721,BPCL,"Mumbai Mahul Refinery, Maharashtra",VLV-CHK-DN100-PN250-A182F51-TR16-RTJ,30,67210.25,281
BPCL-ELB-03722,BPCL,"Mumbai Mahul Refinery, Maharashtra",ELB-90LR-DN250-A234WPB,56,10449.02,179
BPCL-ELB-03723,BPCL,"Bina Refinery, Madhya Pradesh",ELB-90LR-DN600-SCH XXS-A234WPB,24,23840.72,434
BPCL-PIP-03724,BPCL,"Bina Refinery, Madhya Pradesh",PIPE-SMLS-DN200-SCH 160-A216WCB-BE,18,2985.32,1149
BPCL-PIP-03725,BPCL,"Mumbai Mahul Refinery, Maharashtra",PIPE-SMLS-DN25-SCH XXS-A350LF2-BE,105,2232.02,355
BPCL-FLA-03726,BPCL,"Kochi Refinery, Kerala",FLG-SW-DN50-PN250-A182F11-BW,116,3525.06,206
BPCL-BAL-03727,BPCL,"Bina Refinery, Madhya Pradesh",VLV-BL-DN20-PN50-A193B16-TR16-FF,28,26424.57,415
BPCL-STU-03728,BPCL,"Bina Refinery, Madhya Pradesh",STUD-DN50-180MM-A105-2H,42,3339.75,174
BPCL-CHE-03729,BPCL,"Kochi Refinery, Kerala",VLV-CHK-DN100-PN250-INCONEL625-TR1-FF,110,154536.17,43
BPCL-RED-03730,BPCL,"Kochi Refinery, Kerala",RED-CONC-DN50-A234WPB,70,4328.94,251
BPCL-BUT-03731,BPCL,"Kochi Refinery, Kerala",VLV-BFV-DN600-PN20-A182F53-TR12-RTJ,45,138068.53,57
BPCL-CHE-03732,BPCL,"Kochi Refinery, Kerala",VLV-CHK-DN15-PN20-A350LF2-TR16-BW,142,18801.47,255
BPCL-PIP-03733,BPCL,"Bina Refinery, Madhya Pradesh",PIPE-SMLS-DN15-SCH 160-A106GR.B-BE,107,2648.69,445
BPCL-BAL-03734,BPCL,"Bina Refinery, Madhya Pradesh",VLV-BL-DN600-PN50-A106GR.B-TR5-RTJ,55,18561.51,280
BPCL-BAL-03735,BPCL,"Mumbai Mahul Refinery, Maharashtra",VLV-BL-DN200-PN100-A182F316L-TR1-RTJ,106,56270.58,314
BPCL-STU-03736,BPCL,"Bina Refinery, Madhya Pradesh",STUD-DN200-180MM-A105-2H,30,4329.68,48
BPCL-BUT-03737,BPCL,"Bina Refinery, Madhya Pradesh",VLV-BFV-DN600-PN150-INCONEL625-TR8-RTJ,33,179532.74,1191
BPCL-STU-03738,BPCL,"Mumbai Mahul Refinery, Maharashtra",STUD-DN200-180MM-A105-2H,117,4061.5,616
BPCL-GAS-03739,BPCL,"Bina Refinery, Madhya Pradesh",GSKT-RTJ-DN600-PN420,82,1925.75,507
BPCL-BAL-03740,BPCL,"Kochi Refinery, Kerala",VLV-BL-DN20-PN50-A105-TR8-FF,16,21450.03,6
BPCL-RED-03741,BPCL,"Mumbai Mahul Refinery, Maharashtra",RED-CONC-DN25-SCH 80-A234WPB,62,4049.35,689
BPCL-BAL-03742,BPCL,"Kochi Refinery, Kerala",VLV-BL-DN600-PN50-A182F316L-TR16-RTJ,141,34562.95,25
BPCL-FLA-03743,BPCL,"Bina Refinery, Madhya Pradesh",FLG-SW-DN15-PN150-A182F11-RTJ,63,3449.71,59
BPCL-RED-03744,BPCL,"Bina Refinery, Madhya Pradesh",RED-CONC-DN300-SCH 20-A234WPB,48,3926.53,15
BPCL-CEN-03745,BPCL,"Bina Refinery, Madhya Pradesh",CENTRIFUGAL-PUMP-SPARE-DN600-PN50-ASTMA182F316,130,121689.75,281
BPCL-GAS-03746,BPCL,"Bina Refinery, Madhya Pradesh",GSKT-SWG-DN250-PN100-SS316-GRAF,54,5180.03,447
BPCL-TEE-03747,BPCL,"Kochi Refinery, Kerala",TEE-EQ-DN25-SCH 80-A234WPB,4,22451.07,41
BPCL-GAS-03748,BPCL,"Kochi Refinery, Kerala",GSKT-SWG-DN15-PN420-SS316-GRAF,19,20504.1,312
BPCL-STU-03749,BPCL,"Kochi Refinery, Kerala",STUD-DN300-180MM-A182F22-2H,5,4164.59,240
BPCL-GLO-03750,BPCL,"Mumbai Mahul Refinery, Maharashtra",VLV-GL-DN25-PN150-A182F22-TR12-BW,26,32098.02,350
HPCL-TEE-03751,HPCL,"Mumbai Refinery, Maharashtra",TEE-EQ-DN15-SCH 80-A234WPB,88,10779.23,155
HPCL-PIP-03752,HPCL,"Visakh Refinery, Andhra Pradesh",PIPE-SMLS-DN15-SCH XXS-A193B16-BE,103,4146.18,219
HPCL-CHE-03753,HPCL,"Visakh Refinery, Andhra Pradesh",VLV-CHK-DN50-PN100-A182F11-TR5-RF,4,27004.93,142
HPCL-GAT-03754,HPCL,"Mumbai Refinery, Maharashtra",VLV-GT-DN500-PN50-A182F53-TR1-RF,102,139009.71,127
HPCL-RED-03755,HPCL,"Mumbai Refinery, Maharashtra",RED-CONC-DN500-SCH 80-A234WPB,107,3696.29,22
HPCL-ELB-03756,HPCL,"Mumbai Refinery, Maharashtra",ELB-90LR-DN100-SCH XXS-A234WPB,35,4593.78,50
HPCL-GAT-03757,HPCL,"Mumbai Refinery, Maharashtra",VLV-GT-DN20-PN420-A182F22-TR1-RF,135,17879.89,528
HPCL-CEN-03758,HPCL,"Mumbai Refinery, Maharashtra",CENTRIFUGAL-PUMP-SPARE-DN100-PN150-ASTMA105,69,44184.36,284
HPCL-GLO-03759,HPCL,"Visakh Refinery, Andhra Pradesh",VLV-GL-DN25-PN100-A182F53,98,180409.0,21
HPCL-FLA-03760,HPCL,"Visakh Refinery, Andhra Pradesh",FLG-SW-DN300-PN50-A182F316L-BW,117,14976.0,175
HPCL-GAT-03761,HPCL,"Visakh Refinery, Andhra Pradesh",VLV-GT-DN250-PN20-A182F53-TR1-RF,129,159491.5,35
HPCL-GAS-03762,HPCL,"Visakh Refinery, Andhra Pradesh",GSKT-SWG-DN50-PN150-SS316-GRAF,110,3910.55,280
HPCL-ELB-03763,HPCL,"Visakh Refinery, Andhra Pradesh",ELB-90LR-DN600-SCH 20-A234WPB,82,3616.38,234
HPCL-CEN-03764,HPCL,"Mumbai Refinery, Maharashtra",CENTRIFUGAL-PUMP-SPARE-DN150-PN250-ASTMA182F11,73,60476.73,59
HPCL-CHE-03765,HPCL,"Visakh Refinery, Andhra Pradesh",VLV-CHK-DN40-PN50-A193B16-TR1-SW,68,30864.15,992
HPCL-GLO-03766,HPCL,"Mumbai Refinery, Maharashtra",VLV-GL-DN500-PN150-A105-TR1-RF,90,20183.52,573
HPCL-GAS-03767,HPCL,"Visakh Refinery, Andhra Pradesh",GSKT-RTJ-DN25-PN100-SS316-GRAF,21,2161.27,59
HPCL-FLA-03768,HPCL,"Mumbai Refinery, Maharashtra",FLG-BLD-DN25-PN150-A350LF2-SW,64,7659.6,1167
HPCL-CEN-03769,HPCL,"Visakh Refinery, Andhra Pradesh",CENTRIFUGAL-PUMP-SPARE-DN20-PN20-ASTMA182F304,43,71952.75,101
HPCL-GAS-03770,HPCL,"Visakh Refinery, Andhra Pradesh",GSKT-SWG-DN25-PN20-SS316-GRAF,26,2242.23,11
HPCL-FLA-03771,HPCL,"Visakh Refinery, Andhra Pradesh",FLG-BLD-DN40-PN100-A182F11-RF,22,5027.44,572
HPCL-ELB-03772,HPCL,"Mumbai Refinery, Maharashtra",ELB-90LR-DN200-SCH 20-A234WPB,135,3648.14,305
HPCL-GAT-03773,HPCL,"Visakh Refinery, Andhra Pradesh",VLV-GT-DN250-PN100-A182F304-TR8-RTJ,50,26088.77,23
HPCL-BUT-03774,HPCL,"Visakh Refinery, Andhra Pradesh",VLV-BFV-DN500-PN50-A182F51-TR16-BW,147,52259.39,29
HPCL-GAS-03775,HPCL,"Mumbai Refinery, Maharashtra",GSKT-SWG-DN400-PN20-SS316-GRAF,91,3834.33,1181
HPCL-GAS-03776,HPCL,"Visakh Refinery, Andhra Pradesh",GSKT-RTJ-DN300-PN420-SS316-GRAF,57,2262.29,248
HPCL-GLO-03777,HPCL,"Mumbai Refinery, Maharashtra",VLV-GL-DN300-PN250-A182F316-TR1-BW,89,67741.56,601
HPCL-GAS-03778,HPCL,"Mumbai Refinery, Maharashtra",GSKT-RTJ-DN200-PN420-SS316-GRAF,131,2114.5,51
HPCL-STU-03779,HPCL,"Mumbai Refinery, Maharashtra",STUD-DN20-180MM-INCONEL625-2H,134,14805.18,17
HPCL-PIP-03780,HPCL,"Mumbai Refinery, Maharashtra",PIPE-SMLS-DN200-SCH 80-A350LF2-BE,114,3567.74,218
HPCL-GLO-03781,HPCL,"Visakh Refinery, Andhra Pradesh",VLV-GL-DN20-PN250-A182F304-TR12-RF,126,28254.75,101
HPCL-BAL-03782,HPCL,"Mumbai Refinery, Maharashtra",VLV-BL-DN200-PN50-A182F51,78,59613.35,179
HPCL-GAT-03783,HPCL,"Mumbai Refinery, Maharashtra",VLV-GT-DN80-PN100-A182F316L-TR16-SW,135,72836.29,162
HPCL-CEN-03784,HPCL,"Visakh Refinery, Andhra Pradesh",CENTRIFUGAL-PUMP-SPARE-DN25-PN420-ASTMA350LF2,144,78871.04,297
HPCL-FLA-03785,HPCL,"Visakh Refinery, Andhra Pradesh",FLG-SO-DN150-PN150-A182F304-SW,47,7581.42,776
HPCL-PIP-03786,HPCL,"Mumbai Refinery, Maharashtra",PIPE-SMLS-DN80-A182F53-BE,119,12971.15,1010
HPCL-BAL-03787,HPCL,"Visakh Refinery, Andhra Pradesh",VLV-BL-DN15-PN100-A182F316,113,46610.91,360
HPCL-PIP-03788,HPCL,"Visakh Refinery, Andhra Pradesh",PIPE-SMLS-DN200-A182F316L-BE,64,5505.24,314
HPCL-TEE-03789,HPCL,"Visakh Refinery, Andhra Pradesh",TEE-EQ-DN300-SCH 40-A234WPB,66,2871.35,365
HPCL-PSV-03790,HPCL,"Visakh Refinery, Andhra Pradesh",VLV-BFV-DN100-PN420-A105,91,19665.78,11
HPCL-STU-03791,HPCL,"Mumbai Refinery, Maharashtra",STUD-DN500-180MM-A193B16-2H,57,3437.47,47
HPCL-PSV-03792,HPCL,"Visakh Refinery, Andhra Pradesh",VLV-BFV-DN400-PN20-A182F11-TR8-RTJ,26,16166.44,128
HPCL-ELB-03793,HPCL,"Visakh Refinery, Andhra Pradesh",ELB-90LR-DN600-SCH 20-A234WPB,2,4165.93,321
HPCL-ELB-03794,HPCL,"Mumbai Refinery, Maharashtra",ELB-90LR-DN15-SCH 80-A234WPB,41,2333.08,113
HPCL-PSV-03795,HPCL,"Visakh Refinery, Andhra Pradesh",VLV-BFV-DN50-PN20-A106GR.B-TR12-SW,40,27251.79,328
HPCL-BUT-03796,HPCL,"Visakh Refinery, Andhra Pradesh",VLV-BFV-DN200-PN20-A216WCB-TR16-FF,44,18212.45,29
HPCL-PIP-03797,HPCL,"Visakh Refinery, Andhra Pradesh",PIPE-SMLS-DN15-SCH 20-A105-BE,31,4248.27,54
HPCL-GAS-03798,HPCL,"Mumbai Refinery, Maharashtra",GSKT-SWG-DN25-PN250-SS316-GRAF,102,4254.48,52
HPCL-GAS-03799,HPCL,"Mumbai Refinery, Maharashtra",GSKT-RTJ-DN15-PN250-SS316-GRAF,17,4348.99,32
HPCL-PSV-03800,HPCL,"Visakh Refinery, Andhra Pradesh",VLV-BFV-DN80-PN100-A193B7-TR12-BW,18,20398.26,958
HPCL-FLA-03801,HPCL,"Mumbai Refinery, Maharashtra",FLG-SO-DN25-PN420-A182F51-RTJ,40,16632.28,706
HPCL-GAS-03802,HPCL,"Mumbai Refinery, Maharashtra",GSKT-RTJ-DN100-PN50-SS316-GRAF,144,20863.33,1026
HPCL-BAL-03803,HPCL,"Mumbai Refinery, Maharashtra",VLV-BL-DN25-PN420-A182F11,59,32114.89,903
HPCL-BUT-03804,HPCL,"Visakh Refinery, Andhra Pradesh",VLV-BFV-DN40-PN420-A182F51-TR5-SW,133,74144.04,449
HPCL-RED-03805,HPCL,"Visakh Refinery, Andhra Pradesh",RED-CONC-DN15-SCH 80-A234WPB,39,3489.3,1102
HPCL-RED-03806,HPCL,"Mumbai Refinery, Maharashtra",RED-CONC-DN250-SCH 20-A234WPB,41,3668.23,976
HPCL-RED-03807,HPCL,"Visakh Refinery, Andhra Pradesh",RED-CONC-DN20-SCH 20-A234WPB,144,4494.05,12
HPCL-TEE-03808,HPCL,"Visakh Refinery, Andhra Pradesh",TEE-EQ-DN50-SCH 80-A234WPB,12,3459.87,554
HPCL-CEN-03809,HPCL,"Mumbai Refinery, Maharashtra",CENTRIFUGAL-PUMP-SPARE-DN150-PN420-ASTMA193B16,48,82620.87,936
HPCL-STU-03810,HPCL,"Mumbai Refinery, Maharashtra",STUD-DN150-180MM-A105-2H,54,4527.16,255
HPCL-STU-03811,HPCL,"Visakh Refinery, Andhra Pradesh",STUD-DN400-180MM-A216WCB-2H,108,3250.6,800
HPCL-GAS-03812,HPCL,"Mumbai Refinery, Maharashtra",GSKT-SWG-DN40-PN150,40,2626.3,1001
HPCL-STU-03813,HPCL,"Mumbai Refinery, Maharashtra",STUD-DN80-180MM-A182F304-2H,147,3779.7,320
HPCL-GAS-03814,HPCL,"Visakh Refinery, Andhra Pradesh",GSKT-SWG-DN150-PN420-SS316-GRAF,125,4343.23,238
HPCL-ELB-03815,HPCL,"Mumbai Refinery, Maharashtra",ELB-90LR-DN200-SCH 160-A234WPB,86,3083.54,47
HPCL-RED-03816,HPCL,"Mumbai Refinery, Maharashtra",RED-CONC-DN150-SCH 20-A234WPB,21,3263.45,57
HPCL-FLA-03817,HPCL,"Mumbai Refinery, Maharashtra",FLG-SW-DN600-PN250-A182F22-RTJ,89,5635.6,934
HPCL-GAS-03818,HPCL,"Visakh Refinery, Andhra Pradesh",GSKT-RTJ-DN80-PN420-SS316-GRAF,92,2829.38,789
HPCL-BUT-03819,HPCL,"Visakh Refinery, Andhra Pradesh",VLV-BFV-DN50-PN250-A182F316L-TR1-FF,123,59744.59,683
HPCL-ELB-03820,HPCL,"Mumbai Refinery, Maharashtra",ELB-90LR-DN80-SCH 40-A234WPB,104,3637.95,218
HPCL-ELB-03821,HPCL,"Visakh Refinery, Andhra Pradesh",ELB-90LR-DN200-SCH XXS-A234WPB,74,3126.58,1071
HPCL-BAL-03822,HPCL,"Mumbai Refinery, Maharashtra",VLV-BL-DN150-PN20-A182F316-TR12-FF,110,63616.21,433
HPCL-GAT-03823,HPCL,"Visakh Refinery, Andhra Pradesh",VLV-GT-DN80-PN420-A182F11-TR5-RF,90,19948.71,548
HPCL-TEE-03824,HPCL,"Visakh Refinery, Andhra Pradesh",TEE-EQ-DN300-A234WPB,118,4204.65,448
HPCL-FLA-03825,HPCL,"Visakh Refinery, Andhra Pradesh",FLG-SW-DN600-PN50-INCONEL625-BW,14,44895.71,973
HPCL-BUT-03826,HPCL,"Visakh Refinery, Andhra Pradesh",VLV-BFV-DN100-PN250-A182F11-TR1-BW,70,22812.51,196
HPCL-GAS-03827,HPCL,"Mumbai Refinery, Maharashtra",GSKT-RTJ-DN100-PN20-SS316-GRAF,101,9031.49,360
HPCL-GAS-03828,HPCL,"Mumbai Refinery, Maharashtra",GSKT-RTJ-DN40-PN20-SS316-GRAF,107,9049.55,125
HPCL-PSV-03829,HPCL,"Mumbai Refinery, Maharashtra",VLV-BFV-DN25-PN150-A182F11-TR8-RF,6,20836.09,49
HPCL-GLO-03830,HPCL,"Visakh Refinery, Andhra Pradesh",VLV-GL-DN150-PN150-A182F22-TR8-FF,147,19855.73,41
HPCL-PIP-03831,HPCL,"Visakh Refinery, Andhra Pradesh",PIPE-SMLS-DN150-SCH 20-A182F53-BE,28,24141.32,722
HPCL-CEN-03832,HPCL,"Visakh Refinery, Andhra Pradesh",CENTRIFUGAL-PUMP-SPARE-DN400-PN50-ASTMA182F304,52,42483.83,423
HPCL-GLO-03833,HPCL,"Mumbai Refinery, Maharashtra",VLV-GL-DN500-PN150-A182F304-TR12-FF,46,29557.02,34
HPCL-BUT-03834,HPCL,"Visakh Refinery, Andhra Pradesh",VLV-BFV-DN150-PN420-A106GR.B-TR5-SW,15,16546.4,628
HPCL-CEN-03835,HPCL,"Mumbai Refinery, Maharashtra",CENTRIFUGAL-PUMP-SPARE-DN15-PN420-ASTMA105,125,52949.57,58
HPCL-CHE-03836,HPCL,"Visakh Refinery, Andhra Pradesh",VLV-CHK-DN40-PN50-A182F304-TR5-RF,94,21381.97,9
HPCL-RED-03837,HPCL,"Mumbai Refinery, Maharashtra",RED-CONC-DN20-SCH XXS-A234WPB,23,2614.71,45
HPCL-ELB-03838,HPCL,"Visakh Refinery, Andhra Pradesh",ELB-90LR-DN400-A234WPB,80,3348.96,418
HPCL-CEN-03839,HPCL,"Visakh Refinery, Andhra Pradesh",CENTRIFUGAL-PUMP-SPARE-DN25-PN50-ASTMA193B16,66,35508.81,25
HPCL-FLA-03840,HPCL,"Mumbai Refinery, Maharashtra",FLG-SO-DN15-PN100-A193B16-RF,136,7893.07,738
HPCL-GLO-03841,HPCL,"Visakh Refinery, Andhra Pradesh",VLV-GL-DN80-PN150-A350LF2,144,29235.23,206
HPCL-BUT-03842,HPCL,"Visakh Refinery, Andhra Pradesh",VLV-BFV-DN20-PN250-A182F316-TR16-RTJ,40,61298.93,670
HPCL-GAS-03843,HPCL,"Mumbai Refinery, Maharashtra",GSKT-RTJ-DN400-PN100-SS316-GRAF,126,9578.64,18
HPCL-ELB-03844,HPCL,"Mumbai Refinery, Maharashtra",ELB-90LR-DN50-SCH 40-A234WPB,78,2567.64,104
HPCL-GAS-03845,HPCL,"Visakh Refinery, Andhra Pradesh",GSKT-RTJ-DN80-PN250-SS316-GRAF,10,9125.49,772
HPCL-ELB-03846,HPCL,"Mumbai Refinery, Maharashtra",ELB-90LR-DN15-SCH 40-A234WPB,62,11549.36,30
HPCL-RED-03847,HPCL,"Visakh Refinery, Andhra Pradesh",RED-CONC-DN20-SCH 20-A234WPB,64,2924.95,20
HPCL-GAS-03848,HPCL,"Mumbai Refinery, Maharashtra",GSKT-RTJ-DN25-PN250-SS316-GRAF,102,2174.23,57
HPCL-TEE-03849,HPCL,"Mumbai Refinery, Maharashtra",TEE-EQ-DN80-SCH 20-A234WPB,35,5688.79,170
HPCL-CHE-03850,HPCL,"Mumbai Refinery, Maharashtra",VLV-CHK-DN20-PN50-A105,34,22362.29,923
HPCL-STU-03851,HPCL,"Mumbai Refinery, Maharashtra",STUD-DN600-180MM-A216WCB-2H,146,2138.68,19
HPCL-RED-03852,HPCL,"Visakh Refinery, Andhra Pradesh",RED-CONC-DN50-SCH 160-A234WPB,133,6576.73,340
HPCL-BAL-03853,HPCL,"Visakh Refinery, Andhra Pradesh",VLV-BL-DN80-PN50-A105-TR12-SW,97,14868.47,22
HPCL-FLA-03854,HPCL,"Mumbai Refinery, Maharashtra",FLG-WN-DN40-PN150-A182F22-RF,33,5776.51,153
HPCL-PIP-03855,HPCL,"Visakh Refinery, Andhra Pradesh",PIPE-SMLS-DN500-SCH 40-A182F51-BE,110,5973.26,694
HPCL-STU-03856,HPCL,"Visakh Refinery, Andhra Pradesh",STUD-DN400-180MM-A182F53-2H,47,22654.95,17
HPCL-BAL-03857,HPCL,"Mumbai Refinery, Maharashtra",VLV-BL-DN25-PN250-A182F316L-TR5-SW,58,43491.27,567
HPCL-CEN-03858,HPCL,"Visakh Refinery, Andhra Pradesh",CENTRIFUGAL-PUMP-SPARE-DN15-PN150-ASTMA182F316,38,144436.49,409
HPCL-STU-03859,HPCL,"Mumbai Refinery, Maharashtra",STUD-DN25-180MM-A106GR.B-2H,40,2567.01,819
HPCL-FLA-03860,HPCL,"Mumbai Refinery, Maharashtra",FLG-SO-DN400-PN420-A182F53-RTJ,9,28552.39,567
HPCL-ELB-03861,HPCL,"Visakh Refinery, Andhra Pradesh",ELB-90LR-DN500-SCH 20-A234WPB,60,2444.86,886
HPCL-RED-03862,HPCL,"Mumbai Refinery, Maharashtra",RED-CONC-DN500-SCH XXS-A234WPB,149,9080.68,265
HPCL-BUT-03863,HPCL,"Mumbai Refinery, Maharashtra",VLV-BFV-DN150-PN50-A182F11-TR16-RF,58,17101.7,49
HPCL-ELB-03864,HPCL,"Visakh Refinery, Andhra Pradesh",ELB-90LR-DN50-SCH XXS-A234WPB,77,2957.99,843
HPCL-STU-03865,HPCL,"Mumbai Refinery, Maharashtra",STUD-DN40-180MM-A193B16-2H,94,4498.88,408
HPCL-STU-03866,HPCL,"Mumbai Refinery, Maharashtra",STUD-DN600-180MM-A193B16-2H,1,3927.27,1059
HPCL-BUT-03867,HPCL,"Mumbai Refinery, Maharashtra",VLV-BFV-DN600-PN100-A193B16-TR1-RF,91,28129.51,16
HPCL-PIP-03868,HPCL,"Mumbai Refinery, Maharashtra",PIPE-SMLS-DN250-SCH 160-A182F22-BE,13,3907.16,296
HPCL-FLA-03869,HPCL,"Mumbai Refinery, Maharashtra",FLG-BLD-DN600-PN100-A350LF2-BW,40,3491.14,1109
HPCL-CHE-03870,HPCL,"Mumbai Refinery, Maharashtra",VLV-CHK-DN15-PN420-A216WCB-TR8-RF,54,22973.42,167
HPCL-CHE-03871,HPCL,"Mumbai Refinery, Maharashtra",VLV-CHK-DN600-PN150-A193B16-TR16-RF,137,18399.68,612
HPCL-GAT-03872,HPCL,"Mumbai Refinery, Maharashtra",VLV-GT-DN500-PN150-A193B7-TR8-RTJ,71,25111.96,315
HPCL-FLA-03873,HPCL,"Visakh Refinery, Andhra Pradesh",FLG-BLD-DN100-PN420-A182F316L-BW,10,14212.67,837
HPCL-GAT-03874,HPCL,"Mumbai Refinery, Maharashtra",VLV-GT-DN600-PN100-A193B7,135,28773.17,986
HPCL-BAL-03875,HPCL,"Visakh Refinery, Andhra Pradesh",VLV-BL-DN250-PN420-A216WCB-TR16-RF,6,14005.27,421
HPCL-GAS-03876,HPCL,"Mumbai Refinery, Maharashtra",GSKT-RTJ-DN400-PN100-SS316-GRAF,146,2350.72,948
HPCL-CHE-03877,HPCL,"Visakh Refinery, Andhra Pradesh",VLV-CHK-DN20-PN20-A105,118,14294.0,59
HPCL-GAT-03878,HPCL,"Mumbai Refinery, Maharashtra",VLV-GT-DN400-PN250-A105,132,22523.05,110
HPCL-FLA-03879,HPCL,"Mumbai Refinery, Maharashtra",FLG-BLD-DN50-PN250-A193B16-BW,89,8014.31,387
HPCL-BUT-03880,HPCL,"Visakh Refinery, Andhra Pradesh",VLV-BFV-DN25-PN20-A106GR.B,88,28913.05,39
HPCL-BUT-03881,HPCL,"Mumbai Refinery, Maharashtra",VLV-BFV-DN150-PN20-A106GR.B-TR12-RF,66,17614.56,28
HPCL-FLA-03882,HPCL,"Mumbai Refinery, Maharashtra",FLG-BLD-DN400-PN150-A182F316L-BW,82,12741.07,12
HPCL-ELB-03883,HPCL,"Visakh Refinery, Andhra Pradesh",ELB-90LR-DN400-A234WPB,140,3656.87,1199
HPCL-GAS-03884,HPCL,"Visakh Refinery, Andhra Pradesh",GSKT-SWG-DN15-PN420-SS316-GRAF,110,3729.2,13
HPCL-PSV-03885,HPCL,"Mumbai Refinery, Maharashtra",VLV-BFV-DN250-PN420-A350LF2-TR1-RF,148,18203.53,1157
HPCL-PSV-03886,HPCL,"Mumbai Refinery, Maharashtra",VLV-BFV-DN400-PN250-A182F304-TR16-RF,116,32141.56,1043
HPCL-PSV-03887,HPCL,"Visakh Refinery, Andhra Pradesh",VLV-BFV-DN50-PN420-A193B16-TR16-SW,20,20141.53,42
HPCL-GAS-03888,HPCL,"Visakh Refinery, Andhra Pradesh",GSKT-RTJ-DN25-PN150-SS316-GRAF,110,6479.12,614
HPCL-CEN-03889,HPCL,"Visakh Refinery, Andhra Pradesh",CENTRIFUGAL-PUMP-SPARE-DN200-PN20-ASTMA193B7,22,35607.52,945
HPCL-GAS-03890,HPCL,"Mumbai Refinery, Maharashtra",GSKT-SWG-DN100-PN150,121,3243.64,210
HPCL-ELB-03891,HPCL,"Visakh Refinery, Andhra Pradesh",ELB-90LR-DN400-A234WPB,65,11291.89,205
HPCL-GAT-03892,HPCL,"Visakh Refinery, Andhra Pradesh",VLV-GT-DN25-PN20-A193B7-TR1-RTJ,144,17069.76,20
HPCL-PSV-03893,HPCL,"Mumbai Refinery, Maharashtra",VLV-BFV-DN25-PN250-A193B7-TR1-RTJ,84,28023.27,756
HPCL-PSV-03894,HPCL,"Visakh Refinery, Andhra Pradesh",VLV-BFV-DN100-PN20-INCONEL625-TR16-RF,23,182081.67,367
HPCL-CHE-03895,HPCL,"Visakh Refinery, Andhra Pradesh",VLV-CHK-DN150-PN50-A182F11-TR5-SW,106,13908.64,38
HPCL-CHE-03896,HPCL,"Mumbai Refinery, Maharashtra",VLV-CHK-DN400-PN150-INCONEL625-TR8-SW,127,131871.17,55
HPCL-TEE-03897,HPCL,"Mumbai Refinery, Maharashtra",TEE-EQ-DN15-SCH 20-A234WPB,56,1993.39,45
HPCL-GAS-03898,HPCL,"Visakh Refinery, Andhra Pradesh",GSKT-SWG-DN80-PN150-SS316-GRAF,76,2731.98,9
HPCL-PSV-03899,HPCL,"Mumbai Refinery, Maharashtra",VLV-BFV-DN80-PN20-A216WCB-TR12-RTJ,47,25305.27,112
HPCL-GAT-03900,HPCL,"Visakh Refinery, Andhra Pradesh",VLV-GT-DN200-PN50-A182F11-TR1-SW,106,23267.65,21
HPCL-PSV-03901,HPCL,"Mumbai Refinery, Maharashtra",VLV-BFV-DN500-PN150-A106GR.B-TR8-BW,112,22189.95,1075
HPCL-GAS-03902,HPCL,"Visakh Refinery, Andhra Pradesh",GSKT-RTJ-DN40-PN420-SS316-GRAF,27,2789.11,1026
HPCL-PSV-03903,HPCL,"Mumbai Refinery, Maharashtra",VLV-BFV-DN40-PN250-A216WCB-TR8-SW,101,14208.41,121
HPCL-ELB-03904,HPCL,"Visakh Refinery, Andhra Pradesh",ELB-90LR-DN150-SCH XXS-A234WPB,53,3998.06,25
HPCL-BAL-03905,HPCL,"Mumbai Refinery, Maharashtra",VLV-BL-DN200-PN20-A182F22-TR5-FF,44,14623.08,1146
HPCL-FLA-03906,HPCL,"Mumbai Refinery, Maharashtra",FLG-BLD-DN40-PN420-A350LF2,2,5863.75,59
HPCL-PSV-03907,HPCL,"Mumbai Refinery, Maharashtra",VLV-BFV-DN80-PN150-A193B16-TR16-RF,134,24088.42,272
HPCL-PIP-03908,HPCL,"Visakh Refinery, Andhra Pradesh",PIPE-SMLS-DN50-SCH XXS-A106GR.B-BE,13,2646.92,1128
HPCL-GAS-03909,HPCL,"Mumbai Refinery, Maharashtra",GSKT-SWG-DN150-PN420-SS316-GRAF,114,5596.61,100
HPCL-GAS-03910,HPCL,"Mumbai Refinery, Maharashtra",GSKT-RTJ-DN25-PN250-SS316-GRAF,78,4216.42,273
HPCL-RED-03911,HPCL,"Visakh Refinery, Andhra Pradesh",RED-CONC-DN200-SCH 20-A234WPB,65,4277.25,562
HPCL-RED-03912,HPCL,"Mumbai Refinery, Maharashtra",RED-CONC-DN25-SCH 80-A234WPB,139,6709.0,452
HPCL-BAL-03913,HPCL,"Visakh Refinery, Andhra Pradesh",VLV-BL-DN100-PN420-A182F304-TR5-RTJ,10,25785.51,122
HPCL-ELB-03914,HPCL,"Visakh Refinery, Andhra Pradesh",ELB-90LR-DN500-SCH 40-A234WPB,27,8321.81,550
HPCL-RED-03915,HPCL,"Mumbai Refinery, Maharashtra",RED-CONC-DN200-SCH 20-A234WPB,41,4204.11,1107
HPCL-GAT-03916,HPCL,"Visakh Refinery, Andhra Pradesh",VLV-GT-DN400-PN20-A182F316-TR1-RTJ,134,79853.28,31
HPCL-PIP-03917,HPCL,"Visakh Refinery, Andhra Pradesh",PIPE-SMLS-DN25-SCH 80-A182F316L-BE,80,5577.36,735
HPCL-GLO-03918,HPCL,"Visakh Refinery, Andhra Pradesh",VLV-GL-DN300-PN20-A193B16-TR16-RTJ,77,27793.6,384
HPCL-CHE-03919,HPCL,"Mumbai Refinery, Maharashtra",VLV-CHK-DN100-PN150-A182F11-TR5-BW,6,23858.87,987
HPCL-PIP-03920,HPCL,"Visakh Refinery, Andhra Pradesh",PIPE-SMLS-DN25-SCH 40-A105-BE,143,3826.61,718
HPCL-CEN-03921,HPCL,"Visakh Refinery, Andhra Pradesh",CENTRIFUGAL-PUMP-SPARE-DN500-PN20-ASTMA350LF2,11,73148.47,360
HPCL-TEE-03922,HPCL,"Mumbai Refinery, Maharashtra",TEE-EQ-DN500-SCH 20-A234WPB,58,10957.69,232
HPCL-GAT-03923,HPCL,"Visakh Refinery, Andhra Pradesh",VLV-GT-DN500-PN20-A216WCB-TR5-SW,131,17632.96,939
HPCL-GAT-03924,HPCL,"Visakh Refinery, Andhra Pradesh",VLV-GT-DN500-PN100-A182F304,57,23921.95,570
HPCL-BUT-03925,HPCL,"Visakh Refinery, Andhra Pradesh",VLV-BFV-DN600-PN100-INCONEL625-TR12-RF,86,81069.68,560
HPCL-BUT-03926,HPCL,"Visakh Refinery, Andhra Pradesh",VLV-BFV-DN40-PN50-A182F51-TR5-RF,100,37114.13,220
HPCL-GAT-03927,HPCL,"Mumbai Refinery, Maharashtra",VLV-GT-DN100-PN150-A182F316-TR5-BW,17,65492.6,171
HPCL-STU-03928,HPCL,"Visakh Refinery, Andhra Pradesh",STUD-DN200-180MM-A350LF2-2H,116,3748.27,52
HPCL-FLA-03929,HPCL,"Visakh Refinery, Andhra Pradesh",FLG-SO-DN150-PN420-A193B16,23,6322.56,24
HPCL-FLA-03930,HPCL,"Visakh Refinery, Andhra Pradesh",FLG-SO-DN500-PN50-INCONEL625-RTJ,110,44870.84,621
HPCL-GAS-03931,HPCL,"Visakh Refinery, Andhra Pradesh",GSKT-RTJ-DN15-PN50-SS316-GRAF,58,16161.41,153
HPCL-GAT-03932,HPCL,"Mumbai Refinery, Maharashtra",VLV-GT-DN500-PN50-A350LF2-TR1-FF,108,29705.31,56
HPCL-RED-03933,HPCL,"Visakh Refinery, Andhra Pradesh",RED-CONC-DN80-SCH 160-A234WPB,88,3729.08,98
HPCL-RED-03934,HPCL,"Visakh Refinery, Andhra Pradesh",RED-CONC-DN80-SCH XXS-A234WPB,61,2973.1,551
HPCL-FLA-03935,HPCL,"Mumbai Refinery, Maharashtra",FLG-SW-DN50-PN150-INCONEL625-FF,92,35228.52,990
HPCL-GAS-03936,HPCL,"Visakh Refinery, Andhra Pradesh",GSKT-RTJ-DN400-PN250-SS316-GRAF,43,4170.76,611
HPCL-TEE-03937,HPCL,"Mumbai Refinery, Maharashtra",TEE-EQ-DN80-SCH 40-A234WPB,133,6291.74,46
HPCL-GLO-03938,HPCL,"Mumbai Refinery, Maharashtra",VLV-GL-DN50-PN100-INCONEL625-TR12-SW,46,176411.27,170
HPCL-PSV-03939,HPCL,"Visakh Refinery, Andhra Pradesh",VLV-BFV-DN300-PN250-A182F53-TR12-FF,143,156588.99,7
HPCL-CEN-03940,HPCL,"Mumbai Refinery, Maharashtra",CENTRIFUGAL-PUMP-SPARE-DN500-PN150-INCONEL625,27,235595.67,324
HPCL-GAS-03941,HPCL,"Mumbai Refinery, Maharashtra",GSKT-RTJ-DN100-PN50-SS316-GRAF,17,23469.15,18
HPCL-CHE-03942,HPCL,"Mumbai Refinery, Maharashtra",VLV-CHK-DN400-PN420-A193B7-TR5-BW,56,31434.92,151
HPCL-PIP-03943,HPCL,"Visakh Refinery, Andhra Pradesh",PIPE-SMLS-DN300-SCH 20-INCONEL625-BE,140,19874.9,311
HPCL-GLO-03944,HPCL,"Mumbai Refinery, Maharashtra",VLV-GL-DN250-PN420-A193B7-TR5-SW,47,15993.98,1033
HPCL-PIP-03945,HPCL,"Visakh Refinery, Andhra Pradesh",PIPE-SMLS-DN20-SCH 20-A182F51-BE,69,8254.34,837
HPCL-GLO-03946,HPCL,"Mumbai Refinery, Maharashtra",VLV-GL-DN80-PN50-A182F316-TR8-SW,129,36480.46,6
HPCL-CHE-03947,HPCL,"Visakh Refinery, Andhra Pradesh",VLV-CHK-DN50-PN150-A193B16-TR8-RTJ,25,32588.6,27
HPCL-PSV-03948,HPCL,"Visakh Refinery, Andhra Pradesh",VLV-BFV-DN20-PN250-A216WCB,1,22428.75,313
HPCL-STU-03949,HPCL,"Mumbai Refinery, Maharashtra",STUD-DN600-180MM-A182F316L-2H,77,6837.41,191
HPCL-CEN-03950,HPCL,"Mumbai Refinery, Maharashtra",CENTRIFUGAL-PUMP-SPARE-DN80-PN50-ASTMA182F304,63,68121.07,1200
HPCL-GAT-03951,HPCL,"Visakh Refinery, Andhra Pradesh",VLV-GT-DN150-PN100-A105-TR8-RTJ,18,19286.23,274
HPCL-ELB-03952,HPCL,"Mumbai Refinery, Maharashtra",ELB-90LR-DN200-SCH 40-A234WPB,33,2891.65,17
HPCL-CEN-03953,HPCL,"Visakh Refinery, Andhra Pradesh",CENTRIFUGAL-PUMP-SPARE-DN600-PN50-ASTMA182F304,102,77052.14,893
HPCL-GAS-03954,HPCL,"Mumbai Refinery, Maharashtra",GSKT-RTJ-DN600-PN100-SS316-GRAF,80,3853.23,42
HPCL-STU-03955,HPCL,"Visakh Refinery, Andhra Pradesh",STUD-DN250-180MM-A182F316L-2H,7,7279.42,50
HPCL-PSV-03956,HPCL,"Mumbai Refinery, Maharashtra",VLV-BFV-DN20-PN250-A182F11-TR16-RTJ,45,18773.85,1023
HPCL-BUT-03957,HPCL,"Mumbai Refinery, Maharashtra",VLV-BFV-DN250-PN420-A105,54,23452.26,13
HPCL-CEN-03958,HPCL,"Mumbai Refinery, Maharashtra",CENTRIFUGAL-PUMP-SPARE-DN600-PN250-ASTMA105,11,38940.29,279
HPCL-BAL-03959,HPCL,"Mumbai Refinery, Maharashtra",VLV-BL-DN100-PN250-A182F51-TR12-RF,9,80776.03,7
HPCL-FLA-03960,HPCL,"Mumbai Refinery, Maharashtra",FLG-WN-DN400-PN50-INCONEL625,71,26523.34,304
HPCL-ELB-03961,HPCL,"Mumbai Refinery, Maharashtra",ELB-90LR-DN80-A234WPB,148,2789.03,45
HPCL-GAS-03962,HPCL,"Visakh Refinery, Andhra Pradesh",GSKT-RTJ-DN250-PN420-SS316-GRAF,13,3531.24,211
HPCL-GAT-03963,HPCL,"Mumbai Refinery, Maharashtra",VLV-GT-DN600-PN100-A182F51,147,48730.14,195
HPCL-FLA-03964,HPCL,"Mumbai Refinery, Maharashtra",FLG-BLD-DN20-PN100-A182F11,107,3464.32,581
HPCL-BAL-03965,HPCL,"Visakh Refinery, Andhra Pradesh",VLV-BL-DN15-PN20-A182F316-TR16-FF,150,54245.63,281
HPCL-CHE-03966,HPCL,"Mumbai Refinery, Maharashtra",VLV-CHK-DN80-PN150-A193B16-TR5-FF,45,31855.92,99
HPCL-RED-03967,HPCL,"Visakh Refinery, Andhra Pradesh",RED-CONC-DN400-SCH 20-A234WPB,83,7136.91,949
HPCL-CHE-03968,HPCL,"Visakh Refinery, Andhra Pradesh",VLV-CHK-DN300-PN100-A216WCB-TR8-RF,26,15094.93,45
HPCL-RED-03969,HPCL,"Mumbai Refinery, Maharashtra",RED-CONC-DN600-SCH 20-A234WPB,128,3086.67,6
HPCL-TEE-03970,HPCL,"Mumbai Refinery, Maharashtra",TEE-EQ-DN40-SCH 80-A234WPB,67,13632.66,1177
HPCL-STU-03971,HPCL,"Visakh Refinery, Andhra Pradesh",STUD-DN500-180MM-A182F22-2H,84,3206.19,989
HPCL-PSV-03972,HPCL,"Mumbai Refinery, Maharashtra",VLV-BFV-DN150-PN50-A182F53-TR12-RTJ,22,99224.44,946
HPCL-GAS-03973,HPCL,"Mumbai Refinery, Maharashtra",GSKT-SWG-DN200-PN150-SS316-GRAF,142,2088.52,388
HPCL-RED-03974,HPCL,"Visakh Refinery, Andhra Pradesh",RED-CONC-DN20-A234WPB,26,6356.44,288
HPCL-CEN-03975,HPCL,"Visakh Refinery, Andhra Pradesh",CENTRIFUGAL-PUMP-SPARE-DN300-PN20-ASTMA105,35,67509.92,47
HPCL-FLA-03976,HPCL,"Mumbai Refinery, Maharashtra",FLG-SW-DN40-PN420-INCONEL625-FF,38,29848.78,311
HPCL-BAL-03977,HPCL,"Visakh Refinery, Andhra Pradesh",VLV-BL-DN600-PN20-A106GR.B,49,26594.53,515
HPCL-BAL-03978,HPCL,"Mumbai Refinery, Maharashtra",VLV-BL-DN600-PN100-A106GR.B,132,32696.53,1134
HPCL-FLA-03979,HPCL,"Visakh Refinery, Andhra Pradesh",FLG-SW-DN25-PN20-A182F11-FF,106,8306.36,41
HPCL-CEN-03980,HPCL,"Mumbai Refinery, Maharashtra",CENTRIFUGAL-PUMP-SPARE-DN40-PN50-ASTMA193B7,6,39816.84,286
HPCL-STU-03981,HPCL,"Mumbai Refinery, Maharashtra",STUD-DN300-180MM-A182F316L-2H,100,8158.97,241
HPCL-BAL-03982,HPCL,"Mumbai Refinery, Maharashtra",VLV-BL-DN50-PN420-A182F316L-TR16-RTJ,15,49282.21,1056
HPCL-RED-03983,HPCL,"Visakh Refinery, Andhra Pradesh",RED-CONC-DN500-A234WPB,70,2319.98,812
HPCL-CHE-03984,HPCL,"Visakh Refinery, Andhra Pradesh",VLV-CHK-DN15-PN420-A182F316L-TR12-FF,129,58027.83,34
HPCL-PSV-03985,HPCL,"Visakh Refinery, Andhra Pradesh",VLV-BFV-DN250-PN250-A182F316-TR8-RF,22,52219.74,137
HPCL-RED-03986,HPCL,"Visakh Refinery, Andhra Pradesh",RED-CONC-DN300-SCH 80-A234WPB,36,5634.38,497
HPCL-BAL-03987,HPCL,"Mumbai Refinery, Maharashtra",VLV-BL-DN15-PN420-A216WCB-TR12-SW,42,13945.4,129
HPCL-GLO-03988,HPCL,"Visakh Refinery, Andhra Pradesh",VLV-GL-DN50-PN420-A182F316L,86,75379.94,38
HPCL-BAL-03989,HPCL,"Mumbai Refinery, Maharashtra",VLV-BL-DN15-PN50-A182F316,72,75818.0,19
HPCL-GAT-03990,HPCL,"Visakh Refinery, Andhra Pradesh",VLV-GT-DN25-PN20-A350LF2-TR12-FF,73,18417.01,880
HPCL-PSV-03991,HPCL,"Mumbai Refinery, Maharashtra",VLV-BFV-DN150-PN150-A182F22-TR8-FF,7,32160.04,420
HPCL-BAL-03992,HPCL,"Visakh Refinery, Andhra Pradesh",VLV-BL-DN400-PN250-A182F11-TR16-BW,116,27277.46,1053
HPCL-PIP-03993,HPCL,"Mumbai Refinery, Maharashtra",PIPE-SMLS-DN600-SCH 80-A182F22-BE,112,4037.22,44
HPCL-GAS-03994,HPCL,"Visakh Refinery, Andhra Pradesh",GSKT-SWG-DN15-PN150-SS316-GRAF,29,10948.82,235
HPCL-FLA-03995,HPCL,"Mumbai Refinery, Maharashtra",FLG-WN-DN25-PN150-A182F22,73,4079.83,949
HPCL-CHE-03996,HPCL,"Mumbai Refinery, Maharashtra",VLV-CHK-DN40-PN50-A350LF2-TR16-RTJ,29,21544.38,781
HPCL-PSV-03997,HPCL,"Visakh Refinery, Andhra Pradesh",VLV-BFV-DN15-PN150-A182F11-TR8-FF,30,15717.71,38
HPCL-GAT-03998,HPCL,"Mumbai Refinery, Maharashtra",VLV-GT-DN15-PN50-A182F316-TR12-SW,127,39562.92,279
HPCL-FLA-03999,HPCL,"Mumbai Refinery, Maharashtra",FLG-SO-DN25-PN420-A216WCB-FF,87,7320.11,237
HPCL-GAS-04000,HPCL,"Visakh Refinery, Andhra Pradesh",GSKT-SWG-DN200-PN150-SS316-GRAF,89,4251.87,731
HPCL-GAS-04001,HPCL,"Visakh Refinery, Andhra Pradesh",GSKT-SWG-DN50-PN20-SS316-GRAF,16,5761.02,1158
HPCL-RED-04002,HPCL,"Mumbai Refinery, Maharashtra",RED-CONC-DN600-SCH 40-A234WPB,104,2946.76,682
HPCL-GAS-04003,HPCL,"Mumbai Refinery, Maharashtra",GSKT-RTJ-DN200-PN50-SS316-GRAF,126,9615.83,203
HPCL-ELB-04004,HPCL,"Visakh Refinery, Andhra Pradesh",ELB-90LR-DN25-SCH XXS-A234WPB,61,3776.93,1021
HPCL-PSV-04005,HPCL,"Visakh Refinery, Andhra Pradesh",VLV-BFV-DN600-PN100-A193B16-TR8-RF,31,29725.46,649
HPCL-GAS-04006,HPCL,"Visakh Refinery, Andhra Pradesh",GSKT-RTJ-DN15-PN420-SS316-GRAF,118,21168.61,122
HPCL-STU-04007,HPCL,"Mumbai Refinery, Maharashtra",STUD-DN15-180MM-A105-2H,125,2413.56,54
HPCL-ELB-04008,HPCL,"Mumbai Refinery, Maharashtra",ELB-90LR-DN250-SCH 80-A234WPB,142,2857.79,33
HPCL-BUT-04009,HPCL,"Mumbai Refinery, Maharashtra",VLV-BFV-DN50-PN420-A182F316-TR8-RTJ,137,51333.27,170
HPCL-BAL-04010,HPCL,"Visakh Refinery, Andhra Pradesh",VLV-BL-DN400-PN50-A216WCB-TR12-RTJ,40,13968.69,13
HPCL-FLA-04011,HPCL,"Mumbai Refinery, Maharashtra",FLG-BLD-DN100-PN100-A182F316L-SW,16,20242.81,145
HPCL-TEE-04012,HPCL,"Visakh Refinery, Andhra Pradesh",TEE-EQ-DN40-SCH 160-A234WPB,44,7258.28,8
HPCL-GAS-04013,HPCL,"Mumbai Refinery, Maharashtra",GSKT-SWG-DN15-PN100-SS316-GRAF,1,3036.81,772
HPCL-PIP-04014,HPCL,"Visakh Refinery, Andhra Pradesh",PIPE-SMLS-DN80-SCH 20-A182F22-BE,56,2966.53,42
HPCL-CEN-04015,HPCL,"Mumbai Refinery, Maharashtra",CENTRIFUGAL-PUMP-SPARE-DN100-PN150-ASTMA193B7,104,70713.55,120
HPCL-GLO-04016,HPCL,"Mumbai Refinery, Maharashtra",VLV-GL-DN600-PN150-A350LF2-TR8-RF,81,15967.26,29
HPCL-CEN-04017,HPCL,"Visakh Refinery, Andhra Pradesh",CENTRIFUGAL-PUMP-SPARE-DN20-PN100-ASTMA182F11,55,47138.91,182
HPCL-PSV-04018,HPCL,"Mumbai Refinery, Maharashtra",VLV-BFV-DN150-PN50-A105-TR1-RTJ,43,16339.47,998
HPCL-PSV-04019,HPCL,"Visakh Refinery, Andhra Pradesh",VLV-BFV-DN50-PN50-A182F316-TR5-SW,139,69767.28,133
HPCL-CEN-04020,HPCL,"Mumbai Refinery, Maharashtra",CENTRIFUGAL-PUMP-SPARE-DN500-PN250-ASTMA193B7,15,39595.18,399
HPCL-BUT-04021,HPCL,"Mumbai Refinery, Maharashtra",VLV-BFV-DN25-PN50-A216WCB-TR5-RTJ,54,22716.05,113
HPCL-GAS-04022,HPCL,"Mumbai Refinery, Maharashtra",GSKT-RTJ-DN200-PN420-SS316-GRAF,103,20306.66,31
HPCL-CEN-04023,HPCL,"Visakh Refinery, Andhra Pradesh",CENTRIFUGAL-PUMP-SPARE-DN80-PN100-ASTMA193B7,80,40174.95,567
HPCL-RED-04024,HPCL,"Mumbai Refinery, Maharashtra",RED-CONC-DN50-SCH 160-A234WPB,98,2087.85,108
HPCL-STU-04025,HPCL,"Visakh Refinery, Andhra Pradesh",STUD-DN300-180MM-A182F316L-2H,94,6499.32,113
HPCL-CHE-04026,HPCL,"Visakh Refinery, Andhra Pradesh",VLV-CHK-DN15-PN100-A182F51-TR5-RF,3,43926.45,177
HPCL-PSV-04027,HPCL,"Visakh Refinery, Andhra Pradesh",VLV-BFV-DN500-PN150-A216WCB-TR8-BW,3,19323.3,53
HPCL-RED-04028,HPCL,"Visakh Refinery, Andhra Pradesh",RED-CONC-DN25-SCH 20-A234WPB,104,3209.35,150
HPCL-TEE-04029,HPCL,"Mumbai Refinery, Maharashtra",TEE-EQ-DN25-SCH 20-A234WPB,20,7474.77,23
HPCL-GLO-04030,HPCL,"Mumbai Refinery, Maharashtra",VLV-GL-DN20-PN250-INCONEL625-TR8-RTJ,114,120245.46,60
HPCL-ELB-04031,HPCL,"Mumbai Refinery, Maharashtra",ELB-90LR-DN600-SCH 80-A234WPB,134,10862.19,211
HPCL-FLA-04032,HPCL,"Mumbai Refinery, Maharashtra",FLG-BLD-DN50-PN20-A182F51-SW,50,14277.32,18
HPCL-BUT-04033,HPCL,"Visakh Refinery, Andhra Pradesh",VLV-BFV-DN100-PN420-INCONEL625-TR12-RTJ,133,83803.17,337
HPCL-PIP-04034,HPCL,"Mumbai Refinery, Maharashtra",PIPE-SMLS-DN25-SCH 40-A182F316-BE,94,4780.45,17
HPCL-BAL-04035,HPCL,"Mumbai Refinery, Maharashtra",VLV-BL-DN40-PN150-A182F51-TR5-SW,23,46860.79,148
HPCL-BAL-04036,HPCL,"Mumbai Refinery, Maharashtra",VLV-BL-DN300-PN50-A182F51-TR16-BW,105,82723.36,348
HPCL-PSV-04037,HPCL,"Visakh Refinery, Andhra Pradesh",VLV-BFV-DN400-PN50-A182F11-TR5-FF,64,27932.9,770
HPCL-RED-04038,HPCL,"Visakh Refinery, Andhra Pradesh",RED-CONC-DN150-A234WPB,132,12660.29,992
HPCL-GAT-04039,HPCL,"Mumbai Refinery, Maharashtra",VLV-GT-DN200-PN20-A182F22-TR16-RF,137,24613.88,385
HPCL-CHE-04040,HPCL,"Mumbai Refinery, Maharashtra",VLV-CHK-DN500-PN100-A350LF2-TR12-RTJ,85,29915.44,734
HPCL-BAL-04041,HPCL,"Mumbai Refinery, Maharashtra",VLV-BL-DN400-PN420-A216WCB-TR5-BW,124,17053.09,143
HPCL-BUT-04042,HPCL,"Mumbai Refinery, Maharashtra",VLV-BFV-DN600-PN250-A350LF2-TR1-FF,49,28890.85,317
HPCL-GAT-04043,HPCL,"Visakh Refinery, Andhra Pradesh",VLV-GT-DN100-PN50-A106GR.B,76,29998.22,55
HPCL-CHE-04044,HPCL,"Visakh Refinery, Andhra Pradesh",VLV-CHK-DN80-PN50-A182F11-TR1-BW,148,21540.86,52
HPCL-STU-04045,HPCL,"Mumbai Refinery, Maharashtra",STUD-DN150-180MM-A106GR.B-2H,50,3901.25,135
HPCL-PIP-04046,HPCL,"Mumbai Refinery, Maharashtra",PIPE-SMLS-DN400-SCH 80-A182F316-BE,131,7026.51,123
HPCL-CEN-04047,HPCL,"Mumbai Refinery, Maharashtra",CENTRIFUGAL-PUMP-SPARE-DN250-PN150-ASTMA193B7,106,62722.42,30
HPCL-GLO-04048,HPCL,"Visakh Refinery, Andhra Pradesh",VLV-GL-DN600-PN100-A350LF2-TR8-FF,61,22416.18,567
HPCL-BAL-04049,HPCL,"Visakh Refinery, Andhra Pradesh",VLV-BL-DN40-PN20-A216WCB-TR1-SW,128,22764.78,230
HPCL-GLO-04050,HPCL,"Visakh Refinery, Andhra Pradesh",VLV-GL-DN300-PN20-A216WCB,123,17297.62,1050
HPCL-PSV-04051,HPCL,"Visakh Refinery, Andhra Pradesh",VLV-BFV-DN20-PN150-A193B16-TR5-RF,84,15498.53,181
HPCL-TEE-04052,HPCL,"Mumbai Refinery, Maharashtra",TEE-EQ-DN150-SCH XXS-A234WPB,7,2695.66,18
HPCL-BUT-04053,HPCL,"Mumbai Refinery, Maharashtra",VLV-BFV-DN150-PN20-A182F22,17,31197.73,29
HPCL-GAS-04054,HPCL,"Visakh Refinery, Andhra Pradesh",GSKT-RTJ-DN600-PN50-SS316-GRAF,63,11127.91,350
HPCL-BAL-04055,HPCL,"Mumbai Refinery, Maharashtra",VLV-BL-DN25-PN20-A106GR.B-TR16-BW,102,31776.3,715
HPCL-GAS-04056,HPCL,"Visakh Refinery, Andhra Pradesh",GSKT-SWG-DN300-PN250-SS316-GRAF,107,3450.49,1140
HPCL-STU-04057,HPCL,"Mumbai Refinery, Maharashtra",STUD-DN50-180MM-A182F22-2H,51,2168.64,620
HPCL-PIP-04058,HPCL,"Visakh Refinery, Andhra Pradesh",PIPE-SMLS-DN40-A182F316-BE,120,9447.28,288
HPCL-GAT-04059,HPCL,"Mumbai Refinery, Maharashtra",VLV-GT-DN300-PN20-A182F316L-TR8-FF,124,70990.87,212
HPCL-GAT-04060,HPCL,"Mumbai Refinery, Maharashtra",VLV-GT-DN500-PN100-A216WCB-TR12-FF,62,29430.84,830
HPCL-PSV-04061,HPCL,"Visakh Refinery, Andhra Pradesh",VLV-BFV-DN150-PN50-A193B16-TR1-FF,110,22336.83,14
HPCL-TEE-04062,HPCL,"Mumbai Refinery, Maharashtra",TEE-EQ-DN20-SCH 40-A234WPB,97,10798.47,687
HPCL-GAS-04063,HPCL,"Visakh Refinery, Andhra Pradesh",GSKT-SWG-DN500-PN20,37,21780.09,217
HPCL-BUT-04064,HPCL,"Mumbai Refinery, Maharashtra",VLV-BFV-DN50-PN420-A182F316-TR12-FF,60,60554.35,51
HPCL-RED-04065,HPCL,"Visakh Refinery, Andhra Pradesh",RED-CONC-DN80-SCH 160-A234WPB,108,24755.65,120
HPCL-GAT-04066,HPCL,"Visakh Refinery, Andhra Pradesh",VLV-GT-DN100-PN420-A182F304-TR1-FF,15,17817.75,530
HPCL-GAS-04067,HPCL,"Mumbai Refinery, Maharashtra",GSKT-RTJ-DN250-PN150,125,19693.75,249
HPCL-TEE-04068,HPCL,"Mumbai Refinery, Maharashtra",TEE-EQ-DN150-SCH 80-A234WPB,105,2554.89,767
HPCL-GAS-04069,HPCL,"Visakh Refinery, Andhra Pradesh",GSKT-RTJ-DN400-PN100-SS316-GRAF,59,3216.28,191
HPCL-GLO-04070,HPCL,"Visakh Refinery, Andhra Pradesh",VLV-GL-DN500-PN150-A182F53-TR1-RF,95,183312.27,266
HPCL-BUT-04071,HPCL,"Mumbai Refinery, Maharashtra",VLV-BFV-DN250-PN250-A350LF2-TR8-FF,87,23450.55,156
HPCL-TEE-04072,HPCL,"Visakh Refinery, Andhra Pradesh",TEE-EQ-DN200-SCH 40-A234WPB,84,9462.05,823
HPCL-CHE-04073,HPCL,"Mumbai Refinery, Maharashtra",VLV-CHK-DN250-PN420-A193B7-TR5-FF,31,18713.51,273
HPCL-GAS-04074,HPCL,"Visakh Refinery, Andhra Pradesh",GSKT-SWG-DN25-PN100-SS316-GRAF,37,20329.06,28
HPCL-BAL-04075,HPCL,"Visakh Refinery, Andhra Pradesh",VLV-BL-DN500-PN20-A105-TR12-RTJ,52,20789.97,34
HPCL-FLA-04076,HPCL,"Visakh Refinery, Andhra Pradesh",FLG-WN-DN300-PN420-A182F51-SW,150,8785.97,50
HPCL-RED-04077,HPCL,"Mumbai Refinery, Maharashtra",RED-CONC-DN40-SCH 80-A234WPB,105,12941.99,51
HPCL-GAS-04078,HPCL,"Mumbai Refinery, Maharashtra",GSKT-SWG-DN25-PN20-SS316-GRAF,37,4138.05,10
HPCL-FLA-04079,HPCL,"Mumbai Refinery, Maharashtra",FLG-SW-DN20-PN100-A216WCB-FF,66,7844.24,546
HPCL-RED-04080,HPCL,"Mumbai Refinery, Maharashtra",RED-CONC-DN200-SCH 80-A234WPB,8,2569.25,857
HPCL-GAS-04081,HPCL,"Visakh Refinery, Andhra Pradesh",GSKT-RTJ-DN600-PN150-SS316-GRAF,60,2412.85,1161
HPCL-TEE-04082,HPCL,"Mumbai Refinery, Maharashtra",TEE-EQ-DN15-SCH 80-A234WPB,75,20513.99,55
HPCL-BAL-04083,HPCL,"Visakh Refinery, Andhra Pradesh",VLV-BL-DN100-PN420-A106GR.B-TR1-RF,66,26597.32,1189
HPCL-FLA-04084,HPCL,"Visakh Refinery, Andhra Pradesh",FLG-SW-DN20-PN150-A350LF2-SW,50,4384.26,1134
HPCL-STU-04085,HPCL,"Mumbai Refinery, Maharashtra",STUD-DN20-180MM-A105-2H,137,2313.91,56
HPCL-CEN-04086,HPCL,"Mumbai Refinery, Maharashtra",CENTRIFUGAL-PUMP-SPARE-DN100-PN150-ASTMA182F316L,134,98419.55,10
HPCL-GLO-04087,HPCL,"Mumbai Refinery, Maharashtra",VLV-GL-DN250-PN420-INCONEL625-TR16-SW,123,189088.32,1182
HPCL-GAS-04088,HPCL,"Mumbai Refinery, Maharashtra",GSKT-RTJ-DN100-PN100-SS316-GRAF,70,9220.57,187
HPCL-CEN-04089,HPCL,"Visakh Refinery, Andhra Pradesh",CENTRIFUGAL-PUMP-SPARE-DN250-PN420-ASTMA193B16,101,41795.78,56
HPCL-CHE-04090,HPCL,"Mumbai Refinery, Maharashtra",VLV-CHK-DN150-PN420-A182F53-TR5-SW,89,155017.17,376
HPCL-FLA-04091,HPCL,"Visakh Refinery, Andhra Pradesh",FLG-SW-DN25-PN250-A182F11-RTJ,62,6418.59,136
HPCL-PSV-04092,HPCL,"Mumbai Refinery, Maharashtra",VLV-BFV-DN25-PN150-A193B7-TR5-RTJ,99,32709.82,201
HPCL-TEE-04093,HPCL,"Visakh Refinery, Andhra Pradesh",TEE-EQ-DN250-SCH 20-A234WPB,44,2522.54,276
HPCL-GAS-04094,HPCL,"Mumbai Refinery, Maharashtra",GSKT-SWG-DN20-PN420-SS316-GRAF,94,9352.55,248
HPCL-ELB-04095,HPCL,"Visakh Refinery, Andhra Pradesh",ELB-90LR-DN20-A234WPB,141,4227.57,559
HPCL-GLO-04096,HPCL,"Visakh Refinery, Andhra Pradesh",VLV-GL-DN15-PN50-A216WCB-TR12-BW,89,28891.98,612
HPCL-GAT-04097,HPCL,"Visakh Refinery, Andhra Pradesh",VLV-GT-DN15-PN50-A105,125,16098.56,53
HPCL-CEN-04098,HPCL,"Visakh Refinery, Andhra Pradesh",CENTRIFUGAL-PUMP-SPARE-DN150-PN100-ASTMA193B16,92,77538.8,12
HPCL-ELB-04099,HPCL,"Visakh Refinery, Andhra Pradesh",ELB-90LR-DN300-SCH 20-A234WPB,55,2446.58,183
HPCL-GAT-04100,HPCL,"Mumbai Refinery, Maharashtra",VLV-GT-DN25-PN150-A182F51,74,54435.71,197
HPCL-BUT-04101,HPCL,"Visakh Refinery, Andhra Pradesh",VLV-BFV-DN80-PN150-A182F11-TR5-SW,41,14765.85,15
HPCL-RED-04102,HPCL,"Mumbai Refinery, Maharashtra",RED-CONC-DN150-SCH XXS-A234WPB,54,3967.76,191
HPCL-GAS-04103,HPCL,"Visakh Refinery, Andhra Pradesh",GSKT-RTJ-DN80-PN250-SS316-GRAF,110,26260.82,793
HPCL-BUT-04104,HPCL,"Mumbai Refinery, Maharashtra",VLV-BFV-DN200-PN150-A182F22-TR12-BW,94,32133.04,841
HPCL-GAS-04105,HPCL,"Visakh Refinery, Andhra Pradesh",GSKT-SWG-DN80-PN250,2,2735.79,788
HPCL-ELB-04106,HPCL,"Visakh Refinery, Andhra Pradesh",ELB-90LR-DN250-SCH 80-A234WPB,92,2002.56,115
HPCL-GAS-04107,HPCL,"Mumbai Refinery, Maharashtra",GSKT-SWG-DN500-PN50-SS316-GRAF,130,7240.05,242
HPCL-GLO-04108,HPCL,"Mumbai Refinery, Maharashtra",VLV-GL-DN250-PN50-A193B16,47,20125.67,12
HPCL-TEE-04109,HPCL,"Visakh Refinery, Andhra Pradesh",TEE-EQ-DN100-SCH 40-A234WPB,127,2914.59,666
HPCL-ELB-04110,HPCL,"Visakh Refinery, Andhra Pradesh",ELB-90LR-DN25-SCH XXS-A234WPB,85,2633.45,1113
HPCL-BUT-04111,HPCL,"Visakh Refinery, Andhra Pradesh",VLV-BFV-DN300-PN250-A350LF2-TR16-FF,18,22078.49,722
HPCL-STU-04112,HPCL,"Visakh Refinery, Andhra Pradesh",STUD-DN80-180MM-A182F11-2H,34,4601.43,433
HPCL-GAT-04113,HPCL,"Mumbai Refinery, Maharashtra",VLV-GT-DN20-PN20-A182F51-TR12-SW,74,77987.43,213
HPCL-PSV-04114,HPCL,"Mumbai Refinery, Maharashtra",VLV-BFV-DN15-PN100-A105-TR16-SW,1,19080.31,255
HPCL-STU-04115,HPCL,"Visakh Refinery, Andhra Pradesh",STUD-DN600-180MM-INCONEL625-2H,93,21430.62,357
HPCL-CEN-04116,HPCL,"Visakh Refinery, Andhra Pradesh",CENTRIFUGAL-PUMP-SPARE-DN15-PN420-ASTMA182F22,77,41814.03,48
HPCL-CEN-04117,HPCL,"Visakh Refinery, Andhra Pradesh",CENTRIFUGAL-PUMP-SPARE-DN15-PN150-ASTMA182F53,141,334053.44,401
HPCL-BUT-04118,HPCL,"Mumbai Refinery, Maharashtra",VLV-BFV-DN150-PN100-A182F304-TR1-FF,115,28530.78,1168
HPCL-PIP-04119,HPCL,"Visakh Refinery, Andhra Pradesh",PIPE-SMLS-DN20-SCH 20-A182F22-BE,94,4119.75,1173
HPCL-CHE-04120,HPCL,"Visakh Refinery, Andhra Pradesh",VLV-CHK-DN25-PN150-A182F316L-TR8-FF,119,70234.54,963
HPCL-PSV-04121,HPCL,"Mumbai Refinery, Maharashtra",VLV-BFV-DN100-PN250-A216WCB-TR16-BW,65,25341.02,902
HPCL-GLO-04122,HPCL,"Mumbai Refinery, Maharashtra",VLV-GL-DN40-PN100-A182F51-TR1-RF,20,66322.07,740
HPCL-GAS-04123,HPCL,"Visakh Refinery, Andhra Pradesh",GSKT-SWG-DN150-PN50-SS316-GRAF,67,3527.48,1016
HPCL-PIP-04124,HPCL,"Visakh Refinery, Andhra Pradesh",PIPE-SMLS-DN20-SCH 40-A350LF2-BE,139,3897.55,50
HPCL-GAT-04125,HPCL,"Mumbai Refinery, Maharashtra",VLV-GT-DN40-PN150-A182F53-TR1-RF,84,185236.62,15
HPCL-BAL-04126,HPCL,"Visakh Refinery, Andhra Pradesh",VLV-BL-DN150-PN20-A350LF2,38,23195.51,36
HPCL-GAS-04127,HPCL,"Mumbai Refinery, Maharashtra",GSKT-SWG-DN25-PN50-SS316-GRAF,13,24953.86,183
HPCL-BAL-04128,HPCL,"Mumbai Refinery, Maharashtra",VLV-BL-DN200-PN250-A182F53-TR8-RTJ,26,130347.61,21
HPCL-GAS-04129,HPCL,"Visakh Refinery, Andhra Pradesh",GSKT-RTJ-DN250-PN20-SS316-GRAF,4,3809.08,186
HPCL-GLO-04130,HPCL,"Mumbai Refinery, Maharashtra",VLV-GL-DN200-PN420-A216WCB-TR12-RF,58,30366.62,139
HPCL-ELB-04131,HPCL,"Mumbai Refinery, Maharashtra",ELB-90LR-DN15-SCH 80-A234WPB,122,3453.43,26
HPCL-CHE-04132,HPCL,"Mumbai Refinery, Maharashtra",VLV-CHK-DN25-PN50-A350LF2-TR1-SW,13,15117.61,993
HPCL-ELB-04133,HPCL,"Visakh Refinery, Andhra Pradesh",ELB-90LR-DN20-SCH 160-A234WPB,99,4495.94,5
HPCL-FLA-04134,HPCL,"Visakh Refinery, Andhra Pradesh",FLG-SW-DN600-PN420-A182F53,111,28699.0,45
HPCL-PIP-04135,HPCL,"Mumbai Refinery, Maharashtra",PIPE-SMLS-DN80-SCH XXS-A216WCB-BE,26,2163.4,222
HPCL-TEE-04136,HPCL,"Mumbai Refinery, Maharashtra",TEE-EQ-DN20-SCH XXS-A234WPB,74,3274.02,222
HPCL-STU-04137,HPCL,"Visakh Refinery, Andhra Pradesh",STUD-DN50-180MM-A193B7-2H,38,3686.46,119
HPCL-BAL-04138,HPCL,"Visakh Refinery, Andhra Pradesh",VLV-BL-DN100-PN50-A193B16-TR1-RTJ,146,18591.19,225
HPCL-BUT-04139,HPCL,"Visakh Refinery, Andhra Pradesh",VLV-BFV-DN500-PN100-A106GR.B-TR8-FF,125,19627.36,240
HPCL-GLO-04140,HPCL,"Visakh Refinery, Andhra Pradesh",VLV-GL-DN80-PN20-A182F316-TR16-SW,144,63963.64,6
HPCL-ELB-04141,HPCL,"Mumbai Refinery, Maharashtra",ELB-90LR-DN20-SCH 80-A234WPB,112,22847.93,346
HPCL-TEE-04142,HPCL,"Visakh Refinery, Andhra Pradesh",TEE-EQ-DN25-SCH XXS-A234WPB,113,3903.98,28
HPCL-BAL-04143,HPCL,"Mumbai Refinery, Maharashtra",VLV-BL-DN300-PN50-A106GR.B-TR1-FF,71,28493.95,16
HPCL-GLO-04144,HPCL,"Visakh Refinery, Andhra Pradesh",VLV-GL-DN20-PN250-A350LF2-TR1-RTJ,124,20341.64,416
HPCL-FLA-04145,HPCL,"Mumbai Refinery, Maharashtra",FLG-SW-DN250-PN250-INCONEL625-RTJ,117,26479.19,28
HPCL-TEE-04146,HPCL,"Visakh Refinery, Andhra Pradesh",TEE-EQ-DN200-SCH XXS-A234WPB,107,11178.79,906
HPCL-BAL-04147,HPCL,"Visakh Refinery, Andhra Pradesh",VLV-BL-DN250-PN420-A193B16-TR1-RF,149,23714.69,50
HPCL-CEN-04148,HPCL,"Mumbai Refinery, Maharashtra",CENTRIFUGAL-PUMP-SPARE-DN150-PN420-ASTMA106GR.B,144,45389.84,92
HPCL-CHE-04149,HPCL,"Mumbai Refinery, Maharashtra",VLV-CHK-DN40-PN50-A350LF2-TR8-FF,73,24664.0,1153
HPCL-ELB-04150,HPCL,"Mumbai Refinery, Maharashtra",ELB-90LR-DN25-SCH 20-A234WPB,51,4151.88,391
HPCL-STU-04151,HPCL,"Visakh Refinery, Andhra Pradesh",STUD-DN25-180MM-A106GR.B-2H,59,1885.45,38
HPCL-BAL-04152,HPCL,"Mumbai Refinery, Maharashtra",VLV-BL-DN20-PN50-A182F304-TR5-SW,22,31532.14,873
HPCL-GAS-04153,HPCL,"Mumbai Refinery, Maharashtra",GSKT-RTJ-DN50-PN20,146,27572.82,58
HPCL-BAL-04154,HPCL,"Mumbai Refinery, Maharashtra",VLV-BL-DN250-PN250-A182F304-TR5-FF,20,20542.12,57
HPCL-CEN-04155,HPCL,"Visakh Refinery, Andhra Pradesh",CENTRIFUGAL-PUMP-SPARE-DN100-PN100-ASTMA193B16,15,79845.53,115
HPCL-BAL-04156,HPCL,"Visakh Refinery, Andhra Pradesh",VLV-BL-DN20-PN420-A182F304-TR12-RTJ,33,17900.99,161
HPCL-BUT-04157,HPCL,"Mumbai Refinery, Maharashtra",VLV-BFV-DN100-PN250-A106GR.B-TR1-RF,90,22835.23,213
HPCL-STU-04158,HPCL,"Mumbai Refinery, Maharashtra",STUD-DN200-180MM-A350LF2-2H,94,3258.03,60
HPCL-CEN-04159,HPCL,"Mumbai Refinery, Maharashtra",CENTRIFUGAL-PUMP-SPARE-DN40-PN150-ASTMA216WCB,50,82375.27,35
HPCL-GAT-04160,HPCL,"Mumbai Refinery, Maharashtra",VLV-GT-DN400-PN20-A216WCB-TR1-SW,14,16553.77,14
HPCL-BUT-04161,HPCL,"Mumbai Refinery, Maharashtra",VLV-BFV-DN25-PN50-A105-TR8-BW,148,16662.6,710
HPCL-STU-04162,HPCL,"Mumbai Refinery, Maharashtra",STUD-DN20-180MM-A182F304-2H,95,2848.23,118
HPCL-BUT-04163,HPCL,"Mumbai Refinery, Maharashtra",VLV-BFV-DN50-PN150-A350LF2-TR5-FF,109,22447.53,155
HPCL-CEN-04164,HPCL,"Visakh Refinery, Andhra Pradesh",CENTRIFUGAL-PUMP-SPARE-DN150-PN250-ASTMA193B7,4,47485.98,27
HPCL-BAL-04165,HPCL,"Visakh Refinery, Andhra Pradesh",VLV-BL-DN25-PN100-A193B7-TR8-RF,74,25464.91,117
HPCL-CHE-04166,HPCL,"Mumbai Refinery, Maharashtra",VLV-CHK-DN40-PN100-A182F51-TR12-SW,131,64557.14,126
HPCL-FLA-04167,HPCL,"Mumbai Refinery, Maharashtra",FLG-SO-DN250-PN250-A106GR.B-BW,48,7963.56,11
HPCL-BAL-04168,HPCL,"Visakh Refinery, Andhra Pradesh",VLV-BL-DN300-PN150-A105-TR1-FF,16,27434.2,909
HPCL-CHE-04169,HPCL,"Mumbai Refinery, Maharashtra",VLV-CHK-DN80-PN100-A182F316-TR8-FF,144,55942.49,954
HPCL-GAS-04170,HPCL,"Visakh Refinery, Andhra Pradesh",GSKT-RTJ-DN25-PN420-SS316-GRAF,149,3656.94,246
HPCL-TEE-04171,HPCL,"Visakh Refinery, Andhra Pradesh",TEE-EQ-DN150-SCH 160-A234WPB,136,2776.46,901
HPCL-PSV-04172,HPCL,"Mumbai Refinery, Maharashtra",VLV-BFV-DN200-PN20-A182F316L,86,59982.02,815
HPCL-STU-04173,HPCL,"Mumbai Refinery, Maharashtra",STUD-DN250-180MM-A193B16-2H,41,4084.52,438
HPCL-GAS-04174,HPCL,"Mumbai Refinery, Maharashtra",GSKT-SWG-DN25-PN50-SS316-GRAF,113,4349.3,6
HPCL-GAS-04175,HPCL,"Visakh Refinery, Andhra Pradesh",GSKT-SWG-DN20-PN250-SS316-GRAF,125,2839.88,8
HPCL-FLA-04176,HPCL,"Mumbai Refinery, Maharashtra",FLG-SO-DN15-PN20-A182F11-BW,80,7369.64,146
HPCL-GLO-04177,HPCL,"Mumbai Refinery, Maharashtra",VLV-GL-DN150-PN100-A193B7-TR1-FF,136,32368.63,523
HPCL-GAS-04178,HPCL,"Mumbai Refinery, Maharashtra",GSKT-SWG-DN20-PN150,20,4164.31,218
HPCL-FLA-04179,HPCL,"Visakh Refinery, Andhra Pradesh",FLG-WN-DN150-PN250-A182F11-RF,142,5678.04,56
HPCL-STU-04180,HPCL,"Visakh Refinery, Andhra Pradesh",STUD-DN25-180MM-A106GR.B-2H,80,3012.89,8
HPCL-PIP-04181,HPCL,"Visakh Refinery, Andhra Pradesh",PIPE-SMLS-DN250-A182F22-BE,119,2026.38,201
HPCL-STU-04182,HPCL,"Mumbai Refinery, Maharashtra",STUD-DN15-180MM-A182F22-2H,87,4037.72,56
HPCL-ELB-04183,HPCL,"Mumbai Refinery, Maharashtra",ELB-90LR-DN25-SCH 20-A234WPB,30,2340.5,30
HPCL-BUT-04184,HPCL,"Mumbai Refinery, Maharashtra",VLV-BFV-DN250-PN50-A106GR.B-TR1-RF,69,27880.36,93
HPCL-CEN-04185,HPCL,"Visakh Refinery, Andhra Pradesh",CENTRIFUGAL-PUMP-SPARE-DN15-PN20-ASTMA182F51,73,160342.09,132
HPCL-CHE-04186,HPCL,"Mumbai Refinery, Maharashtra",VLV-CHK-DN250-PN150-INCONEL625-TR5-SW,66,172833.54,885
HPCL-PIP-04187,HPCL,"Mumbai Refinery, Maharashtra",PIPE-SMLS-DN600-A106GR.B-BE,6,4260.98,258
HPCL-GAS-04188,HPCL,"Visakh Refinery, Andhra Pradesh",GSKT-RTJ-DN25-PN420,71,26488.58,896
HPCL-GAS-04189,HPCL,"Mumbai Refinery, Maharashtra",GSKT-RTJ-DN150-PN100-SS316-GRAF,85,1880.43,241
HPCL-STU-04190,HPCL,"Mumbai Refinery, Maharashtra",STUD-DN25-180MM-A193B16-2H,30,3688.53,660
HPCL-ELB-04191,HPCL,"Mumbai Refinery, Maharashtra",ELB-90LR-DN100-SCH 20-A234WPB,53,8919.83,45
HPCL-GAT-04192,HPCL,"Visakh Refinery, Andhra Pradesh",VLV-GT-DN500-PN150-A193B16-TR12-BW,72,19583.01,888
HPCL-ELB-04193,HPCL,"Mumbai Refinery, Maharashtra",ELB-90LR-DN600-A234WPB,111,15051.46,288
HPCL-PSV-04194,HPCL,"Visakh Refinery, Andhra Pradesh",VLV-BFV-DN25-PN420-A182F51,112,80550.88,24
HPCL-BAL-04195,HPCL,"Visakh Refinery, Andhra Pradesh",VLV-BL-DN250-PN100-A193B16-TR12-RF,66,33051.07,637
HPCL-BAL-04196,HPCL,"Mumbai Refinery, Maharashtra",VLV-BL-DN600-PN420-A182F316L-TR12-BW,116,39257.4,221
HPCL-TEE-04197,HPCL,"Visakh Refinery, Andhra Pradesh",TEE-EQ-DN25-SCH XXS-A234WPB,120,3985.65,629
HPCL-TEE-04198,HPCL,"Visakh Refinery, Andhra Pradesh",TEE-EQ-DN500-SCH 80-A234WPB,110,3768.63,26
HPCL-CHE-04199,HPCL,"Mumbai Refinery, Maharashtra",VLV-CHK-DN40-PN150-A193B7-TR5-RF,107,19961.89,59
HPCL-TEE-04200,HPCL,"Mumbai Refinery, Maharashtra",TEE-EQ-DN80-SCH 40-A234WPB,63,14852.99,29
HPCL-GLO-04201,HPCL,"Visakh Refinery, Andhra Pradesh",VLV-GL-DN300-PN100-A193B16-TR12-SW,78,25474.88,45
HPCL-GAS-04202,HPCL,"Mumbai Refinery, Maharashtra",GSKT-RTJ-DN500-PN420-SS316-GRAF,120,3631.78,740
HPCL-ELB-04203,HPCL,"Mumbai Refinery, Maharashtra",ELB-90LR-DN20-A234WPB,136,5429.69,29
HPCL-BUT-04204,HPCL,"Mumbai Refinery, Maharashtra",VLV-BFV-DN200-PN150-A350LF2,104,20189.99,41
HPCL-CEN-04205,HPCL,"Visakh Refinery, Andhra Pradesh",CENTRIFUGAL-PUMP-SPARE-DN600-PN420-ASTMA182F11,36,39727.96,56
HPCL-STU-04206,HPCL,"Mumbai Refinery, Maharashtra",STUD-DN600-180MM-A182F11-2H,76,2482.64,162
HPCL-CHE-04207,HPCL,"Visakh Refinery, Andhra Pradesh",VLV-CHK-DN25-PN150-A216WCB-TR8-BW,106,25944.48,1014
HPCL-GLO-04208,HPCL,"Visakh Refinery, Andhra Pradesh",VLV-GL-DN40-PN420-A182F316L-TR12-RTJ,26,38092.04,20
HPCL-ELB-04209,HPCL,"Visakh Refinery, Andhra Pradesh",ELB-90LR-DN50-SCH 40-A234WPB,69,10534.9,312
HPCL-GLO-04210,HPCL,"Visakh Refinery, Andhra Pradesh",VLV-GL-DN20-PN100-A182F11-TR12-RF,51,23523.0,17
HPCL-PIP-04211,HPCL,"Visakh Refinery, Andhra Pradesh",PIPE-SMLS-DN600-SCH 80-A182F51-BE,92,8347.08,47
HPCL-TEE-04212,HPCL,"Visakh Refinery, Andhra Pradesh",TEE-EQ-DN200-A234WPB,124,4078.1,707
HPCL-ELB-04213,HPCL,"Mumbai Refinery, Maharashtra",ELB-90LR-DN500-SCH XXS-A234WPB,88,2823.26,1111
HPCL-BAL-04214,HPCL,"Mumbai Refinery, Maharashtra",VLV-BL-DN250-PN250-A216WCB-TR1-RF,103,15845.37,822
HPCL-BUT-04215,HPCL,"Mumbai Refinery, Maharashtra",VLV-BFV-DN150-PN420-A193B16-TR5-FF,140,21029.48,13
HPCL-PSV-04216,HPCL,"Visakh Refinery, Andhra Pradesh",VLV-BFV-DN400-PN20-A193B16-TR16-RTJ,9,28271.92,156
HPCL-GAS-04217,HPCL,"Mumbai Refinery, Maharashtra",GSKT-SWG-DN80-PN150-SS316-GRAF,53,7811.71,1050
HPCL-CHE-04218,HPCL,"Visakh Refinery, Andhra Pradesh",VLV-CHK-DN400-PN150-A106GR.B-TR5-FF,9,15935.66,150
HPCL-BUT-04219,HPCL,"Visakh Refinery, Andhra Pradesh",VLV-BFV-DN100-PN50-A106GR.B-TR5-RTJ,76,29979.68,181
HPCL-GAT-04220,HPCL,"Visakh Refinery, Andhra Pradesh",VLV-GT-DN150-PN250-A182F316-TR8-SW,122,37210.87,697
HPCL-CEN-04221,HPCL,"Mumbai Refinery, Maharashtra",CENTRIFUGAL-PUMP-SPARE-DN80-PN100-ASTMA182F11,138,78131.86,180
HPCL-GLO-04222,HPCL,"Visakh Refinery, Andhra Pradesh",VLV-GL-DN40-PN420-A193B7-TR16-RTJ,52,30441.53,32
HPCL-FLA-04223,HPCL,"Visakh Refinery, Andhra Pradesh",FLG-SW-DN300-PN420-A182F22-SW,143,4826.63,332
HPCL-GAT-04224,HPCL,"Mumbai Refinery, Maharashtra",VLV-GT-DN250-PN150-A182F316,91,35538.42,996
HPCL-GAT-04225,HPCL,"Visakh Refinery, Andhra Pradesh",VLV-GT-DN250-PN100-A182F22-TR8-SW,75,15058.68,23
HPCL-GAS-04226,HPCL,"Visakh Refinery, Andhra Pradesh",GSKT-RTJ-DN15-PN50-SS316-GRAF,100,3933.42,13
HPCL-PIP-04227,HPCL,"Mumbai Refinery, Maharashtra",PIPE-SMLS-DN300-SCH 20-A193B7-BE,32,3387.13,514
HPCL-STU-04228,HPCL,"Mumbai Refinery, Maharashtra",STUD-DN15-180MM-A106GR.B-2H,62,4073.64,446
HPCL-STU-04229,HPCL,"Visakh Refinery, Andhra Pradesh",STUD-DN600-180MM-A182F304-2H,8,1885.94,240
HPCL-PSV-04230,HPCL,"Visakh Refinery, Andhra Pradesh",VLV-BFV-DN50-PN150-A182F22,89,30682.77,198
HPCL-CHE-04231,HPCL,"Mumbai Refinery, Maharashtra",VLV-CHK-DN40-PN20-A350LF2-TR5-FF,86,22543.82,1070
HPCL-PSV-04232,HPCL,"Mumbai Refinery, Maharashtra",VLV-BFV-DN600-PN100-A182F316L-TR12-RF,6,56345.94,29
HPCL-CEN-04233,HPCL,"Visakh Refinery, Andhra Pradesh",CENTRIFUGAL-PUMP-SPARE-DN100-PN20-ASTMA182F316L,13,136456.57,300
HPCL-PSV-04234,HPCL,"Visakh Refinery, Andhra Pradesh",VLV-BFV-DN600-PN20-INCONEL625-TR12-RTJ,67,88616.43,380
HPCL-GAS-04235,HPCL,"Visakh Refinery, Andhra Pradesh",GSKT-RTJ-DN200-PN50-SS316-GRAF,82,20870.61,54
HPCL-FLA-04236,HPCL,"Visakh Refinery, Andhra Pradesh",FLG-WN-DN300-PN50-A106GR.B,56,6894.08,42
HPCL-RED-04237,HPCL,"Mumbai Refinery, Maharashtra",RED-CONC-DN600-SCH XXS-A234WPB,137,3189.16,156
HPCL-BUT-04238,HPCL,"Visakh Refinery, Andhra Pradesh",VLV-BFV-DN150-PN150-A105-TR1-SW,3,15530.41,807
HPCL-ELB-04239,HPCL,"Visakh Refinery, Andhra Pradesh",ELB-90LR-DN250-A234WPB,86,2228.91,538
HPCL-GAT-04240,HPCL,"Mumbai Refinery, Maharashtra",VLV-GT-DN150-PN50-A193B16-TR8-BW,20,17583.3,662
HPCL-CHE-04241,HPCL,"Visakh Refinery, Andhra Pradesh",VLV-CHK-DN100-PN50-A106GR.B-TR5-FF,89,20285.2,799
HPCL-BUT-04242,HPCL,"Visakh Refinery, Andhra Pradesh",VLV-BFV-DN100-PN420-A106GR.B-TR5-SW,87,15682.96,18
HPCL-ELB-04243,HPCL,"Mumbai Refinery, Maharashtra",ELB-90LR-DN200-SCH 80-A234WPB,50,2665.14,19
HPCL-CHE-04244,HPCL,"Visakh Refinery, Andhra Pradesh",VLV-CHK-DN100-PN420-A182F304-TR12-RF,130,22231.37,1027
HPCL-BAL-04245,HPCL,"Mumbai Refinery, Maharashtra",VLV-BL-DN600-PN150-A182F316L,56,64182.12,40
HPCL-CEN-04246,HPCL,"Visakh Refinery, Andhra Pradesh",CENTRIFUGAL-PUMP-SPARE-DN50-PN20-ASTMA182F316,90,91562.91,54
HPCL-CHE-04247,HPCL,"Visakh Refinery, Andhra Pradesh",VLV-CHK-DN100-PN250-A182F304-TR1-FF,145,31711.16,203
HPCL-GAS-04248,HPCL,"Mumbai Refinery, Maharashtra",GSKT-RTJ-DN20-PN50-SS316-GRAF,87,3921.73,1078
HPCL-CHE-04249,HPCL,"Visakh Refinery, Andhra Pradesh",VLV-CHK-DN600-PN50-A182F304-TR12-RF,115,21847.31,29
HPCL-GAS-04250,HPCL,"Mumbai Refinery, Maharashtra",GSKT-SWG-DN250-PN50-SS316-GRAF,55,4567.14,340
HPCL-BAL-04251,HPCL,"Visakh Refinery, Andhra Pradesh",VLV-BL-DN150-PN20-INCONEL625-TR16-RF,29,142748.91,50
HPCL-STU-04252,HPCL,"Visakh Refinery, Andhra Pradesh",STUD-DN200-180MM-A182F304-2H,123,3899.02,568
HPCL-GAS-04253,HPCL,"Mumbai Refinery, Maharashtra",GSKT-SWG-DN100-PN100-SS316-GRAF,112,3806.39,347
HPCL-TEE-04254,HPCL,"Visakh Refinery, Andhra Pradesh",TEE-EQ-DN200-SCH XXS-A234WPB,90,4222.27,1000
HPCL-CEN-04255,HPCL,"Mumbai Refinery, Maharashtra",CENTRIFUGAL-PUMP-SPARE-DN600-PN250-ASTMA182F316,23,141065.38,43
HPCL-STU-04256,HPCL,"Mumbai Refinery, Maharashtra",STUD-DN300-180MM-INCONEL625-2H,147,24500.05,917
HPCL-PSV-04257,HPCL,"Visakh Refinery, Andhra Pradesh",VLV-BFV-DN600-PN150-A193B7-TR12-RTJ,139,32729.09,43
HPCL-FLA-04258,HPCL,"Visakh Refinery, Andhra Pradesh",FLG-SO-DN40-PN20-A105,36,4669.56,11
HPCL-FLA-04259,HPCL,"Mumbai Refinery, Maharashtra",FLG-SO-DN40-PN50-A193B7-BW,46,7528.82,282
HPCL-FLA-04260,HPCL,"Mumbai Refinery, Maharashtra",FLG-BLD-DN500-PN420-A350LF2-BW,123,3641.0,576
HPCL-PIP-04261,HPCL,"Mumbai Refinery, Maharashtra",PIPE-SMLS-DN250-SCH 160-A182F53-BE,106,19350.08,14
HPCL-BUT-04262,HPCL,"Visakh Refinery, Andhra Pradesh",VLV-BFV-DN600-PN20-A182F304-TR1-BW,89,28172.53,47
HPCL-STU-04263,HPCL,"Visakh Refinery, Andhra Pradesh",STUD-DN20-180MM-A182F304-2H,13,1962.69,54
HPCL-BAL-04264,HPCL,"Mumbai Refinery, Maharashtra",VLV-BL-DN150-PN20-A105-TR8-RTJ,56,21508.17,184
HPCL-GAS-04265,HPCL,"Visakh Refinery, Andhra Pradesh",GSKT-SWG-DN25-PN100-SS316-GRAF,17,2678.98,492
HPCL-RED-04266,HPCL,"Visakh Refinery, Andhra Pradesh",RED-CONC-DN150-SCH 160-A234WPB,76,9689.59,46
HPCL-PSV-04267,HPCL,"Visakh Refinery, Andhra Pradesh",VLV-BFV-DN25-PN20-A106GR.B-TR12-RTJ,88,31188.95,386
HPCL-CEN-04268,HPCL,"Mumbai Refinery, Maharashtra",CENTRIFUGAL-PUMP-SPARE-DN50-PN420-ASTMA182F51,16,166351.64,231
HPCL-PSV-04269,HPCL,"Mumbai Refinery, Maharashtra",VLV-BFV-DN100-PN50-A106GR.B-TR8-BW,124,15319.74,338
HPCL-BUT-04270,HPCL,"Visakh Refinery, Andhra Pradesh",VLV-BFV-DN500-PN50-A193B7-TR16-BW,114,23628.08,49
HPCL-STU-04271,HPCL,"Mumbai Refinery, Maharashtra",STUD-DN300-180MM-A182F51-2H,23,8074.5,367
HPCL-PSV-04272,HPCL,"Mumbai Refinery, Maharashtra",VLV-BFV-DN150-PN250-A193B16-TR1-RF,109,28842.41,232
HPCL-GLO-04273,HPCL,"Mumbai Refinery, Maharashtra",VLV-GL-DN15-PN50-A182F51-TR5-FF,140,58350.44,111
HPCL-PIP-04274,HPCL,"Mumbai Refinery, Maharashtra",PIPE-SMLS-DN600-SCH XXS-A182F316-BE,107,8419.24,981
HPCL-TEE-04275,HPCL,"Mumbai Refinery, Maharashtra",TEE-EQ-DN400-A234WPB,37,5834.7,297
HPCL-FLA-04276,HPCL,"Visakh Refinery, Andhra Pradesh",FLG-SO-DN400-PN150-A182F22-BW,74,4997.01,50
HPCL-FLA-04277,HPCL,"Visakh Refinery, Andhra Pradesh",FLG-BLD-DN200-PN20-A182F11-FF,34,4117.97,27
HPCL-BAL-04278,HPCL,"Visakh Refinery, Andhra Pradesh",VLV-BL-DN40-PN420-A106GR.B-TR12-RTJ,96,27972.23,234
HPCL-GAS-04279,HPCL,"Visakh Refinery, Andhra Pradesh",GSKT-SWG-DN25-PN420-SS316-GRAF,109,3035.19,220
HPCL-PIP-04280,HPCL,"Mumbai Refinery, Maharashtra",PIPE-SMLS-DN20-SCH 40-A105-BE,13,2272.34,1157
HPCL-TEE-04281,HPCL,"Visakh Refinery, Andhra Pradesh",TEE-EQ-DN40-SCH 160-A234WPB,100,3559.67,1039
HPCL-CHE-04282,HPCL,"Mumbai Refinery, Maharashtra",VLV-CHK-DN200-PN150-A193B16-TR5-RTJ,110,24467.53,900
HPCL-GAS-04283,HPCL,"Mumbai Refinery, Maharashtra",GSKT-RTJ-DN40-PN250-SS316-GRAF,112,27201.61,11
HPCL-GAS-04284,HPCL,"Visakh Refinery, Andhra Pradesh",GSKT-SWG-DN300-PN250-SS316-GRAF,61,3194.79,1116
HPCL-BUT-04285,HPCL,"Mumbai Refinery, Maharashtra",VLV-BFV-DN200-PN100-A216WCB-TR16-SW,104,14103.52,17
HPCL-RED-04286,HPCL,"Visakh Refinery, Andhra Pradesh",RED-CONC-DN400-SCH XXS-A234WPB,105,22183.99,32
HPCL-CEN-04287,HPCL,"Visakh Refinery, Andhra Pradesh",CENTRIFUGAL-PUMP-SPARE-DN150-PN250-ASTMA105,106,81360.46,1084
HPCL-ELB-04288,HPCL,"Mumbai Refinery, Maharashtra",ELB-90LR-DN250-SCH XXS-A234WPB,68,4370.29,37
HPCL-BUT-04289,HPCL,"Visakh Refinery, Andhra Pradesh",VLV-BFV-DN50-PN50-A350LF2-TR1-FF,100,15823.5,50
HPCL-BAL-04290,HPCL,"Visakh Refinery, Andhra Pradesh",VLV-BL-DN200-PN250-A182F53-TR5-BW,71,173655.48,365
HPCL-GAT-04291,HPCL,"Mumbai Refinery, Maharashtra",VLV-GT-DN80-PN150-A350LF2-TR8-SW,47,18735.29,979
HPCL-BUT-04292,HPCL,"Visakh Refinery, Andhra Pradesh",VLV-BFV-DN150-PN50-A182F51,142,79723.05,598
HPCL-STU-04293,HPCL,"Mumbai Refinery, Maharashtra",STUD-DN500-180MM-A193B7-2H,131,3054.02,1168
HPCL-BAL-04294,HPCL,"Mumbai Refinery, Maharashtra",VLV-BL-DN250-PN20-A182F22-TR8-RF,80,23463.77,719
HPCL-RED-04295,HPCL,"Visakh Refinery, Andhra Pradesh",RED-CONC-DN80-SCH 80-A234WPB,98,10468.51,468
HPCL-FLA-04296,HPCL,"Visakh Refinery, Andhra Pradesh",FLG-BLD-DN25-PN50-A182F51-SW,110,12242.51,134
HPCL-CEN-04297,HPCL,"Mumbai Refinery, Maharashtra",CENTRIFUGAL-PUMP-SPARE-DN25-PN150-ASTMA350LF2,94,70486.46,795
HPCL-ELB-04298,HPCL,"Mumbai Refinery, Maharashtra",ELB-90LR-DN20-SCH 160-A234WPB,92,2535.88,1030
HPCL-STU-04299,HPCL,"Mumbai Refinery, Maharashtra",STUD-DN15-180MM-A105-2H,88,4273.97,778
HPCL-PSV-04300,HPCL,"Visakh Refinery, Andhra Pradesh",VLV-BFV-DN80-PN250-A193B16-TR8-RF,57,30659.17,171
HPCL-BAL-04301,HPCL,"Mumbai Refinery, Maharashtra",VLV-BL-DN25-PN20-A182F316-TR8-BW,78,70531.83,39
HPCL-CHE-04302,HPCL,"Mumbai Refinery, Maharashtra",VLV-CHK-DN100-PN250-A182F11-TR8-SW,51,17630.47,8
HPCL-BUT-04303,HPCL,"Mumbai Refinery, Maharashtra",VLV-BFV-DN80-PN420-A182F316L-TR16-FF,112,63337.99,124
HPCL-PSV-04304,HPCL,"Mumbai Refinery, Maharashtra",VLV-BFV-DN200-PN150-INCONEL625-TR1-BW,75,85875.09,56
HPCL-GAT-04305,HPCL,"Mumbai Refinery, Maharashtra",VLV-GT-DN25-PN20-A182F51-TR12-RF,71,49291.51,1190
HPCL-RED-04306,HPCL,"Mumbai Refinery, Maharashtra",RED-CONC-DN40-SCH XXS-A234WPB,48,3394.36,8
HPCL-TEE-04307,HPCL,"Mumbai Refinery, Maharashtra",TEE-EQ-DN40-SCH 20-A234WPB,28,8612.82,300
HPCL-GAS-04308,HPCL,"Visakh Refinery, Andhra Pradesh",GSKT-SWG-DN250-PN250-SS316-GRAF,18,3381.8,381
HPCL-PSV-04309,HPCL,"Visakh Refinery, Andhra Pradesh",VLV-BFV-DN250-PN50-A350LF2-TR8-BW,128,26201.04,625
HPCL-ELB-04310,HPCL,"Visakh Refinery, Andhra Pradesh",ELB-90LR-DN25-SCH XXS-A234WPB,8,4234.23,115
HPCL-FLA-04311,HPCL,"Mumbai Refinery, Maharashtra",FLG-BLD-DN600-PN20-A182F11-FF,57,7914.01,770
HPCL-BUT-04312,HPCL,"Visakh Refinery, Andhra Pradesh",VLV-BFV-DN80-PN250-INCONEL625,6,180129.91,275
HPCL-GAS-04313,HPCL,"Mumbai Refinery, Maharashtra",GSKT-SWG-DN150-PN250-SS316-GRAF,64,8700.01,248
HPCL-CHE-04314,HPCL,"Mumbai Refinery, Maharashtra",VLV-CHK-DN80-PN50-A182F51-TR16-SW,22,68098.35,54
HPCL-RED-04315,HPCL,"Visakh Refinery, Andhra Pradesh",RED-CONC-DN50-SCH 20-A234WPB,19,4375.53,248
HPCL-STU-04316,HPCL,"Mumbai Refinery, Maharashtra",STUD-DN300-180MM-A182F22-2H,13,2234.62,1146
HPCL-GLO-04317,HPCL,"Mumbai Refinery, Maharashtra",VLV-GL-DN600-PN50-A350LF2-TR5-BW,2,25619.02,215
HPCL-BUT-04318,HPCL,"Mumbai Refinery, Maharashtra",VLV-BFV-DN100-PN50-A216WCB-TR16-BW,51,28108.57,354
HPCL-STU-04319,HPCL,"Visakh Refinery, Andhra Pradesh",STUD-DN200-180MM-A216WCB-2H,106,3966.13,7
HPCL-FLA-04320,HPCL,"Visakh Refinery, Andhra Pradesh",FLG-WN-DN400-PN50-A105-SW,84,5697.14,118
HPCL-BAL-04321,HPCL,"Mumbai Refinery, Maharashtra",VLV-BL-DN15-PN150-A350LF2-TR12-FF,117,25795.7,1000
HPCL-CEN-04322,HPCL,"Mumbai Refinery, Maharashtra",CENTRIFUGAL-PUMP-SPARE-DN500-PN420-ASTMA106GR.B,30,81030.84,22
HPCL-CEN-04323,HPCL,"Mumbai Refinery, Maharashtra",CENTRIFUGAL-PUMP-SPARE-DN15-PN20-ASTMA182F11,105,79226.19,163
HPCL-PIP-04324,HPCL,"Visakh Refinery, Andhra Pradesh",PIPE-SMLS-DN40-SCH XXS-A182F53-BE,103,14877.23,345
HPCL-BUT-04325,HPCL,"Mumbai Refinery, Maharashtra",VLV-BFV-DN40-PN100-A182F11-TR16-FF,73,31770.51,604
HPCL-GAT-04326,HPCL,"Visakh Refinery, Andhra Pradesh",VLV-GT-DN50-PN250-INCONEL625-TR5-RTJ,80,153931.71,360
HPCL-GAT-04327,HPCL,"Mumbai Refinery, Maharashtra",VLV-GT-DN400-PN100-A182F304-TR16-RTJ,138,32121.42,47
HPCL-CHE-04328,HPCL,"Mumbai Refinery, Maharashtra",VLV-CHK-DN40-PN100-A106GR.B-TR5-RF,111,15750.92,11
HPCL-ELB-04329,HPCL,"Visakh Refinery, Andhra Pradesh",ELB-90LR-DN600-SCH 80-A234WPB,50,18602.64,598
HPCL-CEN-04330,HPCL,"Mumbai Refinery, Maharashtra",CENTRIFUGAL-PUMP-SPARE-DN600-PN150-ASTMA193B16,143,41693.71,900
HPCL-BUT-04331,HPCL,"Mumbai Refinery, Maharashtra",VLV-BFV-DN400-PN100-A182F22-TR5-FF,127,19527.37,320
HPCL-BAL-04332,HPCL,"Visakh Refinery, Andhra Pradesh",VLV-BL-DN300-PN150-A105-TR16-RTJ,27,28267.95,299
HPCL-ELB-04333,HPCL,"Mumbai Refinery, Maharashtra",ELB-90LR-DN40-SCH XXS-A234WPB,75,2596.99,454
HPCL-FLA-04334,HPCL,"Visakh Refinery, Andhra Pradesh",FLG-SO-DN300-PN50-A182F11,27,5202.19,13
HPCL-BAL-04335,HPCL,"Visakh Refinery, Andhra Pradesh",VLV-BL-DN20-PN420-A182F53-TR1-RF,116,86697.01,623
HPCL-CEN-04336,HPCL,"Mumbai Refinery, Maharashtra",CENTRIFUGAL-PUMP-SPARE-DN150-PN420-ASTMA106GR.B,90,75485.85,140
HPCL-RED-04337,HPCL,"Visakh Refinery, Andhra Pradesh",RED-CONC-DN50-SCH 80-A234WPB,90,4298.0,187
HPCL-CEN-04338,HPCL,"Mumbai Refinery, Maharashtra",CENTRIFUGAL-PUMP-SPARE-DN20-PN420-ASTMA182F53,126,353028.03,5
HPCL-RED-04339,HPCL,"Visakh Refinery, Andhra Pradesh",RED-CONC-DN250-A234WPB,26,6610.95,700
HPCL-GAS-04340,HPCL,"Visakh Refinery, Andhra Pradesh",GSKT-RTJ-DN600-PN150-SS316-GRAF,45,3510.61,32
HPCL-TEE-04341,HPCL,"Mumbai Refinery, Maharashtra",TEE-EQ-DN200-SCH 40-A234WPB,136,2259.78,566
HPCL-CEN-04342,HPCL,"Visakh Refinery, Andhra Pradesh",CENTRIFUGAL-PUMP-SPARE-DN500-PN100-ASTMA105,99,47385.94,26
HPCL-STU-04343,HPCL,"Visakh Refinery, Andhra Pradesh",STUD-DN20-180MM-A105-2H,13,3281.97,58
HPCL-CHE-04344,HPCL,"Visakh Refinery, Andhra Pradesh",VLV-CHK-DN25-PN150-A105-TR12-RTJ,47,16793.29,345
HPCL-RED-04345,HPCL,"Mumbai Refinery, Maharashtra",RED-CONC-DN300-A234WPB,12,16727.18,8
HPCL-BUT-04346,HPCL,"Visakh Refinery, Andhra Pradesh",VLV-BFV-DN300-PN100-A350LF2-TR5-RTJ,67,25176.16,580
HPCL-ELB-04347,HPCL,"Mumbai Refinery, Maharashtra",ELB-90LR-DN80-SCH 80-A234WPB,112,2688.94,121
HPCL-PSV-04348,HPCL,"Visakh Refinery, Andhra Pradesh",VLV-BFV-DN50-PN20-A105-TR16-SW,81,15276.35,215
HPCL-BAL-04349,HPCL,"Mumbai Refinery, Maharashtra",VLV-BL-DN100-PN100-A106GR.B-TR16-SW,108,19647.32,171
HPCL-CEN-04350,HPCL,"Mumbai Refinery, Maharashtra",CENTRIFUGAL-PUMP-SPARE-DN200-PN420-ASTMA182F304,148,66364.93,187
HPCL-CHE-04351,HPCL,"Mumbai Refinery, Maharashtra",VLV-CHK-DN250-PN100-A182F316-TR16-SW,147,48630.3,176
HPCL-GAT-04352,HPCL,"Visakh Refinery, Andhra Pradesh",VLV-GT-DN50-PN250-A182F22-TR12-FF,114,22576.72,30
HPCL-GLO-04353,HPCL,"Visakh Refinery, Andhra Pradesh",VLV-GL-DN40-PN150-A182F53-TR8-SW,126,129451.53,27
HPCL-GAT-04354,HPCL,"Mumbai Refinery, Maharashtra",VLV-GT-DN40-PN50-A193B7-TR5-RF,133,23261.65,1022
HPCL-GAS-04355,HPCL,"Visakh Refinery, Andhra Pradesh",GSKT-RTJ-DN40-PN100-SS316-GRAF,74,3733.72,260
HPCL-BAL-04356,HPCL,"Visakh Refinery, Andhra Pradesh",VLV-BL-DN40-PN250-A182F11-TR5-SW,33,20667.94,28
HPCL-RED-04357,HPCL,"Visakh Refinery, Andhra Pradesh",RED-CONC-DN20-SCH 40-A234WPB,17,19338.09,237
HPCL-PIP-04358,HPCL,"Mumbai Refinery, Maharashtra",PIPE-SMLS-DN50-SCH 20-INCONEL625-BE,27,27131.02,35
HPCL-FLA-04359,HPCL,"Mumbai Refinery, Maharashtra",FLG-WN-DN25-PN50-A182F53-RF,36,26476.56,26
HPCL-GAT-04360,HPCL,"Mumbai Refinery, Maharashtra",VLV-GT-DN25-PN250-INCONEL625,91,189253.21,11
HPCL-PIP-04361,HPCL,"Mumbai Refinery, Maharashtra",PIPE-SMLS-DN50-INCONEL625-BE,52,26240.21,11
HPCL-BAL-04362,HPCL,"Visakh Refinery, Andhra Pradesh",VLV-BL-DN150-PN150-A182F316-TR12-SW,141,58502.05,7
HPCL-STU-04363,HPCL,"Mumbai Refinery, Maharashtra",STUD-DN50-180MM-A182F316-2H,51,10918.79,292
HPCL-BUT-04364,HPCL,"Mumbai Refinery, Maharashtra",VLV-BFV-DN400-PN150-A193B16-TR16-BW,145,27472.85,108
HPCL-GAT-04365,HPCL,"Mumbai Refinery, Maharashtra",VLV-GT-DN20-PN100-A182F11-TR5-RTJ,76,20246.54,938
HPCL-ELB-04366,HPCL,"Mumbai Refinery, Maharashtra",ELB-90LR-DN80-SCH 40-A234WPB,73,4838.07,380
HPCL-RED-04367,HPCL,"Mumbai Refinery, Maharashtra",RED-CONC-DN80-SCH XXS-A234WPB,124,3788.62,344
HPCL-RED-04368,HPCL,"Mumbai Refinery, Maharashtra",RED-CONC-DN300-SCH XXS-A234WPB,146,2673.58,326
HPCL-GAT-04369,HPCL,"Mumbai Refinery, Maharashtra",VLV-GT-DN50-PN20-A216WCB,93,20169.65,258
HPCL-CEN-04370,HPCL,"Mumbai Refinery, Maharashtra",CENTRIFUGAL-PUMP-SPARE-DN150-PN20-ASTMA350LF2,34,58732.36,296
HPCL-TEE-04371,HPCL,"Visakh Refinery, Andhra Pradesh",TEE-EQ-DN20-SCH XXS-A234WPB,42,10969.73,8
HPCL-BAL-04372,HPCL,"Mumbai Refinery, Maharashtra",VLV-BL-DN100-PN420-A193B7-TR12-FF,94,27051.33,23
HPCL-BUT-04373,HPCL,"Mumbai Refinery, Maharashtra",VLV-BFV-DN300-PN20-A182F316-TR1-BW,37,56566.97,408
HPCL-CEN-04374,HPCL,"Visakh Refinery, Andhra Pradesh",CENTRIFUGAL-PUMP-SPARE-DN250-PN50-ASTMA182F22,85,76698.66,24
HPCL-CHE-04375,HPCL,"Visakh Refinery, Andhra Pradesh",VLV-CHK-DN20-PN50-A106GR.B-TR8-SW,89,27502.58,312
HPCL-GLO-04376,HPCL,"Mumbai Refinery, Maharashtra",VLV-GL-DN300-PN100-A182F22-TR16-SW,13,26434.95,60
HPCL-GAS-04377,HPCL,"Visakh Refinery, Andhra Pradesh",GSKT-RTJ-DN200-PN100-SS316-GRAF,4,3704.39,214
HPCL-ELB-04378,HPCL,"Visakh Refinery, Andhra Pradesh",ELB-90LR-DN500-SCH 80-A234WPB,66,2073.45,178
HPCL-BAL-04379,HPCL,"Mumbai Refinery, Maharashtra",VLV-BL-DN400-PN50-A182F51-TR8-FF,74,50608.31,294
HPCL-GLO-04380,HPCL,"Visakh Refinery, Andhra Pradesh",VLV-GL-DN300-PN100-A182F304-TR1-SW,36,20774.76,906
HPCL-BUT-04381,HPCL,"Mumbai Refinery, Maharashtra",VLV-BFV-DN20-PN250-A193B16,141,15521.7,248
HPCL-PIP-04382,HPCL,"Mumbai Refinery, Maharashtra",PIPE-SMLS-DN150-SCH 80-A106GR.B-BE,42,1897.03,967
HPCL-FLA-04383,HPCL,"Mumbai Refinery, Maharashtra",FLG-WN-DN300-PN100-A182F11-RTJ,20,5697.45,46
HPCL-ELB-04384,HPCL,"Mumbai Refinery, Maharashtra",ELB-90LR-DN150-SCH 40-A234WPB,137,2945.51,211
HPCL-CEN-04385,HPCL,"Visakh Refinery, Andhra Pradesh",CENTRIFUGAL-PUMP-SPARE-DN20-PN150-ASTMA182F316,36,88765.56,12
HPCL-CHE-04386,HPCL,"Visakh Refinery, Andhra Pradesh",VLV-CHK-DN250-PN150-A105-TR5-RTJ,70,22311.78,21
HPCL-GAT-04387,HPCL,"Visakh Refinery, Andhra Pradesh",VLV-GT-DN250-PN100-A106GR.B-TR16-RF,139,28361.12,49
HPCL-PIP-04388,HPCL,"Visakh Refinery, Andhra Pradesh",PIPE-SMLS-DN40-SCH 160-A182F22-BE,8,4616.22,1074
HPCL-GAT-04389,HPCL,"Visakh Refinery, Andhra Pradesh",VLV-GT-DN600-PN420-A350LF2-TR12-FF,98,22055.64,197
HPCL-PIP-04390,HPCL,"Visakh Refinery, Andhra Pradesh",PIPE-SMLS-DN25-SCH 40-A193B7-BE,35,2459.49,682
HPCL-STU-04391,HPCL,"Mumbai Refinery, Maharashtra",STUD-DN250-180MM-A182F316-2H,91,11380.47,34
HPCL-STU-04392,HPCL,"Visakh Refinery, Andhra Pradesh",STUD-DN300-180MM-A350LF2-2H,76,1892.92,32
HPCL-CHE-04393,HPCL,"Mumbai Refinery, Maharashtra",VLV-CHK-DN50-PN150-A193B7-TR8-FF,129,17546.57,33
HPCL-PIP-04394,HPCL,"Mumbai Refinery, Maharashtra",PIPE-SMLS-DN250-SCH 40-A350LF2-BE,65,2156.06,268
HPCL-RED-04395,HPCL,"Visakh Refinery, Andhra Pradesh",RED-CONC-DN25-SCH 160-A234WPB,19,2390.62,633
HPCL-BUT-04396,HPCL,"Visakh Refinery, Andhra Pradesh",VLV-BFV-DN500-PN150-A182F304-TR12-BW,111,22979.55,856
HPCL-PSV-04397,HPCL,"Visakh Refinery, Andhra Pradesh",VLV-BFV-DN15-PN20-A216WCB-TR16-SW,60,17581.25,995
HPCL-GAS-04398,HPCL,"Visakh Refinery, Andhra Pradesh",GSKT-SWG-DN300-PN150,124,2206.72,288
HPCL-PSV-04399,HPCL,"Visakh Refinery, Andhra Pradesh",VLV-BFV-DN400-PN150-A182F11,91,21864.9,12
HPCL-GAS-04400,HPCL,"Visakh Refinery, Andhra Pradesh",GSKT-RTJ-DN25-PN150-SS316-GRAF,8,4127.6,527
HPCL-ELB-04401,HPCL,"Visakh Refinery, Andhra Pradesh",ELB-90LR-DN500-SCH 80-A234WPB,145,4387.4,126
HPCL-RED-04402,HPCL,"Visakh Refinery, Andhra Pradesh",RED-CONC-DN150-SCH XXS-A234WPB,12,4380.53,37
HPCL-PIP-04403,HPCL,"Mumbai Refinery, Maharashtra",PIPE-SMLS-DN400-SCH 20-A182F11-BE,19,2090.47,8
HPCL-FLA-04404,HPCL,"Visakh Refinery, Andhra Pradesh",FLG-WN-DN600-PN100-INCONEL625-RTJ,36,37848.44,14
HPCL-GLO-04405,HPCL,"Visakh Refinery, Andhra Pradesh",VLV-GL-DN25-PN50-A350LF2-TR5-RTJ,58,24911.62,44
HPCL-GAS-04406,HPCL,"Visakh Refinery, Andhra Pradesh",GSKT-SWG-DN150-PN50-SS316-GRAF,139,4140.19,815
HPCL-ELB-04407,HPCL,"Mumbai Refinery, Maharashtra",ELB-90LR-DN300-SCH 160-A234WPB,76,5941.11,287
HPCL-BUT-04408,HPCL,"Visakh Refinery, Andhra Pradesh",VLV-BFV-DN50-PN50-A106GR.B-TR8-FF,7,31288.14,757
HPCL-GAT-04409,HPCL,"Mumbai Refinery, Maharashtra",VLV-GT-DN400-PN150-A182F304-TR16-FF,37,14497.1,58
HPCL-CHE-04410,HPCL,"Mumbai Refinery, Maharashtra",VLV-CHK-DN40-PN250-A105-TR8-SW,31,33293.62,10
HPCL-GAS-04411,HPCL,"Mumbai Refinery, Maharashtra",GSKT-SWG-DN15-PN420-SS316-GRAF,87,4613.19,234
HPCL-FLA-04412,HPCL,"Mumbai Refinery, Maharashtra",FLG-BLD-DN600-PN250-INCONEL625-FF,147,36835.94,511
HPCL-TEE-04413,HPCL,"Mumbai Refinery, Maharashtra",TEE-EQ-DN250-SCH 80-A234WPB,105,4099.5,898
HPCL-TEE-04414,HPCL,"Mumbai Refinery, Maharashtra",TEE-EQ-DN200-A234WPB,51,3222.54,860
HPCL-STU-04415,HPCL,"Visakh Refinery, Andhra Pradesh",STUD-DN25-180MM-A182F304-2H,107,4220.82,491
HPCL-BUT-04416,HPCL,"Visakh Refinery, Andhra Pradesh",VLV-BFV-DN100-PN50-A216WCB,81,23262.76,151
HPCL-GAS-04417,HPCL,"Visakh Refinery, Andhra Pradesh",GSKT-RTJ-DN20-PN50-SS316-GRAF,44,3757.73,44
HPCL-GAS-04418,HPCL,"Visakh Refinery, Andhra Pradesh",GSKT-RTJ-DN600-PN420-SS316-GRAF,88,3759.14,141
HPCL-TEE-04419,HPCL,"Visakh Refinery, Andhra Pradesh",TEE-EQ-DN25-SCH 20-A234WPB,95,2562.45,26
HPCL-TEE-04420,HPCL,"Mumbai Refinery, Maharashtra",TEE-EQ-DN600-SCH 20-A234WPB,63,2800.64,132
HPCL-PSV-04421,HPCL,"Visakh Refinery, Andhra Pradesh",VLV-BFV-DN200-PN250-A182F316L,47,56676.6,845
HPCL-GAS-04422,HPCL,"Mumbai Refinery, Maharashtra",GSKT-RTJ-DN40-PN250-SS316-GRAF,59,2719.72,47
HPCL-BUT-04423,HPCL,"Mumbai Refinery, Maharashtra",VLV-BFV-DN300-PN250-A106GR.B-TR12-FF,8,17158.21,38
HPCL-GAT-04424,HPCL,"Mumbai Refinery, Maharashtra",VLV-GT-DN600-PN20-A193B7-TR16-FF,78,28111.71,231
HPCL-BAL-04425,HPCL,"Visakh Refinery, Andhra Pradesh",VLV-BL-DN80-PN250-A182F316L,106,44692.71,42
HPCL-CEN-04426,HPCL,"Mumbai Refinery, Maharashtra",CENTRIFUGAL-PUMP-SPARE-DN80-PN20-ASTMA106GR.B,16,46536.84,457
HPCL-GAT-04427,HPCL,"Visakh Refinery, Andhra Pradesh",VLV-GT-DN600-PN150-A350LF2-TR1-RTJ,19,22938.83,763
HPCL-GAS-04428,HPCL,"Visakh Refinery, Andhra Pradesh",GSKT-SWG-DN200-PN420-SS316-GRAF,35,10159.4,6
HPCL-TEE-04429,HPCL,"Mumbai Refinery, Maharashtra",TEE-EQ-DN250-SCH XXS-A234WPB,36,2497.39,22
HPCL-BUT-04430,HPCL,"Visakh Refinery, Andhra Pradesh",VLV-BFV-DN25-PN20-A182F316-TR8-RTJ,57,72385.88,191
HPCL-GLO-04431,HPCL,"Mumbai Refinery, Maharashtra",VLV-GL-DN50-PN250-A105-TR12-RF,76,32352.23,35
HPCL-CEN-04432,HPCL,"Mumbai Refinery, Maharashtra",CENTRIFUGAL-PUMP-SPARE-DN100-PN150-ASTMA182F11,135,79372.77,20
HPCL-GAS-04433,HPCL,"Mumbai Refinery, Maharashtra",GSKT-SWG-DN200-PN100-SS316-GRAF,14,24560.32,337
HPCL-GAS-04434,HPCL,"Visakh Refinery, Andhra Pradesh",GSKT-SWG-DN80-PN150-SS316-GRAF,72,5380.76,252
HPCL-PIP-04435,HPCL,"Mumbai Refinery, Maharashtra",PIPE-SMLS-DN600-SCH 20-A182F51-BE,36,4955.49,473
HPCL-GAS-04436,HPCL,"Mumbai Refinery, Maharashtra",GSKT-SWG-DN250-PN150-SS316-GRAF,126,3610.65,186
HPCL-GLO-04437,HPCL,"Visakh Refinery, Andhra Pradesh",VLV-GL-DN80-PN20-A182F316-TR8-RTJ,61,43032.87,353
HPCL-TEE-04438,HPCL,"Visakh Refinery, Andhra Pradesh",TEE-EQ-DN300-SCH XXS-A234WPB,133,3911.18,17
HPCL-BAL-04439,HPCL,"Visakh Refinery, Andhra Pradesh",VLV-BL-DN40-PN50-A216WCB-TR16-SW,32,27180.61,5
HPCL-CHE-04440,HPCL,"Mumbai Refinery, Maharashtra",VLV-CHK-DN50-PN20-A182F11-TR5-SW,13,18396.1,718
HPCL-BAL-04441,HPCL,"Visakh Refinery, Andhra Pradesh",VLV-BL-DN80-PN150-INCONEL625,86,168410.91,826
HPCL-ELB-04442,HPCL,"Visakh Refinery, Andhra Pradesh",ELB-90LR-DN25-SCH XXS-A234WPB,119,3897.49,94
HPCL-CHE-04443,HPCL,"Mumbai Refinery, Maharashtra",VLV-CHK-DN40-PN250-A182F316L-TR16-RF,108,77354.14,38
HPCL-PIP-04444,HPCL,"Mumbai Refinery, Maharashtra",PIPE-SMLS-DN150-SCH 160-A182F11-BE,122,4310.03,34
HPCL-RED-04445,HPCL,"Visakh Refinery, Andhra Pradesh",RED-CONC-DN80-SCH XXS-A234WPB,139,9036.05,1053
HPCL-BAL-04446,HPCL,"Mumbai Refinery, Maharashtra",VLV-BL-DN500-PN150-A106GR.B-TR8-FF,10,20659.99,364
HPCL-BUT-04447,HPCL,"Mumbai Refinery, Maharashtra",VLV-BFV-DN600-PN250-A182F316-TR12-FF,21,60651.92,911
HPCL-PSV-04448,HPCL,"Visakh Refinery, Andhra Pradesh",VLV-BFV-DN20-PN50-A182F316L-TR16-SW,147,39338.44,193
HPCL-FLA-04449,HPCL,"Mumbai Refinery, Maharashtra",FLG-SO-DN40-PN100-A182F51,55,15269.81,924
HPCL-GAS-04450,HPCL,"Visakh Refinery, Andhra Pradesh",GSKT-RTJ-DN150-PN250-SS316-GRAF,112,3765.15,17
HPCL-CHE-04451,HPCL,"Mumbai Refinery, Maharashtra",VLV-CHK-DN300-PN250-A182F316L,3,45723.98,242
HPCL-STU-04452,HPCL,"Mumbai Refinery, Maharashtra",STUD-DN15-180MM-A182F53-2H,83,16132.6,289
HPCL-GAT-04453,HPCL,"Visakh Refinery, Andhra Pradesh",VLV-GT-DN15-PN250-A182F51-TR1-RTJ,20,68156.59,347
HPCL-PIP-04454,HPCL,"Mumbai Refinery, Maharashtra",PIPE-SMLS-DN80-SCH 160-A182F51-BE,24,9859.93,779
HPCL-GLO-04455,HPCL,"Mumbai Refinery, Maharashtra",VLV-GL-DN400-PN420-A182F316,9,40803.28,830
HPCL-GAS-04456,HPCL,"Mumbai Refinery, Maharashtra",GSKT-SWG-DN50-PN100-SS316-GRAF,19,7055.13,59
HPCL-FLA-04457,HPCL,"Visakh Refinery, Andhra Pradesh",FLG-WN-DN500-PN50-A182F316-RTJ,42,9843.47,25
HPCL-RED-04458,HPCL,"Visakh Refinery, Andhra Pradesh",RED-CONC-DN400-A234WPB,123,3824.37,105
HPCL-GLO-04459,HPCL,"Mumbai Refinery, Maharashtra",VLV-GL-DN25-PN50-A105-TR8-RTJ,120,31145.12,278
HPCL-ELB-04460,HPCL,"Visakh Refinery, Andhra Pradesh",ELB-90LR-DN25-SCH 80-A234WPB,30,4535.93,23
HPCL-PIP-04461,HPCL,"Mumbai Refinery, Maharashtra",PIPE-SMLS-DN150-SCH XXS-A182F22-BE,122,4262.62,314
HPCL-TEE-04462,HPCL,"Visakh Refinery, Andhra Pradesh",TEE-EQ-DN80-SCH 160-A234WPB,149,5921.46,13
HPCL-BAL-04463,HPCL,"Visakh Refinery, Andhra Pradesh",VLV-BL-DN80-PN50-A182F316L,47,66767.78,36
HPCL-GAT-04464,HPCL,"Visakh Refinery, Andhra Pradesh",VLV-GT-DN300-PN20-A182F53-TR16-BW,71,114816.24,339
HPCL-ELB-04465,HPCL,"Mumbai Refinery, Maharashtra",ELB-90LR-DN15-SCH 40-A234WPB,18,8289.13,182
HPCL-PSV-04466,HPCL,"Visakh Refinery, Andhra Pradesh",VLV-BFV-DN400-PN100-A182F11-TR12-RF,45,32342.41,106
HPCL-ELB-04467,HPCL,"Mumbai Refinery, Maharashtra",ELB-90LR-DN100-SCH 80-A234WPB,68,23981.88,910
HPCL-PIP-04468,HPCL,"Mumbai Refinery, Maharashtra",PIPE-SMLS-DN20-INCONEL625-BE,19,22414.85,494
HPCL-RED-04469,HPCL,"Visakh Refinery, Andhra Pradesh",RED-CONC-DN100-SCH 160-A234WPB,28,26441.98,21
HPCL-GAS-04470,HPCL,"Visakh Refinery, Andhra Pradesh",GSKT-RTJ-DN250-PN150-SS316-GRAF,119,1976.73,744
HPCL-PSV-04471,HPCL,"Mumbai Refinery, Maharashtra",VLV-BFV-DN50-PN150-A216WCB-TR8-BW,96,20130.0,275
HPCL-TEE-04472,HPCL,"Visakh Refinery, Andhra Pradesh",TEE-EQ-DN25-SCH 40-A234WPB,47,5781.38,34
HPCL-STU-04473,HPCL,"Mumbai Refinery, Maharashtra",STUD-DN50-180MM-A106GR.B-2H,133,2016.61,364
HPCL-STU-04474,HPCL,"Visakh Refinery, Andhra Pradesh",STUD-DN300-180MM-A182F316-2H,56,5716.54,16
HPCL-CHE-04475,HPCL,"Visakh Refinery, Andhra Pradesh",VLV-CHK-DN500-PN420-A216WCB-TR5-SW,68,25848.86,967
HPCL-STU-04476,HPCL,"Visakh Refinery, Andhra Pradesh",STUD-DN250-180MM-A105-2H,81,3278.81,53
HPCL-ELB-04477,HPCL,"Mumbai Refinery, Maharashtra",ELB-90LR-DN50-SCH 40-A234WPB,135,2635.68,41
HPCL-PIP-04478,HPCL,"Visakh Refinery, Andhra Pradesh",PIPE-SMLS-DN15-SCH 20-A182F316L-BE,38,11025.68,781
HPCL-BUT-04479,HPCL,"Visakh Refinery, Andhra Pradesh",VLV-BFV-DN50-PN100-A182F53-TR16-SW,77,127194.19,511
HPCL-TEE-04480,HPCL,"Mumbai Refinery, Maharashtra",TEE-EQ-DN250-SCH 80-A234WPB,146,4149.83,460
HPCL-GAT-04481,HPCL,"Mumbai Refinery, Maharashtra",VLV-GT-DN20-PN50-A216WCB-TR5-RF,130,20508.32,287
HPCL-FLA-04482,HPCL,"Visakh Refinery, Andhra Pradesh",FLG-WN-DN40-PN150-A182F316-RF,1,17921.69,322
HPCL-BUT-04483,HPCL,"Mumbai Refinery, Maharashtra",VLV-BFV-DN400-PN150-A106GR.B-TR1-RF,7,22921.04,887
HPCL-BAL-04484,HPCL,"Visakh Refinery, Andhra Pradesh",VLV-BL-DN50-PN150-A350LF2-TR12-BW,70,33231.5,19
HPCL-PSV-04485,HPCL,"Mumbai Refinery, Maharashtra",VLV-BFV-DN300-PN100-A193B16-TR5-RTJ,66,18305.58,50
HPCL-FLA-04486,HPCL,"Mumbai Refinery, Maharashtra",FLG-SO-DN100-PN420-A193B7,88,6357.45,44
HPCL-GLO-04487,HPCL,"Mumbai Refinery, Maharashtra",VLV-GL-DN80-PN250-A182F304,129,25646.21,17
HPCL-FLA-04488,HPCL,"Mumbai Refinery, Maharashtra",FLG-SW-DN500-PN100-A182F51,6,16641.88,120
HPCL-PSV-04489,HPCL,"Visakh Refinery, Andhra Pradesh",VLV-BFV-DN600-PN150-A182F11-TR8-FF,84,26450.91,33
HPCL-PSV-04490,HPCL,"Visakh Refinery, Andhra Pradesh",VLV-BFV-DN300-PN20-A106GR.B-TR16-BW,34,19409.95,690
HPCL-GAS-04491,HPCL,"Visakh Refinery, Andhra Pradesh",GSKT-SWG-DN200-PN100-SS316-GRAF,96,3287.26,50
HPCL-GAS-04492,HPCL,"Visakh Refinery, Andhra Pradesh",GSKT-RTJ-DN150-PN50-SS316-GRAF,97,2398.61,16
HPCL-PSV-04493,HPCL,"Mumbai Refinery, Maharashtra",VLV-BFV-DN25-PN20-A216WCB-TR16-RF,2,16925.27,40
HPCL-CEN-04494,HPCL,"Visakh Refinery, Andhra Pradesh",CENTRIFUGAL-PUMP-SPARE-DN100-PN420-INCONEL625,79,371524.9,753
HPCL-RED-04495,HPCL,"Mumbai Refinery, Maharashtra",RED-CONC-DN300-SCH 80-A234WPB,30,20542.8,591
HPCL-STU-04496,HPCL,"Mumbai Refinery, Maharashtra",STUD-DN80-180MM-A193B7-2H,45,2076.14,152
HPCL-FLA-04497,HPCL,"Mumbai Refinery, Maharashtra",FLG-BLD-DN15-PN100-A182F22-RF,34,7086.51,955
HPCL-BUT-04498,HPCL,"Mumbai Refinery, Maharashtra",VLV-BFV-DN100-PN20-A182F316L-TR16-SW,115,39518.54,98
HPCL-ELB-04499,HPCL,"Visakh Refinery, Andhra Pradesh",ELB-90LR-DN250-SCH XXS-A234WPB,26,23937.96,36
HPCL-GAS-04500,HPCL,"Visakh Refinery, Andhra Pradesh",GSKT-RTJ-DN300-PN420-SS316-GRAF,129,7197.33,50
GAIL-GLO-04501,GAIL,"Pata Petrochemical Complex, Uttar Pradesh",VLV-GL-DN80-PN20-A182F51-TR12-RF,40,67841.62,265
GAIL-PSV-04502,GAIL,"Vijaipur Gas Processing Complex, Madhya Pradesh",VLV-BFV-DN50-PN20-A350LF2-TR1-BW,110,25546.65,251
GAIL-PIP-04503,GAIL,"Vijaipur Gas Processing Complex, Madhya Pradesh",PIPE-SMLS-DN300-SCH 160-A182F53-BE,66,18043.63,59
GAIL-GAS-04504,GAIL,"Pata Petrochemical Complex, Uttar Pradesh",GSKT-SWG-DN600-PN20-SS316-GRAF,29,14743.5,225
GAIL-TEE-04505,GAIL,"Vijaipur Gas Processing Complex, Madhya Pradesh",TEE-EQ-DN500-SCH 160-A234WPB,49,4511.79,1106
GAIL-STU-04506,GAIL,"Vijaipur Gas Processing Complex, Madhya Pradesh",STUD-DN25-180MM-A182F53-2H,37,25620.26,211
GAIL-FLA-04507,GAIL,"Vijaipur Gas Processing Complex, Madhya Pradesh",FLG-SW-DN80-PN150-A106GR.B-FF,112,3763.61,49
GAIL-CEN-04508,GAIL,"Vijaipur Gas Processing Complex, Madhya Pradesh",CENTRIFUGAL-PUMP-SPARE-DN400-PN100-ASTMA182F316,128,159663.3,20
GAIL-BAL-04509,GAIL,"Pata Petrochemical Complex, Uttar Pradesh",VLV-BL-DN250-PN420-A182F53,100,195498.09,693
GAIL-BUT-04510,GAIL,"Pata Petrochemical Complex, Uttar Pradesh",VLV-BFV-DN80-PN150-A182F22-TR1-SW,87,22626.37,478
GAIL-CEN-04511,GAIL,"Pata Petrochemical Complex, Uttar Pradesh",CENTRIFUGAL-PUMP-SPARE-DN300-PN420-ASTMA193B16,138,47653.14,914
GAIL-BUT-04512,GAIL,"Pata Petrochemical Complex, Uttar Pradesh",VLV-BFV-DN80-PN420-A105-TR16-RTJ,77,30381.72,547
GAIL-CHE-04513,GAIL,"Vijaipur Gas Processing Complex, Madhya Pradesh",VLV-CHK-DN150-PN150-A216WCB,64,18025.07,60
GAIL-GAT-04514,GAIL,"Vijaipur Gas Processing Complex, Madhya Pradesh",VLV-GT-DN50-PN420-A105,145,23130.53,16
GAIL-GAT-04515,GAIL,"Vijaipur Gas Processing Complex, Madhya Pradesh",VLV-GT-DN300-PN150-A182F22-TR5-SW,120,19708.3,810
GAIL-FLA-04516,GAIL,"Vijaipur Gas Processing Complex, Madhya Pradesh",FLG-SW-DN80-PN150-A182F304,26,3795.47,929
GAIL-GLO-04517,GAIL,"Vijaipur Gas Processing Complex, Madhya Pradesh",VLV-GL-DN50-PN50-INCONEL625-TR12-RF,93,147776.22,102
GAIL-BUT-04518,GAIL,"Pata Petrochemical Complex, Uttar Pradesh",VLV-BFV-DN250-PN50-A350LF2-TR5-BW,129,25963.58,894
GAIL-PIP-04519,GAIL,"Vijaipur Gas Processing Complex, Madhya Pradesh",PIPE-SMLS-DN80-SCH 160-A106GR.B-BE,71,4071.11,1049
GAIL-GLO-04520,GAIL,"Pata Petrochemical Complex, Uttar Pradesh",VLV-GL-DN80-PN250-A216WCB-TR16-BW,62,14578.52,17
GAIL-STU-04521,GAIL,"Vijaipur Gas Processing Complex, Madhya Pradesh",STUD-DN40-180MM-A193B7-2H,75,3572.04,885
GAIL-BUT-04522,GAIL,"Pata Petrochemical Complex, Uttar Pradesh",VLV-BFV-DN250-PN50-INCONEL625-TR16-FF,113,167100.39,322
GAIL-TEE-04523,GAIL,"Vijaipur Gas Processing Complex, Madhya Pradesh",TEE-EQ-DN300-SCH 40-A234WPB,49,2253.64,37
GAIL-PIP-04524,GAIL,"Vijaipur Gas Processing Complex, Madhya Pradesh",PIPE-SMLS-DN20-SCH 160-A182F22-BE,58,2657.35,16
GAIL-PIP-04525,GAIL,"Vijaipur Gas Processing Complex, Madhya Pradesh",PIPE-SMLS-DN50-SCH 160-A106GR.B-BE,122,3598.23,644
GAIL-TEE-04526,GAIL,"Pata Petrochemical Complex, Uttar Pradesh",TEE-EQ-DN20-SCH 20-A234WPB,62,2037.2,58
GAIL-BAL-04527,GAIL,"Vijaipur Gas Processing Complex, Madhya Pradesh",VLV-BL-DN20-PN20-INCONEL625-TR1-SW,64,180157.73,173
GAIL-STU-04528,GAIL,"Pata Petrochemical Complex, Uttar Pradesh",STUD-DN150-180MM-A182F22-2H,69,2668.62,320
GAIL-BAL-04529,GAIL,"Vijaipur Gas Processing Complex, Madhya Pradesh",VLV-BL-DN250-PN20-A182F316-TR16-RF,96,78489.98,191
GAIL-BUT-04530,GAIL,"Pata Petrochemical Complex, Uttar Pradesh",VLV-BFV-DN300-PN250-A182F11-TR12-FF,27,19271.72,34
GAIL-GAS-04531,GAIL,"Pata Petrochemical Complex, Uttar Pradesh",GSKT-SWG-DN200-PN50-SS316-GRAF,97,2830.74,913
GAIL-GAS-04532,GAIL,"Pata Petrochemical Complex, Uttar Pradesh",GSKT-RTJ-DN100-PN150,149,2199.99,1112
GAIL-ELB-04533,GAIL,"Vijaipur Gas Processing Complex, Madhya Pradesh",ELB-90LR-DN100-SCH 160-A234WPB,117,26433.79,917
GAIL-PIP-04534,GAIL,"Vijaipur Gas Processing Complex, Madhya Pradesh",PIPE-SMLS-DN150-SCH XXS-A182F316-BE,112,8003.99,49
GAIL-CEN-04535,GAIL,"Pata Petrochemical Complex, Uttar Pradesh",CENTRIFUGAL-PUMP-SPARE-DN400-PN50-ASTMA182F51,122,113456.53,213
GAIL-GAS-04536,GAIL,"Vijaipur Gas Processing Complex, Madhya Pradesh",GSKT-RTJ-DN100-PN100-SS316-GRAF,115,2018.54,279
GAIL-FLA-04537,GAIL,"Vijaipur Gas Processing Complex, Madhya Pradesh",FLG-WN-DN40-PN50-A193B7-RTJ,64,4453.38,261
GAIL-STU-04538,GAIL,"Pata Petrochemical Complex, Uttar Pradesh",STUD-DN400-180MM-A182F53-2H,41,20958.97,268
GAIL-PIP-04539,GAIL,"Pata Petrochemical Complex, Uttar Pradesh",PIPE-SMLS-DN300-SCH 40-A182F11-BE,113,3520.75,1077
GAIL-RED-04540,GAIL,"Pata Petrochemical Complex, Uttar Pradesh",RED-CONC-DN300-SCH 20-A234WPB,89,3912.43,666
GAIL-GAT-04541,GAIL,"Pata Petrochemical Complex, Uttar Pradesh",VLV-GT-DN50-PN250-A182F11-TR12-FF,102,23162.21,12
GAIL-BAL-04542,GAIL,"Vijaipur Gas Processing Complex, Madhya Pradesh",VLV-BL-DN40-PN150-A182F11-TR16-FF,96,29941.38,115
GAIL-GAT-04543,GAIL,"Pata Petrochemical Complex, Uttar Pradesh",VLV-GT-DN200-PN250-A182F316L-TR12-BW,98,41865.66,47
GAIL-CEN-04544,GAIL,"Vijaipur Gas Processing Complex, Madhya Pradesh",CENTRIFUGAL-PUMP-SPARE-DN100-PN150-ASTMA193B7,115,36812.34,130
GAIL-GAT-04545,GAIL,"Vijaipur Gas Processing Complex, Madhya Pradesh",VLV-GT-DN250-PN250-A182F51-TR8-RF,41,69212.96,7
GAIL-CEN-04546,GAIL,"Pata Petrochemical Complex, Uttar Pradesh",CENTRIFUGAL-PUMP-SPARE-DN40-PN20-ASTMA182F53,143,375538.86,30
GAIL-CHE-04547,GAIL,"Vijaipur Gas Processing Complex, Madhya Pradesh",VLV-CHK-DN20-PN150-A182F304-TR1-RF,66,31543.52,299
GAIL-BAL-04548,GAIL,"Pata Petrochemical Complex, Uttar Pradesh",VLV-BL-DN80-PN100-A182F316-TR5-RTJ,20,54293.98,1129
GAIL-GAT-04549,GAIL,"Pata Petrochemical Complex, Uttar Pradesh",VLV-GT-DN100-PN50-A182F316-TR5-BW,60,59120.29,248
GAIL-BUT-04550,GAIL,"Vijaipur Gas Processing Complex, Madhya Pradesh",VLV-BFV-DN25-PN100-A105-TR8-BW,1,14773.16,135
GAIL-CHE-04551,GAIL,"Vijaipur Gas Processing Complex, Madhya Pradesh",VLV-CHK-DN250-PN150-A182F316L-TR1-BW,123,57779.52,141
GAIL-GAT-04552,GAIL,"Vijaipur Gas Processing Complex, Madhya Pradesh",VLV-GT-DN100-PN100-A182F304-TR8-RTJ,150,14783.59,252
GAIL-CEN-04553,GAIL,"Pata Petrochemical Complex, Uttar Pradesh",CENTRIFUGAL-PUMP-SPARE-DN400-PN20-ASTMA105,134,47475.72,29
GAIL-RED-04554,GAIL,"Pata Petrochemical Complex, Uttar Pradesh",RED-CONC-DN40-SCH 80-A234WPB,117,2110.94,999
GAIL-RED-04555,GAIL,"Pata Petrochemical Complex, Uttar Pradesh",RED-CONC-DN50-SCH 40-A234WPB,7,3890.43,40
GAIL-STU-04556,GAIL,"Pata Petrochemical Complex, Uttar Pradesh",STUD-DN600-180MM-A105-2H,62,3433.01,52
GAIL-PSV-04557,GAIL,"Pata Petrochemical Complex, Uttar Pradesh",VLV-BFV-DN200-PN150-A193B16,93,23194.03,479
GAIL-PSV-04558,GAIL,"Pata Petrochemical Complex, Uttar Pradesh",VLV-BFV-DN500-PN420-A182F11,55,13551.48,6
GAIL-GAS-04559,GAIL,"Pata Petrochemical Complex, Uttar Pradesh",GSKT-RTJ-DN20-PN150-SS316-GRAF,127,20663.58,36
GAIL-STU-04560,GAIL,"Vijaipur Gas Processing Complex, Madhya Pradesh",STUD-DN20-180MM-A193B7-2H,121,2261.77,60
GAIL-GAS-04561,GAIL,"Pata Petrochemical Complex, Uttar Pradesh",GSKT-SWG-DN20-PN100-SS316-GRAF,64,7109.04,15
GAIL-GAS-04562,GAIL,"Pata Petrochemical Complex, Uttar Pradesh",GSKT-SWG-DN20-PN100-SS316-GRAF,115,3704.1,10
GAIL-TEE-04563,GAIL,"Pata Petrochemical Complex, Uttar Pradesh",TEE-EQ-DN25-SCH XXS-A234WPB,74,2936.96,15
GAIL-PIP-04564,GAIL,"Pata Petrochemical Complex, Uttar Pradesh",PIPE-SMLS-DN600-SCH XXS-A216WCB-BE,73,3645.61,49
GAIL-GAS-04565,GAIL,"Vijaipur Gas Processing Complex, Madhya Pradesh",GSKT-SWG-DN100-PN50-SS316-GRAF,116,4583.59,768
GAIL-GAS-04566,GAIL,"Pata Petrochemical Complex, Uttar Pradesh",GSKT-SWG-DN25-PN250-SS316-GRAF,125,4463.84,234
GAIL-RED-04567,GAIL,"Vijaipur Gas Processing Complex, Madhya Pradesh",RED-CONC-DN150-SCH 80-A234WPB,80,2465.78,130
GAIL-ELB-04568,GAIL,"Vijaipur Gas Processing Complex, Madhya Pradesh",ELB-90LR-DN80-SCH 80-A234WPB,46,3467.32,156
GAIL-PSV-04569,GAIL,"Vijaipur Gas Processing Complex, Madhya Pradesh",VLV-BFV-DN250-PN100-A182F304,82,31697.49,321
GAIL-CEN-04570,GAIL,"Pata Petrochemical Complex, Uttar Pradesh",CENTRIFUGAL-PUMP-SPARE-DN300-PN150-ASTMA193B16,8,78874.97,720
GAIL-FLA-04571,GAIL,"Pata Petrochemical Complex, Uttar Pradesh",FLG-SW-DN300-PN150-A106GR.B-RTJ,32,4657.29,237
GAIL-GLO-04572,GAIL,"Pata Petrochemical Complex, Uttar Pradesh",VLV-GL-DN80-PN50-A182F304-TR16-FF,133,30755.71,212
GAIL-GAS-04573,GAIL,"Pata Petrochemical Complex, Uttar Pradesh",GSKT-RTJ-DN15-PN420-SS316-GRAF,122,9096.91,974
GAIL-TEE-04574,GAIL,"Pata Petrochemical Complex, Uttar Pradesh",TEE-EQ-DN300-SCH 40-A234WPB,2,3653.54,56
GAIL-CHE-04575,GAIL,"Pata Petrochemical Complex, Uttar Pradesh",VLV-CHK-DN400-PN50-A182F22-TR12-FF,126,30633.34,967
GAIL-FLA-04576,GAIL,"Pata Petrochemical Complex, Uttar Pradesh",FLG-SW-DN25-PN50-A216WCB-RF,144,7951.24,840
GAIL-GAS-04577,GAIL,"Vijaipur Gas Processing Complex, Madhya Pradesh",GSKT-RTJ-DN400-PN420-SS316-GRAF,65,4428.0,15
GAIL-CHE-04578,GAIL,"Pata Petrochemical Complex, Uttar Pradesh",VLV-CHK-DN150-PN150-A216WCB-TR1-FF,9,13748.47,364
GAIL-GAT-04579,GAIL,"Vijaipur Gas Processing Complex, Madhya Pradesh",VLV-GT-DN100-PN20-A193B16,130,23599.85,40
GAIL-STU-04580,GAIL,"Vijaipur Gas Processing Complex, Madhya Pradesh",STUD-DN25-180MM-A105-2H,131,3020.78,388
GAIL-RED-04581,GAIL,"Vijaipur Gas Processing Complex, Madhya Pradesh",RED-CONC-DN20-SCH 160-A234WPB,29,2901.52,122
GAIL-BAL-04582,GAIL,"Vijaipur Gas Processing Complex, Madhya Pradesh",VLV-BL-DN80-PN250-INCONEL625,6,170674.92,982
GAIL-PIP-04583,GAIL,"Vijaipur Gas Processing Complex, Madhya Pradesh",PIPE-SMLS-DN400-SCH 80-A182F53-BE,145,26615.68,919
GAIL-PIP-04584,GAIL,"Vijaipur Gas Processing Complex, Madhya Pradesh",PIPE-SMLS-DN300-SCH 160-A182F22-BE,146,3772.18,256
GAIL-GAT-04585,GAIL,"Vijaipur Gas Processing Complex, Madhya Pradesh",VLV-GT-DN150-PN20-A193B16,22,28185.9,115
GAIL-CHE-04586,GAIL,"Pata Petrochemical Complex, Uttar Pradesh",VLV-CHK-DN150-PN50-A350LF2,52,18760.98,135
GAIL-TEE-04587,GAIL,"Pata Petrochemical Complex, Uttar Pradesh",TEE-EQ-DN20-SCH XXS-A234WPB,70,3708.45,329
GAIL-GAT-04588,GAIL,"Pata Petrochemical Complex, Uttar Pradesh",VLV-GT-DN400-PN250-A106GR.B,129,25789.31,977
GAIL-CEN-04589,GAIL,"Vijaipur Gas Processing Complex, Madhya Pradesh",CENTRIFUGAL-PUMP-SPARE-DN80-PN20-ASTMA106GR.B,122,43911.8,290
GAIL-TEE-04590,GAIL,"Pata Petrochemical Complex, Uttar Pradesh",TEE-EQ-DN50-SCH 80-A234WPB,1,3799.85,41
GAIL-FLA-04591,GAIL,"Pata Petrochemical Complex, Uttar Pradesh",FLG-BLD-DN50-PN50-A182F316L-SW,99,12735.74,448
GAIL-TEE-04592,GAIL,"Vijaipur Gas Processing Complex, Madhya Pradesh",TEE-EQ-DN300-SCH XXS-A234WPB,84,2053.91,148
GAIL-PSV-04593,GAIL,"Pata Petrochemical Complex, Uttar Pradesh",VLV-BFV-DN40-PN100-A350LF2-TR16-SW,94,25428.5,21
GAIL-FLA-04594,GAIL,"Pata Petrochemical Complex, Uttar Pradesh",FLG-WN-DN20-PN20-A182F304-FF,107,6278.46,983
GAIL-GAS-04595,GAIL,"Vijaipur Gas Processing Complex, Madhya Pradesh",GSKT-SWG-DN500-PN50-SS316-GRAF,100,4072.89,1146
GAIL-CHE-04596,GAIL,"Pata Petrochemical Complex, Uttar Pradesh",VLV-CHK-DN600-PN250-A193B7-TR8-BW,146,14036.17,387
GAIL-GAT-04597,GAIL,"Pata Petrochemical Complex, Uttar Pradesh",VLV-GT-DN150-PN250-A105-TR1-BW,97,20816.61,6
GAIL-PSV-04598,GAIL,"Vijaipur Gas Processing Complex, Madhya Pradesh",VLV-BFV-DN150-PN100-INCONEL625-TR12-SW,149,113258.27,1095
GAIL-CHE-04599,GAIL,"Vijaipur Gas Processing Complex, Madhya Pradesh",VLV-CHK-DN400-PN150-A182F11-TR16-RF,99,28011.89,26
GAIL-BAL-04600,GAIL,"Vijaipur Gas Processing Complex, Madhya Pradesh",VLV-BL-DN200-PN420-A182F51-TR5-RF,32,34107.66,1087
GAIL-STU-04601,GAIL,"Vijaipur Gas Processing Complex, Madhya Pradesh",STUD-DN600-180MM-A350LF2-2H,6,3223.96,359
GAIL-GAS-04602,GAIL,"Vijaipur Gas Processing Complex, Madhya Pradesh",GSKT-SWG-DN200-PN250-SS316-GRAF,30,5270.91,535
GAIL-ELB-04603,GAIL,"Pata Petrochemical Complex, Uttar Pradesh",ELB-90LR-DN150-SCH 160-A234WPB,69,6826.02,290
GAIL-GAS-04604,GAIL,"Pata Petrochemical Complex, Uttar Pradesh",GSKT-RTJ-DN80-PN250-SS316-GRAF,114,4299.67,25
GAIL-BUT-04605,GAIL,"Vijaipur Gas Processing Complex, Madhya Pradesh",VLV-BFV-DN150-PN250-A182F304-TR16-FF,91,15236.91,626
GAIL-PSV-04606,GAIL,"Pata Petrochemical Complex, Uttar Pradesh",VLV-BFV-DN250-PN20-A182F11-TR8-RF,86,19509.71,684
GAIL-PIP-04607,GAIL,"Vijaipur Gas Processing Complex, Madhya Pradesh",PIPE-SMLS-DN200-SCH 80-A216WCB-BE,117,4120.9,1179
GAIL-CEN-04608,GAIL,"Vijaipur Gas Processing Complex, Madhya Pradesh",CENTRIFUGAL-PUMP-SPARE-DN150-PN100-ASTMA193B16,39,75669.07,46
GAIL-PSV-04609,GAIL,"Vijaipur Gas Processing Complex, Madhya Pradesh",VLV-BFV-DN80-PN250-A350LF2,17,15528.86,13
GAIL-GAS-04610,GAIL,"Vijaipur Gas Processing Complex, Madhya Pradesh",GSKT-RTJ-DN15-PN420-SS316-GRAF,108,9740.14,8
GAIL-GLO-04611,GAIL,"Pata Petrochemical Complex, Uttar Pradesh",VLV-GL-DN250-PN420-A182F51-TR12-BW,59,51477.19,91
GAIL-STU-04612,GAIL,"Vijaipur Gas Processing Complex, Madhya Pradesh",STUD-DN600-180MM-A182F51-2H,33,10139.14,141
GAIL-STU-04613,GAIL,"Pata Petrochemical Complex, Uttar Pradesh",STUD-DN600-180MM-A193B16-2H,33,2463.04,1025
GAIL-CEN-04614,GAIL,"Pata Petrochemical Complex, Uttar Pradesh",CENTRIFUGAL-PUMP-SPARE-DN600-PN420-ASTMA105,103,57066.78,99
GAIL-GAT-04615,GAIL,"Pata Petrochemical Complex, Uttar Pradesh",VLV-GT-DN80-PN150-A182F53-TR5-RTJ,76,163812.15,19
GAIL-PSV-04616,GAIL,"Pata Petrochemical Complex, Uttar Pradesh",VLV-BFV-DN500-PN250-A193B7-TR8-BW,67,24249.94,212
GAIL-BAL-04617,GAIL,"Pata Petrochemical Complex, Uttar Pradesh",VLV-BL-DN600-PN250-A182F11-TR8-RF,107,18517.57,38
GAIL-PIP-04618,GAIL,"Pata Petrochemical Complex, Uttar Pradesh",PIPE-SMLS-DN25-SCH 40-A182F316L-BE,25,7671.55,353
GAIL-FLA-04619,GAIL,"Vijaipur Gas Processing Complex, Madhya Pradesh",FLG-WN-DN50-PN420-A106GR.B-RTJ,35,8067.21,53
GAIL-GAT-04620,GAIL,"Vijaipur Gas Processing Complex, Madhya Pradesh",VLV-GT-DN300-PN20-A182F53,121,149315.2,638
GAIL-GAS-04621,GAIL,"Vijaipur Gas Processing Complex, Madhya Pradesh",GSKT-SWG-DN500-PN420-SS316-GRAF,97,5722.48,17
GAIL-GAT-04622,GAIL,"Pata Petrochemical Complex, Uttar Pradesh",VLV-GT-DN80-PN420-A182F51-TR1-RTJ,123,68001.93,318
GAIL-BUT-04623,GAIL,"Pata Petrochemical Complex, Uttar Pradesh",VLV-BFV-DN25-PN50-INCONEL625,75,197190.19,13
GAIL-PIP-04624,GAIL,"Pata Petrochemical Complex, Uttar Pradesh",PIPE-SMLS-DN600-SCH 80-A182F316L-BE,92,10985.77,1007
GAIL-GLO-04625,GAIL,"Pata Petrochemical Complex, Uttar Pradesh",VLV-GL-DN250-PN50-A106GR.B-TR8-RF,114,28388.78,5
GAIL-PIP-04626,GAIL,"Pata Petrochemical Complex, Uttar Pradesh",PIPE-SMLS-DN400-A193B16-BE,30,3876.16,1143
GAIL-PSV-04627,GAIL,"Pata Petrochemical Complex, Uttar Pradesh",VLV-BFV-DN20-PN20-A350LF2-TR1-RF,68,21268.74,556
GAIL-CEN-04628,GAIL,"Vijaipur Gas Processing Complex, Madhya Pradesh",CENTRIFUGAL-PUMP-SPARE-DN200-PN150-ASTMA105,89,38152.84,274
GAIL-STU-04629,GAIL,"Pata Petrochemical Complex, Uttar Pradesh",STUD-DN25-180MM-A182F22-2H,3,2332.94,200
GAIL-BAL-04630,GAIL,"Vijaipur Gas Processing Complex, Madhya Pradesh",VLV-BL-DN100-PN250-A182F53-TR1-SW,112,123399.43,295
GAIL-CHE-04631,GAIL,"Pata Petrochemical Complex, Uttar Pradesh",VLV-CHK-DN40-PN20-A182F11-TR5-SW,43,30796.19,716
GAIL-CHE-04632,GAIL,"Pata Petrochemical Complex, Uttar Pradesh",VLV-CHK-DN100-PN20-A182F304-TR16-FF,131,18754.22,923
GAIL-GAT-04633,GAIL,"Pata Petrochemical Complex, Uttar Pradesh",VLV-GT-DN50-PN420-A182F53-TR5-RTJ,70,156361.27,239
GAIL-GAS-04634,GAIL,"Vijaipur Gas Processing Complex, Madhya Pradesh",GSKT-RTJ-DN100-PN250-SS316-GRAF,80,2703.34,132
GAIL-GLO-04635,GAIL,"Pata Petrochemical Complex, Uttar Pradesh",VLV-GL-DN100-PN420-A106GR.B-TR5-BW,15,22997.05,1174
GAIL-GAT-04636,GAIL,"Vijaipur Gas Processing Complex, Madhya Pradesh",VLV-GT-DN50-PN420-A182F304-TR5-SW,102,15782.21,582
GAIL-RED-04637,GAIL,"Pata Petrochemical Complex, Uttar Pradesh",RED-CONC-DN400-SCH 80-A234WPB,29,10434.76,179
GAIL-GAS-04638,GAIL,"Vijaipur Gas Processing Complex, Madhya Pradesh",GSKT-RTJ-DN40-PN250-SS316-GRAF,55,6442.87,40
GAIL-GAS-04639,GAIL,"Pata Petrochemical Complex, Uttar Pradesh",GSKT-SWG-DN20-PN420-SS316-GRAF,150,11231.48,895
GAIL-RED-04640,GAIL,"Vijaipur Gas Processing Complex, Madhya Pradesh",RED-CONC-DN40-A234WPB,129,16255.93,45
GAIL-BUT-04641,GAIL,"Vijaipur Gas Processing Complex, Madhya Pradesh",VLV-BFV-DN20-PN100-A105,107,16135.62,770
GAIL-PIP-04642,GAIL,"Pata Petrochemical Complex, Uttar Pradesh",PIPE-SMLS-DN400-SCH 20-A216WCB-BE,80,2507.62,154
GAIL-PSV-04643,GAIL,"Vijaipur Gas Processing Complex, Madhya Pradesh",VLV-BFV-DN150-PN100-A182F316-TR1-FF,53,65934.64,242
GAIL-GAS-04644,GAIL,"Vijaipur Gas Processing Complex, Madhya Pradesh",GSKT-SWG-DN80-PN20-SS316-GRAF,23,2219.06,441
GAIL-STU-04645,GAIL,"Pata Petrochemical Complex, Uttar Pradesh",STUD-DN25-180MM-A193B16-2H,92,4283.99,932
GAIL-TEE-04646,GAIL,"Pata Petrochemical Complex, Uttar Pradesh",TEE-EQ-DN25-SCH 40-A234WPB,11,2328.53,126
GAIL-PIP-04647,GAIL,"Vijaipur Gas Processing Complex, Madhya Pradesh",PIPE-SMLS-DN40-SCH XXS-A182F316L-BE,141,5779.97,284
GAIL-ELB-04648,GAIL,"Vijaipur Gas Processing Complex, Madhya Pradesh",ELB-90LR-DN80-SCH 20-A234WPB,76,3470.93,740
GAIL-PSV-04649,GAIL,"Pata Petrochemical Complex, Uttar Pradesh",VLV-BFV-DN40-PN100-A182F11,86,31649.08,151
GAIL-CHE-04650,GAIL,"Vijaipur Gas Processing Complex, Madhya Pradesh",VLV-CHK-DN40-PN150-A182F304-TR8-BW,16,21938.57,259
GAIL-BAL-04651,GAIL,"Pata Petrochemical Complex, Uttar Pradesh",VLV-BL-DN20-PN250-A105-TR8-RF,67,31512.69,26
GAIL-CEN-04652,GAIL,"Pata Petrochemical Complex, Uttar Pradesh",CENTRIFUGAL-PUMP-SPARE-DN100-PN420-INCONEL625,142,451926.86,57
GAIL-GLO-04653,GAIL,"Pata Petrochemical Complex, Uttar Pradesh",VLV-GL-DN200-PN50-A182F316L-TR8-FF,101,36412.21,939
GAIL-BAL-04654,GAIL,"Pata Petrochemical Complex, Uttar Pradesh",VLV-BL-DN600-PN250-A193B16-TR5-SW,144,27970.83,763
GAIL-RED-04655,GAIL,"Vijaipur Gas Processing Complex, Madhya Pradesh",RED-CONC-DN80-SCH 20-A234WPB,47,19998.89,23
GAIL-FLA-04656,GAIL,"Pata Petrochemical Complex, Uttar Pradesh",FLG-SW-DN600-PN20-A182F316-RTJ,60,16513.53,6
GAIL-ELB-04657,GAIL,"Vijaipur Gas Processing Complex, Madhya Pradesh",ELB-90LR-DN300-A234WPB,76,4085.73,949
GAIL-CHE-04658,GAIL,"Pata Petrochemical Complex, Uttar Pradesh",VLV-CHK-DN50-PN250-A182F11,95,25096.83,103
GAIL-PSV-04659,GAIL,"Vijaipur Gas Processing Complex, Madhya Pradesh",VLV-BFV-DN300-PN20-A182F304-TR16-FF,79,15574.04,346
GAIL-FLA-04660,GAIL,"Vijaipur Gas Processing Complex, Madhya Pradesh",FLG-WN-DN500-PN100-A182F22-SW,83,6830.74,503
GAIL-GAT-04661,GAIL,"Pata Petrochemical Complex, Uttar Pradesh",VLV-GT-DN100-PN250-A182F22-TR16-BW,135,19082.65,248
GAIL-PSV-04662,GAIL,"Vijaipur Gas Processing Complex, Madhya Pradesh",VLV-BFV-DN300-PN250-A182F316L-TR1-RTJ,26,48836.01,1151
GAIL-BAL-04663,GAIL,"Vijaipur Gas Processing Complex, Madhya Pradesh",VLV-BL-DN100-PN100-A216WCB-TR12-BW,62,28916.55,299
GAIL-GAS-04664,GAIL,"Pata Petrochemical Complex, Uttar Pradesh",GSKT-RTJ-DN20-PN150-SS316-GRAF,76,6313.8,149
GAIL-GAS-04665,GAIL,"Pata Petrochemical Complex, Uttar Pradesh",GSKT-RTJ-DN150-PN20-SS316-GRAF,111,19865.54,24
GAIL-BUT-04666,GAIL,"Pata Petrochemical Complex, Uttar Pradesh",VLV-BFV-DN15-PN20-A182F316L-TR5-FF,21,35089.95,573
GAIL-GAT-04667,GAIL,"Vijaipur Gas Processing Complex, Madhya Pradesh",VLV-GT-DN20-PN20-A193B16,34,14399.83,323
GAIL-ELB-04668,GAIL,"Vijaipur Gas Processing Complex, Madhya Pradesh",ELB-90LR-DN20-SCH XXS-A234WPB,71,4311.83,17
GAIL-GAS-04669,GAIL,"Pata Petrochemical Complex, Uttar Pradesh",GSKT-SWG-DN500-PN150-SS316-GRAF,3,3274.54,410
GAIL-GLO-04670,GAIL,"Vijaipur Gas Processing Complex, Madhya Pradesh",VLV-GL-DN100-PN420-A182F51-TR12-FF,74,41847.41,182
GAIL-STU-04671,GAIL,"Pata Petrochemical Complex, Uttar Pradesh",STUD-DN600-180MM-A182F51-2H,75,7427.08,158
GAIL-GAS-04672,GAIL,"Pata Petrochemical Complex, Uttar Pradesh",GSKT-RTJ-DN500-PN50,30,3855.46,392
GAIL-CEN-04673,GAIL,"Vijaipur Gas Processing Complex, Madhya Pradesh",CENTRIFUGAL-PUMP-SPARE-DN250-PN150-ASTMA182F316L,93,192548.76,949
GAIL-FLA-04674,GAIL,"Vijaipur Gas Processing Complex, Madhya Pradesh",FLG-WN-DN250-PN250-A193B7-SW,36,6132.77,91
GAIL-TEE-04675,GAIL,"Vijaipur Gas Processing Complex, Madhya Pradesh",TEE-EQ-DN50-SCH 160-A234WPB,76,4095.98,119
GAIL-ELB-04676,GAIL,"Vijaipur Gas Processing Complex, Madhya Pradesh",ELB-90LR-DN25-SCH 20-A234WPB,5,10438.45,32
GAIL-CHE-04677,GAIL,"Pata Petrochemical Complex, Uttar Pradesh",VLV-CHK-DN300-PN50-A182F22,121,24119.42,1114
GAIL-GLO-04678,GAIL,"Vijaipur Gas Processing Complex, Madhya Pradesh",VLV-GL-DN250-PN50-A182F22-TR8-BW,39,17083.46,496
GAIL-TEE-04679,GAIL,"Pata Petrochemical Complex, Uttar Pradesh",TEE-EQ-DN80-SCH 160-A234WPB,56,4002.36,16
GAIL-ELB-04680,GAIL,"Pata Petrochemical Complex, Uttar Pradesh",ELB-90LR-DN500-SCH 40-A234WPB,15,3293.31,1025
GAIL-GAT-04681,GAIL,"Vijaipur Gas Processing Complex, Madhya Pradesh",VLV-GT-DN300-PN50-A182F304-TR16-SW,43,17749.36,546
GAIL-GAS-04682,GAIL,"Vijaipur Gas Processing Complex, Madhya Pradesh",GSKT-SWG-DN200-PN420,25,3981.73,30
GAIL-CHE-04683,GAIL,"Pata Petrochemical Complex, Uttar Pradesh",VLV-CHK-DN50-PN100-A182F22,92,29843.06,21
GAIL-ELB-04684,GAIL,"Vijaipur Gas Processing Complex, Madhya Pradesh",ELB-90LR-DN500-SCH 20-A234WPB,43,4373.58,994
GAIL-PSV-04685,GAIL,"Vijaipur Gas Processing Complex, Madhya Pradesh",VLV-BFV-DN600-PN100-A182F51-TR5-RF,14,59720.6,55
GAIL-GLO-04686,GAIL,"Pata Petrochemical Complex, Uttar Pradesh",VLV-GL-DN500-PN250-A193B7-TR12-RF,64,13538.99,340
GAIL-GAS-04687,GAIL,"Vijaipur Gas Processing Complex, Madhya Pradesh",GSKT-SWG-DN150-PN150-SS316-GRAF,24,3874.78,52
GAIL-CHE-04688,GAIL,"Pata Petrochemical Complex, Uttar Pradesh",VLV-CHK-DN250-PN20-A350LF2-TR16-RTJ,48,18383.58,1166
GAIL-FLA-04689,GAIL,"Vijaipur Gas Processing Complex, Madhya Pradesh",FLG-BLD-DN20-PN250-A182F316-SW,119,20059.01,523
GAIL-STU-04690,GAIL,"Pata Petrochemical Complex, Uttar Pradesh",STUD-DN15-180MM-A105-2H,91,2310.25,159
GAIL-BUT-04691,GAIL,"Vijaipur Gas Processing Complex, Madhya Pradesh",VLV-BFV-DN20-PN150-A182F316L-TR5-BW,6,36900.27,255
GAIL-BUT-04692,GAIL,"Vijaipur Gas Processing Complex, Madhya Pradesh",VLV-BFV-DN80-PN20-A193B7-TR12-BW,12,31120.37,246
GAIL-GAS-04693,GAIL,"Pata Petrochemical Complex, Uttar Pradesh",GSKT-SWG-DN150-PN20-SS316-GRAF,103,3217.55,1122
GAIL-TEE-04694,GAIL,"Vijaipur Gas Processing Complex, Madhya Pradesh",TEE-EQ-DN250-SCH 40-A234WPB,57,3729.9,375
GAIL-CHE-04695,GAIL,"Vijaipur Gas Processing Complex, Madhya Pradesh",VLV-CHK-DN20-PN100-A350LF2-TR16-RF,81,29142.16,997
GAIL-CHE-04696,GAIL,"Pata Petrochemical Complex, Uttar Pradesh",VLV-CHK-DN50-PN50-A105-TR1-SW,27,29872.36,20
GAIL-GAT-04697,GAIL,"Vijaipur Gas Processing Complex, Madhya Pradesh",VLV-GT-DN200-PN420-A216WCB-TR1-FF,140,15644.88,346
GAIL-RED-04698,GAIL,"Pata Petrochemical Complex, Uttar Pradesh",RED-CONC-DN300-SCH XXS-A234WPB,35,25683.51,405
GAIL-RED-04699,GAIL,"Vijaipur Gas Processing Complex, Madhya Pradesh",RED-CONC-DN250-SCH XXS-A234WPB,10,3028.76,232
GAIL-TEE-04700,GAIL,"Pata Petrochemical Complex, Uttar Pradesh",TEE-EQ-DN250-SCH 40-A234WPB,147,9875.1,39
GAIL-ELB-04701,GAIL,"Vijaipur Gas Processing Complex, Madhya Pradesh",ELB-90LR-DN600-SCH 160-A234WPB,70,4144.76,488
GAIL-BUT-04702,GAIL,"Vijaipur Gas Processing Complex, Madhya Pradesh",VLV-BFV-DN150-PN50-A106GR.B-TR8-RF,83,20117.94,381
GAIL-GAT-04703,GAIL,"Pata Petrochemical Complex, Uttar Pradesh",VLV-GT-DN50-PN50-A182F53-TR12-SW,58,82960.22,15
GAIL-ELB-04704,GAIL,"Vijaipur Gas Processing Complex, Madhya Pradesh",ELB-90LR-DN25-SCH 80-A234WPB,38,2538.8,152
GAIL-CHE-04705,GAIL,"Pata Petrochemical Complex, Uttar Pradesh",VLV-CHK-DN100-PN150-A182F304-TR12-BW,113,28490.44,315
GAIL-ELB-04706,GAIL,"Vijaipur Gas Processing Complex, Madhya Pradesh",ELB-90LR-DN80-SCH 20-A234WPB,78,11236.92,260
GAIL-BAL-04707,GAIL,"Pata Petrochemical Complex, Uttar Pradesh",VLV-BL-DN300-PN250-A193B16-TR12-SW,112,28969.6,43
GAIL-PIP-04708,GAIL,"Pata Petrochemical Complex, Uttar Pradesh",PIPE-SMLS-DN500-SCH 80-A193B7-BE,123,3942.67,29
GAIL-GAS-04709,GAIL,"Pata Petrochemical Complex, Uttar Pradesh",GSKT-RTJ-DN15-PN20,9,19205.21,49
GAIL-CEN-04710,GAIL,"Pata Petrochemical Complex, Uttar Pradesh",CENTRIFUGAL-PUMP-SPARE-DN50-PN20-ASTMA106GR.B,139,57741.08,52
GAIL-GLO-04711,GAIL,"Pata Petrochemical Complex, Uttar Pradesh",VLV-GL-DN300-PN50-A182F316-TR1-SW,42,57249.65,223
GAIL-PSV-04712,GAIL,"Vijaipur Gas Processing Complex, Madhya Pradesh",VLV-BFV-DN25-PN150-A182F316-TR8-FF,133,78975.48,180
GAIL-GAS-04713,GAIL,"Vijaipur Gas Processing Complex, Madhya Pradesh",GSKT-RTJ-DN100-PN250,100,7776.82,54
GAIL-STU-04714,GAIL,"Vijaipur Gas Processing Complex, Madhya Pradesh",STUD-DN200-180MM-A193B16-2H,49,3119.77,690
GAIL-RED-04715,GAIL,"Vijaipur Gas Processing Complex, Madhya Pradesh",RED-CONC-DN500-SCH 40-A234WPB,145,11729.84,9
GAIL-GLO-04716,GAIL,"Vijaipur Gas Processing Complex, Madhya Pradesh",VLV-GL-DN400-PN250-A106GR.B-TR5-BW,29,20733.74,35
GAIL-CEN-04717,GAIL,"Pata Petrochemical Complex, Uttar Pradesh",CENTRIFUGAL-PUMP-SPARE-DN40-PN100-ASTMA182F316L,108,100528.44,350
GAIL-CHE-04718,GAIL,"Vijaipur Gas Processing Complex, Madhya Pradesh",VLV-CHK-DN20-PN50-A182F51,91,77594.54,120
GAIL-CHE-04719,GAIL,"Pata Petrochemical Complex, Uttar Pradesh",VLV-CHK-DN300-PN20-A216WCB-TR1-SW,40,19274.28,294
GAIL-PIP-04720,GAIL,"Pata Petrochemical Complex, Uttar Pradesh",PIPE-SMLS-DN20-SCH 160-A193B16-BE,44,3516.03,995
GAIL-CHE-04721,GAIL,"Vijaipur Gas Processing Complex, Madhya Pradesh",VLV-CHK-DN300-PN250-A182F51-TR5-RF,67,60007.11,1096
GAIL-GAS-04722,GAIL,"Pata Petrochemical Complex, Uttar Pradesh",GSKT-SWG-DN600-PN100-SS316-GRAF,18,8975.08,351
GAIL-RED-04723,GAIL,"Vijaipur Gas Processing Complex, Madhya Pradesh",RED-CONC-DN250-A234WPB,11,2901.33,1137
GAIL-BUT-04724,GAIL,"Pata Petrochemical Complex, Uttar Pradesh",VLV-BFV-DN20-PN20-A182F22-TR8-RTJ,119,20698.85,1090
GAIL-RED-04725,GAIL,"Vijaipur Gas Processing Complex, Madhya Pradesh",RED-CONC-DN300-SCH 40-A234WPB,83,5012.78,16
GAIL-CEN-04726,GAIL,"Vijaipur Gas Processing Complex, Madhya Pradesh",CENTRIFUGAL-PUMP-SPARE-DN50-PN100-ASTMA193B7,146,73802.54,619
GAIL-FLA-04727,GAIL,"Pata Petrochemical Complex, Uttar Pradesh",FLG-SW-DN500-PN150-A182F51-FF,113,10275.32,818
GAIL-ELB-04728,GAIL,"Vijaipur Gas Processing Complex, Madhya Pradesh",ELB-90LR-DN20-SCH 40-A234WPB,52,20217.31,309
GAIL-GAS-04729,GAIL,"Pata Petrochemical Complex, Uttar Pradesh",GSKT-RTJ-DN150-PN420-SS316-GRAF,35,5855.07,148
GAIL-BAL-04730,GAIL,"Pata Petrochemical Complex, Uttar Pradesh",VLV-BL-DN300-PN100-A182F53-TR12-RTJ,78,110799.39,48
GAIL-CEN-04731,GAIL,"Pata Petrochemical Complex, Uttar Pradesh",CENTRIFUGAL-PUMP-SPARE-DN80-PN420-ASTMA182F11,134,47648.44,127
GAIL-RED-04732,GAIL,"Vijaipur Gas Processing Complex, Madhya Pradesh",RED-CONC-DN15-SCH 40-A234WPB,35,2245.78,42
GAIL-GAT-04733,GAIL,"Vijaipur Gas Processing Complex, Madhya Pradesh",VLV-GT-DN250-PN50-A182F22-TR16-FF,139,28058.3,27
GAIL-ELB-04734,GAIL,"Pata Petrochemical Complex, Uttar Pradesh",ELB-90LR-DN250-SCH 80-A234WPB,21,3078.22,400
GAIL-STU-04735,GAIL,"Pata Petrochemical Complex, Uttar Pradesh",STUD-DN20-180MM-INCONEL625-2H,115,22505.82,30
GAIL-PIP-04736,GAIL,"Vijaipur Gas Processing Complex, Madhya Pradesh",PIPE-SMLS-DN80-SCH 20-A182F316-BE,82,6024.82,917
GAIL-PSV-04737,GAIL,"Pata Petrochemical Complex, Uttar Pradesh",VLV-BFV-DN80-PN20-A106GR.B-TR16-BW,27,24872.49,350
GAIL-BAL-04738,GAIL,"Pata Petrochemical Complex, Uttar Pradesh",VLV-BL-DN300-PN150-A182F22,131,28641.27,253
GAIL-CEN-04739,GAIL,"Pata Petrochemical Complex, Uttar Pradesh",CENTRIFUGAL-PUMP-SPARE-DN300-PN100-ASTMA182F51,87,152699.27,685
GAIL-GAS-04740,GAIL,"Pata Petrochemical Complex, Uttar Pradesh",GSKT-RTJ-DN400-PN100-SS316-GRAF,79,5253.32,255
GAIL-GLO-04741,GAIL,"Vijaipur Gas Processing Complex, Madhya Pradesh",VLV-GL-DN100-PN50-A182F51-TR1-RF,100,53597.17,53
GAIL-PSV-04742,GAIL,"Pata Petrochemical Complex, Uttar Pradesh",VLV-BFV-DN200-PN100-A182F316,66,53453.27,798
GAIL-GAS-04743,GAIL,"Vijaipur Gas Processing Complex, Madhya Pradesh",GSKT-RTJ-DN100-PN420-SS316-GRAF,80,3426.35,173
GAIL-BUT-04744,GAIL,"Pata Petrochemical Complex, Uttar Pradesh",VLV-BFV-DN40-PN50-A182F316-TR16-RTJ,23,46789.32,170
GAIL-TEE-04745,GAIL,"Pata Petrochemical Complex, Uttar Pradesh",TEE-EQ-DN500-SCH XXS-A234WPB,110,7676.56,877
GAIL-ELB-04746,GAIL,"Pata Petrochemical Complex, Uttar Pradesh",ELB-90LR-DN600-A234WPB,22,1875.33,537
GAIL-PIP-04747,GAIL,"Pata Petrochemical Complex, Uttar Pradesh",PIPE-SMLS-DN200-SCH 160-A182F316L-BE,66,6808.03,44
GAIL-ELB-04748,GAIL,"Pata Petrochemical Complex, Uttar Pradesh",ELB-90LR-DN400-A234WPB,76,4443.02,15
GAIL-GLO-04749,GAIL,"Pata Petrochemical Complex, Uttar Pradesh",VLV-GL-DN150-PN100-A216WCB-TR8-RF,150,32907.84,440
GAIL-ELB-04750,GAIL,"Vijaipur Gas Processing Complex, Madhya Pradesh",ELB-90LR-DN25-SCH 160-A234WPB,49,14757.92,6
GAIL-GAS-04751,GAIL,"Vijaipur Gas Processing Complex, Madhya Pradesh",GSKT-RTJ-DN50-PN100-SS316-GRAF,102,1929.25,242
GAIL-BAL-04752,GAIL,"Pata Petrochemical Complex, Uttar Pradesh",VLV-BL-DN500-PN50-A182F11-TR8-BW,25,31887.26,204
GAIL-PSV-04753,GAIL,"Vijaipur Gas Processing Complex, Madhya Pradesh",VLV-BFV-DN20-PN150-A182F22-TR16-FF,74,14915.85,204
GAIL-GAT-04754,GAIL,"Vijaipur Gas Processing Complex, Madhya Pradesh",VLV-GT-DN200-PN420-A182F304-TR8-BW,148,24582.27,17
GAIL-STU-04755,GAIL,"Pata Petrochemical Complex, Uttar Pradesh",STUD-DN200-180MM-A216WCB-2H,106,2467.48,730
GAIL-STU-04756,GAIL,"Pata Petrochemical Complex, Uttar Pradesh",STUD-DN300-180MM-A105-2H,90,2230.27,263
GAIL-CHE-04757,GAIL,"Vijaipur Gas Processing Complex, Madhya Pradesh",VLV-CHK-DN400-PN150-A105-TR12-SW,15,20167.38,239
GAIL-STU-04758,GAIL,"Vijaipur Gas Processing Complex, Madhya Pradesh",STUD-DN500-180MM-A182F22-2H,2,2251.27,882
GAIL-STU-04759,GAIL,"Pata Petrochemical Complex, Uttar Pradesh",STUD-DN300-180MM-A182F51-2H,6,10515.15,13
GAIL-GAS-04760,GAIL,"Vijaipur Gas Processing Complex, Madhya Pradesh",GSKT-RTJ-DN80-PN50-SS316-GRAF,21,1986.22,657
GAIL-PIP-04761,GAIL,"Vijaipur Gas Processing Complex, Madhya Pradesh",PIPE-SMLS-DN400-SCH 80-A182F316-BE,99,10275.2,16
GAIL-GAS-04762,GAIL,"Pata Petrochemical Complex, Uttar Pradesh",GSKT-SWG-DN15-PN100-SS316-GRAF,98,3244.16,43
GAIL-GAS-04763,GAIL,"Vijaipur Gas Processing Complex, Madhya Pradesh",GSKT-SWG-DN600-PN150-SS316-GRAF,65,22462.33,511
GAIL-CHE-04764,GAIL,"Vijaipur Gas Processing Complex, Madhya Pradesh",VLV-CHK-DN80-PN420-A182F316,36,36441.97,34
GAIL-BAL-04765,GAIL,"Vijaipur Gas Processing Complex, Madhya Pradesh",VLV-BL-DN40-PN50-A182F53,93,121731.88,837
GAIL-BAL-04766,GAIL,"Vijaipur Gas Processing Complex, Madhya Pradesh",VLV-BL-DN25-PN50-A350LF2-TR5-RTJ,87,14655.96,677
GAIL-CHE-04767,GAIL,"Pata Petrochemical Complex, Uttar Pradesh",VLV-CHK-DN100-PN100-A182F51,109,57645.93,620
GAIL-FLA-04768,GAIL,"Pata Petrochemical Complex, Uttar Pradesh",FLG-WN-DN400-PN50-A193B16-FF,55,6269.87,11
GAIL-GAS-04769,GAIL,"Pata Petrochemical Complex, Uttar Pradesh",GSKT-SWG-DN500-PN20,150,3358.36,57
GAIL-STU-04770,GAIL,"Vijaipur Gas Processing Complex, Madhya Pradesh",STUD-DN100-180MM-A182F11-2H,75,3709.11,701
GAIL-STU-04771,GAIL,"Pata Petrochemical Complex, Uttar Pradesh",STUD-DN150-180MM-A182F304-2H,134,2842.09,278
GAIL-PSV-04772,GAIL,"Pata Petrochemical Complex, Uttar Pradesh",VLV-BFV-DN80-PN20-A193B16-TR5-FF,23,25439.45,499
GAIL-PIP-04773,GAIL,"Vijaipur Gas Processing Complex, Madhya Pradesh",PIPE-SMLS-DN25-INCONEL625-BE,24,18252.06,8
GAIL-TEE-04774,GAIL,"Vijaipur Gas Processing Complex, Madhya Pradesh",TEE-EQ-DN50-A234WPB,6,3885.71,204
GAIL-ELB-04775,GAIL,"Pata Petrochemical Complex, Uttar Pradesh",ELB-90LR-DN15-SCH 160-A234WPB,63,8244.19,50
GAIL-GAS-04776,GAIL,"Vijaipur Gas Processing Complex, Madhya Pradesh",GSKT-RTJ-DN400-PN150-SS316-GRAF,52,3612.21,330
GAIL-CHE-04777,GAIL,"Vijaipur Gas Processing Complex, Madhya Pradesh",VLV-CHK-DN150-PN150-A105-TR16-FF,92,19440.46,1002
GAIL-GAT-04778,GAIL,"Pata Petrochemical Complex, Uttar Pradesh",VLV-GT-DN300-PN50-A182F316-TR12-SW,126,71033.48,361
GAIL-STU-04779,GAIL,"Pata Petrochemical Complex, Uttar Pradesh",STUD-DN150-180MM-A193B16-2H,30,3591.17,251
GAIL-PIP-04780,GAIL,"Vijaipur Gas Processing Complex, Madhya Pradesh",PIPE-SMLS-DN15-SCH 20-A106GR.B-BE,77,4093.14,941
GAIL-PIP-04781,GAIL,"Pata Petrochemical Complex, Uttar Pradesh",PIPE-SMLS-DN200-SCH XXS-A193B16-BE,8,2051.37,9
GAIL-RED-04782,GAIL,"Vijaipur Gas Processing Complex, Madhya Pradesh",RED-CONC-DN300-SCH 20-A234WPB,92,9901.01,15
GAIL-PIP-04783,GAIL,"Vijaipur Gas Processing Complex, Madhya Pradesh",PIPE-SMLS-DN150-SCH 80-A105-BE,3,2819.07,20
GAIL-PSV-04784,GAIL,"Vijaipur Gas Processing Complex, Madhya Pradesh",VLV-BFV-DN20-PN250-A182F316L-TR1-RTJ,1,68025.77,217
GAIL-GAS-04785,GAIL,"Pata Petrochemical Complex, Uttar Pradesh",GSKT-SWG-DN150-PN100-SS316-GRAF,36,2206.18,16
GAIL-GAS-04786,GAIL,"Pata Petrochemical Complex, Uttar Pradesh",GSKT-RTJ-DN400-PN100-SS316-GRAF,53,4608.45,10
GAIL-GAS-04787,GAIL,"Pata Petrochemical Complex, Uttar Pradesh",GSKT-SWG-DN200-PN420-SS316-GRAF,99,3970.29,382
GAIL-GAT-04788,GAIL,"Pata Petrochemical Complex, Uttar Pradesh",VLV-GT-DN300-PN100-A182F11-TR16-BW,78,31756.87,477
GAIL-GAT-04789,GAIL,"Vijaipur Gas Processing Complex, Madhya Pradesh",VLV-GT-DN15-PN250-A350LF2-TR8-RTJ,149,23392.64,143
GAIL-STU-04790,GAIL,"Pata Petrochemical Complex, Uttar Pradesh",STUD-DN600-180MM-INCONEL625-2H,66,23645.0,1031
GAIL-PSV-04791,GAIL,"Vijaipur Gas Processing Complex, Madhya Pradesh",VLV-BFV-DN200-PN420-A182F22-TR16-RTJ,29,17251.17,605
GAIL-BAL-04792,GAIL,"Pata Petrochemical Complex, Uttar Pradesh",VLV-BL-DN150-PN250-A182F53-TR5-BW,65,167654.03,356
GAIL-TEE-04793,GAIL,"Pata Petrochemical Complex, Uttar Pradesh",TEE-EQ-DN150-SCH 20-A234WPB,2,2231.48,118
GAIL-PSV-04794,GAIL,"Vijaipur Gas Processing Complex, Madhya Pradesh",VLV-BFV-DN500-PN420-A182F51-TR5-FF,73,46344.53,491
GAIL-GAS-04795,GAIL,"Vijaipur Gas Processing Complex, Madhya Pradesh",GSKT-RTJ-DN25-PN20-SS316-GRAF,2,4214.52,189
GAIL-CHE-04796,GAIL,"Vijaipur Gas Processing Complex, Madhya Pradesh",VLV-CHK-DN300-PN420-A193B7,133,18572.69,318
GAIL-BAL-04797,GAIL,"Vijaipur Gas Processing Complex, Madhya Pradesh",VLV-BL-DN50-PN250-A216WCB-TR5-BW,117,15986.01,795
GAIL-RED-04798,GAIL,"Vijaipur Gas Processing Complex, Madhya Pradesh",RED-CONC-DN600-SCH 40-A234WPB,87,11683.38,320
GAIL-STU-04799,GAIL,"Pata Petrochemical Complex, Uttar Pradesh",STUD-DN150-180MM-A182F316L-2H,57,11066.18,264
GAIL-CEN-04800,GAIL,"Pata Petrochemical Complex, Uttar Pradesh",CENTRIFUGAL-PUMP-SPARE-DN20-PN420-ASTMA182F22,42,82204.66,108
GAIL-FLA-04801,GAIL,"Pata Petrochemical Complex, Uttar Pradesh",FLG-BLD-DN15-PN50-A182F22-RTJ,140,5743.95,18
GAIL-BUT-04802,GAIL,"Pata Petrochemical Complex, Uttar Pradesh",VLV-BFV-DN400-PN150-INCONEL625-TR5-RF,62,145513.04,791
GAIL-BAL-04803,GAIL,"Vijaipur Gas Processing Complex, Madhya Pradesh",VLV-BL-DN50-PN250-A182F22-TR8-BW,19,25493.96,35
GAIL-PSV-04804,GAIL,"Vijaipur Gas Processing Complex, Madhya Pradesh",VLV-BFV-DN25-PN250-A350LF2-TR8-FF,100,23360.41,688
GAIL-BAL-04805,GAIL,"Pata Petrochemical Complex, Uttar Pradesh",VLV-BL-DN200-PN250-INCONEL625-TR5-SW,101,93923.77,31
GAIL-PSV-04806,GAIL,"Pata Petrochemical Complex, Uttar Pradesh",VLV-BFV-DN50-PN420-A182F304,29,21006.62,242
GAIL-ELB-04807,GAIL,"Pata Petrochemical Complex, Uttar Pradesh",ELB-90LR-DN300-A234WPB,67,4305.57,746
GAIL-BAL-04808,GAIL,"Pata Petrochemical Complex, Uttar Pradesh",VLV-BL-DN100-PN150-A182F51-TR1-FF,71,82067.75,6
GAIL-BUT-04809,GAIL,"Vijaipur Gas Processing Complex, Madhya Pradesh",VLV-BFV-DN100-PN50-A106GR.B-TR5-SW,145,17780.09,257
GAIL-GAT-04810,GAIL,"Pata Petrochemical Complex, Uttar Pradesh",VLV-GT-DN250-PN100-A182F316-TR5-RTJ,125,53605.15,309
GAIL-GAS-04811,GAIL,"Pata Petrochemical Complex, Uttar Pradesh",GSKT-SWG-DN200-PN420-SS316-GRAF,56,15047.37,223
GAIL-PIP-04812,GAIL,"Pata Petrochemical Complex, Uttar Pradesh",PIPE-SMLS-DN25-SCH XXS-A182F51-BE,43,10515.51,1024
GAIL-CHE-04813,GAIL,"Pata Petrochemical Complex, Uttar Pradesh",VLV-CHK-DN40-PN20-A182F51-TR5-FF,21,68488.88,354
GAIL-GAS-04814,GAIL,"Vijaipur Gas Processing Complex, Madhya Pradesh",GSKT-SWG-DN150-PN50-SS316-GRAF,34,1883.93,9
GAIL-PIP-04815,GAIL,"Pata Petrochemical Complex, Uttar Pradesh",PIPE-SMLS-DN250-SCH 80-A182F11-BE,22,3261.96,53
GAIL-GAS-04816,GAIL,"Vijaipur Gas Processing Complex, Madhya Pradesh",GSKT-SWG-DN600-PN20-SS316-GRAF,90,3941.71,962
GAIL-RED-04817,GAIL,"Pata Petrochemical Complex, Uttar Pradesh",RED-CONC-DN150-SCH XXS-A234WPB,44,2948.81,158
GAIL-BAL-04818,GAIL,"Pata Petrochemical Complex, Uttar Pradesh",VLV-BL-DN200-PN420-A105-TR1-FF,85,30373.19,945
GAIL-GAS-04819,GAIL,"Pata Petrochemical Complex, Uttar Pradesh",GSKT-RTJ-DN40-PN100,116,3754.6,935
GAIL-GAT-04820,GAIL,"Pata Petrochemical Complex, Uttar Pradesh",VLV-GT-DN15-PN20-A105-TR16-FF,39,24233.05,1049
GAIL-RED-04821,GAIL,"Pata Petrochemical Complex, Uttar Pradesh",RED-CONC-DN80-A234WPB,132,2071.06,313
GAIL-PSV-04822,GAIL,"Vijaipur Gas Processing Complex, Madhya Pradesh",VLV-BFV-DN150-PN250-A105-TR16-RTJ,5,32756.84,25
GAIL-PSV-04823,GAIL,"Pata Petrochemical Complex, Uttar Pradesh",VLV-BFV-DN80-PN250-INCONEL625-TR5-FF,129,114252.43,348
GAIL-RED-04824,GAIL,"Vijaipur Gas Processing Complex, Madhya Pradesh",RED-CONC-DN200-SCH 20-A234WPB,73,2083.63,16
GAIL-BAL-04825,GAIL,"Pata Petrochemical Complex, Uttar Pradesh",VLV-BL-DN15-PN420-A182F11-TR8-RF,101,16395.06,14
GAIL-PIP-04826,GAIL,"Pata Petrochemical Complex, Uttar Pradesh",PIPE-SMLS-DN200-SCH 40-A182F304-BE,122,2033.89,331
GAIL-GLO-04827,GAIL,"Vijaipur Gas Processing Complex, Madhya Pradesh",VLV-GL-DN50-PN250-INCONEL625-TR8-SW,127,195511.23,117
GAIL-BAL-04828,GAIL,"Vijaipur Gas Processing Complex, Madhya Pradesh",VLV-BL-DN500-PN250-A182F316L-TR12-FF,91,53793.89,153
GAIL-TEE-04829,GAIL,"Vijaipur Gas Processing Complex, Madhya Pradesh",TEE-EQ-DN80-SCH XXS-A234WPB,36,6797.52,33
GAIL-RED-04830,GAIL,"Pata Petrochemical Complex, Uttar Pradesh",RED-CONC-DN250-SCH 20-A234WPB,54,2221.19,619
GAIL-CEN-04831,GAIL,"Vijaipur Gas Processing Complex, Madhya Pradesh",CENTRIFUGAL-PUMP-SPARE-DN500-PN100-ASTMA193B7,34,76687.14,768
GAIL-CHE-04832,GAIL,"Vijaipur Gas Processing Complex, Madhya Pradesh",VLV-CHK-DN20-PN250-A182F51,111,49686.26,101
GAIL-PIP-04833,GAIL,"Vijaipur Gas Processing Complex, Madhya Pradesh",PIPE-SMLS-DN80-SCH 20-A193B16-BE,84,2914.06,592
GAIL-PIP-04834,GAIL,"Pata Petrochemical Complex, Uttar Pradesh",PIPE-SMLS-DN250-SCH 40-A193B7-BE,36,4307.49,18
GAIL-GAT-04835,GAIL,"Pata Petrochemical Complex, Uttar Pradesh",VLV-GT-DN50-PN420-A105-TR16-BW,138,22330.33,876
GAIL-FLA-04836,GAIL,"Pata Petrochemical Complex, Uttar Pradesh",FLG-BLD-DN150-PN420-A193B16-RTJ,127,6492.52,50
GAIL-GAT-04837,GAIL,"Pata Petrochemical Complex, Uttar Pradesh",VLV-GT-DN15-PN20-A216WCB-TR16-RTJ,60,17640.77,237
GAIL-CEN-04838,GAIL,"Pata Petrochemical Complex, Uttar Pradesh",CENTRIFUGAL-PUMP-SPARE-DN150-PN420-ASTMA182F304,76,63545.35,597
GAIL-GLO-04839,GAIL,"Vijaipur Gas Processing Complex, Madhya Pradesh",VLV-GL-DN250-PN50-A182F53-TR12-RTJ,140,180812.54,54
GAIL-GAT-04840,GAIL,"Pata Petrochemical Complex, Uttar Pradesh",VLV-GT-DN200-PN50-A350LF2-TR1-RF,61,31673.01,52
GAIL-GAS-04841,GAIL,"Vijaipur Gas Processing Complex, Madhya Pradesh",GSKT-SWG-DN100-PN20-SS316-GRAF,74,10773.37,1051
GAIL-BUT-04842,GAIL,"Pata Petrochemical Complex, Uttar Pradesh",VLV-BFV-DN400-PN250-A182F53,74,159581.74,14
GAIL-GAT-04843,GAIL,"Vijaipur Gas Processing Complex, Madhya Pradesh",VLV-GT-DN200-PN250-A193B7-TR16-BW,54,26256.14,14
GAIL-STU-04844,GAIL,"Pata Petrochemical Complex, Uttar Pradesh",STUD-DN40-180MM-A182F53-2H,37,22039.36,673
GAIL-ELB-04845,GAIL,"Vijaipur Gas Processing Complex, Madhya Pradesh",ELB-90LR-DN15-SCH 40-A234WPB,138,14606.94,53
GAIL-BUT-04846,GAIL,"Vijaipur Gas Processing Complex, Madhya Pradesh",VLV-BFV-DN50-PN20-A350LF2-TR5-FF,127,23423.15,852
GAIL-ELB-04847,GAIL,"Pata Petrochemical Complex, Uttar Pradesh",ELB-90LR-DN300-SCH 40-A234WPB,21,2027.04,9
GAIL-RED-04848,GAIL,"Pata Petrochemical Complex, Uttar Pradesh",RED-CONC-DN150-SCH 20-A234WPB,45,26573.59,20
GAIL-STU-04849,GAIL,"Vijaipur Gas Processing Complex, Madhya Pradesh",STUD-DN250-180MM-A193B7-2H,100,2434.21,8
GAIL-PIP-04850,GAIL,"Pata Petrochemical Complex, Uttar Pradesh",PIPE-SMLS-DN150-SCH XXS-INCONEL625-BE,111,25009.76,455
GAIL-ELB-04851,GAIL,"Vijaipur Gas Processing Complex, Madhya Pradesh",ELB-90LR-DN600-A234WPB,78,5857.22,741
GAIL-TEE-04852,GAIL,"Vijaipur Gas Processing Complex, Madhya Pradesh",TEE-EQ-DN400-A234WPB,135,3875.53,972
GAIL-GLO-04853,GAIL,"Pata Petrochemical Complex, Uttar Pradesh",VLV-GL-DN100-PN250-A350LF2,42,30230.36,25
GAIL-CEN-04854,GAIL,"Pata Petrochemical Complex, Uttar Pradesh",CENTRIFUGAL-PUMP-SPARE-DN100-PN20-ASTMA193B16,94,47327.93,41
GAIL-TEE-04855,GAIL,"Vijaipur Gas Processing Complex, Madhya Pradesh",TEE-EQ-DN15-SCH XXS-A234WPB,33,4095.06,53
GAIL-PSV-04856,GAIL,"Vijaipur Gas Processing Complex, Madhya Pradesh",VLV-BFV-DN25-PN150-A105-TR16-BW,58,16689.06,358
GAIL-GAT-04857,GAIL,"Pata Petrochemical Complex, Uttar Pradesh",VLV-GT-DN300-PN20-A350LF2-TR8-RTJ,16,17772.93,52
GAIL-GLO-04858,GAIL,"Pata Petrochemical Complex, Uttar Pradesh",VLV-GL-DN500-PN20-A350LF2-TR16-FF,112,16943.7,133
GAIL-ELB-04859,GAIL,"Pata Petrochemical Complex, Uttar Pradesh",ELB-90LR-DN100-SCH XXS-A234WPB,68,2138.27,250
GAIL-PSV-04860,GAIL,"Pata Petrochemical Complex, Uttar Pradesh",VLV-BFV-DN300-PN420-A182F304-TR16-FF,129,24831.99,720
GAIL-BUT-04861,GAIL,"Pata Petrochemical Complex, Uttar Pradesh",VLV-BFV-DN40-PN20-A182F51-TR8-BW,70,74174.1,1048
GAIL-PSV-04862,GAIL,"Pata Petrochemical Complex, Uttar Pradesh",VLV-BFV-DN200-PN100-A193B7-TR1-SW,61,20295.14,494
GAIL-GLO-04863,GAIL,"Vijaipur Gas Processing Complex, Madhya Pradesh",VLV-GL-DN250-PN420-A182F316-TR16-RF,65,72044.4,33
GAIL-GAT-04864,GAIL,"Vijaipur Gas Processing Complex, Madhya Pradesh",VLV-GT-DN600-PN100-A216WCB-TR16-RTJ,87,21478.97,40
GAIL-PSV-04865,GAIL,"Pata Petrochemical Complex, Uttar Pradesh",VLV-BFV-DN200-PN420-A216WCB-TR16-RF,77,28458.09,826
GAIL-BUT-04866,GAIL,"Vijaipur Gas Processing Complex, Madhya Pradesh",VLV-BFV-DN200-PN50-A106GR.B-TR8-RTJ,95,30893.32,141
GAIL-GAT-04867,GAIL,"Vijaipur Gas Processing Complex, Madhya Pradesh",VLV-GT-DN150-PN250-A182F22,130,31894.53,100
GAIL-PSV-04868,GAIL,"Pata Petrochemical Complex, Uttar Pradesh",VLV-BFV-DN200-PN420-A182F51-TR1-BW,57,72133.85,59
GAIL-BAL-04869,GAIL,"Pata Petrochemical Complex, Uttar Pradesh",VLV-BL-DN80-PN100-INCONEL625-TR12-SW,57,158281.82,20
GAIL-GAT-04870,GAIL,"Vijaipur Gas Processing Complex, Madhya Pradesh",VLV-GT-DN25-PN420-A182F51,41,46391.01,6
GAIL-BUT-04871,GAIL,"Pata Petrochemical Complex, Uttar Pradesh",VLV-BFV-DN80-PN20-A182F11-TR8-BW,12,17163.83,333
GAIL-FLA-04872,GAIL,"Vijaipur Gas Processing Complex, Madhya Pradesh",FLG-SO-DN150-PN420-A182F22-SW,35,7905.63,1009
GAIL-CEN-04873,GAIL,"Vijaipur Gas Processing Complex, Madhya Pradesh",CENTRIFUGAL-PUMP-SPARE-DN300-PN100-ASTMA182F22,150,40654.55,39
GAIL-PIP-04874,GAIL,"Vijaipur Gas Processing Complex, Madhya Pradesh",PIPE-SMLS-DN250-SCH 40-A193B7-BE,125,3642.11,998
GAIL-PSV-04875,GAIL,"Vijaipur Gas Processing Complex, Madhya Pradesh",VLV-BFV-DN600-PN100-INCONEL625-TR8-RF,120,81662.38,21
GAIL-GAS-04876,GAIL,"Pata Petrochemical Complex, Uttar Pradesh",GSKT-SWG-DN50-PN250-SS316-GRAF,29,2869.58,512
GAIL-PIP-04877,GAIL,"Pata Petrochemical Complex, Uttar Pradesh",PIPE-SMLS-DN150-SCH 160-A182F53-BE,29,27331.89,512
GAIL-FLA-04878,GAIL,"Pata Petrochemical Complex, Uttar Pradesh",FLG-BLD-DN500-PN20-A350LF2-RF,24,3722.64,244
GAIL-BUT-04879,GAIL,"Vijaipur Gas Processing Complex, Madhya Pradesh",VLV-BFV-DN600-PN150-A182F316-TR16-BW,56,46241.33,24
GAIL-BUT-04880,GAIL,"Vijaipur Gas Processing Complex, Madhya Pradesh",VLV-BFV-DN15-PN250-A350LF2-TR12-FF,38,31229.63,906
GAIL-TEE-04881,GAIL,"Pata Petrochemical Complex, Uttar Pradesh",TEE-EQ-DN300-SCH 20-A234WPB,149,25847.52,48
GAIL-ELB-04882,GAIL,"Vijaipur Gas Processing Complex, Madhya Pradesh",ELB-90LR-DN80-SCH 40-A234WPB,76,2266.87,1200
GAIL-PSV-04883,GAIL,"Pata Petrochemical Complex, Uttar Pradesh",VLV-BFV-DN600-PN50-A182F316L,52,59751.02,53
GAIL-ELB-04884,GAIL,"Pata Petrochemical Complex, Uttar Pradesh",ELB-90LR-DN25-SCH 80-A234WPB,75,1953.13,717
GAIL-BUT-04885,GAIL,"Pata Petrochemical Complex, Uttar Pradesh",VLV-BFV-DN400-PN420-A182F11-TR8-FF,64,15889.6,141
GAIL-STU-04886,GAIL,"Pata Petrochemical Complex, Uttar Pradesh",STUD-DN300-180MM-A182F304-2H,134,3828.57,865
GAIL-GAS-04887,GAIL,"Vijaipur Gas Processing Complex, Madhya Pradesh",GSKT-RTJ-DN150-PN20-SS316-GRAF,137,25563.48,46
GAIL-PSV-04888,GAIL,"Vijaipur Gas Processing Complex, Madhya Pradesh",VLV-BFV-DN20-PN420-INCONEL625,73,196186.81,209
GAIL-BAL-04889,GAIL,"Pata Petrochemical Complex, Uttar Pradesh",VLV-BL-DN500-PN100-A182F51-TR12-RTJ,83,50932.55,291
GAIL-STU-04890,GAIL,"Vijaipur Gas Processing Complex, Madhya Pradesh",STUD-DN150-180MM-A182F53-2H,29,27660.12,623
GAIL-GLO-04891,GAIL,"Vijaipur Gas Processing Complex, Madhya Pradesh",VLV-GL-DN200-PN420-A216WCB-TR12-SW,94,27414.24,474
GAIL-FLA-04892,GAIL,"Vijaipur Gas Processing Complex, Madhya Pradesh",FLG-SW-DN50-PN100-A182F53-BW,90,45689.62,42
GAIL-ELB-04893,GAIL,"Pata Petrochemical Complex, Uttar Pradesh",ELB-90LR-DN600-SCH 40-A234WPB,96,9883.09,19
GAIL-GAT-04894,GAIL,"Vijaipur Gas Processing Complex, Madhya Pradesh",VLV-GT-DN600-PN20-A182F304,85,24002.85,56
GAIL-GAS-04895,GAIL,"Pata Petrochemical Complex, Uttar Pradesh",GSKT-RTJ-DN15-PN50-SS316-GRAF,104,2862.18,345
GAIL-BAL-04896,GAIL,"Vijaipur Gas Processing Complex, Madhya Pradesh",VLV-BL-DN40-PN100-A182F22-TR5-SW,37,15467.55,357
GAIL-FLA-04897,GAIL,"Vijaipur Gas Processing Complex, Madhya Pradesh",FLG-BLD-DN250-PN50-A216WCB-SW,69,7878.42,291
GAIL-GAS-04898,GAIL,"Pata Petrochemical Complex, Uttar Pradesh",GSKT-RTJ-DN500-PN100-SS316-GRAF,100,2325.52,11
GAIL-GAS-04899,GAIL,"Vijaipur Gas Processing Complex, Madhya Pradesh",GSKT-SWG-DN200-PN250-SS316-GRAF,41,4431.95,52
GAIL-CHE-04900,GAIL,"Vijaipur Gas Processing Complex, Madhya Pradesh",VLV-CHK-DN40-PN50-A182F316L-TR1-SW,37,39706.92,325
GAIL-BUT-04901,GAIL,"Vijaipur Gas Processing Complex, Madhya Pradesh",VLV-BFV-DN400-PN50-A182F11-TR8-RF,7,28707.16,206
GAIL-GAS-04902,GAIL,"Pata Petrochemical Complex, Uttar Pradesh",GSKT-SWG-DN25-PN150-SS316-GRAF,103,2288.51,616
GAIL-PIP-04903,GAIL,"Pata Petrochemical Complex, Uttar Pradesh",PIPE-SMLS-DN150-A182F22-BE,136,4482.05,16
GAIL-STU-04904,GAIL,"Vijaipur Gas Processing Complex, Madhya Pradesh",STUD-DN500-180MM-A193B16-2H,94,4250.32,19
GAIL-TEE-04905,GAIL,"Pata Petrochemical Complex, Uttar Pradesh",TEE-EQ-DN600-SCH XXS-A234WPB,135,7969.2,1123
GAIL-GAT-04906,GAIL,"Pata Petrochemical Complex, Uttar Pradesh",VLV-GT-DN500-PN150-A105-TR12-SW,134,20294.94,109
GAIL-ELB-04907,GAIL,"Pata Petrochemical Complex, Uttar Pradesh",ELB-90LR-DN600-SCH 80-A234WPB,103,4008.04,141
GAIL-PSV-04908,GAIL,"Vijaipur Gas Processing Complex, Madhya Pradesh",VLV-BFV-DN25-PN250-A216WCB-TR16-RF,101,24185.72,209
GAIL-GAS-04909,GAIL,"Pata Petrochemical Complex, Uttar Pradesh",GSKT-SWG-DN100-PN50-SS316-GRAF,96,2227.24,20
GAIL-GAS-04910,GAIL,"Pata Petrochemical Complex, Uttar Pradesh",GSKT-RTJ-DN300-PN250-SS316-GRAF,71,2189.16,602
GAIL-RED-04911,GAIL,"Vijaipur Gas Processing Complex, Madhya Pradesh",RED-CONC-DN500-SCH 20-A234WPB,34,1887.29,46
GAIL-ELB-04912,GAIL,"Vijaipur Gas Processing Complex, Madhya Pradesh",ELB-90LR-DN200-A234WPB,96,7535.46,303
GAIL-FLA-04913,GAIL,"Pata Petrochemical Complex, Uttar Pradesh",FLG-SO-DN25-PN420-A216WCB,76,7537.71,133
GAIL-BUT-04914,GAIL,"Vijaipur Gas Processing Complex, Madhya Pradesh",VLV-BFV-DN25-PN150-A106GR.B-TR16-FF,91,32775.6,57
GAIL-TEE-04915,GAIL,"Pata Petrochemical Complex, Uttar Pradesh",TEE-EQ-DN300-SCH XXS-A234WPB,134,2603.93,151
GAIL-CEN-04916,GAIL,"Vijaipur Gas Processing Complex, Madhya Pradesh",CENTRIFUGAL-PUMP-SPARE-DN80-PN150-ASTMA182F11,114,82036.56,23
GAIL-PSV-04917,GAIL,"Pata Petrochemical Complex, Uttar Pradesh",VLV-BFV-DN300-PN150-A182F316-TR8-SW,7,69521.34,25
GAIL-FLA-04918,GAIL,"Vijaipur Gas Processing Complex, Madhya Pradesh",FLG-SO-DN100-PN420-A193B16-RTJ,37,6281.61,1100
GAIL-PSV-04919,GAIL,"Pata Petrochemical Complex, Uttar Pradesh",VLV-BFV-DN100-PN250-A182F304-TR16-RF,12,23204.32,50
GAIL-FLA-04920,GAIL,"Vijaipur Gas Processing Complex, Madhya Pradesh",FLG-WN-DN300-PN20-A106GR.B-SW,46,4167.75,1071
GAIL-PIP-04921,GAIL,"Pata Petrochemical Complex, Uttar Pradesh",PIPE-SMLS-DN80-A182F304-BE,47,2262.78,43
GAIL-BAL-04922,GAIL,"Pata Petrochemical Complex, Uttar Pradesh",VLV-BL-DN15-PN50-A182F316-TR1-RTJ,93,46512.34,104
GAIL-GAT-04923,GAIL,"Vijaipur Gas Processing Complex, Madhya Pradesh",VLV-GT-DN25-PN100-A106GR.B-TR12-SW,81,15431.27,290
GAIL-GAS-04924,GAIL,"Vijaipur Gas Processing Complex, Madhya Pradesh",GSKT-SWG-DN80-PN20-SS316-GRAF,46,2995.93,745
GAIL-ELB-04925,GAIL,"Vijaipur Gas Processing Complex, Madhya Pradesh",ELB-90LR-DN600-SCH 20-A234WPB,104,2153.19,888
GAIL-BUT-04926,GAIL,"Vijaipur Gas Processing Complex, Madhya Pradesh",VLV-BFV-DN300-PN250-A182F53,6,130247.58,931
GAIL-GLO-04927,GAIL,"Vijaipur Gas Processing Complex, Madhya Pradesh",VLV-GL-DN15-PN150-A350LF2-TR1-RF,25,26505.91,307
GAIL-TEE-04928,GAIL,"Vijaipur Gas Processing Complex, Madhya Pradesh",TEE-EQ-DN200-SCH 20-A234WPB,49,3521.68,326
GAIL-RED-04929,GAIL,"Vijaipur Gas Processing Complex, Madhya Pradesh",RED-CONC-DN400-SCH 20-A234WPB,130,3784.64,583
GAIL-GAS-04930,GAIL,"Pata Petrochemical Complex, Uttar Pradesh",GSKT-RTJ-DN400-PN150-SS316-GRAF,127,2433.43,92
GAIL-CEN-04931,GAIL,"Vijaipur Gas Processing Complex, Madhya Pradesh",CENTRIFUGAL-PUMP-SPARE-DN300-PN250-ASTMA106GR.B,80,65215.71,12
GAIL-CHE-04932,GAIL,"Vijaipur Gas Processing Complex, Madhya Pradesh",VLV-CHK-DN100-PN50-INCONEL625-TR1-RF,49,192520.53,21
GAIL-RED-04933,GAIL,"Pata Petrochemical Complex, Uttar Pradesh",RED-CONC-DN150-SCH 80-A234WPB,73,2966.14,25
GAIL-GAS-04934,GAIL,"Vijaipur Gas Processing Complex, Madhya Pradesh",GSKT-SWG-DN20-PN150-SS316-GRAF,49,10631.22,16
GAIL-GAT-04935,GAIL,"Pata Petrochemical Complex, Uttar Pradesh",VLV-GT-DN150-PN420-A193B7-TR16-BW,103,33115.55,34
GAIL-BUT-04936,GAIL,"Vijaipur Gas Processing Complex, Madhya Pradesh",VLV-BFV-DN200-PN100-A182F22-TR1-RF,32,30445.68,341
GAIL-FLA-04937,GAIL,"Vijaipur Gas Processing Complex, Madhya Pradesh",FLG-SW-DN500-PN50-A182F316L,50,17327.75,143
GAIL-CEN-04938,GAIL,"Pata Petrochemical Complex, Uttar Pradesh",CENTRIFUGAL-PUMP-SPARE-DN40-PN20-ASTMA105,39,40907.08,205
GAIL-FLA-04939,GAIL,"Vijaipur Gas Processing Complex, Madhya Pradesh",FLG-SO-DN150-PN50-A182F304-RF,50,3547.65,13
GAIL-GAS-04940,GAIL,"Vijaipur Gas Processing Complex, Madhya Pradesh",GSKT-RTJ-DN250-PN150-SS316-GRAF,38,3351.67,261
GAIL-ELB-04941,GAIL,"Pata Petrochemical Complex, Uttar Pradesh",ELB-90LR-DN25-SCH 40-A234WPB,132,3044.14,242
GAIL-PSV-04942,GAIL,"Pata Petrochemical Complex, Uttar Pradesh",VLV-BFV-DN15-PN150-A182F316L-TR1-BW,90,79780.52,55
GAIL-FLA-04943,GAIL,"Pata Petrochemical Complex, Uttar Pradesh",FLG-SW-DN20-PN100-A193B7-FF,101,5711.1,263
GAIL-GAS-04944,GAIL,"Pata Petrochemical Complex, Uttar Pradesh",GSKT-RTJ-DN600-PN50-SS316-GRAF,38,3612.7,48
GAIL-BAL-04945,GAIL,"Pata Petrochemical Complex, Uttar Pradesh",VLV-BL-DN250-PN150-A216WCB-TR8-SW,82,27140.26,27
GAIL-GAS-04946,GAIL,"Vijaipur Gas Processing Complex, Madhya Pradesh",GSKT-RTJ-DN600-PN420-SS316-GRAF,12,17635.3,612
GAIL-GAS-04947,GAIL,"Vijaipur Gas Processing Complex, Madhya Pradesh",GSKT-RTJ-DN600-PN250-SS316-GRAF,78,23912.62,59
GAIL-GLO-04948,GAIL,"Vijaipur Gas Processing Complex, Madhya Pradesh",VLV-GL-DN15-PN100-A193B16-TR1-SW,34,15584.71,953
GAIL-FLA-04949,GAIL,"Vijaipur Gas Processing Complex, Madhya Pradesh",FLG-WN-DN200-PN250-A216WCB-BW,85,4512.66,15
GAIL-PIP-04950,GAIL,"Vijaipur Gas Processing Complex, Madhya Pradesh",PIPE-SMLS-DN150-A193B16-BE,35,2846.9,469
GAIL-GAS-04951,GAIL,"Pata Petrochemical Complex, Uttar Pradesh",GSKT-RTJ-DN40-PN50,36,3807.56,351
GAIL-GAS-04952,GAIL,"Vijaipur Gas Processing Complex, Madhya Pradesh",GSKT-RTJ-DN50-PN50-SS316-GRAF,36,2142.26,456
GAIL-PSV-04953,GAIL,"Vijaipur Gas Processing Complex, Madhya Pradesh",VLV-BFV-DN200-PN100-A193B16-TR8-FF,4,16385.21,24
GAIL-FLA-04954,GAIL,"Pata Petrochemical Complex, Uttar Pradesh",FLG-BLD-DN150-PN20-A182F22-BW,124,5773.79,42
GAIL-RED-04955,GAIL,"Vijaipur Gas Processing Complex, Madhya Pradesh",RED-CONC-DN40-A234WPB,45,2031.8,7
GAIL-STU-04956,GAIL,"Vijaipur Gas Processing Complex, Madhya Pradesh",STUD-DN20-180MM-A193B16-2H,20,3098.64,1090
GAIL-CEN-04957,GAIL,"Vijaipur Gas Processing Complex, Madhya Pradesh",CENTRIFUGAL-PUMP-SPARE-DN80-PN100-INCONEL625,9,227681.68,43
GAIL-GAT-04958,GAIL,"Vijaipur Gas Processing Complex, Madhya Pradesh",VLV-GT-DN150-PN100-A216WCB-TR16-BW,99,19310.5,1156
GAIL-CHE-04959,GAIL,"Pata Petrochemical Complex, Uttar Pradesh",VLV-CHK-DN200-PN420-A182F316L-TR5-RTJ,25,53869.09,58
GAIL-CEN-04960,GAIL,"Vijaipur Gas Processing Complex, Madhya Pradesh",CENTRIFUGAL-PUMP-SPARE-DN600-PN20-ASTMA182F11,18,71180.72,148
GAIL-CEN-04961,GAIL,"Pata Petrochemical Complex, Uttar Pradesh",CENTRIFUGAL-PUMP-SPARE-DN100-PN150-ASTMA105,138,72380.95,247
GAIL-BAL-04962,GAIL,"Pata Petrochemical Complex, Uttar Pradesh",VLV-BL-DN500-PN100-A216WCB-TR16-RF,51,25859.78,1007
GAIL-BAL-04963,GAIL,"Pata Petrochemical Complex, Uttar Pradesh",VLV-BL-DN25-PN100-A193B7-TR5-BW,43,25468.16,46
GAIL-GLO-04964,GAIL,"Vijaipur Gas Processing Complex, Madhya Pradesh",VLV-GL-DN300-PN100-A182F304-TR1-BW,104,13897.82,167
GAIL-CEN-04965,GAIL,"Vijaipur Gas Processing Complex, Madhya Pradesh",CENTRIFUGAL-PUMP-SPARE-DN25-PN150-ASTMA182F316,22,196548.22,139
GAIL-CHE-04966,GAIL,"Vijaipur Gas Processing Complex, Madhya Pradesh",VLV-CHK-DN15-PN50-A182F22-TR5-RF,82,30621.3,133
GAIL-BAL-04967,GAIL,"Vijaipur Gas Processing Complex, Madhya Pradesh",VLV-BL-DN25-PN100-A182F51,28,48036.78,304
GAIL-GLO-04968,GAIL,"Vijaipur Gas Processing Complex, Madhya Pradesh",VLV-GL-DN40-PN20-A182F316L-TR1-BW,7,55464.8,328
GAIL-GAS-04969,GAIL,"Pata Petrochemical Complex, Uttar Pradesh",GSKT-SWG-DN150-PN250-SS316-GRAF,54,3146.07,754
GAIL-RED-04970,GAIL,"Vijaipur Gas Processing Complex, Madhya Pradesh",RED-CONC-DN25-SCH 40-A234WPB,46,4335.06,338
GAIL-GAS-04971,GAIL,"Vijaipur Gas Processing Complex, Madhya Pradesh",GSKT-RTJ-DN500-PN20-SS316-GRAF,35,3948.68,37
GAIL-GLO-04972,GAIL,"Vijaipur Gas Processing Complex, Madhya Pradesh",VLV-GL-DN250-PN250-A182F304-TR16-SW,74,26542.69,441
GAIL-BAL-04973,GAIL,"Pata Petrochemical Complex, Uttar Pradesh",VLV-BL-DN150-PN100-A193B7-TR16-BW,103,32582.2,51
GAIL-TEE-04974,GAIL,"Vijaipur Gas Processing Complex, Madhya Pradesh",TEE-EQ-DN100-SCH 160-A234WPB,69,8266.87,284
GAIL-ELB-04975,GAIL,"Pata Petrochemical Complex, Uttar Pradesh",ELB-90LR-DN500-SCH 160-A234WPB,138,3907.7,25
GAIL-BUT-04976,GAIL,"Pata Petrochemical Complex, Uttar Pradesh",VLV-BFV-DN200-PN150-A182F304-TR5-FF,77,22698.5,94
GAIL-RED-04977,GAIL,"Pata Petrochemical Complex, Uttar Pradesh",RED-CONC-DN25-SCH 40-A234WPB,8,7437.68,1055
GAIL-GAT-04978,GAIL,"Vijaipur Gas Processing Complex, Madhya Pradesh",VLV-GT-DN400-PN50-A350LF2-TR16-SW,52,19989.72,740
GAIL-CEN-04979,GAIL,"Vijaipur Gas Processing Complex, Madhya Pradesh",CENTRIFUGAL-PUMP-SPARE-DN500-PN250-ASTMA106GR.B,107,44593.32,272
GAIL-GLO-04980,GAIL,"Pata Petrochemical Complex, Uttar Pradesh",VLV-GL-DN80-PN20-A182F304-TR1-FF,6,28006.96,286
GAIL-FLA-04981,GAIL,"Vijaipur Gas Processing Complex, Madhya Pradesh",FLG-BLD-DN300-PN100-A182F316-SW,149,16353.75,348
GAIL-TEE-04982,GAIL,"Pata Petrochemical Complex, Uttar Pradesh",TEE-EQ-DN600-SCH XXS-A234WPB,15,2338.54,921
GAIL-PIP-04983,GAIL,"Pata Petrochemical Complex, Uttar Pradesh",PIPE-SMLS-DN600-SCH 20-A182F316L-BE,66,8912.57,292
GAIL-PSV-04984,GAIL,"Pata Petrochemical Complex, Uttar Pradesh",VLV-BFV-DN80-PN100-A182F22-TR12-RF,142,27333.95,29
GAIL-BUT-04985,GAIL,"Vijaipur Gas Processing Complex, Madhya Pradesh",VLV-BFV-DN300-PN100-A350LF2-TR5-RTJ,73,25188.09,329
GAIL-CHE-04986,GAIL,"Vijaipur Gas Processing Complex, Madhya Pradesh",VLV-CHK-DN150-PN250-A105-TR5-FF,69,29582.98,810
GAIL-PSV-04987,GAIL,"Vijaipur Gas Processing Complex, Madhya Pradesh",VLV-BFV-DN20-PN150-A106GR.B-TR8-FF,1,25305.83,29
GAIL-BUT-04988,GAIL,"Vijaipur Gas Processing Complex, Madhya Pradesh",VLV-BFV-DN500-PN420-A182F51,20,57064.91,1058
GAIL-PIP-04989,GAIL,"Pata Petrochemical Complex, Uttar Pradesh",PIPE-SMLS-DN50-INCONEL625-BE,8,13715.64,1114
GAIL-GAS-04990,GAIL,"Pata Petrochemical Complex, Uttar Pradesh",GSKT-SWG-DN250-PN150-SS316-GRAF,150,2713.15,58
GAIL-GAT-04991,GAIL,"Vijaipur Gas Processing Complex, Madhya Pradesh",VLV-GT-DN400-PN250-A182F51-TR12-FF,138,46937.01,307
GAIL-PSV-04992,GAIL,"Vijaipur Gas Processing Complex, Madhya Pradesh",VLV-BFV-DN50-PN20-A182F304-TR1-SW,78,20902.46,721
GAIL-GAS-04993,GAIL,"Pata Petrochemical Complex, Uttar Pradesh",GSKT-RTJ-DN100-PN420-SS316-GRAF,116,20788.9,43
GAIL-TEE-04994,GAIL,"Pata Petrochemical Complex, Uttar Pradesh",TEE-EQ-DN25-SCH 80-A234WPB,59,4230.87,55
GAIL-RED-04995,GAIL,"Vijaipur Gas Processing Complex, Madhya Pradesh",RED-CONC-DN500-SCH 160-A234WPB,116,2956.49,741
GAIL-CEN-04996,GAIL,"Pata Petrochemical Complex, Uttar Pradesh",CENTRIFUGAL-PUMP-SPARE-DN150-PN100-ASTMA182F316L,59,117318.14,476
GAIL-RED-04997,GAIL,"Pata Petrochemical Complex, Uttar Pradesh",RED-CONC-DN150-A234WPB,108,4489.2,57
GAIL-PIP-04998,GAIL,"Pata Petrochemical Complex, Uttar Pradesh",PIPE-SMLS-DN600-SCH 40-A105-BE,111,3566.04,44
GAIL-GAS-04999,GAIL,"Pata Petrochemical Complex, Uttar Pradesh",GSKT-RTJ-DN500-PN50-SS316-GRAF,98,4411.71,432
GAIL-PIP-05000,GAIL,"Pata Petrochemical Complex, Uttar Pradesh",PIPE-SMLS-DN200-SCH XXS-A193B16-BE,33,4315.84,850
