canonical_id,item_type,size_nb_mm,size_inch,dn_code,pressure_class,metallurgy,facing_end,standard,canonical_description,unspsc_code,gem_category_id
CAN-000001,FLANGE_WELD_NECK,15.0,"1/2""",DN15,150,ASTM A105,RF,ASME B16.5,"FLANGE, WELD NECK, 1/2"" (DN15), CLASS 150, ASTM A105, RF FACING, ASME B16.5",40171501,GEM-FLANGE-WN
CAN-000002,FLANGE_WELD_NECK,15.0,"1/2""",DN15,150,ASTM A105,RTJ,ASME B16.5,"FLANGE, WELD NECK, 1/2"" (DN15), CLASS 150, ASTM A105, RTJ FACING, ASME B16.5",40171501,GEM-FLANGE-WN
CAN-000003,FLANGE_WELD_NECK,15.0,"1/2""",DN15,150,ASTM A350 LF2,RF,ASME B16.5,"FLANGE, WELD NECK, 1/2"" (DN15), CLASS 150, ASTM A350 LF2, RF FACING, ASME B16.5",40171501,GEM-FLANGE-WN
CAN-000004,FLANGE_WELD_NECK,15.0,"1/2""",DN15,150,ASTM A350 LF2,RTJ,ASME B16.5,"FLANGE, WELD NECK, 1/2"" (DN15), CLASS 150, ASTM A350 LF2, RTJ FACING, ASME B16.5",40171501,GEM-FLANGE-WN
CAN-000005,FLANGE_WELD_NECK,15.0,"1/2""",DN15,150,ASTM A182 F304,RF,ASME B16.5,"FLANGE, WELD NECK, 1/2"" (DN15), CLASS 150, ASTM A182 F304, RF FACING, ASME B16.5",40171501,GEM-FLANGE-WN
CAN-000006,FLANGE_WELD_NECK,15.0,"1/2""",DN15,150,ASTM A182 F304,RTJ,ASME B16.5,"FLANGE, WELD NECK, 1/2"" (DN15), CLASS 150, ASTM A182 F304, RTJ FACING, ASME B16.5",40171501,GEM-FLANGE-WN
CAN-000007,FLANGE_WELD_NECK,15.0,"1/2""",DN15,150,ASTM A182 F316,RF,ASME B16.5,"FLANGE, WELD NECK, 1/2"" (DN15), CLASS 150, ASTM A182 F316, RF FACING, ASME B16.5",40171501,GEM-FLANGE-WN
CAN-000008,FLANGE_WELD_NECK,15.0,"1/2""",DN15,150,ASTM A182 F316,RTJ,ASME B16.5,"FLANGE, WELD NECK, 1/2"" (DN15), CLASS 150, ASTM A182 F316, RTJ FACING, ASME B16.5",40171501,GEM-FLANGE-WN
CAN-000009,FLANGE_WELD_NECK,15.0,"1/2""",DN15,300,ASTM A105,RF,ASME B16.5,"FLANGE, WELD NECK, 1/2"" (DN15), CLASS 300, ASTM A105, RF FACING, ASME B16.5",40171501,GEM-FLANGE-WN
CAN-000010,FLANGE_WELD_NECK,15.0,"1/2""",DN15,300,ASTM A105,RTJ,ASME B16.5,"FLANGE, WELD NECK, 1/2"" (DN15), CLASS 300, ASTM A105, RTJ FACING, ASME B16.5",40171501,GEM-FLANGE-WN
CAN-000011,FLANGE_WELD_NECK,15.0,"1/2""",DN15,300,ASTM A350 LF2,RF,ASME B16.5,"FLANGE, WELD NECK, 1/2"" (DN15), CLASS 300, ASTM A350 LF2, RF FACING, ASME B16.5",40171501,GEM-FLANGE-WN
CAN-000012,FLANGE_WELD_NECK,15.0,"1/2""",DN15,300,ASTM A350 LF2,RTJ,ASME B16.5,"FLANGE, WELD NECK, 1/2"" (DN15), CLASS 300, ASTM A350 LF2, RTJ FACING, ASME B16.5",40171501,GEM-FLANGE-WN
CAN-000013,FLANGE_WELD_NECK,15.0,"1/2""",DN15,300,ASTM A182 F304,RF,ASME B16.5,"FLANGE, WELD NECK, 1/2"" (DN15), CLASS 300, ASTM A182 F304, RF FACING, ASME B16.5",40171501,GEM-FLANGE-WN
CAN-000014,FLANGE_WELD_NECK,15.0,"1/2""",DN15,300,ASTM A182 F304,RTJ,ASME B16.5,"FLANGE, WELD NECK, 1/2"" (DN15), CLASS 300, ASTM A182 F304, RTJ FACING, ASME B16.5",40171501,GEM-FLANGE-WN
CAN-000015,FLANGE_WELD_NECK,15.0,"1/2""",DN15,300,ASTM A182 F316,RF,ASME B16.5,"FLANGE, WELD NECK, 1/2"" (DN15), CLASS 300, ASTM A182 F316, RF FACING, ASME B16.5",40171501,GEM-FLANGE-WN
CAN-000016,FLANGE_WELD_NECK,15.0,"1/2""",DN15,300,ASTM A182 F316,RTJ,ASME B16.5,"FLANGE, WELD NECK, 1/2"" (DN15), CLASS 300, ASTM A182 F316, RTJ FACING, ASME B16.5",40171501,GEM-FLANGE-WN
CAN-000017,FLANGE_WELD_NECK,15.0,"1/2""",DN15,600,ASTM A105,RF,ASME B16.5,"FLANGE, WELD NECK, 1/2"" (DN15), CLASS 600, ASTM A105, RF FACING, ASME B16.5",40171501,GEM-FLANGE-WN
CAN-000018,FLANGE_WELD_NECK,15.0,"1/2""",DN15,600,ASTM A105,RTJ,ASME B16.5,"FLANGE, WELD NECK, 1/2"" (DN15), CLASS 600, ASTM A105, RTJ FACING, ASME B16.5",40171501,GEM-FLANGE-WN
CAN-000019,FLANGE_WELD_NECK,15.0,"1/2""",DN15,600,ASTM A350 LF2,RF,ASME B16.5,"FLANGE, WELD NECK, 1/2"" (DN15), CLASS 600, ASTM A350 LF2, RF FACING, ASME B16.5",40171501,GEM-FLANGE-WN
CAN-000020,FLANGE_WELD_NECK,15.0,"1/2""",DN15,600,ASTM A350 LF2,RTJ,ASME B16.5,"FLANGE, WELD NECK, 1/2"" (DN15), CLASS 600, ASTM A350 LF2, RTJ FACING, ASME B16.5",40171501,GEM-FLANGE-WN
CAN-000021,FLANGE_WELD_NECK,15.0,"1/2""",DN15,600,ASTM A182 F304,RF,ASME B16.5,"FLANGE, WELD NECK, 1/2"" (DN15), CLASS 600, ASTM A182 F304, RF FACING, ASME B16.5",40171501,GEM-FLANGE-WN
CAN-000022,FLANGE_WELD_NECK,15.0,"1/2""",DN15,600,ASTM A182 F304,RTJ,ASME B16.5,"FLANGE, WELD NECK, 1/2"" (DN15), CLASS 600, ASTM A182 F304, RTJ FACING, ASME B16.5",40171501,GEM-FLANGE-WN
CAN-000023,FLANGE_WELD_NECK,15.0,"1/2""",DN15,600,ASTM A182 F316,RF,ASME B16.5,"FLANGE, WELD NECK, 1/2"" (DN15), CLASS 600, ASTM A182 F316, RF FACING, ASME B16.5",40171501,GEM-FLANGE-WN
CAN-000024,FLANGE_WELD_NECK,15.0,"1/2""",DN15,600,ASTM A182 F316,RTJ,ASME B16.5,"FLANGE, WELD NECK, 1/2"" (DN15), CLASS 600, ASTM A182 F316, RTJ FACING, ASME B16.5",40171501,GEM-FLANGE-WN
CAN-000025,FLANGE_WELD_NECK,15.0,"1/2""",DN15,900,ASTM A105,RF,ASME B16.5,"FLANGE, WELD NECK, 1/2"" (DN15), CLASS 900, ASTM A105, RF FACING, ASME B16.5",40171501,GEM-FLANGE-WN
CAN-000026,FLANGE_WELD_NECK,15.0,"1/2""",DN15,900,ASTM A105,RTJ,ASME B16.5,"FLANGE, WELD NECK, 1/2"" (DN15), CLASS 900, ASTM A105, RTJ FACING, ASME B16.5",40171501,GEM-FLANGE-WN
CAN-000027,FLANGE_WELD_NECK,15.0,"1/2""",DN15,900,ASTM A350 LF2,RF,ASME B16.5,"FLANGE, WELD NECK, 1/2"" (DN15), CLASS 900, ASTM A350 LF2, RF FACING, ASME B16.5",40171501,GEM-FLANGE-WN
CAN-000028,FLANGE_WELD_NECK,15.0,"1/2""",DN15,900,ASTM A350 LF2,RTJ,ASME B16.5,"FLANGE, WELD NECK, 1/2"" (DN15), CLASS 900, ASTM A350 LF2, RTJ FACING, ASME B16.5",40171501,GEM-FLANGE-WN
CAN-000029,FLANGE_WELD_NECK,15.0,"1/2""",DN15,900,ASTM A182 F304,RF,ASME B16.5,"FLANGE, WELD NECK, 1/2"" (DN15), CLASS 900, ASTM A182 F304, RF FACING, ASME B16.5",40171501,GEM-FLANGE-WN
CAN-000030,FLANGE_WELD_NECK,15.0,"1/2""",DN15,900,ASTM A182 F304,RTJ,ASME B16.5,"FLANGE, WELD NECK, 1/2"" (DN15), CLASS 900, ASTM A182 F304, RTJ FACING, ASME B16.5",40171501,GEM-FLANGE-WN
CAN-000031,FLANGE_WELD_NECK,15.0,"1/2""",DN15,900,ASTM A182 F316,RF,ASME B16.5,"FLANGE, WELD NECK, 1/2"" (DN15), CLASS 900, ASTM A182 F316, RF FACING, ASME B16.5",40171501,GEM-FLANGE-WN
CAN-000032,FLANGE_WELD_NECK,15.0,"1/2""",DN15,900,ASTM A182 F316,RTJ,ASME B16.5,"FLANGE, WELD NECK, 1/2"" (DN15), CLASS 900, ASTM A182 F316, RTJ FACING, ASME B16.5",40171501,GEM-FLANGE-WN
CAN-000033,FLANGE_WELD_NECK,15.0,"1/2""",DN15,1500,ASTM A105,RF,ASME B16.5,"FLANGE, WELD NECK, 1/2"" (DN15), CLASS 1500, ASTM A105, RF FACING, ASME B16.5",40171501,GEM-FLANGE-WN
CAN-000034,FLANGE_WELD_NECK,15.0,"1/2""",DN15,1500,ASTM A105,RTJ,ASME B16.5,"FLANGE, WELD NECK, 1/2"" (DN15), CLASS 1500, ASTM A105, RTJ FACING, ASME B16.5",40171501,GEM-FLANGE-WN
CAN-000035,FLANGE_WELD_NECK,15.0,"1/2""",DN15,1500,ASTM A350 LF2,RF,ASME B16.5,"FLANGE, WELD NECK, 1/2"" (DN15), CLASS 1500, ASTM A350 LF2, RF FACING, ASME B16.5",40171501,GEM-FLANGE-WN
CAN-000036,FLANGE_WELD_NECK,15.0,"1/2""",DN15,1500,ASTM A350 LF2,RTJ,ASME B16.5,"FLANGE, WELD NECK, 1/2"" (DN15), CLASS 1500, ASTM A350 LF2, RTJ FACING, ASME B16.5",40171501,GEM-FLANGE-WN
CAN-000037,FLANGE_WELD_NECK,15.0,"1/2""",DN15,1500,ASTM A182 F304,RF,ASME B16.5,"FLANGE, WELD NECK, 1/2"" (DN15), CLASS 1500, ASTM A182 F304, RF FACING, ASME B16.5",40171501,GEM-FLANGE-WN
CAN-000038,FLANGE_WELD_NECK,15.0,"1/2""",DN15,1500,ASTM A182 F304,RTJ,ASME B16.5,"FLANGE, WELD NECK, 1/2"" (DN15), CLASS 1500, ASTM A182 F304, RTJ FACING, ASME B16.5",40171501,GEM-FLANGE-WN
CAN-000039,FLANGE_WELD_NECK,15.0,"1/2""",DN15,1500,ASTM A182 F316,RF,ASME B16.5,"FLANGE, WELD NECK, 1/2"" (DN15), CLASS 1500, ASTM A182 F316, RF FACING, ASME B16.5",40171501,GEM-FLANGE-WN
CAN-000040,FLANGE_WELD_NECK,15.0,"1/2""",DN15,1500,ASTM A182 F316,RTJ,ASME B16.5,"FLANGE, WELD NECK, 1/2"" (DN15), CLASS 1500, ASTM A182 F316, RTJ FACING, ASME B16.5",40171501,GEM-FLANGE-WN
CAN-000041,FLANGE_WELD_NECK,25.0,"1""",DN25,150,ASTM A105,RF,ASME B16.5,"FLANGE, WELD NECK, 1"" (DN25), CLASS 150, ASTM A105, RF FACING, ASME B16.5",40171501,GEM-FLANGE-WN
CAN-000042,FLANGE_WELD_NECK,25.0,"1""",DN25,150,ASTM A105,RTJ,ASME B16.5,"FLANGE, WELD NECK, 1"" (DN25), CLASS 150, ASTM A105, RTJ FACING, ASME B16.5",40171501,GEM-FLANGE-WN
CAN-000043,FLANGE_WELD_NECK,25.0,"1""",DN25,150,ASTM A350 LF2,RF,ASME B16.5,"FLANGE, WELD NECK, 1"" (DN25), CLASS 150, ASTM A350 LF2, RF FACING, ASME B16.5",40171501,GEM-FLANGE-WN
CAN-000044,FLANGE_WELD_NECK,25.0,"1""",DN25,150,ASTM A350 LF2,RTJ,ASME B16.5,"FLANGE, WELD NECK, 1"" (DN25), CLASS 150, ASTM A350 LF2, RTJ FACING, ASME B16.5",40171501,GEM-FLANGE-WN
CAN-000045,FLANGE_WELD_NECK,25.0,"1""",DN25,150,ASTM A182 F304,RF,ASME B16.5,"FLANGE, WELD NECK, 1"" (DN25), CLASS 150, ASTM A182 F304, RF FACING, ASME B16.5",40171501,GEM-FLANGE-WN
CAN-000046,FLANGE_WELD_NECK,25.0,"1""",DN25,150,ASTM A182 F304,RTJ,ASME B16.5,"FLANGE, WELD NECK, 1"" (DN25), CLASS 150, ASTM A182 F304, RTJ FACING, ASME B16.5",40171501,GEM-FLANGE-WN
CAN-000047,FLANGE_WELD_NECK,25.0,"1""",DN25,150,ASTM A182 F316,RF,ASME B16.5,"FLANGE, WELD NECK, 1"" (DN25), CLASS 150, ASTM A182 F316, RF FACING, ASME B16.5",40171501,GEM-FLANGE-WN
CAN-000048,FLANGE_WELD_NECK,25.0,"1""",DN25,150,ASTM A182 F316,RTJ,ASME B16.5,"FLANGE, WELD NECK, 1"" (DN25), CLASS 150, ASTM A182 F316, RTJ FACING, ASME B16.5",40171501,GEM-FLANGE-WN
CAN-000049,FLANGE_WELD_NECK,25.0,"1""",DN25,300,ASTM A105,RF,ASME B16.5,"FLANGE, WELD NECK, 1"" (DN25), CLASS 300, ASTM A105, RF FACING, ASME B16.5",40171501,GEM-FLANGE-WN
CAN-000050,FLANGE_WELD_NECK,25.0,"1""",DN25,300,ASTM A105,RTJ,ASME B16.5,"FLANGE, WELD NECK, 1"" (DN25), CLASS 300, ASTM A105, RTJ FACING, ASME B16.5",40171501,GEM-FLANGE-WN
CAN-000051,FLANGE_WELD_NECK,25.0,"1""",DN25,300,ASTM A350 LF2,RF,ASME B16.5,"FLANGE, WELD NECK, 1"" (DN25), CLASS 300, ASTM A350 LF2, RF FACING, ASME B16.5",40171501,GEM-FLANGE-WN
CAN-000052,FLANGE_WELD_NECK,25.0,"1""",DN25,300,ASTM A350 LF2,RTJ,ASME B16.5,"FLANGE, WELD NECK, 1"" (DN25), CLASS 300, ASTM A350 LF2, RTJ FACING, ASME B16.5",40171501,GEM-FLANGE-WN
CAN-000053,FLANGE_WELD_NECK,25.0,"1""",DN25,300,ASTM A182 F304,RF,ASME B16.5,"FLANGE, WELD NECK, 1"" (DN25), CLASS 300, ASTM A182 F304, RF FACING, ASME B16.5",40171501,GEM-FLANGE-WN
CAN-000054,FLANGE_WELD_NECK,25.0,"1""",DN25,300,ASTM A182 F304,RTJ,ASME B16.5,"FLANGE, WELD NECK, 1"" (DN25), CLASS 300, ASTM A182 F304, RTJ FACING, ASME B16.5",40171501,GEM-FLANGE-WN
CAN-000055,FLANGE_WELD_NECK,25.0,"1""",DN25,300,ASTM A182 F316,RF,ASME B16.5,"FLANGE, WELD NECK, 1"" (DN25), CLASS 300, ASTM A182 F316, RF FACING, ASME B16.5",40171501,GEM-FLANGE-WN
CAN-000056,FLANGE_WELD_NECK,25.0,"1""",DN25,300,ASTM A182 F316,RTJ,ASME B16.5,"FLANGE, WELD NECK, 1"" (DN25), CLASS 300, ASTM A182 F316, RTJ FACING, ASME B16.5",40171501,GEM-FLANGE-WN
CAN-000057,FLANGE_WELD_NECK,25.0,"1""",DN25,600,ASTM A105,RF,ASME B16.5,"FLANGE, WELD NECK, 1"" (DN25), CLASS 600, ASTM A105, RF FACING, ASME B16.5",40171501,GEM-FLANGE-WN
CAN-000058,FLANGE_WELD_NECK,25.0,"1""",DN25,600,ASTM A105,RTJ,ASME B16.5,"FLANGE, WELD NECK, 1"" (DN25), CLASS 600, ASTM A105, RTJ FACING, ASME B16.5",40171501,GEM-FLANGE-WN
CAN-000059,FLANGE_WELD_NECK,25.0,"1""",DN25,600,ASTM A350 LF2,RF,ASME B16.5,"FLANGE, WELD NECK, 1"" (DN25), CLASS 600, ASTM A350 LF2, RF FACING, ASME B16.5",40171501,GEM-FLANGE-WN
CAN-000060,FLANGE_WELD_NECK,25.0,"1""",DN25,600,ASTM A350 LF2,RTJ,ASME B16.5,"FLANGE, WELD NECK, 1"" (DN25), CLASS 600, ASTM A350 LF2, RTJ FACING, ASME B16.5",40171501,GEM-FLANGE-WN
CAN-000061,FLANGE_WELD_NECK,25.0,"1""",DN25,600,ASTM A182 F304,RF,ASME B16.5,"FLANGE, WELD NECK, 1"" (DN25), CLASS 600, ASTM A182 F304, RF FACING, ASME B16.5",40171501,GEM-FLANGE-WN
CAN-000062,FLANGE_WELD_NECK,25.0,"1""",DN25,600,ASTM A182 F304,RTJ,ASME B16.5,"FLANGE, WELD NECK, 1"" (DN25), CLASS 600, ASTM A182 F304, RTJ FACING, ASME B16.5",40171501,GEM-FLANGE-WN
CAN-000063,FLANGE_WELD_NECK,25.0,"1""",DN25,600,ASTM A182 F316,RF,ASME B16.5,"FLANGE, WELD NECK, 1"" (DN25), CLASS 600, ASTM A182 F316, RF FACING, ASME B16.5",40171501,GEM-FLANGE-WN
CAN-000064,FLANGE_WELD_NECK,25.0,"1""",DN25,600,ASTM A182 F316,RTJ,ASME B16.5,"FLANGE, WELD NECK, 1"" (DN25), CLASS 600, ASTM A182 F316, RTJ FACING, ASME B16.5",40171501,GEM-FLANGE-WN
CAN-000065,FLANGE_WELD_NECK,25.0,"1""",DN25,900,ASTM A105,RF,ASME B16.5,"FLANGE, WELD NECK, 1"" (DN25), CLASS 900, ASTM A105, RF FACING, ASME B16.5",40171501,GEM-FLANGE-WN
CAN-000066,FLANGE_WELD_NECK,25.0,"1""",DN25,900,ASTM A105,RTJ,ASME B16.5,"FLANGE, WELD NECK, 1"" (DN25), CLASS 900, ASTM A105, RTJ FACING, ASME B16.5",40171501,GEM-FLANGE-WN
CAN-000067,FLANGE_WELD_NECK,25.0,"1""",DN25,900,ASTM A350 LF2,RF,ASME B16.5,"FLANGE, WELD NECK, 1"" (DN25), CLASS 900, ASTM A350 LF2, RF FACING, ASME B16.5",40171501,GEM-FLANGE-WN
CAN-000068,FLANGE_WELD_NECK,25.0,"1""",DN25,900,ASTM A350 LF2,RTJ,ASME B16.5,"FLANGE, WELD NECK, 1"" (DN25), CLASS 900, ASTM A350 LF2, RTJ FACING, ASME B16.5",40171501,GEM-FLANGE-WN
CAN-000069,FLANGE_WELD_NECK,25.0,"1""",DN25,900,ASTM A182 F304,RF,ASME B16.5,"FLANGE, WELD NECK, 1"" (DN25), CLASS 900, ASTM A182 F304, RF FACING, ASME B16.5",40171501,GEM-FLANGE-WN
CAN-000070,FLANGE_WELD_NECK,25.0,"1""",DN25,900,ASTM A182 F304,RTJ,ASME B16.5,"FLANGE, WELD NECK, 1"" (DN25), CLASS 900, ASTM A182 F304, RTJ FACING, ASME B16.5",40171501,GEM-FLANGE-WN
CAN-000071,FLANGE_WELD_NECK,25.0,"1""",DN25,900,ASTM A182 F316,RF,ASME B16.5,"FLANGE, WELD NECK, 1"" (DN25), CLASS 900, ASTM A182 F316, RF FACING, ASME B16.5",40171501,GEM-FLANGE-WN
CAN-000072,FLANGE_WELD_NECK,25.0,"1""",DN25,900,ASTM A182 F316,RTJ,ASME B16.5,"FLANGE, WELD NECK, 1"" (DN25), CLASS 900, ASTM A182 F316, RTJ FACING, ASME B16.5",40171501,GEM-FLANGE-WN
CAN-000073,FLANGE_WELD_NECK,25.0,"1""",DN25,1500,ASTM A105,RF,ASME B16.5,"FLANGE, WELD NECK, 1"" (DN25), CLASS 1500, ASTM A105, RF FACING, ASME B16.5",40171501,GEM-FLANGE-WN
CAN-000074,FLANGE_WELD_NECK,25.0,"1""",DN25,1500,ASTM A105,RTJ,ASME B16.5,"FLANGE, WELD NECK, 1"" (DN25), CLASS 1500, ASTM A105, RTJ FACING, ASME B16.5",40171501,GEM-FLANGE-WN
CAN-000075,FLANGE_WELD_NECK,25.0,"1""",DN25,1500,ASTM A350 LF2,RF,ASME B16.5,"FLANGE, WELD NECK, 1"" (DN25), CLASS 1500, ASTM A350 LF2, RF FACING, ASME B16.5",40171501,GEM-FLANGE-WN
CAN-000076,FLANGE_WELD_NECK,25.0,"1""",DN25,1500,ASTM A350 LF2,RTJ,ASME B16.5,"FLANGE, WELD NECK, 1"" (DN25), CLASS 1500, ASTM A350 LF2, RTJ FACING, ASME B16.5",40171501,GEM-FLANGE-WN
CAN-000077,FLANGE_WELD_NECK,25.0,"1""",DN25,1500,ASTM A182 F304,RF,ASME B16.5,"FLANGE, WELD NECK, 1"" (DN25), CLASS 1500, ASTM A182 F304, RF FACING, ASME B16.5",40171501,GEM-FLANGE-WN
CAN-000078,FLANGE_WELD_NECK,25.0,"1""",DN25,1500,ASTM A182 F304,RTJ,ASME B16.5,"FLANGE, WELD NECK, 1"" (DN25), CLASS 1500, ASTM A182 F304, RTJ FACING, ASME B16.5",40171501,GEM-FLANGE-WN
CAN-000079,FLANGE_WELD_NECK,25.0,"1""",DN25,1500,ASTM A182 F316,RF,ASME B16.5,"FLANGE, WELD NECK, 1"" (DN25), CLASS 1500, ASTM A182 F316, RF FACING, ASME B16.5",40171501,GEM-FLANGE-WN
CAN-000080,FLANGE_WELD_NECK,25.0,"1""",DN25,1500,ASTM A182 F316,RTJ,ASME B16.5,"FLANGE, WELD NECK, 1"" (DN25), CLASS 1500, ASTM A182 F316, RTJ FACING, ASME B16.5",40171501,GEM-FLANGE-WN
CAN-000081,FLANGE_WELD_NECK,40.0,"1.5""",DN40,150,ASTM A105,RF,ASME B16.5,"FLANGE, WELD NECK, 1.5"" (DN40), CLASS 150, ASTM A105, RF FACING, ASME B16.5",40171501,GEM-FLANGE-WN
CAN-000082,FLANGE_WELD_NECK,40.0,"1.5""",DN40,150,ASTM A105,RTJ,ASME B16.5,"FLANGE, WELD NECK, 1.5"" (DN40), CLASS 150, ASTM A105, RTJ FACING, ASME B16.5",40171501,GEM-FLANGE-WN
CAN-000083,FLANGE_WELD_NECK,40.0,"1.5""",DN40,150,ASTM A350 LF2,RF,ASME B16.5,"FLANGE, WELD NECK, 1.5"" (DN40), CLASS 150, ASTM A350 LF2, RF FACING, ASME B16.5",40171501,GEM-FLANGE-WN
CAN-000084,FLANGE_WELD_NECK,40.0,"1.5""",DN40,150,ASTM A350 LF2,RTJ,ASME B16.5,"FLANGE, WELD NECK, 1.5"" (DN40), CLASS 150, ASTM A350 LF2, RTJ FACING, ASME B16.5",40171501,GEM-FLANGE-WN
CAN-000085,FLANGE_WELD_NECK,40.0,"1.5""",DN40,150,ASTM A182 F304,RF,ASME B16.5,"FLANGE, WELD NECK, 1.5"" (DN40), CLASS 150, ASTM A182 F304, RF FACING, ASME B16.5",40171501,GEM-FLANGE-WN
CAN-000086,FLANGE_WELD_NECK,40.0,"1.5""",DN40,150,ASTM A182 F304,RTJ,ASME B16.5,"FLANGE, WELD NECK, 1.5"" (DN40), CLASS 150, ASTM A182 F304, RTJ FACING, ASME B16.5",40171501,GEM-FLANGE-WN
CAN-000087,FLANGE_WELD_NECK,40.0,"1.5""",DN40,150,ASTM A182 F316,RF,ASME B16.5,"FLANGE, WELD NECK, 1.5"" (DN40), CLASS 150, ASTM A182 F316, RF FACING, ASME B16.5",40171501,GEM-FLANGE-WN
CAN-000088,FLANGE_WELD_NECK,40.0,"1.5""",DN40,150,ASTM A182 F316,RTJ,ASME B16.5,"FLANGE, WELD NECK, 1.5"" (DN40), CLASS 150, ASTM A182 F316, RTJ FACING, ASME B16.5",40171501,GEM-FLANGE-WN
CAN-000089,FLANGE_WELD_NECK,40.0,"1.5""",DN40,300,ASTM A105,RF,ASME B16.5,"FLANGE, WELD NECK, 1.5"" (DN40), CLASS 300, ASTM A105, RF FACING, ASME B16.5",40171501,GEM-FLANGE-WN
CAN-000090,FLANGE_WELD_NECK,40.0,"1.5""",DN40,300,ASTM A105,RTJ,ASME B16.5,"FLANGE, WELD NECK, 1.5"" (DN40), CLASS 300, ASTM A105, RTJ FACING, ASME B16.5",40171501,GEM-FLANGE-WN
CAN-000091,FLANGE_WELD_NECK,40.0,"1.5""",DN40,300,ASTM A350 LF2,RF,ASME B16.5,"FLANGE, WELD NECK, 1.5"" (DN40), CLASS 300, ASTM A350 LF2, RF FACING, ASME B16.5",40171501,GEM-FLANGE-WN
CAN-000092,FLANGE_WELD_NECK,40.0,"1.5""",DN40,300,ASTM A350 LF2,RTJ,ASME B16.5,"FLANGE, WELD NECK, 1.5"" (DN40), CLASS 300, ASTM A350 LF2, RTJ FACING, ASME B16.5",40171501,GEM-FLANGE-WN
CAN-000093,FLANGE_WELD_NECK,40.0,"1.5""",DN40,300,ASTM A182 F304,RF,ASME B16.5,"FLANGE, WELD NECK, 1.5"" (DN40), CLASS 300, ASTM A182 F304, RF FACING, ASME B16.5",40171501,GEM-FLANGE-WN
CAN-000094,FLANGE_WELD_NECK,40.0,"1.5""",DN40,300,ASTM A182 F304,RTJ,ASME B16.5,"FLANGE, WELD NECK, 1.5"" (DN40), CLASS 300, ASTM A182 F304, RTJ FACING, ASME B16.5",40171501,GEM-FLANGE-WN
CAN-000095,FLANGE_WELD_NECK,40.0,"1.5""",DN40,300,ASTM A182 F316,RF,ASME B16.5,"FLANGE, WELD NECK, 1.5"" (DN40), CLASS 300, ASTM A182 F316, RF FACING, ASME B16.5",40171501,GEM-FLANGE-WN
CAN-000096,FLANGE_WELD_NECK,40.0,"1.5""",DN40,300,ASTM A182 F316,RTJ,ASME B16.5,"FLANGE, WELD NECK, 1.5"" (DN40), CLASS 300, ASTM A182 F316, RTJ FACING, ASME B16.5",40171501,GEM-FLANGE-WN
CAN-000097,FLANGE_WELD_NECK,40.0,"1.5""",DN40,600,ASTM A105,RF,ASME B16.5,"FLANGE, WELD NECK, 1.5"" (DN40), CLASS 600, ASTM A105, RF FACING, ASME B16.5",40171501,GEM-FLANGE-WN
CAN-000098,FLANGE_WELD_NECK,40.0,"1.5""",DN40,600,ASTM A105,RTJ,ASME B16.5,"FLANGE, WELD NECK, 1.5"" (DN40), CLASS 600, ASTM A105, RTJ FACING, ASME B16.5",40171501,GEM-FLANGE-WN
CAN-000099,FLANGE_WELD_NECK,40.0,"1.5""",DN40,600,ASTM A350 LF2,RF,ASME B16.5,"FLANGE, WELD NECK, 1.5"" (DN40), CLASS 600, ASTM A350 LF2, RF FACING, ASME B16.5",40171501,GEM-FLANGE-WN
CAN-000100,FLANGE_WELD_NECK,40.0,"1.5""",DN40,600,ASTM A350 LF2,RTJ,ASME B16.5,"FLANGE, WELD NECK, 1.5"" (DN40), CLASS 600, ASTM A350 LF2, RTJ FACING, ASME B16.5",40171501,GEM-FLANGE-WN
CAN-000101,FLANGE_WELD_NECK,40.0,"1.5""",DN40,600,ASTM A182 F304,RF,ASME B16.5,"FLANGE, WELD NECK, 1.5"" (DN40), CLASS 600, ASTM A182 F304, RF FACING, ASME B16.5",40171501,GEM-FLANGE-WN
CAN-000102,FLANGE_WELD_NECK,40.0,"1.5""",DN40,600,ASTM A182 F304,RTJ,ASME B16.5,"FLANGE, WELD NECK, 1.5"" (DN40), CLASS 600, ASTM A182 F304, RTJ FACING, ASME B16.5",40171501,GEM-FLANGE-WN
CAN-000103,FLANGE_WELD_NECK,40.0,"1.5""",DN40,600,ASTM A182 F316,RF,ASME B16.5,"FLANGE, WELD NECK, 1.5"" (DN40), CLASS 600, ASTM A182 F316, RF FACING, ASME B16.5",40171501,GEM-FLANGE-WN
CAN-000104,FLANGE_WELD_NECK,40.0,"1.5""",DN40,600,ASTM A182 F316,RTJ,ASME B16.5,"FLANGE, WELD NECK, 1.5"" (DN40), CLASS 600, ASTM A182 F316, RTJ FACING, ASME B16.5",40171501,GEM-FLANGE-WN
CAN-000105,FLANGE_WELD_NECK,40.0,"1.5""",DN40,900,ASTM A105,RF,ASME B16.5,"FLANGE, WELD NECK, 1.5"" (DN40), CLASS 900, ASTM A105, RF FACING, ASME B16.5",40171501,GEM-FLANGE-WN
CAN-000106,FLANGE_WELD_NECK,40.0,"1.5""",DN40,900,ASTM A105,RTJ,ASME B16.5,"FLANGE, WELD NECK, 1.5"" (DN40), CLASS 900, ASTM A105, RTJ FACING, ASME B16.5",40171501,GEM-FLANGE-WN
CAN-000107,FLANGE_WELD_NECK,40.0,"1.5""",DN40,900,ASTM A350 LF2,RF,ASME B16.5,"FLANGE, WELD NECK, 1.5"" (DN40), CLASS 900, ASTM A350 LF2, RF FACING, ASME B16.5",40171501,GEM-FLANGE-WN
CAN-000108,FLANGE_WELD_NECK,40.0,"1.5""",DN40,900,ASTM A350 LF2,RTJ,ASME B16.5,"FLANGE, WELD NECK, 1.5"" (DN40), CLASS 900, ASTM A350 LF2, RTJ FACING, ASME B16.5",40171501,GEM-FLANGE-WN
CAN-000109,FLANGE_WELD_NECK,40.0,"1.5""",DN40,900,ASTM A182 F304,RF,ASME B16.5,"FLANGE, WELD NECK, 1.5"" (DN40), CLASS 900, ASTM A182 F304, RF FACING, ASME B16.5",40171501,GEM-FLANGE-WN
CAN-000110,FLANGE_WELD_NECK,40.0,"1.5""",DN40,900,ASTM A182 F304,RTJ,ASME B16.5,"FLANGE, WELD NECK, 1.5"" (DN40), CLASS 900, ASTM A182 F304, RTJ FACING, ASME B16.5",40171501,GEM-FLANGE-WN
CAN-000111,FLANGE_WELD_NECK,40.0,"1.5""",DN40,900,ASTM A182 F316,RF,ASME B16.5,"FLANGE, WELD NECK, 1.5"" (DN40), CLASS 900, ASTM A182 F316, RF FACING, ASME B16.5",40171501,GEM-FLANGE-WN
CAN-000112,FLANGE_WELD_NECK,40.0,"1.5""",DN40,900,ASTM A182 F316,RTJ,ASME B16.5,"FLANGE, WELD NECK, 1.5"" (DN40), CLASS 900, ASTM A182 F316, RTJ FACING, ASME B16.5",40171501,GEM-FLANGE-WN
CAN-000113,FLANGE_WELD_NECK,40.0,"1.5""",DN40,1500,ASTM A105,RF,ASME B16.5,"FLANGE, WELD NECK, 1.5"" (DN40), CLASS 1500, ASTM A105, RF FACING, ASME B16.5",40171501,GEM-FLANGE-WN
CAN-000114,FLANGE_WELD_NECK,40.0,"1.5""",DN40,1500,ASTM A105,RTJ,ASME B16.5,"FLANGE, WELD NECK, 1.5"" (DN40), CLASS 1500, ASTM A105, RTJ FACING, ASME B16.5",40171501,GEM-FLANGE-WN
CAN-000115,FLANGE_WELD_NECK,40.0,"1.5""",DN40,1500,ASTM A350 LF2,RF,ASME B16.5,"FLANGE, WELD NECK, 1.5"" (DN40), CLASS 1500, ASTM A350 LF2, RF FACING, ASME B16.5",40171501,GEM-FLANGE-WN
CAN-000116,FLANGE_WELD_NECK,40.0,"1.5""",DN40,1500,ASTM A350 LF2,RTJ,ASME B16.5,"FLANGE, WELD NECK, 1.5"" (DN40), CLASS 1500, ASTM A350 LF2, RTJ FACING, ASME B16.5",40171501,GEM-FLANGE-WN
CAN-000117,FLANGE_WELD_NECK,40.0,"1.5""",DN40,1500,ASTM A182 F304,RF,ASME B16.5,"FLANGE, WELD NECK, 1.5"" (DN40), CLASS 1500, ASTM A182 F304, RF FACING, ASME B16.5",40171501,GEM-FLANGE-WN
CAN-000118,FLANGE_WELD_NECK,40.0,"1.5""",DN40,1500,ASTM A182 F304,RTJ,ASME B16.5,"FLANGE, WELD NECK, 1.5"" (DN40), CLASS 1500, ASTM A182 F304, RTJ FACING, ASME B16.5",40171501,GEM-FLANGE-WN
CAN-000119,FLANGE_WELD_NECK,40.0,"1.5""",DN40,1500,ASTM A182 F316,RF,ASME B16.5,"FLANGE, WELD NECK, 1.5"" (DN40), CLASS 1500, ASTM A182 F316, RF FACING, ASME B16.5",40171501,GEM-FLANGE-WN
CAN-000120,FLANGE_WELD_NECK,40.0,"1.5""",DN40,1500,ASTM A182 F316,RTJ,ASME B16.5,"FLANGE, WELD NECK, 1.5"" (DN40), CLASS 1500, ASTM A182 F316, RTJ FACING, ASME B16.5",40171501,GEM-FLANGE-WN
CAN-000121,FLANGE_WELD_NECK,50.0,"2""",DN50,150,ASTM A105,RF,ASME B16.5,"FLANGE, WELD NECK, 2"" (DN50), CLASS 150, ASTM A105, RF FACING, ASME B16.5",40171501,GEM-FLANGE-WN
CAN-000122,FLANGE_WELD_NECK,50.0,"2""",DN50,150,ASTM A105,RTJ,ASME B16.5,"FLANGE, WELD NECK, 2"" (DN50), CLASS 150, ASTM A105, RTJ FACING, ASME B16.5",40171501,GEM-FLANGE-WN
CAN-000123,FLANGE_WELD_NECK,50.0,"2""",DN50,150,ASTM A350 LF2,RF,ASME B16.5,"FLANGE, WELD NECK, 2"" (DN50), CLASS 150, ASTM A350 LF2, RF FACING, ASME B16.5",40171501,GEM-FLANGE-WN
CAN-000124,FLANGE_WELD_NECK,50.0,"2""",DN50,150,ASTM A350 LF2,RTJ,ASME B16.5,"FLANGE, WELD NECK, 2"" (DN50), CLASS 150, ASTM A350 LF2, RTJ FACING, ASME B16.5",40171501,GEM-FLANGE-WN
CAN-000125,FLANGE_WELD_NECK,50.0,"2""",DN50,150,ASTM A182 F304,RF,ASME B16.5,"FLANGE, WELD NECK, 2"" (DN50), CLASS 150, ASTM A182 F304, RF FACING, ASME B16.5",40171501,GEM-FLANGE-WN
CAN-000126,FLANGE_WELD_NECK,50.0,"2""",DN50,150,ASTM A182 F304,RTJ,ASME B16.5,"FLANGE, WELD NECK, 2"" (DN50), CLASS 150, ASTM A182 F304, RTJ FACING, ASME B16.5",40171501,GEM-FLANGE-WN
CAN-000127,FLANGE_WELD_NECK,50.0,"2""",DN50,150,ASTM A182 F316,RF,ASME B16.5,"FLANGE, WELD NECK, 2"" (DN50), CLASS 150, ASTM A182 F316, RF FACING, ASME B16.5",40171501,GEM-FLANGE-WN
CAN-000128,FLANGE_WELD_NECK,50.0,"2""",DN50,150,ASTM A182 F316,RTJ,ASME B16.5,"FLANGE, WELD NECK, 2"" (DN50), CLASS 150, ASTM A182 F316, RTJ FACING, ASME B16.5",40171501,GEM-FLANGE-WN
CAN-000129,FLANGE_WELD_NECK,50.0,"2""",DN50,300,ASTM A105,RF,ASME B16.5,"FLANGE, WELD NECK, 2"" (DN50), CLASS 300, ASTM A105, RF FACING, ASME B16.5",40171501,GEM-FLANGE-WN
CAN-000130,FLANGE_WELD_NECK,50.0,"2""",DN50,300,ASTM A105,RTJ,ASME B16.5,"FLANGE, WELD NECK, 2"" (DN50), CLASS 300, ASTM A105, RTJ FACING, ASME B16.5",40171501,GEM-FLANGE-WN
CAN-000131,FLANGE_WELD_NECK,50.0,"2""",DN50,300,ASTM A350 LF2,RF,ASME B16.5,"FLANGE, WELD NECK, 2"" (DN50), CLASS 300, ASTM A350 LF2, RF FACING, ASME B16.5",40171501,GEM-FLANGE-WN
CAN-000132,FLANGE_WELD_NECK,50.0,"2""",DN50,300,ASTM A350 LF2,RTJ,ASME B16.5,"FLANGE, WELD NECK, 2"" (DN50), CLASS 300, ASTM A350 LF2, RTJ FACING, ASME B16.5",40171501,GEM-FLANGE-WN
CAN-000133,FLANGE_WELD_NECK,50.0,"2""",DN50,300,ASTM A182 F304,RF,ASME B16.5,"FLANGE, WELD NECK, 2"" (DN50), CLASS 300, ASTM A182 F304, RF FACING, ASME B16.5",40171501,GEM-FLANGE-WN
CAN-000134,FLANGE_WELD_NECK,50.0,"2""",DN50,300,ASTM A182 F304,RTJ,ASME B16.5,"FLANGE, WELD NECK, 2"" (DN50), CLASS 300, ASTM A182 F304, RTJ FACING, ASME B16.5",40171501,GEM-FLANGE-WN
CAN-000135,FLANGE_WELD_NECK,50.0,"2""",DN50,300,ASTM A182 F316,RF,ASME B16.5,"FLANGE, WELD NECK, 2"" (DN50), CLASS 300, ASTM A182 F316, RF FACING, ASME B16.5",40171501,GEM-FLANGE-WN
CAN-000136,FLANGE_WELD_NECK,50.0,"2""",DN50,300,ASTM A182 F316,RTJ,ASME B16.5,"FLANGE, WELD NECK, 2"" (DN50), CLASS 300, ASTM A182 F316, RTJ FACING, ASME B16.5",40171501,GEM-FLANGE-WN
CAN-000137,FLANGE_WELD_NECK,50.0,"2""",DN50,600,ASTM A105,RF,ASME B16.5,"FLANGE, WELD NECK, 2"" (DN50), CLASS 600, ASTM A105, RF FACING, ASME B16.5",40171501,GEM-FLANGE-WN
CAN-000138,FLANGE_WELD_NECK,50.0,"2""",DN50,600,ASTM A105,RTJ,ASME B16.5,"FLANGE, WELD NECK, 2"" (DN50), CLASS 600, ASTM A105, RTJ FACING, ASME B16.5",40171501,GEM-FLANGE-WN
CAN-000139,FLANGE_WELD_NECK,50.0,"2""",DN50,600,ASTM A350 LF2,RF,ASME B16.5,"FLANGE, WELD NECK, 2"" (DN50), CLASS 600, ASTM A350 LF2, RF FACING, ASME B16.5",40171501,GEM-FLANGE-WN
CAN-000140,FLANGE_WELD_NECK,50.0,"2""",DN50,600,ASTM A350 LF2,RTJ,ASME B16.5,"FLANGE, WELD NECK, 2"" (DN50), CLASS 600, ASTM A350 LF2, RTJ FACING, ASME B16.5",40171501,GEM-FLANGE-WN
CAN-000141,FLANGE_WELD_NECK,50.0,"2""",DN50,600,ASTM A182 F304,RF,ASME B16.5,"FLANGE, WELD NECK, 2"" (DN50), CLASS 600, ASTM A182 F304, RF FACING, ASME B16.5",40171501,GEM-FLANGE-WN
CAN-000142,FLANGE_WELD_NECK,50.0,"2""",DN50,600,ASTM A182 F304,RTJ,ASME B16.5,"FLANGE, WELD NECK, 2"" (DN50), CLASS 600, ASTM A182 F304, RTJ FACING, ASME B16.5",40171501,GEM-FLANGE-WN
CAN-000143,FLANGE_WELD_NECK,50.0,"2""",DN50,600,ASTM A182 F316,RF,ASME B16.5,"FLANGE, WELD NECK, 2"" (DN50), CLASS 600, ASTM A182 F316, RF FACING, ASME B16.5",40171501,GEM-FLANGE-WN
CAN-000144,FLANGE_WELD_NECK,50.0,"2""",DN50,600,ASTM A182 F316,RTJ,ASME B16.5,"FLANGE, WELD NECK, 2"" (DN50), CLASS 600, ASTM A182 F316, RTJ FACING, ASME B16.5",40171501,GEM-FLANGE-WN
CAN-000145,FLANGE_WELD_NECK,50.0,"2""",DN50,900,ASTM A105,RF,ASME B16.5,"FLANGE, WELD NECK, 2"" (DN50), CLASS 900, ASTM A105, RF FACING, ASME B16.5",40171501,GEM-FLANGE-WN
CAN-000146,FLANGE_WELD_NECK,50.0,"2""",DN50,900,ASTM A105,RTJ,ASME B16.5,"FLANGE, WELD NECK, 2"" (DN50), CLASS 900, ASTM A105, RTJ FACING, ASME B16.5",40171501,GEM-FLANGE-WN
CAN-000147,FLANGE_WELD_NECK,50.0,"2""",DN50,900,ASTM A350 LF2,RF,ASME B16.5,"FLANGE, WELD NECK, 2"" (DN50), CLASS 900, ASTM A350 LF2, RF FACING, ASME B16.5",40171501,GEM-FLANGE-WN
CAN-000148,FLANGE_WELD_NECK,50.0,"2""",DN50,900,ASTM A350 LF2,RTJ,ASME B16.5,"FLANGE, WELD NECK, 2"" (DN50), CLASS 900, ASTM A350 LF2, RTJ FACING, ASME B16.5",40171501,GEM-FLANGE-WN
CAN-000149,FLANGE_WELD_NECK,50.0,"2""",DN50,900,ASTM A182 F304,RF,ASME B16.5,"FLANGE, WELD NECK, 2"" (DN50), CLASS 900, ASTM A182 F304, RF FACING, ASME B16.5",40171501,GEM-FLANGE-WN
CAN-000150,FLANGE_WELD_NECK,50.0,"2""",DN50,900,ASTM A182 F304,RTJ,ASME B16.5,"FLANGE, WELD NECK, 2"" (DN50), CLASS 900, ASTM A182 F304, RTJ FACING, ASME B16.5",40171501,GEM-FLANGE-WN
CAN-000151,FLANGE_WELD_NECK,50.0,"2""",DN50,900,ASTM A182 F316,RF,ASME B16.5,"FLANGE, WELD NECK, 2"" (DN50), CLASS 900, ASTM A182 F316, RF FACING, ASME B16.5",40171501,GEM-FLANGE-WN
CAN-000152,FLANGE_WELD_NECK,50.0,"2""",DN50,900,ASTM A182 F316,RTJ,ASME B16.5,"FLANGE, WELD NECK, 2"" (DN50), CLASS 900, ASTM A182 F316, RTJ FACING, ASME B16.5",40171501,GEM-FLANGE-WN
CAN-000153,FLANGE_WELD_NECK,50.0,"2""",DN50,1500,ASTM A105,RF,ASME B16.5,"FLANGE, WELD NECK, 2"" (DN50), CLASS 1500, ASTM A105, RF FACING, ASME B16.5",40171501,GEM-FLANGE-WN
CAN-000154,FLANGE_WELD_NECK,50.0,"2""",DN50,1500,ASTM A105,RTJ,ASME B16.5,"FLANGE, WELD NECK, 2"" (DN50), CLASS 1500, ASTM A105, RTJ FACING, ASME B16.5",40171501,GEM-FLANGE-WN
CAN-000155,FLANGE_WELD_NECK,50.0,"2""",DN50,1500,ASTM A350 LF2,RF,ASME B16.5,"FLANGE, WELD NECK, 2"" (DN50), CLASS 1500, ASTM A350 LF2, RF FACING, ASME B16.5",40171501,GEM-FLANGE-WN
CAN-000156,FLANGE_WELD_NECK,50.0,"2""",DN50,1500,ASTM A350 LF2,RTJ,ASME B16.5,"FLANGE, WELD NECK, 2"" (DN50), CLASS 1500, ASTM A350 LF2, RTJ FACING, ASME B16.5",40171501,GEM-FLANGE-WN
CAN-000157,FLANGE_WELD_NECK,50.0,"2""",DN50,1500,ASTM A182 F304,RF,ASME B16.5,"FLANGE, WELD NECK, 2"" (DN50), CLASS 1500, ASTM A182 F304, RF FACING, ASME B16.5",40171501,GEM-FLANGE-WN
CAN-000158,FLANGE_WELD_NECK,50.0,"2""",DN50,1500,ASTM A182 F304,RTJ,ASME B16.5,"FLANGE, WELD NECK, 2"" (DN50), CLASS 1500, ASTM A182 F304, RTJ FACING, ASME B16.5",40171501,GEM-FLANGE-WN
CAN-000159,FLANGE_WELD_NECK,50.0,"2""",DN50,1500,ASTM A182 F316,RF,ASME B16.5,"FLANGE, WELD NECK, 2"" (DN50), CLASS 1500, ASTM A182 F316, RF FACING, ASME B16.5",40171501,GEM-FLANGE-WN
CAN-000160,FLANGE_WELD_NECK,50.0,"2""",DN50,1500,ASTM A182 F316,RTJ,ASME B16.5,"FLANGE, WELD NECK, 2"" (DN50), CLASS 1500, ASTM A182 F316, RTJ FACING, ASME B16.5",40171501,GEM-FLANGE-WN
CAN-000161,FLANGE_WELD_NECK,80.0,"3""",DN80,150,ASTM A105,RF,ASME B16.5,"FLANGE, WELD NECK, 3"" (DN80), CLASS 150, ASTM A105, RF FACING, ASME B16.5",40171501,GEM-FLANGE-WN
CAN-000162,FLANGE_WELD_NECK,80.0,"3""",DN80,150,ASTM A105,RTJ,ASME B16.5,"FLANGE, WELD NECK, 3"" (DN80), CLASS 150, ASTM A105, RTJ FACING, ASME B16.5",40171501,GEM-FLANGE-WN
CAN-000163,FLANGE_WELD_NECK,80.0,"3""",DN80,150,ASTM A350 LF2,RF,ASME B16.5,"FLANGE, WELD NECK, 3"" (DN80), CLASS 150, ASTM A350 LF2, RF FACING, ASME B16.5",40171501,GEM-FLANGE-WN
CAN-000164,FLANGE_WELD_NECK,80.0,"3""",DN80,150,ASTM A350 LF2,RTJ,ASME B16.5,"FLANGE, WELD NECK, 3"" (DN80), CLASS 150, ASTM A350 LF2, RTJ FACING, ASME B16.5",40171501,GEM-FLANGE-WN
CAN-000165,FLANGE_WELD_NECK,80.0,"3""",DN80,150,ASTM A182 F304,RF,ASME B16.5,"FLANGE, WELD NECK, 3"" (DN80), CLASS 150, ASTM A182 F304, RF FACING, ASME B16.5",40171501,GEM-FLANGE-WN
CAN-000166,FLANGE_WELD_NECK,80.0,"3""",DN80,150,ASTM A182 F304,RTJ,ASME B16.5,"FLANGE, WELD NECK, 3"" (DN80), CLASS 150, ASTM A182 F304, RTJ FACING, ASME B16.5",40171501,GEM-FLANGE-WN
CAN-000167,FLANGE_WELD_NECK,80.0,"3""",DN80,150,ASTM A182 F316,RF,ASME B16.5,"FLANGE, WELD NECK, 3"" (DN80), CLASS 150, ASTM A182 F316, RF FACING, ASME B16.5",40171501,GEM-FLANGE-WN
CAN-000168,FLANGE_WELD_NECK,80.0,"3""",DN80,150,ASTM A182 F316,RTJ,ASME B16.5,"FLANGE, WELD NECK, 3"" (DN80), CLASS 150, ASTM A182 F316, RTJ FACING, ASME B16.5",40171501,GEM-FLANGE-WN
CAN-000169,FLANGE_WELD_NECK,80.0,"3""",DN80,300,ASTM A105,RF,ASME B16.5,"FLANGE, WELD NECK, 3"" (DN80), CLASS 300, ASTM A105, RF FACING, ASME B16.5",40171501,GEM-FLANGE-WN
CAN-000170,FLANGE_WELD_NECK,80.0,"3""",DN80,300,ASTM A105,RTJ,ASME B16.5,"FLANGE, WELD NECK, 3"" (DN80), CLASS 300, ASTM A105, RTJ FACING, ASME B16.5",40171501,GEM-FLANGE-WN
CAN-000171,FLANGE_WELD_NECK,80.0,"3""",DN80,300,ASTM A350 LF2,RF,ASME B16.5,"FLANGE, WELD NECK, 3"" (DN80), CLASS 300, ASTM A350 LF2, RF FACING, ASME B16.5",40171501,GEM-FLANGE-WN
CAN-000172,FLANGE_WELD_NECK,80.0,"3""",DN80,300,ASTM A350 LF2,RTJ,ASME B16.5,"FLANGE, WELD NECK, 3"" (DN80), CLASS 300, ASTM A350 LF2, RTJ FACING, ASME B16.5",40171501,GEM-FLANGE-WN
CAN-000173,FLANGE_WELD_NECK,80.0,"3""",DN80,300,ASTM A182 F304,RF,ASME B16.5,"FLANGE, WELD NECK, 3"" (DN80), CLASS 300, ASTM A182 F304, RF FACING, ASME B16.5",40171501,GEM-FLANGE-WN
CAN-000174,FLANGE_WELD_NECK,80.0,"3""",DN80,300,ASTM A182 F304,RTJ,ASME B16.5,"FLANGE, WELD NECK, 3"" (DN80), CLASS 300, ASTM A182 F304, RTJ FACING, ASME B16.5",40171501,GEM-FLANGE-WN
CAN-000175,FLANGE_WELD_NECK,80.0,"3""",DN80,300,ASTM A182 F316,RF,ASME B16.5,"FLANGE, WELD NECK, 3"" (DN80), CLASS 300, ASTM A182 F316, RF FACING, ASME B16.5",40171501,GEM-FLANGE-WN
CAN-000176,FLANGE_WELD_NECK,80.0,"3""",DN80,300,ASTM A182 F316,RTJ,ASME B16.5,"FLANGE, WELD NECK, 3"" (DN80), CLASS 300, ASTM A182 F316, RTJ FACING, ASME B16.5",40171501,GEM-FLANGE-WN
CAN-000177,FLANGE_WELD_NECK,80.0,"3""",DN80,600,ASTM A105,RF,ASME B16.5,"FLANGE, WELD NECK, 3"" (DN80), CLASS 600, ASTM A105, RF FACING, ASME B16.5",40171501,GEM-FLANGE-WN
CAN-000178,FLANGE_WELD_NECK,80.0,"3""",DN80,600,ASTM A105,RTJ,ASME B16.5,"FLANGE, WELD NECK, 3"" (DN80), CLASS 600, ASTM A105, RTJ FACING, ASME B16.5",40171501,GEM-FLANGE-WN
CAN-000179,FLANGE_WELD_NECK,80.0,"3""",DN80,600,ASTM A350 LF2,RF,ASME B16.5,"FLANGE, WELD NECK, 3"" (DN80), CLASS 600, ASTM A350 LF2, RF FACING, ASME B16.5",40171501,GEM-FLANGE-WN
CAN-000180,FLANGE_WELD_NECK,80.0,"3""",DN80,600,ASTM A350 LF2,RTJ,ASME B16.5,"FLANGE, WELD NECK, 3"" (DN80), CLASS 600, ASTM A350 LF2, RTJ FACING, ASME B16.5",40171501,GEM-FLANGE-WN
CAN-000181,FLANGE_WELD_NECK,80.0,"3""",DN80,600,ASTM A182 F304,RF,ASME B16.5,"FLANGE, WELD NECK, 3"" (DN80), CLASS 600, ASTM A182 F304, RF FACING, ASME B16.5",40171501,GEM-FLANGE-WN
CAN-000182,FLANGE_WELD_NECK,80.0,"3""",DN80,600,ASTM A182 F304,RTJ,ASME B16.5,"FLANGE, WELD NECK, 3"" (DN80), CLASS 600, ASTM A182 F304, RTJ FACING, ASME B16.5",40171501,GEM-FLANGE-WN
CAN-000183,FLANGE_WELD_NECK,80.0,"3""",DN80,600,ASTM A182 F316,RF,ASME B16.5,"FLANGE, WELD NECK, 3"" (DN80), CLASS 600, ASTM A182 F316, RF FACING, ASME B16.5",40171501,GEM-FLANGE-WN
CAN-000184,FLANGE_WELD_NECK,80.0,"3""",DN80,600,ASTM A182 F316,RTJ,ASME B16.5,"FLANGE, WELD NECK, 3"" (DN80), CLASS 600, ASTM A182 F316, RTJ FACING, ASME B16.5",40171501,GEM-FLANGE-WN
CAN-000185,FLANGE_WELD_NECK,80.0,"3""",DN80,900,ASTM A105,RF,ASME B16.5,"FLANGE, WELD NECK, 3"" (DN80), CLASS 900, ASTM A105, RF FACING, ASME B16.5",40171501,GEM-FLANGE-WN
CAN-000186,FLANGE_WELD_NECK,80.0,"3""",DN80,900,ASTM A105,RTJ,ASME B16.5,"FLANGE, WELD NECK, 3"" (DN80), CLASS 900, ASTM A105, RTJ FACING, ASME B16.5",40171501,GEM-FLANGE-WN
CAN-000187,FLANGE_WELD_NECK,80.0,"3""",DN80,900,ASTM A350 LF2,RF,ASME B16.5,"FLANGE, WELD NECK, 3"" (DN80), CLASS 900, ASTM A350 LF2, RF FACING, ASME B16.5",40171501,GEM-FLANGE-WN
CAN-000188,FLANGE_WELD_NECK,80.0,"3""",DN80,900,ASTM A350 LF2,RTJ,ASME B16.5,"FLANGE, WELD NECK, 3"" (DN80), CLASS 900, ASTM A350 LF2, RTJ FACING, ASME B16.5",40171501,GEM-FLANGE-WN
CAN-000189,FLANGE_WELD_NECK,80.0,"3""",DN80,900,ASTM A182 F304,RF,ASME B16.5,"FLANGE, WELD NECK, 3"" (DN80), CLASS 900, ASTM A182 F304, RF FACING, ASME B16.5",40171501,GEM-FLANGE-WN
CAN-000190,FLANGE_WELD_NECK,80.0,"3""",DN80,900,ASTM A182 F304,RTJ,ASME B16.5,"FLANGE, WELD NECK, 3"" (DN80), CLASS 900, ASTM A182 F304, RTJ FACING, ASME B16.5",40171501,GEM-FLANGE-WN
CAN-000191,FLANGE_WELD_NECK,80.0,"3""",DN80,900,ASTM A182 F316,RF,ASME B16.5,"FLANGE, WELD NECK, 3"" (DN80), CLASS 900, ASTM A182 F316, RF FACING, ASME B16.5",40171501,GEM-FLANGE-WN
CAN-000192,FLANGE_WELD_NECK,80.0,"3""",DN80,900,ASTM A182 F316,RTJ,ASME B16.5,"FLANGE, WELD NECK, 3"" (DN80), CLASS 900, ASTM A182 F316, RTJ FACING, ASME B16.5",40171501,GEM-FLANGE-WN
CAN-000193,FLANGE_WELD_NECK,80.0,"3""",DN80,1500,ASTM A105,RF,ASME B16.5,"FLANGE, WELD NECK, 3"" (DN80), CLASS 1500, ASTM A105, RF FACING, ASME B16.5",40171501,GEM-FLANGE-WN
CAN-000194,FLANGE_WELD_NECK,80.0,"3""",DN80,1500,ASTM A105,RTJ,ASME B16.5,"FLANGE, WELD NECK, 3"" (DN80), CLASS 1500, ASTM A105, RTJ FACING, ASME B16.5",40171501,GEM-FLANGE-WN
CAN-000195,FLANGE_WELD_NECK,80.0,"3""",DN80,1500,ASTM A350 LF2,RF,ASME B16.5,"FLANGE, WELD NECK, 3"" (DN80), CLASS 1500, ASTM A350 LF2, RF FACING, ASME B16.5",40171501,GEM-FLANGE-WN
CAN-000196,FLANGE_WELD_NECK,80.0,"3""",DN80,1500,ASTM A350 LF2,RTJ,ASME B16.5,"FLANGE, WELD NECK, 3"" (DN80), CLASS 1500, ASTM A350 LF2, RTJ FACING, ASME B16.5",40171501,GEM-FLANGE-WN
CAN-000197,FLANGE_WELD_NECK,80.0,"3""",DN80,1500,ASTM A182 F304,RF,ASME B16.5,"FLANGE, WELD NECK, 3"" (DN80), CLASS 1500, ASTM A182 F304, RF FACING, ASME B16.5",40171501,GEM-FLANGE-WN
CAN-000198,FLANGE_WELD_NECK,80.0,"3""",DN80,1500,ASTM A182 F304,RTJ,ASME B16.5,"FLANGE, WELD NECK, 3"" (DN80), CLASS 1500, ASTM A182 F304, RTJ FACING, ASME B16.5",40171501,GEM-FLANGE-WN
CAN-000199,FLANGE_WELD_NECK,80.0,"3""",DN80,1500,ASTM A182 F316,RF,ASME B16.5,"FLANGE, WELD NECK, 3"" (DN80), CLASS 1500, ASTM A182 F316, RF FACING, ASME B16.5",40171501,GEM-FLANGE-WN
CAN-000200,FLANGE_WELD_NECK,80.0,"3""",DN80,1500,ASTM A182 F316,RTJ,ASME B16.5,"FLANGE, WELD NECK, 3"" (DN80), CLASS 1500, ASTM A182 F316, RTJ FACING, ASME B16.5",40171501,GEM-FLANGE-WN
CAN-000201,FLANGE_WELD_NECK,100.0,"4""",DN100,150,ASTM A105,RF,ASME B16.5,"FLANGE, WELD NECK, 4"" (DN100), CLASS 150, ASTM A105, RF FACING, ASME B16.5",40171501,GEM-FLANGE-WN
CAN-000202,FLANGE_WELD_NECK,100.0,"4""",DN100,150,ASTM A105,RTJ,ASME B16.5,"FLANGE, WELD NECK, 4"" (DN100), CLASS 150, ASTM A105, RTJ FACING, ASME B16.5",40171501,GEM-FLANGE-WN
CAN-000203,FLANGE_WELD_NECK,100.0,"4""",DN100,150,ASTM A350 LF2,RF,ASME B16.5,"FLANGE, WELD NECK, 4"" (DN100), CLASS 150, ASTM A350 LF2, RF FACING, ASME B16.5",40171501,GEM-FLANGE-WN
CAN-000204,FLANGE_WELD_NECK,100.0,"4""",DN100,150,ASTM A350 LF2,RTJ,ASME B16.5,"FLANGE, WELD NECK, 4"" (DN100), CLASS 150, ASTM A350 LF2, RTJ FACING, ASME B16.5",40171501,GEM-FLANGE-WN
CAN-000205,FLANGE_WELD_NECK,100.0,"4""",DN100,150,ASTM A182 F304,RF,ASME B16.5,"FLANGE, WELD NECK, 4"" (DN100), CLASS 150, ASTM A182 F304, RF FACING, ASME B16.5",40171501,GEM-FLANGE-WN
CAN-000206,FLANGE_WELD_NECK,100.0,"4""",DN100,150,ASTM A182 F304,RTJ,ASME B16.5,"FLANGE, WELD NECK, 4"" (DN100), CLASS 150, ASTM A182 F304, RTJ FACING, ASME B16.5",40171501,GEM-FLANGE-WN
CAN-000207,FLANGE_WELD_NECK,100.0,"4""",DN100,150,ASTM A182 F316,RF,ASME B16.5,"FLANGE, WELD NECK, 4"" (DN100), CLASS 150, ASTM A182 F316, RF FACING, ASME B16.5",40171501,GEM-FLANGE-WN
CAN-000208,FLANGE_WELD_NECK,100.0,"4""",DN100,150,ASTM A182 F316,RTJ,ASME B16.5,"FLANGE, WELD NECK, 4"" (DN100), CLASS 150, ASTM A182 F316, RTJ FACING, ASME B16.5",40171501,GEM-FLANGE-WN
CAN-000209,FLANGE_WELD_NECK,100.0,"4""",DN100,300,ASTM A105,RF,ASME B16.5,"FLANGE, WELD NECK, 4"" (DN100), CLASS 300, ASTM A105, RF FACING, ASME B16.5",40171501,GEM-FLANGE-WN
CAN-000210,FLANGE_WELD_NECK,100.0,"4""",DN100,300,ASTM A105,RTJ,ASME B16.5,"FLANGE, WELD NECK, 4"" (DN100), CLASS 300, ASTM A105, RTJ FACING, ASME B16.5",40171501,GEM-FLANGE-WN
CAN-000211,FLANGE_WELD_NECK,100.0,"4""",DN100,300,ASTM A350 LF2,RF,ASME B16.5,"FLANGE, WELD NECK, 4"" (DN100), CLASS 300, ASTM A350 LF2, RF FACING, ASME B16.5",40171501,GEM-FLANGE-WN
CAN-000212,FLANGE_WELD_NECK,100.0,"4""",DN100,300,ASTM A350 LF2,RTJ,ASME B16.5,"FLANGE, WELD NECK, 4"" (DN100), CLASS 300, ASTM A350 LF2, RTJ FACING, ASME B16.5",40171501,GEM-FLANGE-WN
CAN-000213,FLANGE_WELD_NECK,100.0,"4""",DN100,300,ASTM A182 F304,RF,ASME B16.5,"FLANGE, WELD NECK, 4"" (DN100), CLASS 300, ASTM A182 F304, RF FACING, ASME B16.5",40171501,GEM-FLANGE-WN
CAN-000214,FLANGE_WELD_NECK,100.0,"4""",DN100,300,ASTM A182 F304,RTJ,ASME B16.5,"FLANGE, WELD NECK, 4"" (DN100), CLASS 300, ASTM A182 F304, RTJ FACING, ASME B16.5",40171501,GEM-FLANGE-WN
CAN-000215,FLANGE_WELD_NECK,100.0,"4""",DN100,300,ASTM A182 F316,RF,ASME B16.5,"FLANGE, WELD NECK, 4"" (DN100), CLASS 300, ASTM A182 F316, RF FACING, ASME B16.5",40171501,GEM-FLANGE-WN
CAN-000216,FLANGE_WELD_NECK,100.0,"4""",DN100,300,ASTM A182 F316,RTJ,ASME B16.5,"FLANGE, WELD NECK, 4"" (DN100), CLASS 300, ASTM A182 F316, RTJ FACING, ASME B16.5",40171501,GEM-FLANGE-WN
CAN-000217,FLANGE_WELD_NECK,100.0,"4""",DN100,600,ASTM A105,RF,ASME B16.5,"FLANGE, WELD NECK, 4"" (DN100), CLASS 600, ASTM A105, RF FACING, ASME B16.5",40171501,GEM-FLANGE-WN
CAN-000218,FLANGE_WELD_NECK,100.0,"4""",DN100,600,ASTM A105,RTJ,ASME B16.5,"FLANGE, WELD NECK, 4"" (DN100), CLASS 600, ASTM A105, RTJ FACING, ASME B16.5",40171501,GEM-FLANGE-WN
CAN-000219,FLANGE_WELD_NECK,100.0,"4""",DN100,600,ASTM A350 LF2,RF,ASME B16.5,"FLANGE, WELD NECK, 4"" (DN100), CLASS 600, ASTM A350 LF2, RF FACING, ASME B16.5",40171501,GEM-FLANGE-WN
CAN-000220,FLANGE_WELD_NECK,100.0,"4""",DN100,600,ASTM A350 LF2,RTJ,ASME B16.5,"FLANGE, WELD NECK, 4"" (DN100), CLASS 600, ASTM A350 LF2, RTJ FACING, ASME B16.5",40171501,GEM-FLANGE-WN
CAN-000221,FLANGE_WELD_NECK,100.0,"4""",DN100,600,ASTM A182 F304,RF,ASME B16.5,"FLANGE, WELD NECK, 4"" (DN100), CLASS 600, ASTM A182 F304, RF FACING, ASME B16.5",40171501,GEM-FLANGE-WN
CAN-000222,FLANGE_WELD_NECK,100.0,"4""",DN100,600,ASTM A182 F304,RTJ,ASME B16.5,"FLANGE, WELD NECK, 4"" (DN100), CLASS 600, ASTM A182 F304, RTJ FACING, ASME B16.5",40171501,GEM-FLANGE-WN
CAN-000223,FLANGE_WELD_NECK,100.0,"4""",DN100,600,ASTM A182 F316,RF,ASME B16.5,"FLANGE, WELD NECK, 4"" (DN100), CLASS 600, ASTM A182 F316, RF FACING, ASME B16.5",40171501,GEM-FLANGE-WN
CAN-000224,FLANGE_WELD_NECK,100.0,"4""",DN100,600,ASTM A182 F316,RTJ,ASME B16.5,"FLANGE, WELD NECK, 4"" (DN100), CLASS 600, ASTM A182 F316, RTJ FACING, ASME B16.5",40171501,GEM-FLANGE-WN
CAN-000225,FLANGE_WELD_NECK,100.0,"4""",DN100,900,ASTM A105,RF,ASME B16.5,"FLANGE, WELD NECK, 4"" (DN100), CLASS 900, ASTM A105, RF FACING, ASME B16.5",40171501,GEM-FLANGE-WN
CAN-000226,FLANGE_WELD_NECK,100.0,"4""",DN100,900,ASTM A105,RTJ,ASME B16.5,"FLANGE, WELD NECK, 4"" (DN100), CLASS 900, ASTM A105, RTJ FACING, ASME B16.5",40171501,GEM-FLANGE-WN
CAN-000227,FLANGE_WELD_NECK,100.0,"4""",DN100,900,ASTM A350 LF2,RF,ASME B16.5,"FLANGE, WELD NECK, 4"" (DN100), CLASS 900, ASTM A350 LF2, RF FACING, ASME B16.5",40171501,GEM-FLANGE-WN
CAN-000228,FLANGE_WELD_NECK,100.0,"4""",DN100,900,ASTM A350 LF2,RTJ,ASME B16.5,"FLANGE, WELD NECK, 4"" (DN100), CLASS 900, ASTM A350 LF2, RTJ FACING, ASME B16.5",40171501,GEM-FLANGE-WN
CAN-000229,FLANGE_WELD_NECK,100.0,"4""",DN100,900,ASTM A182 F304,RF,ASME B16.5,"FLANGE, WELD NECK, 4"" (DN100), CLASS 900, ASTM A182 F304, RF FACING, ASME B16.5",40171501,GEM-FLANGE-WN
CAN-000230,FLANGE_WELD_NECK,100.0,"4""",DN100,900,ASTM A182 F304,RTJ,ASME B16.5,"FLANGE, WELD NECK, 4"" (DN100), CLASS 900, ASTM A182 F304, RTJ FACING, ASME B16.5",40171501,GEM-FLANGE-WN
CAN-000231,FLANGE_WELD_NECK,100.0,"4""",DN100,900,ASTM A182 F316,RF,ASME B16.5,"FLANGE, WELD NECK, 4"" (DN100), CLASS 900, ASTM A182 F316, RF FACING, ASME B16.5",40171501,GEM-FLANGE-WN
CAN-000232,FLANGE_WELD_NECK,100.0,"4""",DN100,900,ASTM A182 F316,RTJ,ASME B16.5,"FLANGE, WELD NECK, 4"" (DN100), CLASS 900, ASTM A182 F316, RTJ FACING, ASME B16.5",40171501,GEM-FLANGE-WN
CAN-000233,FLANGE_WELD_NECK,100.0,"4""",DN100,1500,ASTM A105,RF,ASME B16.5,"FLANGE, WELD NECK, 4"" (DN100), CLASS 1500, ASTM A105, RF FACING, ASME B16.5",40171501,GEM-FLANGE-WN
CAN-000234,FLANGE_WELD_NECK,100.0,"4""",DN100,1500,ASTM A105,RTJ,ASME B16.5,"FLANGE, WELD NECK, 4"" (DN100), CLASS 1500, ASTM A105, RTJ FACING, ASME B16.5",40171501,GEM-FLANGE-WN
CAN-000235,FLANGE_WELD_NECK,100.0,"4""",DN100,1500,ASTM A350 LF2,RF,ASME B16.5,"FLANGE, WELD NECK, 4"" (DN100), CLASS 1500, ASTM A350 LF2, RF FACING, ASME B16.5",40171501,GEM-FLANGE-WN
CAN-000236,FLANGE_WELD_NECK,100.0,"4""",DN100,1500,ASTM A350 LF2,RTJ,ASME B16.5,"FLANGE, WELD NECK, 4"" (DN100), CLASS 1500, ASTM A350 LF2, RTJ FACING, ASME B16.5",40171501,GEM-FLANGE-WN
CAN-000237,FLANGE_WELD_NECK,100.0,"4""",DN100,1500,ASTM A182 F304,RF,ASME B16.5,"FLANGE, WELD NECK, 4"" (DN100), CLASS 1500, ASTM A182 F304, RF FACING, ASME B16.5",40171501,GEM-FLANGE-WN
CAN-000238,FLANGE_WELD_NECK,100.0,"4""",DN100,1500,ASTM A182 F304,RTJ,ASME B16.5,"FLANGE, WELD NECK, 4"" (DN100), CLASS 1500, ASTM A182 F304, RTJ FACING, ASME B16.5",40171501,GEM-FLANGE-WN
CAN-000239,FLANGE_WELD_NECK,100.0,"4""",DN100,1500,ASTM A182 F316,RF,ASME B16.5,"FLANGE, WELD NECK, 4"" (DN100), CLASS 1500, ASTM A182 F316, RF FACING, ASME B16.5",40171501,GEM-FLANGE-WN
CAN-000240,FLANGE_WELD_NECK,100.0,"4""",DN100,1500,ASTM A182 F316,RTJ,ASME B16.5,"FLANGE, WELD NECK, 4"" (DN100), CLASS 1500, ASTM A182 F316, RTJ FACING, ASME B16.5",40171501,GEM-FLANGE-WN
CAN-000241,FLANGE_WELD_NECK,150.0,"6""",DN150,150,ASTM A105,RF,ASME B16.5,"FLANGE, WELD NECK, 6"" (DN150), CLASS 150, ASTM A105, RF FACING, ASME B16.5",40171501,GEM-FLANGE-WN
CAN-000242,FLANGE_WELD_NECK,150.0,"6""",DN150,150,ASTM A105,RTJ,ASME B16.5,"FLANGE, WELD NECK, 6"" (DN150), CLASS 150, ASTM A105, RTJ FACING, ASME B16.5",40171501,GEM-FLANGE-WN
CAN-000243,FLANGE_WELD_NECK,150.0,"6""",DN150,150,ASTM A350 LF2,RF,ASME B16.5,"FLANGE, WELD NECK, 6"" (DN150), CLASS 150, ASTM A350 LF2, RF FACING, ASME B16.5",40171501,GEM-FLANGE-WN
CAN-000244,FLANGE_WELD_NECK,150.0,"6""",DN150,150,ASTM A350 LF2,RTJ,ASME B16.5,"FLANGE, WELD NECK, 6"" (DN150), CLASS 150, ASTM A350 LF2, RTJ FACING, ASME B16.5",40171501,GEM-FLANGE-WN
CAN-000245,FLANGE_WELD_NECK,150.0,"6""",DN150,150,ASTM A182 F304,RF,ASME B16.5,"FLANGE, WELD NECK, 6"" (DN150), CLASS 150, ASTM A182 F304, RF FACING, ASME B16.5",40171501,GEM-FLANGE-WN
CAN-000246,FLANGE_WELD_NECK,150.0,"6""",DN150,150,ASTM A182 F304,RTJ,ASME B16.5,"FLANGE, WELD NECK, 6"" (DN150), CLASS 150, ASTM A182 F304, RTJ FACING, ASME B16.5",40171501,GEM-FLANGE-WN
CAN-000247,FLANGE_WELD_NECK,150.0,"6""",DN150,150,ASTM A182 F316,RF,ASME B16.5,"FLANGE, WELD NECK, 6"" (DN150), CLASS 150, ASTM A182 F316, RF FACING, ASME B16.5",40171501,GEM-FLANGE-WN
CAN-000248,FLANGE_WELD_NECK,150.0,"6""",DN150,150,ASTM A182 F316,RTJ,ASME B16.5,"FLANGE, WELD NECK, 6"" (DN150), CLASS 150, ASTM A182 F316, RTJ FACING, ASME B16.5",40171501,GEM-FLANGE-WN
CAN-000249,FLANGE_WELD_NECK,150.0,"6""",DN150,300,ASTM A105,RF,ASME B16.5,"FLANGE, WELD NECK, 6"" (DN150), CLASS 300, ASTM A105, RF FACING, ASME B16.5",40171501,GEM-FLANGE-WN
CAN-000250,FLANGE_WELD_NECK,150.0,"6""",DN150,300,ASTM A105,RTJ,ASME B16.5,"FLANGE, WELD NECK, 6"" (DN150), CLASS 300, ASTM A105, RTJ FACING, ASME B16.5",40171501,GEM-FLANGE-WN
CAN-000251,FLANGE_WELD_NECK,150.0,"6""",DN150,300,ASTM A350 LF2,RF,ASME B16.5,"FLANGE, WELD NECK, 6"" (DN150), CLASS 300, ASTM A350 LF2, RF FACING, ASME B16.5",40171501,GEM-FLANGE-WN
CAN-000252,FLANGE_WELD_NECK,150.0,"6""",DN150,300,ASTM A350 LF2,RTJ,ASME B16.5,"FLANGE, WELD NECK, 6"" (DN150), CLASS 300, ASTM A350 LF2, RTJ FACING, ASME B16.5",40171501,GEM-FLANGE-WN
CAN-000253,FLANGE_WELD_NECK,150.0,"6""",DN150,300,ASTM A182 F304,RF,ASME B16.5,"FLANGE, WELD NECK, 6"" (DN150), CLASS 300, ASTM A182 F304, RF FACING, ASME B16.5",40171501,GEM-FLANGE-WN
CAN-000254,FLANGE_WELD_NECK,150.0,"6""",DN150,300,ASTM A182 F304,RTJ,ASME B16.5,"FLANGE, WELD NECK, 6"" (DN150), CLASS 300, ASTM A182 F304, RTJ FACING, ASME B16.5",40171501,GEM-FLANGE-WN
CAN-000255,FLANGE_WELD_NECK,150.0,"6""",DN150,300,ASTM A182 F316,RF,ASME B16.5,"FLANGE, WELD NECK, 6"" (DN150), CLASS 300, ASTM A182 F316, RF FACING, ASME B16.5",40171501,GEM-FLANGE-WN
CAN-000256,FLANGE_WELD_NECK,150.0,"6""",DN150,300,ASTM A182 F316,RTJ,ASME B16.5,"FLANGE, WELD NECK, 6"" (DN150), CLASS 300, ASTM A182 F316, RTJ FACING, ASME B16.5",40171501,GEM-FLANGE-WN
CAN-000257,FLANGE_WELD_NECK,150.0,"6""",DN150,600,ASTM A105,RF,ASME B16.5,"FLANGE, WELD NECK, 6"" (DN150), CLASS 600, ASTM A105, RF FACING, ASME B16.5",40171501,GEM-FLANGE-WN
CAN-000258,FLANGE_WELD_NECK,150.0,"6""",DN150,600,ASTM A105,RTJ,ASME B16.5,"FLANGE, WELD NECK, 6"" (DN150), CLASS 600, ASTM A105, RTJ FACING, ASME B16.5",40171501,GEM-FLANGE-WN
CAN-000259,FLANGE_WELD_NECK,150.0,"6""",DN150,600,ASTM A350 LF2,RF,ASME B16.5,"FLANGE, WELD NECK, 6"" (DN150), CLASS 600, ASTM A350 LF2, RF FACING, ASME B16.5",40171501,GEM-FLANGE-WN
CAN-000260,FLANGE_WELD_NECK,150.0,"6""",DN150,600,ASTM A350 LF2,RTJ,ASME B16.5,"FLANGE, WELD NECK, 6"" (DN150), CLASS 600, ASTM A350 LF2, RTJ FACING, ASME B16.5",40171501,GEM-FLANGE-WN
CAN-000261,FLANGE_WELD_NECK,150.0,"6""",DN150,600,ASTM A182 F304,RF,ASME B16.5,"FLANGE, WELD NECK, 6"" (DN150), CLASS 600, ASTM A182 F304, RF FACING, ASME B16.5",40171501,GEM-FLANGE-WN
CAN-000262,FLANGE_WELD_NECK,150.0,"6""",DN150,600,ASTM A182 F304,RTJ,ASME B16.5,"FLANGE, WELD NECK, 6"" (DN150), CLASS 600, ASTM A182 F304, RTJ FACING, ASME B16.5",40171501,GEM-FLANGE-WN
CAN-000263,FLANGE_WELD_NECK,150.0,"6""",DN150,600,ASTM A182 F316,RF,ASME B16.5,"FLANGE, WELD NECK, 6"" (DN150), CLASS 600, ASTM A182 F316, RF FACING, ASME B16.5",40171501,GEM-FLANGE-WN
CAN-000264,FLANGE_WELD_NECK,150.0,"6""",DN150,600,ASTM A182 F316,RTJ,ASME B16.5,"FLANGE, WELD NECK, 6"" (DN150), CLASS 600, ASTM A182 F316, RTJ FACING, ASME B16.5",40171501,GEM-FLANGE-WN
CAN-000265,FLANGE_WELD_NECK,150.0,"6""",DN150,900,ASTM A105,RF,ASME B16.5,"FLANGE, WELD NECK, 6"" (DN150), CLASS 900, ASTM A105, RF FACING, ASME B16.5",40171501,GEM-FLANGE-WN
CAN-000266,FLANGE_WELD_NECK,150.0,"6""",DN150,900,ASTM A105,RTJ,ASME B16.5,"FLANGE, WELD NECK, 6"" (DN150), CLASS 900, ASTM A105, RTJ FACING, ASME B16.5",40171501,GEM-FLANGE-WN
CAN-000267,FLANGE_WELD_NECK,150.0,"6""",DN150,900,ASTM A350 LF2,RF,ASME B16.5,"FLANGE, WELD NECK, 6"" (DN150), CLASS 900, ASTM A350 LF2, RF FACING, ASME B16.5",40171501,GEM-FLANGE-WN
CAN-000268,FLANGE_WELD_NECK,150.0,"6""",DN150,900,ASTM A350 LF2,RTJ,ASME B16.5,"FLANGE, WELD NECK, 6"" (DN150), CLASS 900, ASTM A350 LF2, RTJ FACING, ASME B16.5",40171501,GEM-FLANGE-WN
CAN-000269,FLANGE_WELD_NECK,150.0,"6""",DN150,900,ASTM A182 F304,RF,ASME B16.5,"FLANGE, WELD NECK, 6"" (DN150), CLASS 900, ASTM A182 F304, RF FACING, ASME B16.5",40171501,GEM-FLANGE-WN
CAN-000270,FLANGE_WELD_NECK,150.0,"6""",DN150,900,ASTM A182 F304,RTJ,ASME B16.5,"FLANGE, WELD NECK, 6"" (DN150), CLASS 900, ASTM A182 F304, RTJ FACING, ASME B16.5",40171501,GEM-FLANGE-WN
CAN-000271,FLANGE_WELD_NECK,150.0,"6""",DN150,900,ASTM A182 F316,RF,ASME B16.5,"FLANGE, WELD NECK, 6"" (DN150), CLASS 900, ASTM A182 F316, RF FACING, ASME B16.5",40171501,GEM-FLANGE-WN
CAN-000272,FLANGE_WELD_NECK,150.0,"6""",DN150,900,ASTM A182 F316,RTJ,ASME B16.5,"FLANGE, WELD NECK, 6"" (DN150), CLASS 900, ASTM A182 F316, RTJ FACING, ASME B16.5",40171501,GEM-FLANGE-WN
CAN-000273,FLANGE_WELD_NECK,150.0,"6""",DN150,1500,ASTM A105,RF,ASME B16.5,"FLANGE, WELD NECK, 6"" (DN150), CLASS 1500, ASTM A105, RF FACING, ASME B16.5",40171501,GEM-FLANGE-WN
CAN-000274,FLANGE_WELD_NECK,150.0,"6""",DN150,1500,ASTM A105,RTJ,ASME B16.5,"FLANGE, WELD NECK, 6"" (DN150), CLASS 1500, ASTM A105, RTJ FACING, ASME B16.5",40171501,GEM-FLANGE-WN
CAN-000275,FLANGE_WELD_NECK,150.0,"6""",DN150,1500,ASTM A350 LF2,RF,ASME B16.5,"FLANGE, WELD NECK, 6"" (DN150), CLASS 1500, ASTM A350 LF2, RF FACING, ASME B16.5",40171501,GEM-FLANGE-WN
CAN-000276,FLANGE_WELD_NECK,150.0,"6""",DN150,1500,ASTM A350 LF2,RTJ,ASME B16.5,"FLANGE, WELD NECK, 6"" (DN150), CLASS 1500, ASTM A350 LF2, RTJ FACING, ASME B16.5",40171501,GEM-FLANGE-WN
CAN-000277,FLANGE_WELD_NECK,150.0,"6""",DN150,1500,ASTM A182 F304,RF,ASME B16.5,"FLANGE, WELD NECK, 6"" (DN150), CLASS 1500, ASTM A182 F304, RF FACING, ASME B16.5",40171501,GEM-FLANGE-WN
CAN-000278,FLANGE_WELD_NECK,150.0,"6""",DN150,1500,ASTM A182 F304,RTJ,ASME B16.5,"FLANGE, WELD NECK, 6"" (DN150), CLASS 1500, ASTM A182 F304, RTJ FACING, ASME B16.5",40171501,GEM-FLANGE-WN
CAN-000279,FLANGE_WELD_NECK,150.0,"6""",DN150,1500,ASTM A182 F316,RF,ASME B16.5,"FLANGE, WELD NECK, 6"" (DN150), CLASS 1500, ASTM A182 F316, RF FACING, ASME B16.5",40171501,GEM-FLANGE-WN
CAN-000280,FLANGE_WELD_NECK,150.0,"6""",DN150,1500,ASTM A182 F316,RTJ,ASME B16.5,"FLANGE, WELD NECK, 6"" (DN150), CLASS 1500, ASTM A182 F316, RTJ FACING, ASME B16.5",40171501,GEM-FLANGE-WN
CAN-000281,FLANGE_WELD_NECK,200.0,"8""",DN200,150,ASTM A105,RF,ASME B16.5,"FLANGE, WELD NECK, 8"" (DN200), CLASS 150, ASTM A105, RF FACING, ASME B16.5",40171501,GEM-FLANGE-WN
CAN-000282,FLANGE_WELD_NECK,200.0,"8""",DN200,150,ASTM A105,RTJ,ASME B16.5,"FLANGE, WELD NECK, 8"" (DN200), CLASS 150, ASTM A105, RTJ FACING, ASME B16.5",40171501,GEM-FLANGE-WN
CAN-000283,FLANGE_WELD_NECK,200.0,"8""",DN200,150,ASTM A350 LF2,RF,ASME B16.5,"FLANGE, WELD NECK, 8"" (DN200), CLASS 150, ASTM A350 LF2, RF FACING, ASME B16.5",40171501,GEM-FLANGE-WN
CAN-000284,FLANGE_WELD_NECK,200.0,"8""",DN200,150,ASTM A350 LF2,RTJ,ASME B16.5,"FLANGE, WELD NECK, 8"" (DN200), CLASS 150, ASTM A350 LF2, RTJ FACING, ASME B16.5",40171501,GEM-FLANGE-WN
CAN-000285,FLANGE_WELD_NECK,200.0,"8""",DN200,150,ASTM A182 F304,RF,ASME B16.5,"FLANGE, WELD NECK, 8"" (DN200), CLASS 150, ASTM A182 F304, RF FACING, ASME B16.5",40171501,GEM-FLANGE-WN
CAN-000286,FLANGE_WELD_NECK,200.0,"8""",DN200,150,ASTM A182 F304,RTJ,ASME B16.5,"FLANGE, WELD NECK, 8"" (DN200), CLASS 150, ASTM A182 F304, RTJ FACING, ASME B16.5",40171501,GEM-FLANGE-WN
CAN-000287,FLANGE_WELD_NECK,200.0,"8""",DN200,150,ASTM A182 F316,RF,ASME B16.5,"FLANGE, WELD NECK, 8"" (DN200), CLASS 150, ASTM A182 F316, RF FACING, ASME B16.5",40171501,GEM-FLANGE-WN
CAN-000288,FLANGE_WELD_NECK,200.0,"8""",DN200,150,ASTM A182 F316,RTJ,ASME B16.5,"FLANGE, WELD NECK, 8"" (DN200), CLASS 150, ASTM A182 F316, RTJ FACING, ASME B16.5",40171501,GEM-FLANGE-WN
CAN-000289,FLANGE_WELD_NECK,200.0,"8""",DN200,300,ASTM A105,RF,ASME B16.5,"FLANGE, WELD NECK, 8"" (DN200), CLASS 300, ASTM A105, RF FACING, ASME B16.5",40171501,GEM-FLANGE-WN
CAN-000290,FLANGE_WELD_NECK,200.0,"8""",DN200,300,ASTM A105,RTJ,ASME B16.5,"FLANGE, WELD NECK, 8"" (DN200), CLASS 300, ASTM A105, RTJ FACING, ASME B16.5",40171501,GEM-FLANGE-WN
CAN-000291,FLANGE_WELD_NECK,200.0,"8""",DN200,300,ASTM A350 LF2,RF,ASME B16.5,"FLANGE, WELD NECK, 8"" (DN200), CLASS 300, ASTM A350 LF2, RF FACING, ASME B16.5",40171501,GEM-FLANGE-WN
CAN-000292,FLANGE_WELD_NECK,200.0,"8""",DN200,300,ASTM A350 LF2,RTJ,ASME B16.5,"FLANGE, WELD NECK, 8"" (DN200), CLASS 300, ASTM A350 LF2, RTJ FACING, ASME B16.5",40171501,GEM-FLANGE-WN
CAN-000293,FLANGE_WELD_NECK,200.0,"8""",DN200,300,ASTM A182 F304,RF,ASME B16.5,"FLANGE, WELD NECK, 8"" (DN200), CLASS 300, ASTM A182 F304, RF FACING, ASME B16.5",40171501,GEM-FLANGE-WN
CAN-000294,FLANGE_WELD_NECK,200.0,"8""",DN200,300,ASTM A182 F304,RTJ,ASME B16.5,"FLANGE, WELD NECK, 8"" (DN200), CLASS 300, ASTM A182 F304, RTJ FACING, ASME B16.5",40171501,GEM-FLANGE-WN
CAN-000295,FLANGE_WELD_NECK,200.0,"8""",DN200,300,ASTM A182 F316,RF,ASME B16.5,"FLANGE, WELD NECK, 8"" (DN200), CLASS 300, ASTM A182 F316, RF FACING, ASME B16.5",40171501,GEM-FLANGE-WN
CAN-000296,FLANGE_WELD_NECK,200.0,"8""",DN200,300,ASTM A182 F316,RTJ,ASME B16.5,"FLANGE, WELD NECK, 8"" (DN200), CLASS 300, ASTM A182 F316, RTJ FACING, ASME B16.5",40171501,GEM-FLANGE-WN
CAN-000297,FLANGE_WELD_NECK,200.0,"8""",DN200,600,ASTM A105,RF,ASME B16.5,"FLANGE, WELD NECK, 8"" (DN200), CLASS 600, ASTM A105, RF FACING, ASME B16.5",40171501,GEM-FLANGE-WN
CAN-000298,FLANGE_WELD_NECK,200.0,"8""",DN200,600,ASTM A105,RTJ,ASME B16.5,"FLANGE, WELD NECK, 8"" (DN200), CLASS 600, ASTM A105, RTJ FACING, ASME B16.5",40171501,GEM-FLANGE-WN
CAN-000299,FLANGE_WELD_NECK,200.0,"8""",DN200,600,ASTM A350 LF2,RF,ASME B16.5,"FLANGE, WELD NECK, 8"" (DN200), CLASS 600, ASTM A350 LF2, RF FACING, ASME B16.5",40171501,GEM-FLANGE-WN
CAN-000300,FLANGE_WELD_NECK,200.0,"8""",DN200,600,ASTM A350 LF2,RTJ,ASME B16.5,"FLANGE, WELD NECK, 8"" (DN200), CLASS 600, ASTM A350 LF2, RTJ FACING, ASME B16.5",40171501,GEM-FLANGE-WN
CAN-000301,FLANGE_WELD_NECK,200.0,"8""",DN200,600,ASTM A182 F304,RF,ASME B16.5,"FLANGE, WELD NECK, 8"" (DN200), CLASS 600, ASTM A182 F304, RF FACING, ASME B16.5",40171501,GEM-FLANGE-WN
CAN-000302,FLANGE_WELD_NECK,200.0,"8""",DN200,600,ASTM A182 F304,RTJ,ASME B16.5,"FLANGE, WELD NECK, 8"" (DN200), CLASS 600, ASTM A182 F304, RTJ FACING, ASME B16.5",40171501,GEM-FLANGE-WN
CAN-000303,FLANGE_WELD_NECK,200.0,"8""",DN200,600,ASTM A182 F316,RF,ASME B16.5,"FLANGE, WELD NECK, 8"" (DN200), CLASS 600, ASTM A182 F316, RF FACING, ASME B16.5",40171501,GEM-FLANGE-WN
CAN-000304,FLANGE_WELD_NECK,200.0,"8""",DN200,600,ASTM A182 F316,RTJ,ASME B16.5,"FLANGE, WELD NECK, 8"" (DN200), CLASS 600, ASTM A182 F316, RTJ FACING, ASME B16.5",40171501,GEM-FLANGE-WN
CAN-000305,FLANGE_WELD_NECK,200.0,"8""",DN200,900,ASTM A105,RF,ASME B16.5,"FLANGE, WELD NECK, 8"" (DN200), CLASS 900, ASTM A105, RF FACING, ASME B16.5",40171501,GEM-FLANGE-WN
CAN-000306,FLANGE_WELD_NECK,200.0,"8""",DN200,900,ASTM A105,RTJ,ASME B16.5,"FLANGE, WELD NECK, 8"" (DN200), CLASS 900, ASTM A105, RTJ FACING, ASME B16.5",40171501,GEM-FLANGE-WN
CAN-000307,FLANGE_WELD_NECK,200.0,"8""",DN200,900,ASTM A350 LF2,RF,ASME B16.5,"FLANGE, WELD NECK, 8"" (DN200), CLASS 900, ASTM A350 LF2, RF FACING, ASME B16.5",40171501,GEM-FLANGE-WN
CAN-000308,FLANGE_WELD_NECK,200.0,"8""",DN200,900,ASTM A350 LF2,RTJ,ASME B16.5,"FLANGE, WELD NECK, 8"" (DN200), CLASS 900, ASTM A350 LF2, RTJ FACING, ASME B16.5",40171501,GEM-FLANGE-WN
CAN-000309,FLANGE_WELD_NECK,200.0,"8""",DN200,900,ASTM A182 F304,RF,ASME B16.5,"FLANGE, WELD NECK, 8"" (DN200), CLASS 900, ASTM A182 F304, RF FACING, ASME B16.5",40171501,GEM-FLANGE-WN
CAN-000310,FLANGE_WELD_NECK,200.0,"8""",DN200,900,ASTM A182 F304,RTJ,ASME B16.5,"FLANGE, WELD NECK, 8"" (DN200), CLASS 900, ASTM A182 F304, RTJ FACING, ASME B16.5",40171501,GEM-FLANGE-WN
CAN-000311,FLANGE_WELD_NECK,200.0,"8""",DN200,900,ASTM A182 F316,RF,ASME B16.5,"FLANGE, WELD NECK, 8"" (DN200), CLASS 900, ASTM A182 F316, RF FACING, ASME B16.5",40171501,GEM-FLANGE-WN
CAN-000312,FLANGE_WELD_NECK,200.0,"8""",DN200,900,ASTM A182 F316,RTJ,ASME B16.5,"FLANGE, WELD NECK, 8"" (DN200), CLASS 900, ASTM A182 F316, RTJ FACING, ASME B16.5",40171501,GEM-FLANGE-WN
CAN-000313,FLANGE_WELD_NECK,200.0,"8""",DN200,1500,ASTM A105,RF,ASME B16.5,"FLANGE, WELD NECK, 8"" (DN200), CLASS 1500, ASTM A105, RF FACING, ASME B16.5",40171501,GEM-FLANGE-WN
CAN-000314,FLANGE_WELD_NECK,200.0,"8""",DN200,1500,ASTM A105,RTJ,ASME B16.5,"FLANGE, WELD NECK, 8"" (DN200), CLASS 1500, ASTM A105, RTJ FACING, ASME B16.5",40171501,GEM-FLANGE-WN
CAN-000315,FLANGE_WELD_NECK,200.0,"8""",DN200,1500,ASTM A350 LF2,RF,ASME B16.5,"FLANGE, WELD NECK, 8"" (DN200), CLASS 1500, ASTM A350 LF2, RF FACING, ASME B16.5",40171501,GEM-FLANGE-WN
CAN-000316,FLANGE_WELD_NECK,200.0,"8""",DN200,1500,ASTM A350 LF2,RTJ,ASME B16.5,"FLANGE, WELD NECK, 8"" (DN200), CLASS 1500, ASTM A350 LF2, RTJ FACING, ASME B16.5",40171501,GEM-FLANGE-WN
CAN-000317,FLANGE_WELD_NECK,200.0,"8""",DN200,1500,ASTM A182 F304,RF,ASME B16.5,"FLANGE, WELD NECK, 8"" (DN200), CLASS 1500, ASTM A182 F304, RF FACING, ASME B16.5",40171501,GEM-FLANGE-WN
CAN-000318,FLANGE_WELD_NECK,200.0,"8""",DN200,1500,ASTM A182 F304,RTJ,ASME B16.5,"FLANGE, WELD NECK, 8"" (DN200), CLASS 1500, ASTM A182 F304, RTJ FACING, ASME B16.5",40171501,GEM-FLANGE-WN
CAN-000319,FLANGE_WELD_NECK,200.0,"8""",DN200,1500,ASTM A182 F316,RF,ASME B16.5,"FLANGE, WELD NECK, 8"" (DN200), CLASS 1500, ASTM A182 F316, RF FACING, ASME B16.5",40171501,GEM-FLANGE-WN
CAN-000320,FLANGE_WELD_NECK,200.0,"8""",DN200,1500,ASTM A182 F316,RTJ,ASME B16.5,"FLANGE, WELD NECK, 8"" (DN200), CLASS 1500, ASTM A182 F316, RTJ FACING, ASME B16.5",40171501,GEM-FLANGE-WN
CAN-000321,FLANGE_WELD_NECK,250.0,"10""",DN250,150,ASTM A105,RF,ASME B16.5,"FLANGE, WELD NECK, 10"" (DN250), CLASS 150, ASTM A105, RF FACING, ASME B16.5",40171501,GEM-FLANGE-WN
CAN-000322,FLANGE_WELD_NECK,250.0,"10""",DN250,150,ASTM A105,RTJ,ASME B16.5,"FLANGE, WELD NECK, 10"" (DN250), CLASS 150, ASTM A105, RTJ FACING, ASME B16.5",40171501,GEM-FLANGE-WN
CAN-000323,FLANGE_WELD_NECK,250.0,"10""",DN250,150,ASTM A350 LF2,RF,ASME B16.5,"FLANGE, WELD NECK, 10"" (DN250), CLASS 150, ASTM A350 LF2, RF FACING, ASME B16.5",40171501,GEM-FLANGE-WN
CAN-000324,FLANGE_WELD_NECK,250.0,"10""",DN250,150,ASTM A350 LF2,RTJ,ASME B16.5,"FLANGE, WELD NECK, 10"" (DN250), CLASS 150, ASTM A350 LF2, RTJ FACING, ASME B16.5",40171501,GEM-FLANGE-WN
CAN-000325,FLANGE_WELD_NECK,250.0,"10""",DN250,150,ASTM A182 F304,RF,ASME B16.5,"FLANGE, WELD NECK, 10"" (DN250), CLASS 150, ASTM A182 F304, RF FACING, ASME B16.5",40171501,GEM-FLANGE-WN
CAN-000326,FLANGE_WELD_NECK,250.0,"10""",DN250,150,ASTM A182 F304,RTJ,ASME B16.5,"FLANGE, WELD NECK, 10"" (DN250), CLASS 150, ASTM A182 F304, RTJ FACING, ASME B16.5",40171501,GEM-FLANGE-WN
CAN-000327,FLANGE_WELD_NECK,250.0,"10""",DN250,150,ASTM A182 F316,RF,ASME B16.5,"FLANGE, WELD NECK, 10"" (DN250), CLASS 150, ASTM A182 F316, RF FACING, ASME B16.5",40171501,GEM-FLANGE-WN
CAN-000328,FLANGE_WELD_NECK,250.0,"10""",DN250,150,ASTM A182 F316,RTJ,ASME B16.5,"FLANGE, WELD NECK, 10"" (DN250), CLASS 150, ASTM A182 F316, RTJ FACING, ASME B16.5",40171501,GEM-FLANGE-WN
CAN-000329,FLANGE_WELD_NECK,250.0,"10""",DN250,300,ASTM A105,RF,ASME B16.5,"FLANGE, WELD NECK, 10"" (DN250), CLASS 300, ASTM A105, RF FACING, ASME B16.5",40171501,GEM-FLANGE-WN
CAN-000330,FLANGE_WELD_NECK,250.0,"10""",DN250,300,ASTM A105,RTJ,ASME B16.5,"FLANGE, WELD NECK, 10"" (DN250), CLASS 300, ASTM A105, RTJ FACING, ASME B16.5",40171501,GEM-FLANGE-WN
CAN-000331,FLANGE_WELD_NECK,250.0,"10""",DN250,300,ASTM A350 LF2,RF,ASME B16.5,"FLANGE, WELD NECK, 10"" (DN250), CLASS 300, ASTM A350 LF2, RF FACING, ASME B16.5",40171501,GEM-FLANGE-WN
CAN-000332,FLANGE_WELD_NECK,250.0,"10""",DN250,300,ASTM A350 LF2,RTJ,ASME B16.5,"FLANGE, WELD NECK, 10"" (DN250), CLASS 300, ASTM A350 LF2, RTJ FACING, ASME B16.5",40171501,GEM-FLANGE-WN
CAN-000333,FLANGE_WELD_NECK,250.0,"10""",DN250,300,ASTM A182 F304,RF,ASME B16.5,"FLANGE, WELD NECK, 10"" (DN250), CLASS 300, ASTM A182 F304, RF FACING, ASME B16.5",40171501,GEM-FLANGE-WN
CAN-000334,FLANGE_WELD_NECK,250.0,"10""",DN250,300,ASTM A182 F304,RTJ,ASME B16.5,"FLANGE, WELD NECK, 10"" (DN250), CLASS 300, ASTM A182 F304, RTJ FACING, ASME B16.5",40171501,GEM-FLANGE-WN
CAN-000335,FLANGE_WELD_NECK,250.0,"10""",DN250,300,ASTM A182 F316,RF,ASME B16.5,"FLANGE, WELD NECK, 10"" (DN250), CLASS 300, ASTM A182 F316, RF FACING, ASME B16.5",40171501,GEM-FLANGE-WN
CAN-000336,FLANGE_WELD_NECK,250.0,"10""",DN250,300,ASTM A182 F316,RTJ,ASME B16.5,"FLANGE, WELD NECK, 10"" (DN250), CLASS 300, ASTM A182 F316, RTJ FACING, ASME B16.5",40171501,GEM-FLANGE-WN
CAN-000337,FLANGE_WELD_NECK,250.0,"10""",DN250,600,ASTM A105,RF,ASME B16.5,"FLANGE, WELD NECK, 10"" (DN250), CLASS 600, ASTM A105, RF FACING, ASME B16.5",40171501,GEM-FLANGE-WN
CAN-000338,FLANGE_WELD_NECK,250.0,"10""",DN250,600,ASTM A105,RTJ,ASME B16.5,"FLANGE, WELD NECK, 10"" (DN250), CLASS 600, ASTM A105, RTJ FACING, ASME B16.5",40171501,GEM-FLANGE-WN
CAN-000339,FLANGE_WELD_NECK,250.0,"10""",DN250,600,ASTM A350 LF2,RF,ASME B16.5,"FLANGE, WELD NECK, 10"" (DN250), CLASS 600, ASTM A350 LF2, RF FACING, ASME B16.5",40171501,GEM-FLANGE-WN
CAN-000340,FLANGE_WELD_NECK,250.0,"10""",DN250,600,ASTM A350 LF2,RTJ,ASME B16.5,"FLANGE, WELD NECK, 10"" (DN250), CLASS 600, ASTM A350 LF2, RTJ FACING, ASME B16.5",40171501,GEM-FLANGE-WN
CAN-000341,FLANGE_WELD_NECK,250.0,"10""",DN250,600,ASTM A182 F304,RF,ASME B16.5,"FLANGE, WELD NECK, 10"" (DN250), CLASS 600, ASTM A182 F304, RF FACING, ASME B16.5",40171501,GEM-FLANGE-WN
CAN-000342,FLANGE_WELD_NECK,250.0,"10""",DN250,600,ASTM A182 F304,RTJ,ASME B16.5,"FLANGE, WELD NECK, 10"" (DN250), CLASS 600, ASTM A182 F304, RTJ FACING, ASME B16.5",40171501,GEM-FLANGE-WN
CAN-000343,FLANGE_WELD_NECK,250.0,"10""",DN250,600,ASTM A182 F316,RF,ASME B16.5,"FLANGE, WELD NECK, 10"" (DN250), CLASS 600, ASTM A182 F316, RF FACING, ASME B16.5",40171501,GEM-FLANGE-WN
CAN-000344,FLANGE_WELD_NECK,250.0,"10""",DN250,600,ASTM A182 F316,RTJ,ASME B16.5,"FLANGE, WELD NECK, 10"" (DN250), CLASS 600, ASTM A182 F316, RTJ FACING, ASME B16.5",40171501,GEM-FLANGE-WN
CAN-000345,FLANGE_WELD_NECK,250.0,"10""",DN250,900,ASTM A105,RF,ASME B16.5,"FLANGE, WELD NECK, 10"" (DN250), CLASS 900, ASTM A105, RF FACING, ASME B16.5",40171501,GEM-FLANGE-WN
CAN-000346,FLANGE_WELD_NECK,250.0,"10""",DN250,900,ASTM A105,RTJ,ASME B16.5,"FLANGE, WELD NECK, 10"" (DN250), CLASS 900, ASTM A105, RTJ FACING, ASME B16.5",40171501,GEM-FLANGE-WN
CAN-000347,FLANGE_WELD_NECK,250.0,"10""",DN250,900,ASTM A350 LF2,RF,ASME B16.5,"FLANGE, WELD NECK, 10"" (DN250), CLASS 900, ASTM A350 LF2, RF FACING, ASME B16.5",40171501,GEM-FLANGE-WN
CAN-000348,FLANGE_WELD_NECK,250.0,"10""",DN250,900,ASTM A350 LF2,RTJ,ASME B16.5,"FLANGE, WELD NECK, 10"" (DN250), CLASS 900, ASTM A350 LF2, RTJ FACING, ASME B16.5",40171501,GEM-FLANGE-WN
CAN-000349,FLANGE_WELD_NECK,250.0,"10""",DN250,900,ASTM A182 F304,RF,ASME B16.5,"FLANGE, WELD NECK, 10"" (DN250), CLASS 900, ASTM A182 F304, RF FACING, ASME B16.5",40171501,GEM-FLANGE-WN
CAN-000350,FLANGE_WELD_NECK,250.0,"10""",DN250,900,ASTM A182 F304,RTJ,ASME B16.5,"FLANGE, WELD NECK, 10"" (DN250), CLASS 900, ASTM A182 F304, RTJ FACING, ASME B16.5",40171501,GEM-FLANGE-WN
CAN-000351,FLANGE_WELD_NECK,250.0,"10""",DN250,900,ASTM A182 F316,RF,ASME B16.5,"FLANGE, WELD NECK, 10"" (DN250), CLASS 900, ASTM A182 F316, RF FACING, ASME B16.5",40171501,GEM-FLANGE-WN
CAN-000352,FLANGE_WELD_NECK,250.0,"10""",DN250,900,ASTM A182 F316,RTJ,ASME B16.5,"FLANGE, WELD NECK, 10"" (DN250), CLASS 900, ASTM A182 F316, RTJ FACING, ASME B16.5",40171501,GEM-FLANGE-WN
CAN-000353,FLANGE_WELD_NECK,250.0,"10""",DN250,1500,ASTM A105,RF,ASME B16.5,"FLANGE, WELD NECK, 10"" (DN250), CLASS 1500, ASTM A105, RF FACING, ASME B16.5",40171501,GEM-FLANGE-WN
CAN-000354,FLANGE_WELD_NECK,250.0,"10""",DN250,1500,ASTM A105,RTJ,ASME B16.5,"FLANGE, WELD NECK, 10"" (DN250), CLASS 1500, ASTM A105, RTJ FACING, ASME B16.5",40171501,GEM-FLANGE-WN
CAN-000355,FLANGE_WELD_NECK,250.0,"10""",DN250,1500,ASTM A350 LF2,RF,ASME B16.5,"FLANGE, WELD NECK, 10"" (DN250), CLASS 1500, ASTM A350 LF2, RF FACING, ASME B16.5",40171501,GEM-FLANGE-WN
CAN-000356,FLANGE_WELD_NECK,250.0,"10""",DN250,1500,ASTM A350 LF2,RTJ,ASME B16.5,"FLANGE, WELD NECK, 10"" (DN250), CLASS 1500, ASTM A350 LF2, RTJ FACING, ASME B16.5",40171501,GEM-FLANGE-WN
CAN-000357,FLANGE_WELD_NECK,250.0,"10""",DN250,1500,ASTM A182 F304,RF,ASME B16.5,"FLANGE, WELD NECK, 10"" (DN250), CLASS 1500, ASTM A182 F304, RF FACING, ASME B16.5",40171501,GEM-FLANGE-WN
CAN-000358,FLANGE_WELD_NECK,250.0,"10""",DN250,1500,ASTM A182 F304,RTJ,ASME B16.5,"FLANGE, WELD NECK, 10"" (DN250), CLASS 1500, ASTM A182 F304, RTJ FACING, ASME B16.5",40171501,GEM-FLANGE-WN
CAN-000359,FLANGE_WELD_NECK,250.0,"10""",DN250,1500,ASTM A182 F316,RF,ASME B16.5,"FLANGE, WELD NECK, 10"" (DN250), CLASS 1500, ASTM A182 F316, RF FACING, ASME B16.5",40171501,GEM-FLANGE-WN
CAN-000360,FLANGE_WELD_NECK,250.0,"10""",DN250,1500,ASTM A182 F316,RTJ,ASME B16.5,"FLANGE, WELD NECK, 10"" (DN250), CLASS 1500, ASTM A182 F316, RTJ FACING, ASME B16.5",40171501,GEM-FLANGE-WN
CAN-000361,FLANGE_WELD_NECK,300.0,"12""",DN300,150,ASTM A105,RF,ASME B16.5,"FLANGE, WELD NECK, 12"" (DN300), CLASS 150, ASTM A105, RF FACING, ASME B16.5",40171501,GEM-FLANGE-WN
CAN-000362,FLANGE_WELD_NECK,300.0,"12""",DN300,150,ASTM A105,RTJ,ASME B16.5,"FLANGE, WELD NECK, 12"" (DN300), CLASS 150, ASTM A105, RTJ FACING, ASME B16.5",40171501,GEM-FLANGE-WN
CAN-000363,FLANGE_WELD_NECK,300.0,"12""",DN300,150,ASTM A350 LF2,RF,ASME B16.5,"FLANGE, WELD NECK, 12"" (DN300), CLASS 150, ASTM A350 LF2, RF FACING, ASME B16.5",40171501,GEM-FLANGE-WN
CAN-000364,FLANGE_WELD_NECK,300.0,"12""",DN300,150,ASTM A350 LF2,RTJ,ASME B16.5,"FLANGE, WELD NECK, 12"" (DN300), CLASS 150, ASTM A350 LF2, RTJ FACING, ASME B16.5",40171501,GEM-FLANGE-WN
CAN-000365,FLANGE_WELD_NECK,300.0,"12""",DN300,150,ASTM A182 F304,RF,ASME B16.5,"FLANGE, WELD NECK, 12"" (DN300), CLASS 150, ASTM A182 F304, RF FACING, ASME B16.5",40171501,GEM-FLANGE-WN
CAN-000366,FLANGE_WELD_NECK,300.0,"12""",DN300,150,ASTM A182 F304,RTJ,ASME B16.5,"FLANGE, WELD NECK, 12"" (DN300), CLASS 150, ASTM A182 F304, RTJ FACING, ASME B16.5",40171501,GEM-FLANGE-WN
CAN-000367,FLANGE_WELD_NECK,300.0,"12""",DN300,150,ASTM A182 F316,RF,ASME B16.5,"FLANGE, WELD NECK, 12"" (DN300), CLASS 150, ASTM A182 F316, RF FACING, ASME B16.5",40171501,GEM-FLANGE-WN
CAN-000368,FLANGE_WELD_NECK,300.0,"12""",DN300,150,ASTM A182 F316,RTJ,ASME B16.5,"FLANGE, WELD NECK, 12"" (DN300), CLASS 150, ASTM A182 F316, RTJ FACING, ASME B16.5",40171501,GEM-FLANGE-WN
CAN-000369,FLANGE_WELD_NECK,300.0,"12""",DN300,300,ASTM A105,RF,ASME B16.5,"FLANGE, WELD NECK, 12"" (DN300), CLASS 300, ASTM A105, RF FACING, ASME B16.5",40171501,GEM-FLANGE-WN
CAN-000370,FLANGE_WELD_NECK,300.0,"12""",DN300,300,ASTM A105,RTJ,ASME B16.5,"FLANGE, WELD NECK, 12"" (DN300), CLASS 300, ASTM A105, RTJ FACING, ASME B16.5",40171501,GEM-FLANGE-WN
CAN-000371,FLANGE_WELD_NECK,300.0,"12""",DN300,300,ASTM A350 LF2,RF,ASME B16.5,"FLANGE, WELD NECK, 12"" (DN300), CLASS 300, ASTM A350 LF2, RF FACING, ASME B16.5",40171501,GEM-FLANGE-WN
CAN-000372,FLANGE_WELD_NECK,300.0,"12""",DN300,300,ASTM A350 LF2,RTJ,ASME B16.5,"FLANGE, WELD NECK, 12"" (DN300), CLASS 300, ASTM A350 LF2, RTJ FACING, ASME B16.5",40171501,GEM-FLANGE-WN
CAN-000373,FLANGE_WELD_NECK,300.0,"12""",DN300,300,ASTM A182 F304,RF,ASME B16.5,"FLANGE, WELD NECK, 12"" (DN300), CLASS 300, ASTM A182 F304, RF FACING, ASME B16.5",40171501,GEM-FLANGE-WN
CAN-000374,FLANGE_WELD_NECK,300.0,"12""",DN300,300,ASTM A182 F304,RTJ,ASME B16.5,"FLANGE, WELD NECK, 12"" (DN300), CLASS 300, ASTM A182 F304, RTJ FACING, ASME B16.5",40171501,GEM-FLANGE-WN
CAN-000375,FLANGE_WELD_NECK,300.0,"12""",DN300,300,ASTM A182 F316,RF,ASME B16.5,"FLANGE, WELD NECK, 12"" (DN300), CLASS 300, ASTM A182 F316, RF FACING, ASME B16.5",40171501,GEM-FLANGE-WN
CAN-000376,FLANGE_WELD_NECK,300.0,"12""",DN300,300,ASTM A182 F316,RTJ,ASME B16.5,"FLANGE, WELD NECK, 12"" (DN300), CLASS 300, ASTM A182 F316, RTJ FACING, ASME B16.5",40171501,GEM-FLANGE-WN
CAN-000377,FLANGE_WELD_NECK,300.0,"12""",DN300,600,ASTM A105,RF,ASME B16.5,"FLANGE, WELD NECK, 12"" (DN300), CLASS 600, ASTM A105, RF FACING, ASME B16.5",40171501,GEM-FLANGE-WN
CAN-000378,FLANGE_WELD_NECK,300.0,"12""",DN300,600,ASTM A105,RTJ,ASME B16.5,"FLANGE, WELD NECK, 12"" (DN300), CLASS 600, ASTM A105, RTJ FACING, ASME B16.5",40171501,GEM-FLANGE-WN
CAN-000379,FLANGE_WELD_NECK,300.0,"12""",DN300,600,ASTM A350 LF2,RF,ASME B16.5,"FLANGE, WELD NECK, 12"" (DN300), CLASS 600, ASTM A350 LF2, RF FACING, ASME B16.5",40171501,GEM-FLANGE-WN
CAN-000380,FLANGE_WELD_NECK,300.0,"12""",DN300,600,ASTM A350 LF2,RTJ,ASME B16.5,"FLANGE, WELD NECK, 12"" (DN300), CLASS 600, ASTM A350 LF2, RTJ FACING, ASME B16.5",40171501,GEM-FLANGE-WN
CAN-000381,FLANGE_WELD_NECK,300.0,"12""",DN300,600,ASTM A182 F304,RF,ASME B16.5,"FLANGE, WELD NECK, 12"" (DN300), CLASS 600, ASTM A182 F304, RF FACING, ASME B16.5",40171501,GEM-FLANGE-WN
CAN-000382,FLANGE_WELD_NECK,300.0,"12""",DN300,600,ASTM A182 F304,RTJ,ASME B16.5,"FLANGE, WELD NECK, 12"" (DN300), CLASS 600, ASTM A182 F304, RTJ FACING, ASME B16.5",40171501,GEM-FLANGE-WN
CAN-000383,FLANGE_WELD_NECK,300.0,"12""",DN300,600,ASTM A182 F316,RF,ASME B16.5,"FLANGE, WELD NECK, 12"" (DN300), CLASS 600, ASTM A182 F316, RF FACING, ASME B16.5",40171501,GEM-FLANGE-WN
CAN-000384,FLANGE_WELD_NECK,300.0,"12""",DN300,600,ASTM A182 F316,RTJ,ASME B16.5,"FLANGE, WELD NECK, 12"" (DN300), CLASS 600, ASTM A182 F316, RTJ FACING, ASME B16.5",40171501,GEM-FLANGE-WN
CAN-000385,FLANGE_WELD_NECK,300.0,"12""",DN300,900,ASTM A105,RF,ASME B16.5,"FLANGE, WELD NECK, 12"" (DN300), CLASS 900, ASTM A105, RF FACING, ASME B16.5",40171501,GEM-FLANGE-WN
CAN-000386,FLANGE_WELD_NECK,300.0,"12""",DN300,900,ASTM A105,RTJ,ASME B16.5,"FLANGE, WELD NECK, 12"" (DN300), CLASS 900, ASTM A105, RTJ FACING, ASME B16.5",40171501,GEM-FLANGE-WN
CAN-000387,FLANGE_WELD_NECK,300.0,"12""",DN300,900,ASTM A350 LF2,RF,ASME B16.5,"FLANGE, WELD NECK, 12"" (DN300), CLASS 900, ASTM A350 LF2, RF FACING, ASME B16.5",40171501,GEM-FLANGE-WN
CAN-000388,FLANGE_WELD_NECK,300.0,"12""",DN300,900,ASTM A350 LF2,RTJ,ASME B16.5,"FLANGE, WELD NECK, 12"" (DN300), CLASS 900, ASTM A350 LF2, RTJ FACING, ASME B16.5",40171501,GEM-FLANGE-WN
CAN-000389,FLANGE_WELD_NECK,300.0,"12""",DN300,900,ASTM A182 F304,RF,ASME B16.5,"FLANGE, WELD NECK, 12"" (DN300), CLASS 900, ASTM A182 F304, RF FACING, ASME B16.5",40171501,GEM-FLANGE-WN
CAN-000390,FLANGE_WELD_NECK,300.0,"12""",DN300,900,ASTM A182 F304,RTJ,ASME B16.5,"FLANGE, WELD NECK, 12"" (DN300), CLASS 900, ASTM A182 F304, RTJ FACING, ASME B16.5",40171501,GEM-FLANGE-WN
CAN-000391,FLANGE_WELD_NECK,300.0,"12""",DN300,900,ASTM A182 F316,RF,ASME B16.5,"FLANGE, WELD NECK, 12"" (DN300), CLASS 900, ASTM A182 F316, RF FACING, ASME B16.5",40171501,GEM-FLANGE-WN
CAN-000392,FLANGE_WELD_NECK,300.0,"12""",DN300,900,ASTM A182 F316,RTJ,ASME B16.5,"FLANGE, WELD NECK, 12"" (DN300), CLASS 900, ASTM A182 F316, RTJ FACING, ASME B16.5",40171501,GEM-FLANGE-WN
CAN-000393,FLANGE_WELD_NECK,300.0,"12""",DN300,1500,ASTM A105,RF,ASME B16.5,"FLANGE, WELD NECK, 12"" (DN300), CLASS 1500, ASTM A105, RF FACING, ASME B16.5",40171501,GEM-FLANGE-WN
CAN-000394,FLANGE_WELD_NECK,300.0,"12""",DN300,1500,ASTM A105,RTJ,ASME B16.5,"FLANGE, WELD NECK, 12"" (DN300), CLASS 1500, ASTM A105, RTJ FACING, ASME B16.5",40171501,GEM-FLANGE-WN
CAN-000395,FLANGE_WELD_NECK,300.0,"12""",DN300,1500,ASTM A350 LF2,RF,ASME B16.5,"FLANGE, WELD NECK, 12"" (DN300), CLASS 1500, ASTM A350 LF2, RF FACING, ASME B16.5",40171501,GEM-FLANGE-WN
CAN-000396,FLANGE_WELD_NECK,300.0,"12""",DN300,1500,ASTM A350 LF2,RTJ,ASME B16.5,"FLANGE, WELD NECK, 12"" (DN300), CLASS 1500, ASTM A350 LF2, RTJ FACING, ASME B16.5",40171501,GEM-FLANGE-WN
CAN-000397,FLANGE_WELD_NECK,300.0,"12""",DN300,1500,ASTM A182 F304,RF,ASME B16.5,"FLANGE, WELD NECK, 12"" (DN300), CLASS 1500, ASTM A182 F304, RF FACING, ASME B16.5",40171501,GEM-FLANGE-WN
CAN-000398,FLANGE_WELD_NECK,300.0,"12""",DN300,1500,ASTM A182 F304,RTJ,ASME B16.5,"FLANGE, WELD NECK, 12"" (DN300), CLASS 1500, ASTM A182 F304, RTJ FACING, ASME B16.5",40171501,GEM-FLANGE-WN
CAN-000399,FLANGE_WELD_NECK,300.0,"12""",DN300,1500,ASTM A182 F316,RF,ASME B16.5,"FLANGE, WELD NECK, 12"" (DN300), CLASS 1500, ASTM A182 F316, RF FACING, ASME B16.5",40171501,GEM-FLANGE-WN
CAN-000400,FLANGE_WELD_NECK,300.0,"12""",DN300,1500,ASTM A182 F316,RTJ,ASME B16.5,"FLANGE, WELD NECK, 12"" (DN300), CLASS 1500, ASTM A182 F316, RTJ FACING, ASME B16.5",40171501,GEM-FLANGE-WN
CAN-000401,FLANGE_BLIND,15.0,"1/2""",DN15,150,ASTM A105,RF,ASME B16.5,"FLANGE, BLIND, 1/2"" (DN15), CLASS 150, ASTM A105, RF FACING, ASME B16.5",40171501,GEM-FLANGE-BL
CAN-000402,FLANGE_BLIND,15.0,"1/2""",DN15,150,ASTM A105,RTJ,ASME B16.5,"FLANGE, BLIND, 1/2"" (DN15), CLASS 150, ASTM A105, RTJ FACING, ASME B16.5",40171501,GEM-FLANGE-BL
CAN-000403,FLANGE_BLIND,15.0,"1/2""",DN15,150,ASTM A350 LF2,RF,ASME B16.5,"FLANGE, BLIND, 1/2"" (DN15), CLASS 150, ASTM A350 LF2, RF FACING, ASME B16.5",40171501,GEM-FLANGE-BL
CAN-000404,FLANGE_BLIND,15.0,"1/2""",DN15,150,ASTM A350 LF2,RTJ,ASME B16.5,"FLANGE, BLIND, 1/2"" (DN15), CLASS 150, ASTM A350 LF2, RTJ FACING, ASME B16.5",40171501,GEM-FLANGE-BL
CAN-000405,FLANGE_BLIND,15.0,"1/2""",DN15,150,ASTM A182 F316,RF,ASME B16.5,"FLANGE, BLIND, 1/2"" (DN15), CLASS 150, ASTM A182 F316, RF FACING, ASME B16.5",40171501,GEM-FLANGE-BL
CAN-000406,FLANGE_BLIND,15.0,"1/2""",DN15,150,ASTM A182 F316,RTJ,ASME B16.5,"FLANGE, BLIND, 1/2"" (DN15), CLASS 150, ASTM A182 F316, RTJ FACING, ASME B16.5",40171501,GEM-FLANGE-BL
CAN-000407,FLANGE_BLIND,15.0,"1/2""",DN15,300,ASTM A105,RF,ASME B16.5,"FLANGE, BLIND, 1/2"" (DN15), CLASS 300, ASTM A105, RF FACING, ASME B16.5",40171501,GEM-FLANGE-BL
CAN-000408,FLANGE_BLIND,15.0,"1/2""",DN15,300,ASTM A105,RTJ,ASME B16.5,"FLANGE, BLIND, 1/2"" (DN15), CLASS 300, ASTM A105, RTJ FACING, ASME B16.5",40171501,GEM-FLANGE-BL
CAN-000409,FLANGE_BLIND,15.0,"1/2""",DN15,300,ASTM A350 LF2,RF,ASME B16.5,"FLANGE, BLIND, 1/2"" (DN15), CLASS 300, ASTM A350 LF2, RF FACING, ASME B16.5",40171501,GEM-FLANGE-BL
CAN-000410,FLANGE_BLIND,15.0,"1/2""",DN15,300,ASTM A350 LF2,RTJ,ASME B16.5,"FLANGE, BLIND, 1/2"" (DN15), CLASS 300, ASTM A350 LF2, RTJ FACING, ASME B16.5",40171501,GEM-FLANGE-BL
CAN-000411,FLANGE_BLIND,15.0,"1/2""",DN15,300,ASTM A182 F316,RF,ASME B16.5,"FLANGE, BLIND, 1/2"" (DN15), CLASS 300, ASTM A182 F316, RF FACING, ASME B16.5",40171501,GEM-FLANGE-BL
CAN-000412,FLANGE_BLIND,15.0,"1/2""",DN15,300,ASTM A182 F316,RTJ,ASME B16.5,"FLANGE, BLIND, 1/2"" (DN15), CLASS 300, ASTM A182 F316, RTJ FACING, ASME B16.5",40171501,GEM-FLANGE-BL
CAN-000413,FLANGE_BLIND,15.0,"1/2""",DN15,600,ASTM A105,RF,ASME B16.5,"FLANGE, BLIND, 1/2"" (DN15), CLASS 600, ASTM A105, RF FACING, ASME B16.5",40171501,GEM-FLANGE-BL
CAN-000414,FLANGE_BLIND,15.0,"1/2""",DN15,600,ASTM A105,RTJ,ASME B16.5,"FLANGE, BLIND, 1/2"" (DN15), CLASS 600, ASTM A105, RTJ FACING, ASME B16.5",40171501,GEM-FLANGE-BL
CAN-000415,FLANGE_BLIND,15.0,"1/2""",DN15,600,ASTM A350 LF2,RF,ASME B16.5,"FLANGE, BLIND, 1/2"" (DN15), CLASS 600, ASTM A350 LF2, RF FACING, ASME B16.5",40171501,GEM-FLANGE-BL
CAN-000416,FLANGE_BLIND,15.0,"1/2""",DN15,600,ASTM A350 LF2,RTJ,ASME B16.5,"FLANGE, BLIND, 1/2"" (DN15), CLASS 600, ASTM A350 LF2, RTJ FACING, ASME B16.5",40171501,GEM-FLANGE-BL
CAN-000417,FLANGE_BLIND,15.0,"1/2""",DN15,600,ASTM A182 F316,RF,ASME B16.5,"FLANGE, BLIND, 1/2"" (DN15), CLASS 600, ASTM A182 F316, RF FACING, ASME B16.5",40171501,GEM-FLANGE-BL
CAN-000418,FLANGE_BLIND,15.0,"1/2""",DN15,600,ASTM A182 F316,RTJ,ASME B16.5,"FLANGE, BLIND, 1/2"" (DN15), CLASS 600, ASTM A182 F316, RTJ FACING, ASME B16.5",40171501,GEM-FLANGE-BL
CAN-000419,FLANGE_BLIND,15.0,"1/2""",DN15,900,ASTM A105,RF,ASME B16.5,"FLANGE, BLIND, 1/2"" (DN15), CLASS 900, ASTM A105, RF FACING, ASME B16.5",40171501,GEM-FLANGE-BL
CAN-000420,FLANGE_BLIND,15.0,"1/2""",DN15,900,ASTM A105,RTJ,ASME B16.5,"FLANGE, BLIND, 1/2"" (DN15), CLASS 900, ASTM A105, RTJ FACING, ASME B16.5",40171501,GEM-FLANGE-BL
CAN-000421,FLANGE_BLIND,15.0,"1/2""",DN15,900,ASTM A350 LF2,RF,ASME B16.5,"FLANGE, BLIND, 1/2"" (DN15), CLASS 900, ASTM A350 LF2, RF FACING, ASME B16.5",40171501,GEM-FLANGE-BL
CAN-000422,FLANGE_BLIND,15.0,"1/2""",DN15,900,ASTM A350 LF2,RTJ,ASME B16.5,"FLANGE, BLIND, 1/2"" (DN15), CLASS 900, ASTM A350 LF2, RTJ FACING, ASME B16.5",40171501,GEM-FLANGE-BL
CAN-000423,FLANGE_BLIND,15.0,"1/2""",DN15,900,ASTM A182 F316,RF,ASME B16.5,"FLANGE, BLIND, 1/2"" (DN15), CLASS 900, ASTM A182 F316, RF FACING, ASME B16.5",40171501,GEM-FLANGE-BL
CAN-000424,FLANGE_BLIND,15.0,"1/2""",DN15,900,ASTM A182 F316,RTJ,ASME B16.5,"FLANGE, BLIND, 1/2"" (DN15), CLASS 900, ASTM A182 F316, RTJ FACING, ASME B16.5",40171501,GEM-FLANGE-BL
CAN-000425,FLANGE_BLIND,15.0,"1/2""",DN15,1500,ASTM A105,RF,ASME B16.5,"FLANGE, BLIND, 1/2"" (DN15), CLASS 1500, ASTM A105, RF FACING, ASME B16.5",40171501,GEM-FLANGE-BL
CAN-000426,FLANGE_BLIND,15.0,"1/2""",DN15,1500,ASTM A105,RTJ,ASME B16.5,"FLANGE, BLIND, 1/2"" (DN15), CLASS 1500, ASTM A105, RTJ FACING, ASME B16.5",40171501,GEM-FLANGE-BL
CAN-000427,FLANGE_BLIND,15.0,"1/2""",DN15,1500,ASTM A350 LF2,RF,ASME B16.5,"FLANGE, BLIND, 1/2"" (DN15), CLASS 1500, ASTM A350 LF2, RF FACING, ASME B16.5",40171501,GEM-FLANGE-BL
CAN-000428,FLANGE_BLIND,15.0,"1/2""",DN15,1500,ASTM A350 LF2,RTJ,ASME B16.5,"FLANGE, BLIND, 1/2"" (DN15), CLASS 1500, ASTM A350 LF2, RTJ FACING, ASME B16.5",40171501,GEM-FLANGE-BL
CAN-000429,FLANGE_BLIND,15.0,"1/2""",DN15,1500,ASTM A182 F316,RF,ASME B16.5,"FLANGE, BLIND, 1/2"" (DN15), CLASS 1500, ASTM A182 F316, RF FACING, ASME B16.5",40171501,GEM-FLANGE-BL
CAN-000430,FLANGE_BLIND,15.0,"1/2""",DN15,1500,ASTM A182 F316,RTJ,ASME B16.5,"FLANGE, BLIND, 1/2"" (DN15), CLASS 1500, ASTM A182 F316, RTJ FACING, ASME B16.5",40171501,GEM-FLANGE-BL
CAN-000431,FLANGE_BLIND,25.0,"1""",DN25,150,ASTM A105,RF,ASME B16.5,"FLANGE, BLIND, 1"" (DN25), CLASS 150, ASTM A105, RF FACING, ASME B16.5",40171501,GEM-FLANGE-BL
CAN-000432,FLANGE_BLIND,25.0,"1""",DN25,150,ASTM A105,RTJ,ASME B16.5,"FLANGE, BLIND, 1"" (DN25), CLASS 150, ASTM A105, RTJ FACING, ASME B16.5",40171501,GEM-FLANGE-BL
CAN-000433,FLANGE_BLIND,25.0,"1""",DN25,150,ASTM A350 LF2,RF,ASME B16.5,"FLANGE, BLIND, 1"" (DN25), CLASS 150, ASTM A350 LF2, RF FACING, ASME B16.5",40171501,GEM-FLANGE-BL
CAN-000434,FLANGE_BLIND,25.0,"1""",DN25,150,ASTM A350 LF2,RTJ,ASME B16.5,"FLANGE, BLIND, 1"" (DN25), CLASS 150, ASTM A350 LF2, RTJ FACING, ASME B16.5",40171501,GEM-FLANGE-BL
CAN-000435,FLANGE_BLIND,25.0,"1""",DN25,150,ASTM A182 F316,RF,ASME B16.5,"FLANGE, BLIND, 1"" (DN25), CLASS 150, ASTM A182 F316, RF FACING, ASME B16.5",40171501,GEM-FLANGE-BL
CAN-000436,FLANGE_BLIND,25.0,"1""",DN25,150,ASTM A182 F316,RTJ,ASME B16.5,"FLANGE, BLIND, 1"" (DN25), CLASS 150, ASTM A182 F316, RTJ FACING, ASME B16.5",40171501,GEM-FLANGE-BL
CAN-000437,FLANGE_BLIND,25.0,"1""",DN25,300,ASTM A105,RF,ASME B16.5,"FLANGE, BLIND, 1"" (DN25), CLASS 300, ASTM A105, RF FACING, ASME B16.5",40171501,GEM-FLANGE-BL
CAN-000438,FLANGE_BLIND,25.0,"1""",DN25,300,ASTM A105,RTJ,ASME B16.5,"FLANGE, BLIND, 1"" (DN25), CLASS 300, ASTM A105, RTJ FACING, ASME B16.5",40171501,GEM-FLANGE-BL
CAN-000439,FLANGE_BLIND,25.0,"1""",DN25,300,ASTM A350 LF2,RF,ASME B16.5,"FLANGE, BLIND, 1"" (DN25), CLASS 300, ASTM A350 LF2, RF FACING, ASME B16.5",40171501,GEM-FLANGE-BL
CAN-000440,FLANGE_BLIND,25.0,"1""",DN25,300,ASTM A350 LF2,RTJ,ASME B16.5,"FLANGE, BLIND, 1"" (DN25), CLASS 300, ASTM A350 LF2, RTJ FACING, ASME B16.5",40171501,GEM-FLANGE-BL
CAN-000441,FLANGE_BLIND,25.0,"1""",DN25,300,ASTM A182 F316,RF,ASME B16.5,"FLANGE, BLIND, 1"" (DN25), CLASS 300, ASTM A182 F316, RF FACING, ASME B16.5",40171501,GEM-FLANGE-BL
CAN-000442,FLANGE_BLIND,25.0,"1""",DN25,300,ASTM A182 F316,RTJ,ASME B16.5,"FLANGE, BLIND, 1"" (DN25), CLASS 300, ASTM A182 F316, RTJ FACING, ASME B16.5",40171501,GEM-FLANGE-BL
CAN-000443,FLANGE_BLIND,25.0,"1""",DN25,600,ASTM A105,RF,ASME B16.5,"FLANGE, BLIND, 1"" (DN25), CLASS 600, ASTM A105, RF FACING, ASME B16.5",40171501,GEM-FLANGE-BL
CAN-000444,FLANGE_BLIND,25.0,"1""",DN25,600,ASTM A105,RTJ,ASME B16.5,"FLANGE, BLIND, 1"" (DN25), CLASS 600, ASTM A105, RTJ FACING, ASME B16.5",40171501,GEM-FLANGE-BL
CAN-000445,FLANGE_BLIND,25.0,"1""",DN25,600,ASTM A350 LF2,RF,ASME B16.5,"FLANGE, BLIND, 1"" (DN25), CLASS 600, ASTM A350 LF2, RF FACING, ASME B16.5",40171501,GEM-FLANGE-BL
CAN-000446,FLANGE_BLIND,25.0,"1""",DN25,600,ASTM A350 LF2,RTJ,ASME B16.5,"FLANGE, BLIND, 1"" (DN25), CLASS 600, ASTM A350 LF2, RTJ FACING, ASME B16.5",40171501,GEM-FLANGE-BL
CAN-000447,FLANGE_BLIND,25.0,"1""",DN25,600,ASTM A182 F316,RF,ASME B16.5,"FLANGE, BLIND, 1"" (DN25), CLASS 600, ASTM A182 F316, RF FACING, ASME B16.5",40171501,GEM-FLANGE-BL
CAN-000448,FLANGE_BLIND,25.0,"1""",DN25,600,ASTM A182 F316,RTJ,ASME B16.5,"FLANGE, BLIND, 1"" (DN25), CLASS 600, ASTM A182 F316, RTJ FACING, ASME B16.5",40171501,GEM-FLANGE-BL
CAN-000449,FLANGE_BLIND,25.0,"1""",DN25,900,ASTM A105,RF,ASME B16.5,"FLANGE, BLIND, 1"" (DN25), CLASS 900, ASTM A105, RF FACING, ASME B16.5",40171501,GEM-FLANGE-BL
CAN-000450,FLANGE_BLIND,25.0,"1""",DN25,900,ASTM A105,RTJ,ASME B16.5,"FLANGE, BLIND, 1"" (DN25), CLASS 900, ASTM A105, RTJ FACING, ASME B16.5",40171501,GEM-FLANGE-BL
CAN-000451,FLANGE_BLIND,25.0,"1""",DN25,900,ASTM A350 LF2,RF,ASME B16.5,"FLANGE, BLIND, 1"" (DN25), CLASS 900, ASTM A350 LF2, RF FACING, ASME B16.5",40171501,GEM-FLANGE-BL
CAN-000452,FLANGE_BLIND,25.0,"1""",DN25,900,ASTM A350 LF2,RTJ,ASME B16.5,"FLANGE, BLIND, 1"" (DN25), CLASS 900, ASTM A350 LF2, RTJ FACING, ASME B16.5",40171501,GEM-FLANGE-BL
CAN-000453,FLANGE_BLIND,25.0,"1""",DN25,900,ASTM A182 F316,RF,ASME B16.5,"FLANGE, BLIND, 1"" (DN25), CLASS 900, ASTM A182 F316, RF FACING, ASME B16.5",40171501,GEM-FLANGE-BL
CAN-000454,FLANGE_BLIND,25.0,"1""",DN25,900,ASTM A182 F316,RTJ,ASME B16.5,"FLANGE, BLIND, 1"" (DN25), CLASS 900, ASTM A182 F316, RTJ FACING, ASME B16.5",40171501,GEM-FLANGE-BL
CAN-000455,FLANGE_BLIND,25.0,"1""",DN25,1500,ASTM A105,RF,ASME B16.5,"FLANGE, BLIND, 1"" (DN25), CLASS 1500, ASTM A105, RF FACING, ASME B16.5",40171501,GEM-FLANGE-BL
CAN-000456,FLANGE_BLIND,25.0,"1""",DN25,1500,ASTM A105,RTJ,ASME B16.5,"FLANGE, BLIND, 1"" (DN25), CLASS 1500, ASTM A105, RTJ FACING, ASME B16.5",40171501,GEM-FLANGE-BL
CAN-000457,FLANGE_BLIND,25.0,"1""",DN25,1500,ASTM A350 LF2,RF,ASME B16.5,"FLANGE, BLIND, 1"" (DN25), CLASS 1500, ASTM A350 LF2, RF FACING, ASME B16.5",40171501,GEM-FLANGE-BL
CAN-000458,FLANGE_BLIND,25.0,"1""",DN25,1500,ASTM A350 LF2,RTJ,ASME B16.5,"FLANGE, BLIND, 1"" (DN25), CLASS 1500, ASTM A350 LF2, RTJ FACING, ASME B16.5",40171501,GEM-FLANGE-BL
CAN-000459,FLANGE_BLIND,25.0,"1""",DN25,1500,ASTM A182 F316,RF,ASME B16.5,"FLANGE, BLIND, 1"" (DN25), CLASS 1500, ASTM A182 F316, RF FACING, ASME B16.5",40171501,GEM-FLANGE-BL
CAN-000460,FLANGE_BLIND,25.0,"1""",DN25,1500,ASTM A182 F316,RTJ,ASME B16.5,"FLANGE, BLIND, 1"" (DN25), CLASS 1500, ASTM A182 F316, RTJ FACING, ASME B16.5",40171501,GEM-FLANGE-BL
CAN-000461,FLANGE_BLIND,40.0,"1.5""",DN40,150,ASTM A105,RF,ASME B16.5,"FLANGE, BLIND, 1.5"" (DN40), CLASS 150, ASTM A105, RF FACING, ASME B16.5",40171501,GEM-FLANGE-BL
CAN-000462,FLANGE_BLIND,40.0,"1.5""",DN40,150,ASTM A105,RTJ,ASME B16.5,"FLANGE, BLIND, 1.5"" (DN40), CLASS 150, ASTM A105, RTJ FACING, ASME B16.5",40171501,GEM-FLANGE-BL
CAN-000463,FLANGE_BLIND,40.0,"1.5""",DN40,150,ASTM A350 LF2,RF,ASME B16.5,"FLANGE, BLIND, 1.5"" (DN40), CLASS 150, ASTM A350 LF2, RF FACING, ASME B16.5",40171501,GEM-FLANGE-BL
CAN-000464,FLANGE_BLIND,40.0,"1.5""",DN40,150,ASTM A350 LF2,RTJ,ASME B16.5,"FLANGE, BLIND, 1.5"" (DN40), CLASS 150, ASTM A350 LF2, RTJ FACING, ASME B16.5",40171501,GEM-FLANGE-BL
CAN-000465,FLANGE_BLIND,40.0,"1.5""",DN40,150,ASTM A182 F316,RF,ASME B16.5,"FLANGE, BLIND, 1.5"" (DN40), CLASS 150, ASTM A182 F316, RF FACING, ASME B16.5",40171501,GEM-FLANGE-BL
CAN-000466,FLANGE_BLIND,40.0,"1.5""",DN40,150,ASTM A182 F316,RTJ,ASME B16.5,"FLANGE, BLIND, 1.5"" (DN40), CLASS 150, ASTM A182 F316, RTJ FACING, ASME B16.5",40171501,GEM-FLANGE-BL
CAN-000467,FLANGE_BLIND,40.0,"1.5""",DN40,300,ASTM A105,RF,ASME B16.5,"FLANGE, BLIND, 1.5"" (DN40), CLASS 300, ASTM A105, RF FACING, ASME B16.5",40171501,GEM-FLANGE-BL
CAN-000468,FLANGE_BLIND,40.0,"1.5""",DN40,300,ASTM A105,RTJ,ASME B16.5,"FLANGE, BLIND, 1.5"" (DN40), CLASS 300, ASTM A105, RTJ FACING, ASME B16.5",40171501,GEM-FLANGE-BL
CAN-000469,FLANGE_BLIND,40.0,"1.5""",DN40,300,ASTM A350 LF2,RF,ASME B16.5,"FLANGE, BLIND, 1.5"" (DN40), CLASS 300, ASTM A350 LF2, RF FACING, ASME B16.5",40171501,GEM-FLANGE-BL
CAN-000470,FLANGE_BLIND,40.0,"1.5""",DN40,300,ASTM A350 LF2,RTJ,ASME B16.5,"FLANGE, BLIND, 1.5"" (DN40), CLASS 300, ASTM A350 LF2, RTJ FACING, ASME B16.5",40171501,GEM-FLANGE-BL
CAN-000471,FLANGE_BLIND,40.0,"1.5""",DN40,300,ASTM A182 F316,RF,ASME B16.5,"FLANGE, BLIND, 1.5"" (DN40), CLASS 300, ASTM A182 F316, RF FACING, ASME B16.5",40171501,GEM-FLANGE-BL
CAN-000472,FLANGE_BLIND,40.0,"1.5""",DN40,300,ASTM A182 F316,RTJ,ASME B16.5,"FLANGE, BLIND, 1.5"" (DN40), CLASS 300, ASTM A182 F316, RTJ FACING, ASME B16.5",40171501,GEM-FLANGE-BL
CAN-000473,FLANGE_BLIND,40.0,"1.5""",DN40,600,ASTM A105,RF,ASME B16.5,"FLANGE, BLIND, 1.5"" (DN40), CLASS 600, ASTM A105, RF FACING, ASME B16.5",40171501,GEM-FLANGE-BL
CAN-000474,FLANGE_BLIND,40.0,"1.5""",DN40,600,ASTM A105,RTJ,ASME B16.5,"FLANGE, BLIND, 1.5"" (DN40), CLASS 600, ASTM A105, RTJ FACING, ASME B16.5",40171501,GEM-FLANGE-BL
CAN-000475,FLANGE_BLIND,40.0,"1.5""",DN40,600,ASTM A350 LF2,RF,ASME B16.5,"FLANGE, BLIND, 1.5"" (DN40), CLASS 600, ASTM A350 LF2, RF FACING, ASME B16.5",40171501,GEM-FLANGE-BL
CAN-000476,FLANGE_BLIND,40.0,"1.5""",DN40,600,ASTM A350 LF2,RTJ,ASME B16.5,"FLANGE, BLIND, 1.5"" (DN40), CLASS 600, ASTM A350 LF2, RTJ FACING, ASME B16.5",40171501,GEM-FLANGE-BL
CAN-000477,FLANGE_BLIND,40.0,"1.5""",DN40,600,ASTM A182 F316,RF,ASME B16.5,"FLANGE, BLIND, 1.5"" (DN40), CLASS 600, ASTM A182 F316, RF FACING, ASME B16.5",40171501,GEM-FLANGE-BL
CAN-000478,FLANGE_BLIND,40.0,"1.5""",DN40,600,ASTM A182 F316,RTJ,ASME B16.5,"FLANGE, BLIND, 1.5"" (DN40), CLASS 600, ASTM A182 F316, RTJ FACING, ASME B16.5",40171501,GEM-FLANGE-BL
CAN-000479,FLANGE_BLIND,40.0,"1.5""",DN40,900,ASTM A105,RF,ASME B16.5,"FLANGE, BLIND, 1.5"" (DN40), CLASS 900, ASTM A105, RF FACING, ASME B16.5",40171501,GEM-FLANGE-BL
CAN-000480,FLANGE_BLIND,40.0,"1.5""",DN40,900,ASTM A105,RTJ,ASME B16.5,"FLANGE, BLIND, 1.5"" (DN40), CLASS 900, ASTM A105, RTJ FACING, ASME B16.5",40171501,GEM-FLANGE-BL
CAN-000481,FLANGE_BLIND,40.0,"1.5""",DN40,900,ASTM A350 LF2,RF,ASME B16.5,"FLANGE, BLIND, 1.5"" (DN40), CLASS 900, ASTM A350 LF2, RF FACING, ASME B16.5",40171501,GEM-FLANGE-BL
CAN-000482,FLANGE_BLIND,40.0,"1.5""",DN40,900,ASTM A350 LF2,RTJ,ASME B16.5,"FLANGE, BLIND, 1.5"" (DN40), CLASS 900, ASTM A350 LF2, RTJ FACING, ASME B16.5",40171501,GEM-FLANGE-BL
CAN-000483,FLANGE_BLIND,40.0,"1.5""",DN40,900,ASTM A182 F316,RF,ASME B16.5,"FLANGE, BLIND, 1.5"" (DN40), CLASS 900, ASTM A182 F316, RF FACING, ASME B16.5",40171501,GEM-FLANGE-BL
CAN-000484,FLANGE_BLIND,40.0,"1.5""",DN40,900,ASTM A182 F316,RTJ,ASME B16.5,"FLANGE, BLIND, 1.5"" (DN40), CLASS 900, ASTM A182 F316, RTJ FACING, ASME B16.5",40171501,GEM-FLANGE-BL
CAN-000485,FLANGE_BLIND,40.0,"1.5""",DN40,1500,ASTM A105,RF,ASME B16.5,"FLANGE, BLIND, 1.5"" (DN40), CLASS 1500, ASTM A105, RF FACING, ASME B16.5",40171501,GEM-FLANGE-BL
CAN-000486,FLANGE_BLIND,40.0,"1.5""",DN40,1500,ASTM A105,RTJ,ASME B16.5,"FLANGE, BLIND, 1.5"" (DN40), CLASS 1500, ASTM A105, RTJ FACING, ASME B16.5",40171501,GEM-FLANGE-BL
CAN-000487,FLANGE_BLIND,40.0,"1.5""",DN40,1500,ASTM A350 LF2,RF,ASME B16.5,"FLANGE, BLIND, 1.5"" (DN40), CLASS 1500, ASTM A350 LF2, RF FACING, ASME B16.5",40171501,GEM-FLANGE-BL
CAN-000488,FLANGE_BLIND,40.0,"1.5""",DN40,1500,ASTM A350 LF2,RTJ,ASME B16.5,"FLANGE, BLIND, 1.5"" (DN40), CLASS 1500, ASTM A350 LF2, RTJ FACING, ASME B16.5",40171501,GEM-FLANGE-BL
CAN-000489,FLANGE_BLIND,40.0,"1.5""",DN40,1500,ASTM A182 F316,RF,ASME B16.5,"FLANGE, BLIND, 1.5"" (DN40), CLASS 1500, ASTM A182 F316, RF FACING, ASME B16.5",40171501,GEM-FLANGE-BL
CAN-000490,FLANGE_BLIND,40.0,"1.5""",DN40,1500,ASTM A182 F316,RTJ,ASME B16.5,"FLANGE, BLIND, 1.5"" (DN40), CLASS 1500, ASTM A182 F316, RTJ FACING, ASME B16.5",40171501,GEM-FLANGE-BL
CAN-000491,FLANGE_BLIND,50.0,"2""",DN50,150,ASTM A105,RF,ASME B16.5,"FLANGE, BLIND, 2"" (DN50), CLASS 150, ASTM A105, RF FACING, ASME B16.5",40171501,GEM-FLANGE-BL
CAN-000492,FLANGE_BLIND,50.0,"2""",DN50,150,ASTM A105,RTJ,ASME B16.5,"FLANGE, BLIND, 2"" (DN50), CLASS 150, ASTM A105, RTJ FACING, ASME B16.5",40171501,GEM-FLANGE-BL
CAN-000493,FLANGE_BLIND,50.0,"2""",DN50,150,ASTM A350 LF2,RF,ASME B16.5,"FLANGE, BLIND, 2"" (DN50), CLASS 150, ASTM A350 LF2, RF FACING, ASME B16.5",40171501,GEM-FLANGE-BL
CAN-000494,FLANGE_BLIND,50.0,"2""",DN50,150,ASTM A350 LF2,RTJ,ASME B16.5,"FLANGE, BLIND, 2"" (DN50), CLASS 150, ASTM A350 LF2, RTJ FACING, ASME B16.5",40171501,GEM-FLANGE-BL
CAN-000495,FLANGE_BLIND,50.0,"2""",DN50,150,ASTM A182 F316,RF,ASME B16.5,"FLANGE, BLIND, 2"" (DN50), CLASS 150, ASTM A182 F316, RF FACING, ASME B16.5",40171501,GEM-FLANGE-BL
CAN-000496,FLANGE_BLIND,50.0,"2""",DN50,150,ASTM A182 F316,RTJ,ASME B16.5,"FLANGE, BLIND, 2"" (DN50), CLASS 150, ASTM A182 F316, RTJ FACING, ASME B16.5",40171501,GEM-FLANGE-BL
CAN-000497,FLANGE_BLIND,50.0,"2""",DN50,300,ASTM A105,RF,ASME B16.5,"FLANGE, BLIND, 2"" (DN50), CLASS 300, ASTM A105, RF FACING, ASME B16.5",40171501,GEM-FLANGE-BL
CAN-000498,FLANGE_BLIND,50.0,"2""",DN50,300,ASTM A105,RTJ,ASME B16.5,"FLANGE, BLIND, 2"" (DN50), CLASS 300, ASTM A105, RTJ FACING, ASME B16.5",40171501,GEM-FLANGE-BL
CAN-000499,FLANGE_BLIND,50.0,"2""",DN50,300,ASTM A350 LF2,RF,ASME B16.5,"FLANGE, BLIND, 2"" (DN50), CLASS 300, ASTM A350 LF2, RF FACING, ASME B16.5",40171501,GEM-FLANGE-BL
CAN-000500,FLANGE_BLIND,50.0,"2""",DN50,300,ASTM A350 LF2,RTJ,ASME B16.5,"FLANGE, BLIND, 2"" (DN50), CLASS 300, ASTM A350 LF2, RTJ FACING, ASME B16.5",40171501,GEM-FLANGE-BL
CAN-000501,FLANGE_BLIND,50.0,"2""",DN50,300,ASTM A182 F316,RF,ASME B16.5,"FLANGE, BLIND, 2"" (DN50), CLASS 300, ASTM A182 F316, RF FACING, ASME B16.5",40171501,GEM-FLANGE-BL
CAN-000502,FLANGE_BLIND,50.0,"2""",DN50,300,ASTM A182 F316,RTJ,ASME B16.5,"FLANGE, BLIND, 2"" (DN50), CLASS 300, ASTM A182 F316, RTJ FACING, ASME B16.5",40171501,GEM-FLANGE-BL
CAN-000503,FLANGE_BLIND,50.0,"2""",DN50,600,ASTM A105,RF,ASME B16.5,"FLANGE, BLIND, 2"" (DN50), CLASS 600, ASTM A105, RF FACING, ASME B16.5",40171501,GEM-FLANGE-BL
CAN-000504,FLANGE_BLIND,50.0,"2""",DN50,600,ASTM A105,RTJ,ASME B16.5,"FLANGE, BLIND, 2"" (DN50), CLASS 600, ASTM A105, RTJ FACING, ASME B16.5",40171501,GEM-FLANGE-BL
CAN-000505,FLANGE_BLIND,50.0,"2""",DN50,600,ASTM A350 LF2,RF,ASME B16.5,"FLANGE, BLIND, 2"" (DN50), CLASS 600, ASTM A350 LF2, RF FACING, ASME B16.5",40171501,GEM-FLANGE-BL
CAN-000506,FLANGE_BLIND,50.0,"2""",DN50,600,ASTM A350 LF2,RTJ,ASME B16.5,"FLANGE, BLIND, 2"" (DN50), CLASS 600, ASTM A350 LF2, RTJ FACING, ASME B16.5",40171501,GEM-FLANGE-BL
CAN-000507,FLANGE_BLIND,50.0,"2""",DN50,600,ASTM A182 F316,RF,ASME B16.5,"FLANGE, BLIND, 2"" (DN50), CLASS 600, ASTM A182 F316, RF FACING, ASME B16.5",40171501,GEM-FLANGE-BL
CAN-000508,FLANGE_BLIND,50.0,"2""",DN50,600,ASTM A182 F316,RTJ,ASME B16.5,"FLANGE, BLIND, 2"" (DN50), CLASS 600, ASTM A182 F316, RTJ FACING, ASME B16.5",40171501,GEM-FLANGE-BL
CAN-000509,FLANGE_BLIND,50.0,"2""",DN50,900,ASTM A105,RF,ASME B16.5,"FLANGE, BLIND, 2"" (DN50), CLASS 900, ASTM A105, RF FACING, ASME B16.5",40171501,GEM-FLANGE-BL
CAN-000510,FLANGE_BLIND,50.0,"2""",DN50,900,ASTM A105,RTJ,ASME B16.5,"FLANGE, BLIND, 2"" (DN50), CLASS 900, ASTM A105, RTJ FACING, ASME B16.5",40171501,GEM-FLANGE-BL
CAN-000511,FLANGE_BLIND,50.0,"2""",DN50,900,ASTM A350 LF2,RF,ASME B16.5,"FLANGE, BLIND, 2"" (DN50), CLASS 900, ASTM A350 LF2, RF FACING, ASME B16.5",40171501,GEM-FLANGE-BL
CAN-000512,FLANGE_BLIND,50.0,"2""",DN50,900,ASTM A350 LF2,RTJ,ASME B16.5,"FLANGE, BLIND, 2"" (DN50), CLASS 900, ASTM A350 LF2, RTJ FACING, ASME B16.5",40171501,GEM-FLANGE-BL
CAN-000513,FLANGE_BLIND,50.0,"2""",DN50,900,ASTM A182 F316,RF,ASME B16.5,"FLANGE, BLIND, 2"" (DN50), CLASS 900, ASTM A182 F316, RF FACING, ASME B16.5",40171501,GEM-FLANGE-BL
CAN-000514,FLANGE_BLIND,50.0,"2""",DN50,900,ASTM A182 F316,RTJ,ASME B16.5,"FLANGE, BLIND, 2"" (DN50), CLASS 900, ASTM A182 F316, RTJ FACING, ASME B16.5",40171501,GEM-FLANGE-BL
CAN-000515,FLANGE_BLIND,50.0,"2""",DN50,1500,ASTM A105,RF,ASME B16.5,"FLANGE, BLIND, 2"" (DN50), CLASS 1500, ASTM A105, RF FACING, ASME B16.5",40171501,GEM-FLANGE-BL
CAN-000516,FLANGE_BLIND,50.0,"2""",DN50,1500,ASTM A105,RTJ,ASME B16.5,"FLANGE, BLIND, 2"" (DN50), CLASS 1500, ASTM A105, RTJ FACING, ASME B16.5",40171501,GEM-FLANGE-BL
CAN-000517,FLANGE_BLIND,50.0,"2""",DN50,1500,ASTM A350 LF2,RF,ASME B16.5,"FLANGE, BLIND, 2"" (DN50), CLASS 1500, ASTM A350 LF2, RF FACING, ASME B16.5",40171501,GEM-FLANGE-BL
CAN-000518,FLANGE_BLIND,50.0,"2""",DN50,1500,ASTM A350 LF2,RTJ,ASME B16.5,"FLANGE, BLIND, 2"" (DN50), CLASS 1500, ASTM A350 LF2, RTJ FACING, ASME B16.5",40171501,GEM-FLANGE-BL
CAN-000519,FLANGE_BLIND,50.0,"2""",DN50,1500,ASTM A182 F316,RF,ASME B16.5,"FLANGE, BLIND, 2"" (DN50), CLASS 1500, ASTM A182 F316, RF FACING, ASME B16.5",40171501,GEM-FLANGE-BL
CAN-000520,FLANGE_BLIND,50.0,"2""",DN50,1500,ASTM A182 F316,RTJ,ASME B16.5,"FLANGE, BLIND, 2"" (DN50), CLASS 1500, ASTM A182 F316, RTJ FACING, ASME B16.5",40171501,GEM-FLANGE-BL
CAN-000521,FLANGE_BLIND,80.0,"3""",DN80,150,ASTM A105,RF,ASME B16.5,"FLANGE, BLIND, 3"" (DN80), CLASS 150, ASTM A105, RF FACING, ASME B16.5",40171501,GEM-FLANGE-BL
CAN-000522,FLANGE_BLIND,80.0,"3""",DN80,150,ASTM A105,RTJ,ASME B16.5,"FLANGE, BLIND, 3"" (DN80), CLASS 150, ASTM A105, RTJ FACING, ASME B16.5",40171501,GEM-FLANGE-BL
CAN-000523,FLANGE_BLIND,80.0,"3""",DN80,150,ASTM A350 LF2,RF,ASME B16.5,"FLANGE, BLIND, 3"" (DN80), CLASS 150, ASTM A350 LF2, RF FACING, ASME B16.5",40171501,GEM-FLANGE-BL
CAN-000524,FLANGE_BLIND,80.0,"3""",DN80,150,ASTM A350 LF2,RTJ,ASME B16.5,"FLANGE, BLIND, 3"" (DN80), CLASS 150, ASTM A350 LF2, RTJ FACING, ASME B16.5",40171501,GEM-FLANGE-BL
CAN-000525,FLANGE_BLIND,80.0,"3""",DN80,150,ASTM A182 F316,RF,ASME B16.5,"FLANGE, BLIND, 3"" (DN80), CLASS 150, ASTM A182 F316, RF FACING, ASME B16.5",40171501,GEM-FLANGE-BL
CAN-000526,FLANGE_BLIND,80.0,"3""",DN80,150,ASTM A182 F316,RTJ,ASME B16.5,"FLANGE, BLIND, 3"" (DN80), CLASS 150, ASTM A182 F316, RTJ FACING, ASME B16.5",40171501,GEM-FLANGE-BL
CAN-000527,FLANGE_BLIND,80.0,"3""",DN80,300,ASTM A105,RF,ASME B16.5,"FLANGE, BLIND, 3"" (DN80), CLASS 300, ASTM A105, RF FACING, ASME B16.5",40171501,GEM-FLANGE-BL
CAN-000528,FLANGE_BLIND,80.0,"3""",DN80,300,ASTM A105,RTJ,ASME B16.5,"FLANGE, BLIND, 3"" (DN80), CLASS 300, ASTM A105, RTJ FACING, ASME B16.5",40171501,GEM-FLANGE-BL
CAN-000529,FLANGE_BLIND,80.0,"3""",DN80,300,ASTM A350 LF2,RF,ASME B16.5,"FLANGE, BLIND, 3"" (DN80), CLASS 300, ASTM A350 LF2, RF FACING, ASME B16.5",40171501,GEM-FLANGE-BL
CAN-000530,FLANGE_BLIND,80.0,"3""",DN80,300,ASTM A350 LF2,RTJ,ASME B16.5,"FLANGE, BLIND, 3"" (DN80), CLASS 300, ASTM A350 LF2, RTJ FACING, ASME B16.5",40171501,GEM-FLANGE-BL
CAN-000531,FLANGE_BLIND,80.0,"3""",DN80,300,ASTM A182 F316,RF,ASME B16.5,"FLANGE, BLIND, 3"" (DN80), CLASS 300, ASTM A182 F316, RF FACING, ASME B16.5",40171501,GEM-FLANGE-BL
CAN-000532,FLANGE_BLIND,80.0,"3""",DN80,300,ASTM A182 F316,RTJ,ASME B16.5,"FLANGE, BLIND, 3"" (DN80), CLASS 300, ASTM A182 F316, RTJ FACING, ASME B16.5",40171501,GEM-FLANGE-BL
CAN-000533,FLANGE_BLIND,80.0,"3""",DN80,600,ASTM A105,RF,ASME B16.5,"FLANGE, BLIND, 3"" (DN80), CLASS 600, ASTM A105, RF FACING, ASME B16.5",40171501,GEM-FLANGE-BL
CAN-000534,FLANGE_BLIND,80.0,"3""",DN80,600,ASTM A105,RTJ,ASME B16.5,"FLANGE, BLIND, 3"" (DN80), CLASS 600, ASTM A105, RTJ FACING, ASME B16.5",40171501,GEM-FLANGE-BL
CAN-000535,FLANGE_BLIND,80.0,"3""",DN80,600,ASTM A350 LF2,RF,ASME B16.5,"FLANGE, BLIND, 3"" (DN80), CLASS 600, ASTM A350 LF2, RF FACING, ASME B16.5",40171501,GEM-FLANGE-BL
CAN-000536,FLANGE_BLIND,80.0,"3""",DN80,600,ASTM A350 LF2,RTJ,ASME B16.5,"FLANGE, BLIND, 3"" (DN80), CLASS 600, ASTM A350 LF2, RTJ FACING, ASME B16.5",40171501,GEM-FLANGE-BL
CAN-000537,FLANGE_BLIND,80.0,"3""",DN80,600,ASTM A182 F316,RF,ASME B16.5,"FLANGE, BLIND, 3"" (DN80), CLASS 600, ASTM A182 F316, RF FACING, ASME B16.5",40171501,GEM-FLANGE-BL
CAN-000538,FLANGE_BLIND,80.0,"3""",DN80,600,ASTM A182 F316,RTJ,ASME B16.5,"FLANGE, BLIND, 3"" (DN80), CLASS 600, ASTM A182 F316, RTJ FACING, ASME B16.5",40171501,GEM-FLANGE-BL
CAN-000539,FLANGE_BLIND,80.0,"3""",DN80,900,ASTM A105,RF,ASME B16.5,"FLANGE, BLIND, 3"" (DN80), CLASS 900, ASTM A105, RF FACING, ASME B16.5",40171501,GEM-FLANGE-BL
CAN-000540,FLANGE_BLIND,80.0,"3""",DN80,900,ASTM A105,RTJ,ASME B16.5,"FLANGE, BLIND, 3"" (DN80), CLASS 900, ASTM A105, RTJ FACING, ASME B16.5",40171501,GEM-FLANGE-BL
CAN-000541,FLANGE_BLIND,80.0,"3""",DN80,900,ASTM A350 LF2,RF,ASME B16.5,"FLANGE, BLIND, 3"" (DN80), CLASS 900, ASTM A350 LF2, RF FACING, ASME B16.5",40171501,GEM-FLANGE-BL
CAN-000542,FLANGE_BLIND,80.0,"3""",DN80,900,ASTM A350 LF2,RTJ,ASME B16.5,"FLANGE, BLIND, 3"" (DN80), CLASS 900, ASTM A350 LF2, RTJ FACING, ASME B16.5",40171501,GEM-FLANGE-BL
CAN-000543,FLANGE_BLIND,80.0,"3""",DN80,900,ASTM A182 F316,RF,ASME B16.5,"FLANGE, BLIND, 3"" (DN80), CLASS 900, ASTM A182 F316, RF FACING, ASME B16.5",40171501,GEM-FLANGE-BL
CAN-000544,FLANGE_BLIND,80.0,"3""",DN80,900,ASTM A182 F316,RTJ,ASME B16.5,"FLANGE, BLIND, 3"" (DN80), CLASS 900, ASTM A182 F316, RTJ FACING, ASME B16.5",40171501,GEM-FLANGE-BL
CAN-000545,FLANGE_BLIND,80.0,"3""",DN80,1500,ASTM A105,RF,ASME B16.5,"FLANGE, BLIND, 3"" (DN80), CLASS 1500, ASTM A105, RF FACING, ASME B16.5",40171501,GEM-FLANGE-BL
CAN-000546,FLANGE_BLIND,80.0,"3""",DN80,1500,ASTM A105,RTJ,ASME B16.5,"FLANGE, BLIND, 3"" (DN80), CLASS 1500, ASTM A105, RTJ FACING, ASME B16.5",40171501,GEM-FLANGE-BL
CAN-000547,FLANGE_BLIND,80.0,"3""",DN80,1500,ASTM A350 LF2,RF,ASME B16.5,"FLANGE, BLIND, 3"" (DN80), CLASS 1500, ASTM A350 LF2, RF FACING, ASME B16.5",40171501,GEM-FLANGE-BL
CAN-000548,FLANGE_BLIND,80.0,"3""",DN80,1500,ASTM A350 LF2,RTJ,ASME B16.5,"FLANGE, BLIND, 3"" (DN80), CLASS 1500, ASTM A350 LF2, RTJ FACING, ASME B16.5",40171501,GEM-FLANGE-BL
CAN-000549,FLANGE_BLIND,80.0,"3""",DN80,1500,ASTM A182 F316,RF,ASME B16.5,"FLANGE, BLIND, 3"" (DN80), CLASS 1500, ASTM A182 F316, RF FACING, ASME B16.5",40171501,GEM-FLANGE-BL
CAN-000550,FLANGE_BLIND,80.0,"3""",DN80,1500,ASTM A182 F316,RTJ,ASME B16.5,"FLANGE, BLIND, 3"" (DN80), CLASS 1500, ASTM A182 F316, RTJ FACING, ASME B16.5",40171501,GEM-FLANGE-BL
CAN-000551,FLANGE_BLIND,100.0,"4""",DN100,150,ASTM A105,RF,ASME B16.5,"FLANGE, BLIND, 4"" (DN100), CLASS 150, ASTM A105, RF FACING, ASME B16.5",40171501,GEM-FLANGE-BL
CAN-000552,FLANGE_BLIND,100.0,"4""",DN100,150,ASTM A105,RTJ,ASME B16.5,"FLANGE, BLIND, 4"" (DN100), CLASS 150, ASTM A105, RTJ FACING, ASME B16.5",40171501,GEM-FLANGE-BL
CAN-000553,FLANGE_BLIND,100.0,"4""",DN100,150,ASTM A350 LF2,RF,ASME B16.5,"FLANGE, BLIND, 4"" (DN100), CLASS 150, ASTM A350 LF2, RF FACING, ASME B16.5",40171501,GEM-FLANGE-BL
CAN-000554,FLANGE_BLIND,100.0,"4""",DN100,150,ASTM A350 LF2,RTJ,ASME B16.5,"FLANGE, BLIND, 4"" (DN100), CLASS 150, ASTM A350 LF2, RTJ FACING, ASME B16.5",40171501,GEM-FLANGE-BL
CAN-000555,FLANGE_BLIND,100.0,"4""",DN100,150,ASTM A182 F316,RF,ASME B16.5,"FLANGE, BLIND, 4"" (DN100), CLASS 150, ASTM A182 F316, RF FACING, ASME B16.5",40171501,GEM-FLANGE-BL
CAN-000556,FLANGE_BLIND,100.0,"4""",DN100,150,ASTM A182 F316,RTJ,ASME B16.5,"FLANGE, BLIND, 4"" (DN100), CLASS 150, ASTM A182 F316, RTJ FACING, ASME B16.5",40171501,GEM-FLANGE-BL
CAN-000557,FLANGE_BLIND,100.0,"4""",DN100,300,ASTM A105,RF,ASME B16.5,"FLANGE, BLIND, 4"" (DN100), CLASS 300, ASTM A105, RF FACING, ASME B16.5",40171501,GEM-FLANGE-BL
CAN-000558,FLANGE_BLIND,100.0,"4""",DN100,300,ASTM A105,RTJ,ASME B16.5,"FLANGE, BLIND, 4"" (DN100), CLASS 300, ASTM A105, RTJ FACING, ASME B16.5",40171501,GEM-FLANGE-BL
CAN-000559,FLANGE_BLIND,100.0,"4""",DN100,300,ASTM A350 LF2,RF,ASME B16.5,"FLANGE, BLIND, 4"" (DN100), CLASS 300, ASTM A350 LF2, RF FACING, ASME B16.5",40171501,GEM-FLANGE-BL
CAN-000560,FLANGE_BLIND,100.0,"4""",DN100,300,ASTM A350 LF2,RTJ,ASME B16.5,"FLANGE, BLIND, 4"" (DN100), CLASS 300, ASTM A350 LF2, RTJ FACING, ASME B16.5",40171501,GEM-FLANGE-BL
CAN-000561,FLANGE_BLIND,100.0,"4""",DN100,300,ASTM A182 F316,RF,ASME B16.5,"FLANGE, BLIND, 4"" (DN100), CLASS 300, ASTM A182 F316, RF FACING, ASME B16.5",40171501,GEM-FLANGE-BL
CAN-000562,FLANGE_BLIND,100.0,"4""",DN100,300,ASTM A182 F316,RTJ,ASME B16.5,"FLANGE, BLIND, 4"" (DN100), CLASS 300, ASTM A182 F316, RTJ FACING, ASME B16.5",40171501,GEM-FLANGE-BL
CAN-000563,FLANGE_BLIND,100.0,"4""",DN100,600,ASTM A105,RF,ASME B16.5,"FLANGE, BLIND, 4"" (DN100), CLASS 600, ASTM A105, RF FACING, ASME B16.5",40171501,GEM-FLANGE-BL
CAN-000564,FLANGE_BLIND,100.0,"4""",DN100,600,ASTM A105,RTJ,ASME B16.5,"FLANGE, BLIND, 4"" (DN100), CLASS 600, ASTM A105, RTJ FACING, ASME B16.5",40171501,GEM-FLANGE-BL
CAN-000565,FLANGE_BLIND,100.0,"4""",DN100,600,ASTM A350 LF2,RF,ASME B16.5,"FLANGE, BLIND, 4"" (DN100), CLASS 600, ASTM A350 LF2, RF FACING, ASME B16.5",40171501,GEM-FLANGE-BL
CAN-000566,FLANGE_BLIND,100.0,"4""",DN100,600,ASTM A350 LF2,RTJ,ASME B16.5,"FLANGE, BLIND, 4"" (DN100), CLASS 600, ASTM A350 LF2, RTJ FACING, ASME B16.5",40171501,GEM-FLANGE-BL
CAN-000567,FLANGE_BLIND,100.0,"4""",DN100,600,ASTM A182 F316,RF,ASME B16.5,"FLANGE, BLIND, 4"" (DN100), CLASS 600, ASTM A182 F316, RF FACING, ASME B16.5",40171501,GEM-FLANGE-BL
CAN-000568,FLANGE_BLIND,100.0,"4""",DN100,600,ASTM A182 F316,RTJ,ASME B16.5,"FLANGE, BLIND, 4"" (DN100), CLASS 600, ASTM A182 F316, RTJ FACING, ASME B16.5",40171501,GEM-FLANGE-BL
CAN-000569,FLANGE_BLIND,100.0,"4""",DN100,900,ASTM A105,RF,ASME B16.5,"FLANGE, BLIND, 4"" (DN100), CLASS 900, ASTM A105, RF FACING, ASME B16.5",40171501,GEM-FLANGE-BL
CAN-000570,FLANGE_BLIND,100.0,"4""",DN100,900,ASTM A105,RTJ,ASME B16.5,"FLANGE, BLIND, 4"" (DN100), CLASS 900, ASTM A105, RTJ FACING, ASME B16.5",40171501,GEM-FLANGE-BL
CAN-000571,FLANGE_BLIND,100.0,"4""",DN100,900,ASTM A350 LF2,RF,ASME B16.5,"FLANGE, BLIND, 4"" (DN100), CLASS 900, ASTM A350 LF2, RF FACING, ASME B16.5",40171501,GEM-FLANGE-BL
CAN-000572,FLANGE_BLIND,100.0,"4""",DN100,900,ASTM A350 LF2,RTJ,ASME B16.5,"FLANGE, BLIND, 4"" (DN100), CLASS 900, ASTM A350 LF2, RTJ FACING, ASME B16.5",40171501,GEM-FLANGE-BL
CAN-000573,FLANGE_BLIND,100.0,"4""",DN100,900,ASTM A182 F316,RF,ASME B16.5,"FLANGE, BLIND, 4"" (DN100), CLASS 900, ASTM A182 F316, RF FACING, ASME B16.5",40171501,GEM-FLANGE-BL
CAN-000574,FLANGE_BLIND,100.0,"4""",DN100,900,ASTM A182 F316,RTJ,ASME B16.5,"FLANGE, BLIND, 4"" (DN100), CLASS 900, ASTM A182 F316, RTJ FACING, ASME B16.5",40171501,GEM-FLANGE-BL
CAN-000575,FLANGE_BLIND,100.0,"4""",DN100,1500,ASTM A105,RF,ASME B16.5,"FLANGE, BLIND, 4"" (DN100), CLASS 1500, ASTM A105, RF FACING, ASME B16.5",40171501,GEM-FLANGE-BL
CAN-000576,FLANGE_BLIND,100.0,"4""",DN100,1500,ASTM A105,RTJ,ASME B16.5,"FLANGE, BLIND, 4"" (DN100), CLASS 1500, ASTM A105, RTJ FACING, ASME B16.5",40171501,GEM-FLANGE-BL
CAN-000577,FLANGE_BLIND,100.0,"4""",DN100,1500,ASTM A350 LF2,RF,ASME B16.5,"FLANGE, BLIND, 4"" (DN100), CLASS 1500, ASTM A350 LF2, RF FACING, ASME B16.5",40171501,GEM-FLANGE-BL
CAN-000578,FLANGE_BLIND,100.0,"4""",DN100,1500,ASTM A350 LF2,RTJ,ASME B16.5,"FLANGE, BLIND, 4"" (DN100), CLASS 1500, ASTM A350 LF2, RTJ FACING, ASME B16.5",40171501,GEM-FLANGE-BL
CAN-000579,FLANGE_BLIND,100.0,"4""",DN100,1500,ASTM A182 F316,RF,ASME B16.5,"FLANGE, BLIND, 4"" (DN100), CLASS 1500, ASTM A182 F316, RF FACING, ASME B16.5",40171501,GEM-FLANGE-BL
CAN-000580,FLANGE_BLIND,100.0,"4""",DN100,1500,ASTM A182 F316,RTJ,ASME B16.5,"FLANGE, BLIND, 4"" (DN100), CLASS 1500, ASTM A182 F316, RTJ FACING, ASME B16.5",40171501,GEM-FLANGE-BL
CAN-000581,FLANGE_BLIND,150.0,"6""",DN150,150,ASTM A105,RF,ASME B16.5,"FLANGE, BLIND, 6"" (DN150), CLASS 150, ASTM A105, RF FACING, ASME B16.5",40171501,GEM-FLANGE-BL
CAN-000582,FLANGE_BLIND,150.0,"6""",DN150,150,ASTM A105,RTJ,ASME B16.5,"FLANGE, BLIND, 6"" (DN150), CLASS 150, ASTM A105, RTJ FACING, ASME B16.5",40171501,GEM-FLANGE-BL
CAN-000583,FLANGE_BLIND,150.0,"6""",DN150,150,ASTM A350 LF2,RF,ASME B16.5,"FLANGE, BLIND, 6"" (DN150), CLASS 150, ASTM A350 LF2, RF FACING, ASME B16.5",40171501,GEM-FLANGE-BL
CAN-000584,FLANGE_BLIND,150.0,"6""",DN150,150,ASTM A350 LF2,RTJ,ASME B16.5,"FLANGE, BLIND, 6"" (DN150), CLASS 150, ASTM A350 LF2, RTJ FACING, ASME B16.5",40171501,GEM-FLANGE-BL
CAN-000585,FLANGE_BLIND,150.0,"6""",DN150,150,ASTM A182 F316,RF,ASME B16.5,"FLANGE, BLIND, 6"" (DN150), CLASS 150, ASTM A182 F316, RF FACING, ASME B16.5",40171501,GEM-FLANGE-BL
CAN-000586,FLANGE_BLIND,150.0,"6""",DN150,150,ASTM A182 F316,RTJ,ASME B16.5,"FLANGE, BLIND, 6"" (DN150), CLASS 150, ASTM A182 F316, RTJ FACING, ASME B16.5",40171501,GEM-FLANGE-BL
CAN-000587,FLANGE_BLIND,150.0,"6""",DN150,300,ASTM A105,RF,ASME B16.5,"FLANGE, BLIND, 6"" (DN150), CLASS 300, ASTM A105, RF FACING, ASME B16.5",40171501,GEM-FLANGE-BL
CAN-000588,FLANGE_BLIND,150.0,"6""",DN150,300,ASTM A105,RTJ,ASME B16.5,"FLANGE, BLIND, 6"" (DN150), CLASS 300, ASTM A105, RTJ FACING, ASME B16.5",40171501,GEM-FLANGE-BL
CAN-000589,FLANGE_BLIND,150.0,"6""",DN150,300,ASTM A350 LF2,RF,ASME B16.5,"FLANGE, BLIND, 6"" (DN150), CLASS 300, ASTM A350 LF2, RF FACING, ASME B16.5",40171501,GEM-FLANGE-BL
CAN-000590,FLANGE_BLIND,150.0,"6""",DN150,300,ASTM A350 LF2,RTJ,ASME B16.5,"FLANGE, BLIND, 6"" (DN150), CLASS 300, ASTM A350 LF2, RTJ FACING, ASME B16.5",40171501,GEM-FLANGE-BL
CAN-000591,FLANGE_BLIND,150.0,"6""",DN150,300,ASTM A182 F316,RF,ASME B16.5,"FLANGE, BLIND, 6"" (DN150), CLASS 300, ASTM A182 F316, RF FACING, ASME B16.5",40171501,GEM-FLANGE-BL
CAN-000592,FLANGE_BLIND,150.0,"6""",DN150,300,ASTM A182 F316,RTJ,ASME B16.5,"FLANGE, BLIND, 6"" (DN150), CLASS 300, ASTM A182 F316, RTJ FACING, ASME B16.5",40171501,GEM-FLANGE-BL
CAN-000593,FLANGE_BLIND,150.0,"6""",DN150,600,ASTM A105,RF,ASME B16.5,"FLANGE, BLIND, 6"" (DN150), CLASS 600, ASTM A105, RF FACING, ASME B16.5",40171501,GEM-FLANGE-BL
CAN-000594,FLANGE_BLIND,150.0,"6""",DN150,600,ASTM A105,RTJ,ASME B16.5,"FLANGE, BLIND, 6"" (DN150), CLASS 600, ASTM A105, RTJ FACING, ASME B16.5",40171501,GEM-FLANGE-BL
CAN-000595,FLANGE_BLIND,150.0,"6""",DN150,600,ASTM A350 LF2,RF,ASME B16.5,"FLANGE, BLIND, 6"" (DN150), CLASS 600, ASTM A350 LF2, RF FACING, ASME B16.5",40171501,GEM-FLANGE-BL
CAN-000596,FLANGE_BLIND,150.0,"6""",DN150,600,ASTM A350 LF2,RTJ,ASME B16.5,"FLANGE, BLIND, 6"" (DN150), CLASS 600, ASTM A350 LF2, RTJ FACING, ASME B16.5",40171501,GEM-FLANGE-BL
CAN-000597,FLANGE_BLIND,150.0,"6""",DN150,600,ASTM A182 F316,RF,ASME B16.5,"FLANGE, BLIND, 6"" (DN150), CLASS 600, ASTM A182 F316, RF FACING, ASME B16.5",40171501,GEM-FLANGE-BL
CAN-000598,FLANGE_BLIND,150.0,"6""",DN150,600,ASTM A182 F316,RTJ,ASME B16.5,"FLANGE, BLIND, 6"" (DN150), CLASS 600, ASTM A182 F316, RTJ FACING, ASME B16.5",40171501,GEM-FLANGE-BL
CAN-000599,FLANGE_BLIND,150.0,"6""",DN150,900,ASTM A105,RF,ASME B16.5,"FLANGE, BLIND, 6"" (DN150), CLASS 900, ASTM A105, RF FACING, ASME B16.5",40171501,GEM-FLANGE-BL
CAN-000600,FLANGE_BLIND,150.0,"6""",DN150,900,ASTM A105,RTJ,ASME B16.5,"FLANGE, BLIND, 6"" (DN150), CLASS 900, ASTM A105, RTJ FACING, ASME B16.5",40171501,GEM-FLANGE-BL
CAN-000601,FLANGE_BLIND,150.0,"6""",DN150,900,ASTM A350 LF2,RF,ASME B16.5,"FLANGE, BLIND, 6"" (DN150), CLASS 900, ASTM A350 LF2, RF FACING, ASME B16.5",40171501,GEM-FLANGE-BL
CAN-000602,FLANGE_BLIND,150.0,"6""",DN150,900,ASTM A350 LF2,RTJ,ASME B16.5,"FLANGE, BLIND, 6"" (DN150), CLASS 900, ASTM A350 LF2, RTJ FACING, ASME B16.5",40171501,GEM-FLANGE-BL
CAN-000603,FLANGE_BLIND,150.0,"6""",DN150,900,ASTM A182 F316,RF,ASME B16.5,"FLANGE, BLIND, 6"" (DN150), CLASS 900, ASTM A182 F316, RF FACING, ASME B16.5",40171501,GEM-FLANGE-BL
CAN-000604,FLANGE_BLIND,150.0,"6""",DN150,900,ASTM A182 F316,RTJ,ASME B16.5,"FLANGE, BLIND, 6"" (DN150), CLASS 900, ASTM A182 F316, RTJ FACING, ASME B16.5",40171501,GEM-FLANGE-BL
CAN-000605,FLANGE_BLIND,150.0,"6""",DN150,1500,ASTM A105,RF,ASME B16.5,"FLANGE, BLIND, 6"" (DN150), CLASS 1500, ASTM A105, RF FACING, ASME B16.5",40171501,GEM-FLANGE-BL
CAN-000606,FLANGE_BLIND,150.0,"6""",DN150,1500,ASTM A105,RTJ,ASME B16.5,"FLANGE, BLIND, 6"" (DN150), CLASS 1500, ASTM A105, RTJ FACING, ASME B16.5",40171501,GEM-FLANGE-BL
CAN-000607,FLANGE_BLIND,150.0,"6""",DN150,1500,ASTM A350 LF2,RF,ASME B16.5,"FLANGE, BLIND, 6"" (DN150), CLASS 1500, ASTM A350 LF2, RF FACING, ASME B16.5",40171501,GEM-FLANGE-BL
CAN-000608,FLANGE_BLIND,150.0,"6""",DN150,1500,ASTM A350 LF2,RTJ,ASME B16.5,"FLANGE, BLIND, 6"" (DN150), CLASS 1500, ASTM A350 LF2, RTJ FACING, ASME B16.5",40171501,GEM-FLANGE-BL
CAN-000609,FLANGE_BLIND,150.0,"6""",DN150,1500,ASTM A182 F316,RF,ASME B16.5,"FLANGE, BLIND, 6"" (DN150), CLASS 1500, ASTM A182 F316, RF FACING, ASME B16.5",40171501,GEM-FLANGE-BL
CAN-000610,FLANGE_BLIND,150.0,"6""",DN150,1500,ASTM A182 F316,RTJ,ASME B16.5,"FLANGE, BLIND, 6"" (DN150), CLASS 1500, ASTM A182 F316, RTJ FACING, ASME B16.5",40171501,GEM-FLANGE-BL
CAN-000611,FLANGE_BLIND,200.0,"8""",DN200,150,ASTM A105,RF,ASME B16.5,"FLANGE, BLIND, 8"" (DN200), CLASS 150, ASTM A105, RF FACING, ASME B16.5",40171501,GEM-FLANGE-BL
CAN-000612,FLANGE_BLIND,200.0,"8""",DN200,150,ASTM A105,RTJ,ASME B16.5,"FLANGE, BLIND, 8"" (DN200), CLASS 150, ASTM A105, RTJ FACING, ASME B16.5",40171501,GEM-FLANGE-BL
CAN-000613,FLANGE_BLIND,200.0,"8""",DN200,150,ASTM A350 LF2,RF,ASME B16.5,"FLANGE, BLIND, 8"" (DN200), CLASS 150, ASTM A350 LF2, RF FACING, ASME B16.5",40171501,GEM-FLANGE-BL
CAN-000614,FLANGE_BLIND,200.0,"8""",DN200,150,ASTM A350 LF2,RTJ,ASME B16.5,"FLANGE, BLIND, 8"" (DN200), CLASS 150, ASTM A350 LF2, RTJ FACING, ASME B16.5",40171501,GEM-FLANGE-BL
CAN-000615,FLANGE_BLIND,200.0,"8""",DN200,150,ASTM A182 F316,RF,ASME B16.5,"FLANGE, BLIND, 8"" (DN200), CLASS 150, ASTM A182 F316, RF FACING, ASME B16.5",40171501,GEM-FLANGE-BL
CAN-000616,FLANGE_BLIND,200.0,"8""",DN200,150,ASTM A182 F316,RTJ,ASME B16.5,"FLANGE, BLIND, 8"" (DN200), CLASS 150, ASTM A182 F316, RTJ FACING, ASME B16.5",40171501,GEM-FLANGE-BL
CAN-000617,FLANGE_BLIND,200.0,"8""",DN200,300,ASTM A105,RF,ASME B16.5,"FLANGE, BLIND, 8"" (DN200), CLASS 300, ASTM A105, RF FACING, ASME B16.5",40171501,GEM-FLANGE-BL
CAN-000618,FLANGE_BLIND,200.0,"8""",DN200,300,ASTM A105,RTJ,ASME B16.5,"FLANGE, BLIND, 8"" (DN200), CLASS 300, ASTM A105, RTJ FACING, ASME B16.5",40171501,GEM-FLANGE-BL
CAN-000619,FLANGE_BLIND,200.0,"8""",DN200,300,ASTM A350 LF2,RF,ASME B16.5,"FLANGE, BLIND, 8"" (DN200), CLASS 300, ASTM A350 LF2, RF FACING, ASME B16.5",40171501,GEM-FLANGE-BL
CAN-000620,FLANGE_BLIND,200.0,"8""",DN200,300,ASTM A350 LF2,RTJ,ASME B16.5,"FLANGE, BLIND, 8"" (DN200), CLASS 300, ASTM A350 LF2, RTJ FACING, ASME B16.5",40171501,GEM-FLANGE-BL
CAN-000621,FLANGE_BLIND,200.0,"8""",DN200,300,ASTM A182 F316,RF,ASME B16.5,"FLANGE, BLIND, 8"" (DN200), CLASS 300, ASTM A182 F316, RF FACING, ASME B16.5",40171501,GEM-FLANGE-BL
CAN-000622,FLANGE_BLIND,200.0,"8""",DN200,300,ASTM A182 F316,RTJ,ASME B16.5,"FLANGE, BLIND, 8"" (DN200), CLASS 300, ASTM A182 F316, RTJ FACING, ASME B16.5",40171501,GEM-FLANGE-BL
CAN-000623,FLANGE_BLIND,200.0,"8""",DN200,600,ASTM A105,RF,ASME B16.5,"FLANGE, BLIND, 8"" (DN200), CLASS 600, ASTM A105, RF FACING, ASME B16.5",40171501,GEM-FLANGE-BL
CAN-000624,FLANGE_BLIND,200.0,"8""",DN200,600,ASTM A105,RTJ,ASME B16.5,"FLANGE, BLIND, 8"" (DN200), CLASS 600, ASTM A105, RTJ FACING, ASME B16.5",40171501,GEM-FLANGE-BL
CAN-000625,FLANGE_BLIND,200.0,"8""",DN200,600,ASTM A350 LF2,RF,ASME B16.5,"FLANGE, BLIND, 8"" (DN200), CLASS 600, ASTM A350 LF2, RF FACING, ASME B16.5",40171501,GEM-FLANGE-BL
CAN-000626,FLANGE_BLIND,200.0,"8""",DN200,600,ASTM A350 LF2,RTJ,ASME B16.5,"FLANGE, BLIND, 8"" (DN200), CLASS 600, ASTM A350 LF2, RTJ FACING, ASME B16.5",40171501,GEM-FLANGE-BL
CAN-000627,FLANGE_BLIND,200.0,"8""",DN200,600,ASTM A182 F316,RF,ASME B16.5,"FLANGE, BLIND, 8"" (DN200), CLASS 600, ASTM A182 F316, RF FACING, ASME B16.5",40171501,GEM-FLANGE-BL
CAN-000628,FLANGE_BLIND,200.0,"8""",DN200,600,ASTM A182 F316,RTJ,ASME B16.5,"FLANGE, BLIND, 8"" (DN200), CLASS 600, ASTM A182 F316, RTJ FACING, ASME B16.5",40171501,GEM-FLANGE-BL
CAN-000629,FLANGE_BLIND,200.0,"8""",DN200,900,ASTM A105,RF,ASME B16.5,"FLANGE, BLIND, 8"" (DN200), CLASS 900, ASTM A105, RF FACING, ASME B16.5",40171501,GEM-FLANGE-BL
CAN-000630,FLANGE_BLIND,200.0,"8""",DN200,900,ASTM A105,RTJ,ASME B16.5,"FLANGE, BLIND, 8"" (DN200), CLASS 900, ASTM A105, RTJ FACING, ASME B16.5",40171501,GEM-FLANGE-BL
CAN-000631,FLANGE_BLIND,200.0,"8""",DN200,900,ASTM A350 LF2,RF,ASME B16.5,"FLANGE, BLIND, 8"" (DN200), CLASS 900, ASTM A350 LF2, RF FACING, ASME B16.5",40171501,GEM-FLANGE-BL
CAN-000632,FLANGE_BLIND,200.0,"8""",DN200,900,ASTM A350 LF2,RTJ,ASME B16.5,"FLANGE, BLIND, 8"" (DN200), CLASS 900, ASTM A350 LF2, RTJ FACING, ASME B16.5",40171501,GEM-FLANGE-BL
CAN-000633,FLANGE_BLIND,200.0,"8""",DN200,900,ASTM A182 F316,RF,ASME B16.5,"FLANGE, BLIND, 8"" (DN200), CLASS 900, ASTM A182 F316, RF FACING, ASME B16.5",40171501,GEM-FLANGE-BL
CAN-000634,FLANGE_BLIND,200.0,"8""",DN200,900,ASTM A182 F316,RTJ,ASME B16.5,"FLANGE, BLIND, 8"" (DN200), CLASS 900, ASTM A182 F316, RTJ FACING, ASME B16.5",40171501,GEM-FLANGE-BL
CAN-000635,FLANGE_BLIND,200.0,"8""",DN200,1500,ASTM A105,RF,ASME B16.5,"FLANGE, BLIND, 8"" (DN200), CLASS 1500, ASTM A105, RF FACING, ASME B16.5",40171501,GEM-FLANGE-BL
CAN-000636,FLANGE_BLIND,200.0,"8""",DN200,1500,ASTM A105,RTJ,ASME B16.5,"FLANGE, BLIND, 8"" (DN200), CLASS 1500, ASTM A105, RTJ FACING, ASME B16.5",40171501,GEM-FLANGE-BL
CAN-000637,FLANGE_BLIND,200.0,"8""",DN200,1500,ASTM A350 LF2,RF,ASME B16.5,"FLANGE, BLIND, 8"" (DN200), CLASS 1500, ASTM A350 LF2, RF FACING, ASME B16.5",40171501,GEM-FLANGE-BL
CAN-000638,FLANGE_BLIND,200.0,"8""",DN200,1500,ASTM A350 LF2,RTJ,ASME B16.5,"FLANGE, BLIND, 8"" (DN200), CLASS 1500, ASTM A350 LF2, RTJ FACING, ASME B16.5",40171501,GEM-FLANGE-BL
CAN-000639,FLANGE_BLIND,200.0,"8""",DN200,1500,ASTM A182 F316,RF,ASME B16.5,"FLANGE, BLIND, 8"" (DN200), CLASS 1500, ASTM A182 F316, RF FACING, ASME B16.5",40171501,GEM-FLANGE-BL
CAN-000640,FLANGE_BLIND,200.0,"8""",DN200,1500,ASTM A182 F316,RTJ,ASME B16.5,"FLANGE, BLIND, 8"" (DN200), CLASS 1500, ASTM A182 F316, RTJ FACING, ASME B16.5",40171501,GEM-FLANGE-BL
CAN-000641,FLANGE_BLIND,250.0,"10""",DN250,150,ASTM A105,RF,ASME B16.5,"FLANGE, BLIND, 10"" (DN250), CLASS 150, ASTM A105, RF FACING, ASME B16.5",40171501,GEM-FLANGE-BL
CAN-000642,FLANGE_BLIND,250.0,"10""",DN250,150,ASTM A105,RTJ,ASME B16.5,"FLANGE, BLIND, 10"" (DN250), CLASS 150, ASTM A105, RTJ FACING, ASME B16.5",40171501,GEM-FLANGE-BL
CAN-000643,FLANGE_BLIND,250.0,"10""",DN250,150,ASTM A350 LF2,RF,ASME B16.5,"FLANGE, BLIND, 10"" (DN250), CLASS 150, ASTM A350 LF2, RF FACING, ASME B16.5",40171501,GEM-FLANGE-BL
CAN-000644,FLANGE_BLIND,250.0,"10""",DN250,150,ASTM A350 LF2,RTJ,ASME B16.5,"FLANGE, BLIND, 10"" (DN250), CLASS 150, ASTM A350 LF2, RTJ FACING, ASME B16.5",40171501,GEM-FLANGE-BL
CAN-000645,FLANGE_BLIND,250.0,"10""",DN250,150,ASTM A182 F316,RF,ASME B16.5,"FLANGE, BLIND, 10"" (DN250), CLASS 150, ASTM A182 F316, RF FACING, ASME B16.5",40171501,GEM-FLANGE-BL
CAN-000646,FLANGE_BLIND,250.0,"10""",DN250,150,ASTM A182 F316,RTJ,ASME B16.5,"FLANGE, BLIND, 10"" (DN250), CLASS 150, ASTM A182 F316, RTJ FACING, ASME B16.5",40171501,GEM-FLANGE-BL
CAN-000647,FLANGE_BLIND,250.0,"10""",DN250,300,ASTM A105,RF,ASME B16.5,"FLANGE, BLIND, 10"" (DN250), CLASS 300, ASTM A105, RF FACING, ASME B16.5",40171501,GEM-FLANGE-BL
CAN-000648,FLANGE_BLIND,250.0,"10""",DN250,300,ASTM A105,RTJ,ASME B16.5,"FLANGE, BLIND, 10"" (DN250), CLASS 300, ASTM A105, RTJ FACING, ASME B16.5",40171501,GEM-FLANGE-BL
CAN-000649,FLANGE_BLIND,250.0,"10""",DN250,300,ASTM A350 LF2,RF,ASME B16.5,"FLANGE, BLIND, 10"" (DN250), CLASS 300, ASTM A350 LF2, RF FACING, ASME B16.5",40171501,GEM-FLANGE-BL
CAN-000650,FLANGE_BLIND,250.0,"10""",DN250,300,ASTM A350 LF2,RTJ,ASME B16.5,"FLANGE, BLIND, 10"" (DN250), CLASS 300, ASTM A350 LF2, RTJ FACING, ASME B16.5",40171501,GEM-FLANGE-BL
CAN-000651,FLANGE_BLIND,250.0,"10""",DN250,300,ASTM A182 F316,RF,ASME B16.5,"FLANGE, BLIND, 10"" (DN250), CLASS 300, ASTM A182 F316, RF FACING, ASME B16.5",40171501,GEM-FLANGE-BL
CAN-000652,FLANGE_BLIND,250.0,"10""",DN250,300,ASTM A182 F316,RTJ,ASME B16.5,"FLANGE, BLIND, 10"" (DN250), CLASS 300, ASTM A182 F316, RTJ FACING, ASME B16.5",40171501,GEM-FLANGE-BL
CAN-000653,FLANGE_BLIND,250.0,"10""",DN250,600,ASTM A105,RF,ASME B16.5,"FLANGE, BLIND, 10"" (DN250), CLASS 600, ASTM A105, RF FACING, ASME B16.5",40171501,GEM-FLANGE-BL
CAN-000654,FLANGE_BLIND,250.0,"10""",DN250,600,ASTM A105,RTJ,ASME B16.5,"FLANGE, BLIND, 10"" (DN250), CLASS 600, ASTM A105, RTJ FACING, ASME B16.5",40171501,GEM-FLANGE-BL
CAN-000655,FLANGE_BLIND,250.0,"10""",DN250,600,ASTM A350 LF2,RF,ASME B16.5,"FLANGE, BLIND, 10"" (DN250), CLASS 600, ASTM A350 LF2, RF FACING, ASME B16.5",40171501,GEM-FLANGE-BL
CAN-000656,FLANGE_BLIND,250.0,"10""",DN250,600,ASTM A350 LF2,RTJ,ASME B16.5,"FLANGE, BLIND, 10"" (DN250), CLASS 600, ASTM A350 LF2, RTJ FACING, ASME B16.5",40171501,GEM-FLANGE-BL
CAN-000657,FLANGE_BLIND,250.0,"10""",DN250,600,ASTM A182 F316,RF,ASME B16.5,"FLANGE, BLIND, 10"" (DN250), CLASS 600, ASTM A182 F316, RF FACING, ASME B16.5",40171501,GEM-FLANGE-BL
CAN-000658,FLANGE_BLIND,250.0,"10""",DN250,600,ASTM A182 F316,RTJ,ASME B16.5,"FLANGE, BLIND, 10"" (DN250), CLASS 600, ASTM A182 F316, RTJ FACING, ASME B16.5",40171501,GEM-FLANGE-BL
CAN-000659,FLANGE_BLIND,250.0,"10""",DN250,900,ASTM A105,RF,ASME B16.5,"FLANGE, BLIND, 10"" (DN250), CLASS 900, ASTM A105, RF FACING, ASME B16.5",40171501,GEM-FLANGE-BL
CAN-000660,FLANGE_BLIND,250.0,"10""",DN250,900,ASTM A105,RTJ,ASME B16.5,"FLANGE, BLIND, 10"" (DN250), CLASS 900, ASTM A105, RTJ FACING, ASME B16.5",40171501,GEM-FLANGE-BL
CAN-000661,FLANGE_BLIND,250.0,"10""",DN250,900,ASTM A350 LF2,RF,ASME B16.5,"FLANGE, BLIND, 10"" (DN250), CLASS 900, ASTM A350 LF2, RF FACING, ASME B16.5",40171501,GEM-FLANGE-BL
CAN-000662,FLANGE_BLIND,250.0,"10""",DN250,900,ASTM A350 LF2,RTJ,ASME B16.5,"FLANGE, BLIND, 10"" (DN250), CLASS 900, ASTM A350 LF2, RTJ FACING, ASME B16.5",40171501,GEM-FLANGE-BL
CAN-000663,FLANGE_BLIND,250.0,"10""",DN250,900,ASTM A182 F316,RF,ASME B16.5,"FLANGE, BLIND, 10"" (DN250), CLASS 900, ASTM A182 F316, RF FACING, ASME B16.5",40171501,GEM-FLANGE-BL
CAN-000664,FLANGE_BLIND,250.0,"10""",DN250,900,ASTM A182 F316,RTJ,ASME B16.5,"FLANGE, BLIND, 10"" (DN250), CLASS 900, ASTM A182 F316, RTJ FACING, ASME B16.5",40171501,GEM-FLANGE-BL
CAN-000665,FLANGE_BLIND,250.0,"10""",DN250,1500,ASTM A105,RF,ASME B16.5,"FLANGE, BLIND, 10"" (DN250), CLASS 1500, ASTM A105, RF FACING, ASME B16.5",40171501,GEM-FLANGE-BL
CAN-000666,FLANGE_BLIND,250.0,"10""",DN250,1500,ASTM A105,RTJ,ASME B16.5,"FLANGE, BLIND, 10"" (DN250), CLASS 1500, ASTM A105, RTJ FACING, ASME B16.5",40171501,GEM-FLANGE-BL
CAN-000667,FLANGE_BLIND,250.0,"10""",DN250,1500,ASTM A350 LF2,RF,ASME B16.5,"FLANGE, BLIND, 10"" (DN250), CLASS 1500, ASTM A350 LF2, RF FACING, ASME B16.5",40171501,GEM-FLANGE-BL
CAN-000668,FLANGE_BLIND,250.0,"10""",DN250,1500,ASTM A350 LF2,RTJ,ASME B16.5,"FLANGE, BLIND, 10"" (DN250), CLASS 1500, ASTM A350 LF2, RTJ FACING, ASME B16.5",40171501,GEM-FLANGE-BL
CAN-000669,FLANGE_BLIND,250.0,"10""",DN250,1500,ASTM A182 F316,RF,ASME B16.5,"FLANGE, BLIND, 10"" (DN250), CLASS 1500, ASTM A182 F316, RF FACING, ASME B16.5",40171501,GEM-FLANGE-BL
CAN-000670,FLANGE_BLIND,250.0,"10""",DN250,1500,ASTM A182 F316,RTJ,ASME B16.5,"FLANGE, BLIND, 10"" (DN250), CLASS 1500, ASTM A182 F316, RTJ FACING, ASME B16.5",40171501,GEM-FLANGE-BL
CAN-000671,FLANGE_BLIND,300.0,"12""",DN300,150,ASTM A105,RF,ASME B16.5,"FLANGE, BLIND, 12"" (DN300), CLASS 150, ASTM A105, RF FACING, ASME B16.5",40171501,GEM-FLANGE-BL
CAN-000672,FLANGE_BLIND,300.0,"12""",DN300,150,ASTM A105,RTJ,ASME B16.5,"FLANGE, BLIND, 12"" (DN300), CLASS 150, ASTM A105, RTJ FACING, ASME B16.5",40171501,GEM-FLANGE-BL
CAN-000673,FLANGE_BLIND,300.0,"12""",DN300,150,ASTM A350 LF2,RF,ASME B16.5,"FLANGE, BLIND, 12"" (DN300), CLASS 150, ASTM A350 LF2, RF FACING, ASME B16.5",40171501,GEM-FLANGE-BL
CAN-000674,FLANGE_BLIND,300.0,"12""",DN300,150,ASTM A350 LF2,RTJ,ASME B16.5,"FLANGE, BLIND, 12"" (DN300), CLASS 150, ASTM A350 LF2, RTJ FACING, ASME B16.5",40171501,GEM-FLANGE-BL
CAN-000675,FLANGE_BLIND,300.0,"12""",DN300,150,ASTM A182 F316,RF,ASME B16.5,"FLANGE, BLIND, 12"" (DN300), CLASS 150, ASTM A182 F316, RF FACING, ASME B16.5",40171501,GEM-FLANGE-BL
CAN-000676,FLANGE_BLIND,300.0,"12""",DN300,150,ASTM A182 F316,RTJ,ASME B16.5,"FLANGE, BLIND, 12"" (DN300), CLASS 150, ASTM A182 F316, RTJ FACING, ASME B16.5",40171501,GEM-FLANGE-BL
CAN-000677,FLANGE_BLIND,300.0,"12""",DN300,300,ASTM A105,RF,ASME B16.5,"FLANGE, BLIND, 12"" (DN300), CLASS 300, ASTM A105, RF FACING, ASME B16.5",40171501,GEM-FLANGE-BL
CAN-000678,FLANGE_BLIND,300.0,"12""",DN300,300,ASTM A105,RTJ,ASME B16.5,"FLANGE, BLIND, 12"" (DN300), CLASS 300, ASTM A105, RTJ FACING, ASME B16.5",40171501,GEM-FLANGE-BL
CAN-000679,FLANGE_BLIND,300.0,"12""",DN300,300,ASTM A350 LF2,RF,ASME B16.5,"FLANGE, BLIND, 12"" (DN300), CLASS 300, ASTM A350 LF2, RF FACING, ASME B16.5",40171501,GEM-FLANGE-BL
CAN-000680,FLANGE_BLIND,300.0,"12""",DN300,300,ASTM A350 LF2,RTJ,ASME B16.5,"FLANGE, BLIND, 12"" (DN300), CLASS 300, ASTM A350 LF2, RTJ FACING, ASME B16.5",40171501,GEM-FLANGE-BL
CAN-000681,FLANGE_BLIND,300.0,"12""",DN300,300,ASTM A182 F316,RF,ASME B16.5,"FLANGE, BLIND, 12"" (DN300), CLASS 300, ASTM A182 F316, RF FACING, ASME B16.5",40171501,GEM-FLANGE-BL
CAN-000682,FLANGE_BLIND,300.0,"12""",DN300,300,ASTM A182 F316,RTJ,ASME B16.5,"FLANGE, BLIND, 12"" (DN300), CLASS 300, ASTM A182 F316, RTJ FACING, ASME B16.5",40171501,GEM-FLANGE-BL
CAN-000683,FLANGE_BLIND,300.0,"12""",DN300,600,ASTM A105,RF,ASME B16.5,"FLANGE, BLIND, 12"" (DN300), CLASS 600, ASTM A105, RF FACING, ASME B16.5",40171501,GEM-FLANGE-BL
CAN-000684,FLANGE_BLIND,300.0,"12""",DN300,600,ASTM A105,RTJ,ASME B16.5,"FLANGE, BLIND, 12"" (DN300), CLASS 600, ASTM A105, RTJ FACING, ASME B16.5",40171501,GEM-FLANGE-BL
CAN-000685,FLANGE_BLIND,300.0,"12""",DN300,600,ASTM A350 LF2,RF,ASME B16.5,"FLANGE, BLIND, 12"" (DN300), CLASS 600, ASTM A350 LF2, RF FACING, ASME B16.5",40171501,GEM-FLANGE-BL
CAN-000686,FLANGE_BLIND,300.0,"12""",DN300,600,ASTM A350 LF2,RTJ,ASME B16.5,"FLANGE, BLIND, 12"" (DN300), CLASS 600, ASTM A350 LF2, RTJ FACING, ASME B16.5",40171501,GEM-FLANGE-BL
CAN-000687,FLANGE_BLIND,300.0,"12""",DN300,600,ASTM A182 F316,RF,ASME B16.5,"FLANGE, BLIND, 12"" (DN300), CLASS 600, ASTM A182 F316, RF FACING, ASME B16.5",40171501,GEM-FLANGE-BL
CAN-000688,FLANGE_BLIND,300.0,"12""",DN300,600,ASTM A182 F316,RTJ,ASME B16.5,"FLANGE, BLIND, 12"" (DN300), CLASS 600, ASTM A182 F316, RTJ FACING, ASME B16.5",40171501,GEM-FLANGE-BL
CAN-000689,FLANGE_BLIND,300.0,"12""",DN300,900,ASTM A105,RF,ASME B16.5,"FLANGE, BLIND, 12"" (DN300), CLASS 900, ASTM A105, RF FACING, ASME B16.5",40171501,GEM-FLANGE-BL
CAN-000690,FLANGE_BLIND,300.0,"12""",DN300,900,ASTM A105,RTJ,ASME B16.5,"FLANGE, BLIND, 12"" (DN300), CLASS 900, ASTM A105, RTJ FACING, ASME B16.5",40171501,GEM-FLANGE-BL
CAN-000691,FLANGE_BLIND,300.0,"12""",DN300,900,ASTM A350 LF2,RF,ASME B16.5,"FLANGE, BLIND, 12"" (DN300), CLASS 900, ASTM A350 LF2, RF FACING, ASME B16.5",40171501,GEM-FLANGE-BL
CAN-000692,FLANGE_BLIND,300.0,"12""",DN300,900,ASTM A350 LF2,RTJ,ASME B16.5,"FLANGE, BLIND, 12"" (DN300), CLASS 900, ASTM A350 LF2, RTJ FACING, ASME B16.5",40171501,GEM-FLANGE-BL
CAN-000693,FLANGE_BLIND,300.0,"12""",DN300,900,ASTM A182 F316,RF,ASME B16.5,"FLANGE, BLIND, 12"" (DN300), CLASS 900, ASTM A182 F316, RF FACING, ASME B16.5",40171501,GEM-FLANGE-BL
CAN-000694,FLANGE_BLIND,300.0,"12""",DN300,900,ASTM A182 F316,RTJ,ASME B16.5,"FLANGE, BLIND, 12"" (DN300), CLASS 900, ASTM A182 F316, RTJ FACING, ASME B16.5",40171501,GEM-FLANGE-BL
CAN-000695,FLANGE_BLIND,300.0,"12""",DN300,1500,ASTM A105,RF,ASME B16.5,"FLANGE, BLIND, 12"" (DN300), CLASS 1500, ASTM A105, RF FACING, ASME B16.5",40171501,GEM-FLANGE-BL
CAN-000696,FLANGE_BLIND,300.0,"12""",DN300,1500,ASTM A105,RTJ,ASME B16.5,"FLANGE, BLIND, 12"" (DN300), CLASS 1500, ASTM A105, RTJ FACING, ASME B16.5",40171501,GEM-FLANGE-BL
CAN-000697,FLANGE_BLIND,300.0,"12""",DN300,1500,ASTM A350 LF2,RF,ASME B16.5,"FLANGE, BLIND, 12"" (DN300), CLASS 1500, ASTM A350 LF2, RF FACING, ASME B16.5",40171501,GEM-FLANGE-BL
CAN-000698,FLANGE_BLIND,300.0,"12""",DN300,1500,ASTM A350 LF2,RTJ,ASME B16.5,"FLANGE, BLIND, 12"" (DN300), CLASS 1500, ASTM A350 LF2, RTJ FACING, ASME B16.5",40171501,GEM-FLANGE-BL
CAN-000699,FLANGE_BLIND,300.0,"12""",DN300,1500,ASTM A182 F316,RF,ASME B16.5,"FLANGE, BLIND, 12"" (DN300), CLASS 1500, ASTM A182 F316, RF FACING, ASME B16.5",40171501,GEM-FLANGE-BL
CAN-000700,FLANGE_BLIND,300.0,"12""",DN300,1500,ASTM A182 F316,RTJ,ASME B16.5,"FLANGE, BLIND, 12"" (DN300), CLASS 1500, ASTM A182 F316, RTJ FACING, ASME B16.5",40171501,GEM-FLANGE-BL
CAN-000701,FLANGE_SLIP_ON,15.0,"1/2""",DN15,150,ASTM A105,RF,ASME B16.5,"FLANGE, SLIP ON, 1/2"" (DN15), CLASS 150, ASTM A105, RF FACING, ASME B16.5",40171501,GEM-FLANGE-SO
CAN-000702,FLANGE_SLIP_ON,15.0,"1/2""",DN15,150,ASTM A105,FF,ASME B16.5,"FLANGE, SLIP ON, 1/2"" (DN15), CLASS 150, ASTM A105, FF FACING, ASME B16.5",40171501,GEM-FLANGE-SO
CAN-000703,FLANGE_SLIP_ON,15.0,"1/2""",DN15,150,ASTM A182 F304,RF,ASME B16.5,"FLANGE, SLIP ON, 1/2"" (DN15), CLASS 150, ASTM A182 F304, RF FACING, ASME B16.5",40171501,GEM-FLANGE-SO
CAN-000704,FLANGE_SLIP_ON,15.0,"1/2""",DN15,150,ASTM A182 F304,FF,ASME B16.5,"FLANGE, SLIP ON, 1/2"" (DN15), CLASS 150, ASTM A182 F304, FF FACING, ASME B16.5",40171501,GEM-FLANGE-SO
CAN-000705,FLANGE_SLIP_ON,15.0,"1/2""",DN15,150,ASTM A182 F316,RF,ASME B16.5,"FLANGE, SLIP ON, 1/2"" (DN15), CLASS 150, ASTM A182 F316, RF FACING, ASME B16.5",40171501,GEM-FLANGE-SO
CAN-000706,FLANGE_SLIP_ON,15.0,"1/2""",DN15,150,ASTM A182 F316,FF,ASME B16.5,"FLANGE, SLIP ON, 1/2"" (DN15), CLASS 150, ASTM A182 F316, FF FACING, ASME B16.5",40171501,GEM-FLANGE-SO
CAN-000707,FLANGE_SLIP_ON,15.0,"1/2""",DN15,300,ASTM A105,RF,ASME B16.5,"FLANGE, SLIP ON, 1/2"" (DN15), CLASS 300, ASTM A105, RF FACING, ASME B16.5",40171501,GEM-FLANGE-SO
CAN-000708,FLANGE_SLIP_ON,15.0,"1/2""",DN15,300,ASTM A105,FF,ASME B16.5,"FLANGE, SLIP ON, 1/2"" (DN15), CLASS 300, ASTM A105, FF FACING, ASME B16.5",40171501,GEM-FLANGE-SO
CAN-000709,FLANGE_SLIP_ON,15.0,"1/2""",DN15,300,ASTM A182 F304,RF,ASME B16.5,"FLANGE, SLIP ON, 1/2"" (DN15), CLASS 300, ASTM A182 F304, RF FACING, ASME B16.5",40171501,GEM-FLANGE-SO
CAN-000710,FLANGE_SLIP_ON,15.0,"1/2""",DN15,300,ASTM A182 F304,FF,ASME B16.5,"FLANGE, SLIP ON, 1/2"" (DN15), CLASS 300, ASTM A182 F304, FF FACING, ASME B16.5",40171501,GEM-FLANGE-SO
CAN-000711,FLANGE_SLIP_ON,15.0,"1/2""",DN15,300,ASTM A182 F316,RF,ASME B16.5,"FLANGE, SLIP ON, 1/2"" (DN15), CLASS 300, ASTM A182 F316, RF FACING, ASME B16.5",40171501,GEM-FLANGE-SO
CAN-000712,FLANGE_SLIP_ON,15.0,"1/2""",DN15,300,ASTM A182 F316,FF,ASME B16.5,"FLANGE, SLIP ON, 1/2"" (DN15), CLASS 300, ASTM A182 F316, FF FACING, ASME B16.5",40171501,GEM-FLANGE-SO
CAN-000713,FLANGE_SLIP_ON,15.0,"1/2""",DN15,600,ASTM A105,RF,ASME B16.5,"FLANGE, SLIP ON, 1/2"" (DN15), CLASS 600, ASTM A105, RF FACING, ASME B16.5",40171501,GEM-FLANGE-SO
CAN-000714,FLANGE_SLIP_ON,15.0,"1/2""",DN15,600,ASTM A105,FF,ASME B16.5,"FLANGE, SLIP ON, 1/2"" (DN15), CLASS 600, ASTM A105, FF FACING, ASME B16.5",40171501,GEM-FLANGE-SO
CAN-000715,FLANGE_SLIP_ON,15.0,"1/2""",DN15,600,ASTM A182 F304,RF,ASME B16.5,"FLANGE, SLIP ON, 1/2"" (DN15), CLASS 600, ASTM A182 F304, RF FACING, ASME B16.5",40171501,GEM-FLANGE-SO
CAN-000716,FLANGE_SLIP_ON,15.0,"1/2""",DN15,600,ASTM A182 F304,FF,ASME B16.5,"FLANGE, SLIP ON, 1/2"" (DN15), CLASS 600, ASTM A182 F304, FF FACING, ASME B16.5",40171501,GEM-FLANGE-SO
CAN-000717,FLANGE_SLIP_ON,15.0,"1/2""",DN15,600,ASTM A182 F316,RF,ASME B16.5,"FLANGE, SLIP ON, 1/2"" (DN15), CLASS 600, ASTM A182 F316, RF FACING, ASME B16.5",40171501,GEM-FLANGE-SO
CAN-000718,FLANGE_SLIP_ON,15.0,"1/2""",DN15,600,ASTM A182 F316,FF,ASME B16.5,"FLANGE, SLIP ON, 1/2"" (DN15), CLASS 600, ASTM A182 F316, FF FACING, ASME B16.5",40171501,GEM-FLANGE-SO
CAN-000719,FLANGE_SLIP_ON,15.0,"1/2""",DN15,900,ASTM A105,RF,ASME B16.5,"FLANGE, SLIP ON, 1/2"" (DN15), CLASS 900, ASTM A105, RF FACING, ASME B16.5",40171501,GEM-FLANGE-SO
CAN-000720,FLANGE_SLIP_ON,15.0,"1/2""",DN15,900,ASTM A105,FF,ASME B16.5,"FLANGE, SLIP ON, 1/2"" (DN15), CLASS 900, ASTM A105, FF FACING, ASME B16.5",40171501,GEM-FLANGE-SO
CAN-000721,FLANGE_SLIP_ON,15.0,"1/2""",DN15,900,ASTM A182 F304,RF,ASME B16.5,"FLANGE, SLIP ON, 1/2"" (DN15), CLASS 900, ASTM A182 F304, RF FACING, ASME B16.5",40171501,GEM-FLANGE-SO
CAN-000722,FLANGE_SLIP_ON,15.0,"1/2""",DN15,900,ASTM A182 F304,FF,ASME B16.5,"FLANGE, SLIP ON, 1/2"" (DN15), CLASS 900, ASTM A182 F304, FF FACING, ASME B16.5",40171501,GEM-FLANGE-SO
CAN-000723,FLANGE_SLIP_ON,15.0,"1/2""",DN15,900,ASTM A182 F316,RF,ASME B16.5,"FLANGE, SLIP ON, 1/2"" (DN15), CLASS 900, ASTM A182 F316, RF FACING, ASME B16.5",40171501,GEM-FLANGE-SO
CAN-000724,FLANGE_SLIP_ON,15.0,"1/2""",DN15,900,ASTM A182 F316,FF,ASME B16.5,"FLANGE, SLIP ON, 1/2"" (DN15), CLASS 900, ASTM A182 F316, FF FACING, ASME B16.5",40171501,GEM-FLANGE-SO
CAN-000725,FLANGE_SLIP_ON,15.0,"1/2""",DN15,1500,ASTM A105,RF,ASME B16.5,"FLANGE, SLIP ON, 1/2"" (DN15), CLASS 1500, ASTM A105, RF FACING, ASME B16.5",40171501,GEM-FLANGE-SO
CAN-000726,FLANGE_SLIP_ON,15.0,"1/2""",DN15,1500,ASTM A105,FF,ASME B16.5,"FLANGE, SLIP ON, 1/2"" (DN15), CLASS 1500, ASTM A105, FF FACING, ASME B16.5",40171501,GEM-FLANGE-SO
CAN-000727,FLANGE_SLIP_ON,15.0,"1/2""",DN15,1500,ASTM A182 F304,RF,ASME B16.5,"FLANGE, SLIP ON, 1/2"" (DN15), CLASS 1500, ASTM A182 F304, RF FACING, ASME B16.5",40171501,GEM-FLANGE-SO
CAN-000728,FLANGE_SLIP_ON,15.0,"1/2""",DN15,1500,ASTM A182 F304,FF,ASME B16.5,"FLANGE, SLIP ON, 1/2"" (DN15), CLASS 1500, ASTM A182 F304, FF FACING, ASME B16.5",40171501,GEM-FLANGE-SO
CAN-000729,FLANGE_SLIP_ON,15.0,"1/2""",DN15,1500,ASTM A182 F316,RF,ASME B16.5,"FLANGE, SLIP ON, 1/2"" (DN15), CLASS 1500, ASTM A182 F316, RF FACING, ASME B16.5",40171501,GEM-FLANGE-SO
CAN-000730,FLANGE_SLIP_ON,15.0,"1/2""",DN15,1500,ASTM A182 F316,FF,ASME B16.5,"FLANGE, SLIP ON, 1/2"" (DN15), CLASS 1500, ASTM A182 F316, FF FACING, ASME B16.5",40171501,GEM-FLANGE-SO
CAN-000731,FLANGE_SLIP_ON,25.0,"1""",DN25,150,ASTM A105,RF,ASME B16.5,"FLANGE, SLIP ON, 1"" (DN25), CLASS 150, ASTM A105, RF FACING, ASME B16.5",40171501,GEM-FLANGE-SO
CAN-000732,FLANGE_SLIP_ON,25.0,"1""",DN25,150,ASTM A105,FF,ASME B16.5,"FLANGE, SLIP ON, 1"" (DN25), CLASS 150, ASTM A105, FF FACING, ASME B16.5",40171501,GEM-FLANGE-SO
CAN-000733,FLANGE_SLIP_ON,25.0,"1""",DN25,150,ASTM A182 F304,RF,ASME B16.5,"FLANGE, SLIP ON, 1"" (DN25), CLASS 150, ASTM A182 F304, RF FACING, ASME B16.5",40171501,GEM-FLANGE-SO
CAN-000734,FLANGE_SLIP_ON,25.0,"1""",DN25,150,ASTM A182 F304,FF,ASME B16.5,"FLANGE, SLIP ON, 1"" (DN25), CLASS 150, ASTM A182 F304, FF FACING, ASME B16.5",40171501,GEM-FLANGE-SO
CAN-000735,FLANGE_SLIP_ON,25.0,"1""",DN25,150,ASTM A182 F316,RF,ASME B16.5,"FLANGE, SLIP ON, 1"" (DN25), CLASS 150, ASTM A182 F316, RF FACING, ASME B16.5",40171501,GEM-FLANGE-SO
CAN-000736,FLANGE_SLIP_ON,25.0,"1""",DN25,150,ASTM A182 F316,FF,ASME B16.5,"FLANGE, SLIP ON, 1"" (DN25), CLASS 150, ASTM A182 F316, FF FACING, ASME B16.5",40171501,GEM-FLANGE-SO
CAN-000737,FLANGE_SLIP_ON,25.0,"1""",DN25,300,ASTM A105,RF,ASME B16.5,"FLANGE, SLIP ON, 1"" (DN25), CLASS 300, ASTM A105, RF FACING, ASME B16.5",40171501,GEM-FLANGE-SO
CAN-000738,FLANGE_SLIP_ON,25.0,"1""",DN25,300,ASTM A105,FF,ASME B16.5,"FLANGE, SLIP ON, 1"" (DN25), CLASS 300, ASTM A105, FF FACING, ASME B16.5",40171501,GEM-FLANGE-SO
CAN-000739,FLANGE_SLIP_ON,25.0,"1""",DN25,300,ASTM A182 F304,RF,ASME B16.5,"FLANGE, SLIP ON, 1"" (DN25), CLASS 300, ASTM A182 F304, RF FACING, ASME B16.5",40171501,GEM-FLANGE-SO
CAN-000740,FLANGE_SLIP_ON,25.0,"1""",DN25,300,ASTM A182 F304,FF,ASME B16.5,"FLANGE, SLIP ON, 1"" (DN25), CLASS 300, ASTM A182 F304, FF FACING, ASME B16.5",40171501,GEM-FLANGE-SO
CAN-000741,FLANGE_SLIP_ON,25.0,"1""",DN25,300,ASTM A182 F316,RF,ASME B16.5,"FLANGE, SLIP ON, 1"" (DN25), CLASS 300, ASTM A182 F316, RF FACING, ASME B16.5",40171501,GEM-FLANGE-SO
CAN-000742,FLANGE_SLIP_ON,25.0,"1""",DN25,300,ASTM A182 F316,FF,ASME B16.5,"FLANGE, SLIP ON, 1"" (DN25), CLASS 300, ASTM A182 F316, FF FACING, ASME B16.5",40171501,GEM-FLANGE-SO
CAN-000743,FLANGE_SLIP_ON,25.0,"1""",DN25,600,ASTM A105,RF,ASME B16.5,"FLANGE, SLIP ON, 1"" (DN25), CLASS 600, ASTM A105, RF FACING, ASME B16.5",40171501,GEM-FLANGE-SO
CAN-000744,FLANGE_SLIP_ON,25.0,"1""",DN25,600,ASTM A105,FF,ASME B16.5,"FLANGE, SLIP ON, 1"" (DN25), CLASS 600, ASTM A105, FF FACING, ASME B16.5",40171501,GEM-FLANGE-SO
CAN-000745,FLANGE_SLIP_ON,25.0,"1""",DN25,600,ASTM A182 F304,RF,ASME B16.5,"FLANGE, SLIP ON, 1"" (DN25), CLASS 600, ASTM A182 F304, RF FACING, ASME B16.5",40171501,GEM-FLANGE-SO
CAN-000746,FLANGE_SLIP_ON,25.0,"1""",DN25,600,ASTM A182 F304,FF,ASME B16.5,"FLANGE, SLIP ON, 1"" (DN25), CLASS 600, ASTM A182 F304, FF FACING, ASME B16.5",40171501,GEM-FLANGE-SO
CAN-000747,FLANGE_SLIP_ON,25.0,"1""",DN25,600,ASTM A182 F316,RF,ASME B16.5,"FLANGE, SLIP ON, 1"" (DN25), CLASS 600, ASTM A182 F316, RF FACING, ASME B16.5",40171501,GEM-FLANGE-SO
CAN-000748,FLANGE_SLIP_ON,25.0,"1""",DN25,600,ASTM A182 F316,FF,ASME B16.5,"FLANGE, SLIP ON, 1"" (DN25), CLASS 600, ASTM A182 F316, FF FACING, ASME B16.5",40171501,GEM-FLANGE-SO
CAN-000749,FLANGE_SLIP_ON,25.0,"1""",DN25,900,ASTM A105,RF,ASME B16.5,"FLANGE, SLIP ON, 1"" (DN25), CLASS 900, ASTM A105, RF FACING, ASME B16.5",40171501,GEM-FLANGE-SO
CAN-000750,FLANGE_SLIP_ON,25.0,"1""",DN25,900,ASTM A105,FF,ASME B16.5,"FLANGE, SLIP ON, 1"" (DN25), CLASS 900, ASTM A105, FF FACING, ASME B16.5",40171501,GEM-FLANGE-SO
CAN-000751,FLANGE_SLIP_ON,25.0,"1""",DN25,900,ASTM A182 F304,RF,ASME B16.5,"FLANGE, SLIP ON, 1"" (DN25), CLASS 900, ASTM A182 F304, RF FACING, ASME B16.5",40171501,GEM-FLANGE-SO
CAN-000752,FLANGE_SLIP_ON,25.0,"1""",DN25,900,ASTM A182 F304,FF,ASME B16.5,"FLANGE, SLIP ON, 1"" (DN25), CLASS 900, ASTM A182 F304, FF FACING, ASME B16.5",40171501,GEM-FLANGE-SO
CAN-000753,FLANGE_SLIP_ON,25.0,"1""",DN25,900,ASTM A182 F316,RF,ASME B16.5,"FLANGE, SLIP ON, 1"" (DN25), CLASS 900, ASTM A182 F316, RF FACING, ASME B16.5",40171501,GEM-FLANGE-SO
CAN-000754,FLANGE_SLIP_ON,25.0,"1""",DN25,900,ASTM A182 F316,FF,ASME B16.5,"FLANGE, SLIP ON, 1"" (DN25), CLASS 900, ASTM A182 F316, FF FACING, ASME B16.5",40171501,GEM-FLANGE-SO
CAN-000755,FLANGE_SLIP_ON,25.0,"1""",DN25,1500,ASTM A105,RF,ASME B16.5,"FLANGE, SLIP ON, 1"" (DN25), CLASS 1500, ASTM A105, RF FACING, ASME B16.5",40171501,GEM-FLANGE-SO
CAN-000756,FLANGE_SLIP_ON,25.0,"1""",DN25,1500,ASTM A105,FF,ASME B16.5,"FLANGE, SLIP ON, 1"" (DN25), CLASS 1500, ASTM A105, FF FACING, ASME B16.5",40171501,GEM-FLANGE-SO
CAN-000757,FLANGE_SLIP_ON,25.0,"1""",DN25,1500,ASTM A182 F304,RF,ASME B16.5,"FLANGE, SLIP ON, 1"" (DN25), CLASS 1500, ASTM A182 F304, RF FACING, ASME B16.5",40171501,GEM-FLANGE-SO
CAN-000758,FLANGE_SLIP_ON,25.0,"1""",DN25,1500,ASTM A182 F304,FF,ASME B16.5,"FLANGE, SLIP ON, 1"" (DN25), CLASS 1500, ASTM A182 F304, FF FACING, ASME B16.5",40171501,GEM-FLANGE-SO
CAN-000759,FLANGE_SLIP_ON,25.0,"1""",DN25,1500,ASTM A182 F316,RF,ASME B16.5,"FLANGE, SLIP ON, 1"" (DN25), CLASS 1500, ASTM A182 F316, RF FACING, ASME B16.5",40171501,GEM-FLANGE-SO
CAN-000760,FLANGE_SLIP_ON,25.0,"1""",DN25,1500,ASTM A182 F316,FF,ASME B16.5,"FLANGE, SLIP ON, 1"" (DN25), CLASS 1500, ASTM A182 F316, FF FACING, ASME B16.5",40171501,GEM-FLANGE-SO
CAN-000761,FLANGE_SLIP_ON,40.0,"1.5""",DN40,150,ASTM A105,RF,ASME B16.5,"FLANGE, SLIP ON, 1.5"" (DN40), CLASS 150, ASTM A105, RF FACING, ASME B16.5",40171501,GEM-FLANGE-SO
CAN-000762,FLANGE_SLIP_ON,40.0,"1.5""",DN40,150,ASTM A105,FF,ASME B16.5,"FLANGE, SLIP ON, 1.5"" (DN40), CLASS 150, ASTM A105, FF FACING, ASME B16.5",40171501,GEM-FLANGE-SO
CAN-000763,FLANGE_SLIP_ON,40.0,"1.5""",DN40,150,ASTM A182 F304,RF,ASME B16.5,"FLANGE, SLIP ON, 1.5"" (DN40), CLASS 150, ASTM A182 F304, RF FACING, ASME B16.5",40171501,GEM-FLANGE-SO
CAN-000764,FLANGE_SLIP_ON,40.0,"1.5""",DN40,150,ASTM A182 F304,FF,ASME B16.5,"FLANGE, SLIP ON, 1.5"" (DN40), CLASS 150, ASTM A182 F304, FF FACING, ASME B16.5",40171501,GEM-FLANGE-SO
CAN-000765,FLANGE_SLIP_ON,40.0,"1.5""",DN40,150,ASTM A182 F316,RF,ASME B16.5,"FLANGE, SLIP ON, 1.5"" (DN40), CLASS 150, ASTM A182 F316, RF FACING, ASME B16.5",40171501,GEM-FLANGE-SO
CAN-000766,FLANGE_SLIP_ON,40.0,"1.5""",DN40,150,ASTM A182 F316,FF,ASME B16.5,"FLANGE, SLIP ON, 1.5"" (DN40), CLASS 150, ASTM A182 F316, FF FACING, ASME B16.5",40171501,GEM-FLANGE-SO
CAN-000767,FLANGE_SLIP_ON,40.0,"1.5""",DN40,300,ASTM A105,RF,ASME B16.5,"FLANGE, SLIP ON, 1.5"" (DN40), CLASS 300, ASTM A105, RF FACING, ASME B16.5",40171501,GEM-FLANGE-SO
CAN-000768,FLANGE_SLIP_ON,40.0,"1.5""",DN40,300,ASTM A105,FF,ASME B16.5,"FLANGE, SLIP ON, 1.5"" (DN40), CLASS 300, ASTM A105, FF FACING, ASME B16.5",40171501,GEM-FLANGE-SO
CAN-000769,FLANGE_SLIP_ON,40.0,"1.5""",DN40,300,ASTM A182 F304,RF,ASME B16.5,"FLANGE, SLIP ON, 1.5"" (DN40), CLASS 300, ASTM A182 F304, RF FACING, ASME B16.5",40171501,GEM-FLANGE-SO
CAN-000770,FLANGE_SLIP_ON,40.0,"1.5""",DN40,300,ASTM A182 F304,FF,ASME B16.5,"FLANGE, SLIP ON, 1.5"" (DN40), CLASS 300, ASTM A182 F304, FF FACING, ASME B16.5",40171501,GEM-FLANGE-SO
CAN-000771,FLANGE_SLIP_ON,40.0,"1.5""",DN40,300,ASTM A182 F316,RF,ASME B16.5,"FLANGE, SLIP ON, 1.5"" (DN40), CLASS 300, ASTM A182 F316, RF FACING, ASME B16.5",40171501,GEM-FLANGE-SO
CAN-000772,FLANGE_SLIP_ON,40.0,"1.5""",DN40,300,ASTM A182 F316,FF,ASME B16.5,"FLANGE, SLIP ON, 1.5"" (DN40), CLASS 300, ASTM A182 F316, FF FACING, ASME B16.5",40171501,GEM-FLANGE-SO
CAN-000773,FLANGE_SLIP_ON,40.0,"1.5""",DN40,600,ASTM A105,RF,ASME B16.5,"FLANGE, SLIP ON, 1.5"" (DN40), CLASS 600, ASTM A105, RF FACING, ASME B16.5",40171501,GEM-FLANGE-SO
CAN-000774,FLANGE_SLIP_ON,40.0,"1.5""",DN40,600,ASTM A105,FF,ASME B16.5,"FLANGE, SLIP ON, 1.5"" (DN40), CLASS 600, ASTM A105, FF FACING, ASME B16.5",40171501,GEM-FLANGE-SO
CAN-000775,FLANGE_SLIP_ON,40.0,"1.5""",DN40,600,ASTM A182 F304,RF,ASME B16.5,"FLANGE, SLIP ON, 1.5"" (DN40), CLASS 600, ASTM A182 F304, RF FACING, ASME B16.5",40171501,GEM-FLANGE-SO
CAN-000776,FLANGE_SLIP_ON,40.0,"1.5""",DN40,600,ASTM A182 F304,FF,ASME B16.5,"FLANGE, SLIP ON, 1.5"" (DN40), CLASS 600, ASTM A182 F304, FF FACING, ASME B16.5",40171501,GEM-FLANGE-SO
CAN-000777,FLANGE_SLIP_ON,40.0,"1.5""",DN40,600,ASTM A182 F316,RF,ASME B16.5,"FLANGE, SLIP ON, 1.5"" (DN40), CLASS 600, ASTM A182 F316, RF FACING, ASME B16.5",40171501,GEM-FLANGE-SO
CAN-000778,FLANGE_SLIP_ON,40.0,"1.5""",DN40,600,ASTM A182 F316,FF,ASME B16.5,"FLANGE, SLIP ON, 1.5"" (DN40), CLASS 600, ASTM A182 F316, FF FACING, ASME B16.5",40171501,GEM-FLANGE-SO
CAN-000779,FLANGE_SLIP_ON,40.0,"1.5""",DN40,900,ASTM A105,RF,ASME B16.5,"FLANGE, SLIP ON, 1.5"" (DN40), CLASS 900, ASTM A105, RF FACING, ASME B16.5",40171501,GEM-FLANGE-SO
CAN-000780,FLANGE_SLIP_ON,40.0,"1.5""",DN40,900,ASTM A105,FF,ASME B16.5,"FLANGE, SLIP ON, 1.5"" (DN40), CLASS 900, ASTM A105, FF FACING, ASME B16.5",40171501,GEM-FLANGE-SO
CAN-000781,FLANGE_SLIP_ON,40.0,"1.5""",DN40,900,ASTM A182 F304,RF,ASME B16.5,"FLANGE, SLIP ON, 1.5"" (DN40), CLASS 900, ASTM A182 F304, RF FACING, ASME B16.5",40171501,GEM-FLANGE-SO
CAN-000782,FLANGE_SLIP_ON,40.0,"1.5""",DN40,900,ASTM A182 F304,FF,ASME B16.5,"FLANGE, SLIP ON, 1.5"" (DN40), CLASS 900, ASTM A182 F304, FF FACING, ASME B16.5",40171501,GEM-FLANGE-SO
CAN-000783,FLANGE_SLIP_ON,40.0,"1.5""",DN40,900,ASTM A182 F316,RF,ASME B16.5,"FLANGE, SLIP ON, 1.5"" (DN40), CLASS 900, ASTM A182 F316, RF FACING, ASME B16.5",40171501,GEM-FLANGE-SO
CAN-000784,FLANGE_SLIP_ON,40.0,"1.5""",DN40,900,ASTM A182 F316,FF,ASME B16.5,"FLANGE, SLIP ON, 1.5"" (DN40), CLASS 900, ASTM A182 F316, FF FACING, ASME B16.5",40171501,GEM-FLANGE-SO
CAN-000785,FLANGE_SLIP_ON,40.0,"1.5""",DN40,1500,ASTM A105,RF,ASME B16.5,"FLANGE, SLIP ON, 1.5"" (DN40), CLASS 1500, ASTM A105, RF FACING, ASME B16.5",40171501,GEM-FLANGE-SO
CAN-000786,FLANGE_SLIP_ON,40.0,"1.5""",DN40,1500,ASTM A105,FF,ASME B16.5,"FLANGE, SLIP ON, 1.5"" (DN40), CLASS 1500, ASTM A105, FF FACING, ASME B16.5",40171501,GEM-FLANGE-SO
CAN-000787,FLANGE_SLIP_ON,40.0,"1.5""",DN40,1500,ASTM A182 F304,RF,ASME B16.5,"FLANGE, SLIP ON, 1.5"" (DN40), CLASS 1500, ASTM A182 F304, RF FACING, ASME B16.5",40171501,GEM-FLANGE-SO
CAN-000788,FLANGE_SLIP_ON,40.0,"1.5""",DN40,1500,ASTM A182 F304,FF,ASME B16.5,"FLANGE, SLIP ON, 1.5"" (DN40), CLASS 1500, ASTM A182 F304, FF FACING, ASME B16.5",40171501,GEM-FLANGE-SO
CAN-000789,FLANGE_SLIP_ON,40.0,"1.5""",DN40,1500,ASTM A182 F316,RF,ASME B16.5,"FLANGE, SLIP ON, 1.5"" (DN40), CLASS 1500, ASTM A182 F316, RF FACING, ASME B16.5",40171501,GEM-FLANGE-SO
CAN-000790,FLANGE_SLIP_ON,40.0,"1.5""",DN40,1500,ASTM A182 F316,FF,ASME B16.5,"FLANGE, SLIP ON, 1.5"" (DN40), CLASS 1500, ASTM A182 F316, FF FACING, ASME B16.5",40171501,GEM-FLANGE-SO
CAN-000791,FLANGE_SLIP_ON,50.0,"2""",DN50,150,ASTM A105,RF,ASME B16.5,"FLANGE, SLIP ON, 2"" (DN50), CLASS 150, ASTM A105, RF FACING, ASME B16.5",40171501,GEM-FLANGE-SO
CAN-000792,FLANGE_SLIP_ON,50.0,"2""",DN50,150,ASTM A105,FF,ASME B16.5,"FLANGE, SLIP ON, 2"" (DN50), CLASS 150, ASTM A105, FF FACING, ASME B16.5",40171501,GEM-FLANGE-SO
CAN-000793,FLANGE_SLIP_ON,50.0,"2""",DN50,150,ASTM A182 F304,RF,ASME B16.5,"FLANGE, SLIP ON, 2"" (DN50), CLASS 150, ASTM A182 F304, RF FACING, ASME B16.5",40171501,GEM-FLANGE-SO
CAN-000794,FLANGE_SLIP_ON,50.0,"2""",DN50,150,ASTM A182 F304,FF,ASME B16.5,"FLANGE, SLIP ON, 2"" (DN50), CLASS 150, ASTM A182 F304, FF FACING, ASME B16.5",40171501,GEM-FLANGE-SO
CAN-000795,FLANGE_SLIP_ON,50.0,"2""",DN50,150,ASTM A182 F316,RF,ASME B16.5,"FLANGE, SLIP ON, 2"" (DN50), CLASS 150, ASTM A182 F316, RF FACING, ASME B16.5",40171501,GEM-FLANGE-SO
CAN-000796,FLANGE_SLIP_ON,50.0,"2""",DN50,150,ASTM A182 F316,FF,ASME B16.5,"FLANGE, SLIP ON, 2"" (DN50), CLASS 150, ASTM A182 F316, FF FACING, ASME B16.5",40171501,GEM-FLANGE-SO
CAN-000797,FLANGE_SLIP_ON,50.0,"2""",DN50,300,ASTM A105,RF,ASME B16.5,"FLANGE, SLIP ON, 2"" (DN50), CLASS 300, ASTM A105, RF FACING, ASME B16.5",40171501,GEM-FLANGE-SO
CAN-000798,FLANGE_SLIP_ON,50.0,"2""",DN50,300,ASTM A105,FF,ASME B16.5,"FLANGE, SLIP ON, 2"" (DN50), CLASS 300, ASTM A105, FF FACING, ASME B16.5",40171501,GEM-FLANGE-SO
CAN-000799,FLANGE_SLIP_ON,50.0,"2""",DN50,300,ASTM A182 F304,RF,ASME B16.5,"FLANGE, SLIP ON, 2"" (DN50), CLASS 300, ASTM A182 F304, RF FACING, ASME B16.5",40171501,GEM-FLANGE-SO
CAN-000800,FLANGE_SLIP_ON,50.0,"2""",DN50,300,ASTM A182 F304,FF,ASME B16.5,"FLANGE, SLIP ON, 2"" (DN50), CLASS 300, ASTM A182 F304, FF FACING, ASME B16.5",40171501,GEM-FLANGE-SO
CAN-000801,FLANGE_SLIP_ON,50.0,"2""",DN50,300,ASTM A182 F316,RF,ASME B16.5,"FLANGE, SLIP ON, 2"" (DN50), CLASS 300, ASTM A182 F316, RF FACING, ASME B16.5",40171501,GEM-FLANGE-SO
CAN-000802,FLANGE_SLIP_ON,50.0,"2""",DN50,300,ASTM A182 F316,FF,ASME B16.5,"FLANGE, SLIP ON, 2"" (DN50), CLASS 300, ASTM A182 F316, FF FACING, ASME B16.5",40171501,GEM-FLANGE-SO
CAN-000803,FLANGE_SLIP_ON,50.0,"2""",DN50,600,ASTM A105,RF,ASME B16.5,"FLANGE, SLIP ON, 2"" (DN50), CLASS 600, ASTM A105, RF FACING, ASME B16.5",40171501,GEM-FLANGE-SO
CAN-000804,FLANGE_SLIP_ON,50.0,"2""",DN50,600,ASTM A105,FF,ASME B16.5,"FLANGE, SLIP ON, 2"" (DN50), CLASS 600, ASTM A105, FF FACING, ASME B16.5",40171501,GEM-FLANGE-SO
CAN-000805,FLANGE_SLIP_ON,50.0,"2""",DN50,600,ASTM A182 F304,RF,ASME B16.5,"FLANGE, SLIP ON, 2"" (DN50), CLASS 600, ASTM A182 F304, RF FACING, ASME B16.5",40171501,GEM-FLANGE-SO
CAN-000806,FLANGE_SLIP_ON,50.0,"2""",DN50,600,ASTM A182 F304,FF,ASME B16.5,"FLANGE, SLIP ON, 2"" (DN50), CLASS 600, ASTM A182 F304, FF FACING, ASME B16.5",40171501,GEM-FLANGE-SO
CAN-000807,FLANGE_SLIP_ON,50.0,"2""",DN50,600,ASTM A182 F316,RF,ASME B16.5,"FLANGE, SLIP ON, 2"" (DN50), CLASS 600, ASTM A182 F316, RF FACING, ASME B16.5",40171501,GEM-FLANGE-SO
CAN-000808,FLANGE_SLIP_ON,50.0,"2""",DN50,600,ASTM A182 F316,FF,ASME B16.5,"FLANGE, SLIP ON, 2"" (DN50), CLASS 600, ASTM A182 F316, FF FACING, ASME B16.5",40171501,GEM-FLANGE-SO
CAN-000809,FLANGE_SLIP_ON,50.0,"2""",DN50,900,ASTM A105,RF,ASME B16.5,"FLANGE, SLIP ON, 2"" (DN50), CLASS 900, ASTM A105, RF FACING, ASME B16.5",40171501,GEM-FLANGE-SO
CAN-000810,FLANGE_SLIP_ON,50.0,"2""",DN50,900,ASTM A105,FF,ASME B16.5,"FLANGE, SLIP ON, 2"" (DN50), CLASS 900, ASTM A105, FF FACING, ASME B16.5",40171501,GEM-FLANGE-SO
CAN-000811,FLANGE_SLIP_ON,50.0,"2""",DN50,900,ASTM A182 F304,RF,ASME B16.5,"FLANGE, SLIP ON, 2"" (DN50), CLASS 900, ASTM A182 F304, RF FACING, ASME B16.5",40171501,GEM-FLANGE-SO
CAN-000812,FLANGE_SLIP_ON,50.0,"2""",DN50,900,ASTM A182 F304,FF,ASME B16.5,"FLANGE, SLIP ON, 2"" (DN50), CLASS 900, ASTM A182 F304, FF FACING, ASME B16.5",40171501,GEM-FLANGE-SO
CAN-000813,FLANGE_SLIP_ON,50.0,"2""",DN50,900,ASTM A182 F316,RF,ASME B16.5,"FLANGE, SLIP ON, 2"" (DN50), CLASS 900, ASTM A182 F316, RF FACING, ASME B16.5",40171501,GEM-FLANGE-SO
CAN-000814,FLANGE_SLIP_ON,50.0,"2""",DN50,900,ASTM A182 F316,FF,ASME B16.5,"FLANGE, SLIP ON, 2"" (DN50), CLASS 900, ASTM A182 F316, FF FACING, ASME B16.5",40171501,GEM-FLANGE-SO
CAN-000815,FLANGE_SLIP_ON,50.0,"2""",DN50,1500,ASTM A105,RF,ASME B16.5,"FLANGE, SLIP ON, 2"" (DN50), CLASS 1500, ASTM A105, RF FACING, ASME B16.5",40171501,GEM-FLANGE-SO
CAN-000816,FLANGE_SLIP_ON,50.0,"2""",DN50,1500,ASTM A105,FF,ASME B16.5,"FLANGE, SLIP ON, 2"" (DN50), CLASS 1500, ASTM A105, FF FACING, ASME B16.5",40171501,GEM-FLANGE-SO
CAN-000817,FLANGE_SLIP_ON,50.0,"2""",DN50,1500,ASTM A182 F304,RF,ASME B16.5,"FLANGE, SLIP ON, 2"" (DN50), CLASS 1500, ASTM A182 F304, RF FACING, ASME B16.5",40171501,GEM-FLANGE-SO
CAN-000818,FLANGE_SLIP_ON,50.0,"2""",DN50,1500,ASTM A182 F304,FF,ASME B16.5,"FLANGE, SLIP ON, 2"" (DN50), CLASS 1500, ASTM A182 F304, FF FACING, ASME B16.5",40171501,GEM-FLANGE-SO
CAN-000819,FLANGE_SLIP_ON,50.0,"2""",DN50,1500,ASTM A182 F316,RF,ASME B16.5,"FLANGE, SLIP ON, 2"" (DN50), CLASS 1500, ASTM A182 F316, RF FACING, ASME B16.5",40171501,GEM-FLANGE-SO
CAN-000820,FLANGE_SLIP_ON,50.0,"2""",DN50,1500,ASTM A182 F316,FF,ASME B16.5,"FLANGE, SLIP ON, 2"" (DN50), CLASS 1500, ASTM A182 F316, FF FACING, ASME B16.5",40171501,GEM-FLANGE-SO
CAN-000821,FLANGE_SLIP_ON,80.0,"3""",DN80,150,ASTM A105,RF,ASME B16.5,"FLANGE, SLIP ON, 3"" (DN80), CLASS 150, ASTM A105, RF FACING, ASME B16.5",40171501,GEM-FLANGE-SO
CAN-000822,FLANGE_SLIP_ON,80.0,"3""",DN80,150,ASTM A105,FF,ASME B16.5,"FLANGE, SLIP ON, 3"" (DN80), CLASS 150, ASTM A105, FF FACING, ASME B16.5",40171501,GEM-FLANGE-SO
CAN-000823,FLANGE_SLIP_ON,80.0,"3""",DN80,150,ASTM A182 F304,RF,ASME B16.5,"FLANGE, SLIP ON, 3"" (DN80), CLASS 150, ASTM A182 F304, RF FACING, ASME B16.5",40171501,GEM-FLANGE-SO
CAN-000824,FLANGE_SLIP_ON,80.0,"3""",DN80,150,ASTM A182 F304,FF,ASME B16.5,"FLANGE, SLIP ON, 3"" (DN80), CLASS 150, ASTM A182 F304, FF FACING, ASME B16.5",40171501,GEM-FLANGE-SO
CAN-000825,FLANGE_SLIP_ON,80.0,"3""",DN80,150,ASTM A182 F316,RF,ASME B16.5,"FLANGE, SLIP ON, 3"" (DN80), CLASS 150, ASTM A182 F316, RF FACING, ASME B16.5",40171501,GEM-FLANGE-SO
CAN-000826,FLANGE_SLIP_ON,80.0,"3""",DN80,150,ASTM A182 F316,FF,ASME B16.5,"FLANGE, SLIP ON, 3"" (DN80), CLASS 150, ASTM A182 F316, FF FACING, ASME B16.5",40171501,GEM-FLANGE-SO
CAN-000827,FLANGE_SLIP_ON,80.0,"3""",DN80,300,ASTM A105,RF,ASME B16.5,"FLANGE, SLIP ON, 3"" (DN80), CLASS 300, ASTM A105, RF FACING, ASME B16.5",40171501,GEM-FLANGE-SO
CAN-000828,FLANGE_SLIP_ON,80.0,"3""",DN80,300,ASTM A105,FF,ASME B16.5,"FLANGE, SLIP ON, 3"" (DN80), CLASS 300, ASTM A105, FF FACING, ASME B16.5",40171501,GEM-FLANGE-SO
CAN-000829,FLANGE_SLIP_ON,80.0,"3""",DN80,300,ASTM A182 F304,RF,ASME B16.5,"FLANGE, SLIP ON, 3"" (DN80), CLASS 300, ASTM A182 F304, RF FACING, ASME B16.5",40171501,GEM-FLANGE-SO
CAN-000830,FLANGE_SLIP_ON,80.0,"3""",DN80,300,ASTM A182 F304,FF,ASME B16.5,"FLANGE, SLIP ON, 3"" (DN80), CLASS 300, ASTM A182 F304, FF FACING, ASME B16.5",40171501,GEM-FLANGE-SO
CAN-000831,FLANGE_SLIP_ON,80.0,"3""",DN80,300,ASTM A182 F316,RF,ASME B16.5,"FLANGE, SLIP ON, 3"" (DN80), CLASS 300, ASTM A182 F316, RF FACING, ASME B16.5",40171501,GEM-FLANGE-SO
CAN-000832,FLANGE_SLIP_ON,80.0,"3""",DN80,300,ASTM A182 F316,FF,ASME B16.5,"FLANGE, SLIP ON, 3"" (DN80), CLASS 300, ASTM A182 F316, FF FACING, ASME B16.5",40171501,GEM-FLANGE-SO
CAN-000833,FLANGE_SLIP_ON,80.0,"3""",DN80,600,ASTM A105,RF,ASME B16.5,"FLANGE, SLIP ON, 3"" (DN80), CLASS 600, ASTM A105, RF FACING, ASME B16.5",40171501,GEM-FLANGE-SO
CAN-000834,FLANGE_SLIP_ON,80.0,"3""",DN80,600,ASTM A105,FF,ASME B16.5,"FLANGE, SLIP ON, 3"" (DN80), CLASS 600, ASTM A105, FF FACING, ASME B16.5",40171501,GEM-FLANGE-SO
CAN-000835,FLANGE_SLIP_ON,80.0,"3""",DN80,600,ASTM A182 F304,RF,ASME B16.5,"FLANGE, SLIP ON, 3"" (DN80), CLASS 600, ASTM A182 F304, RF FACING, ASME B16.5",40171501,GEM-FLANGE-SO
CAN-000836,FLANGE_SLIP_ON,80.0,"3""",DN80,600,ASTM A182 F304,FF,ASME B16.5,"FLANGE, SLIP ON, 3"" (DN80), CLASS 600, ASTM A182 F304, FF FACING, ASME B16.5",40171501,GEM-FLANGE-SO
CAN-000837,FLANGE_SLIP_ON,80.0,"3""",DN80,600,ASTM A182 F316,RF,ASME B16.5,"FLANGE, SLIP ON, 3"" (DN80), CLASS 600, ASTM A182 F316, RF FACING, ASME B16.5",40171501,GEM-FLANGE-SO
CAN-000838,FLANGE_SLIP_ON,80.0,"3""",DN80,600,ASTM A182 F316,FF,ASME B16.5,"FLANGE, SLIP ON, 3"" (DN80), CLASS 600, ASTM A182 F316, FF FACING, ASME B16.5",40171501,GEM-FLANGE-SO
CAN-000839,FLANGE_SLIP_ON,80.0,"3""",DN80,900,ASTM A105,RF,ASME B16.5,"FLANGE, SLIP ON, 3"" (DN80), CLASS 900, ASTM A105, RF FACING, ASME B16.5",40171501,GEM-FLANGE-SO
CAN-000840,FLANGE_SLIP_ON,80.0,"3""",DN80,900,ASTM A105,FF,ASME B16.5,"FLANGE, SLIP ON, 3"" (DN80), CLASS 900, ASTM A105, FF FACING, ASME B16.5",40171501,GEM-FLANGE-SO
CAN-000841,FLANGE_SLIP_ON,80.0,"3""",DN80,900,ASTM A182 F304,RF,ASME B16.5,"FLANGE, SLIP ON, 3"" (DN80), CLASS 900, ASTM A182 F304, RF FACING, ASME B16.5",40171501,GEM-FLANGE-SO
CAN-000842,FLANGE_SLIP_ON,80.0,"3""",DN80,900,ASTM A182 F304,FF,ASME B16.5,"FLANGE, SLIP ON, 3"" (DN80), CLASS 900, ASTM A182 F304, FF FACING, ASME B16.5",40171501,GEM-FLANGE-SO
CAN-000843,FLANGE_SLIP_ON,80.0,"3""",DN80,900,ASTM A182 F316,RF,ASME B16.5,"FLANGE, SLIP ON, 3"" (DN80), CLASS 900, ASTM A182 F316, RF FACING, ASME B16.5",40171501,GEM-FLANGE-SO
CAN-000844,FLANGE_SLIP_ON,80.0,"3""",DN80,900,ASTM A182 F316,FF,ASME B16.5,"FLANGE, SLIP ON, 3"" (DN80), CLASS 900, ASTM A182 F316, FF FACING, ASME B16.5",40171501,GEM-FLANGE-SO
CAN-000845,FLANGE_SLIP_ON,80.0,"3""",DN80,1500,ASTM A105,RF,ASME B16.5,"FLANGE, SLIP ON, 3"" (DN80), CLASS 1500, ASTM A105, RF FACING, ASME B16.5",40171501,GEM-FLANGE-SO
CAN-000846,FLANGE_SLIP_ON,80.0,"3""",DN80,1500,ASTM A105,FF,ASME B16.5,"FLANGE, SLIP ON, 3"" (DN80), CLASS 1500, ASTM A105, FF FACING, ASME B16.5",40171501,GEM-FLANGE-SO
CAN-000847,FLANGE_SLIP_ON,80.0,"3""",DN80,1500,ASTM A182 F304,RF,ASME B16.5,"FLANGE, SLIP ON, 3"" (DN80), CLASS 1500, ASTM A182 F304, RF FACING, ASME B16.5",40171501,GEM-FLANGE-SO
CAN-000848,FLANGE_SLIP_ON,80.0,"3""",DN80,1500,ASTM A182 F304,FF,ASME B16.5,"FLANGE, SLIP ON, 3"" (DN80), CLASS 1500, ASTM A182 F304, FF FACING, ASME B16.5",40171501,GEM-FLANGE-SO
CAN-000849,FLANGE_SLIP_ON,80.0,"3""",DN80,1500,ASTM A182 F316,RF,ASME B16.5,"FLANGE, SLIP ON, 3"" (DN80), CLASS 1500, ASTM A182 F316, RF FACING, ASME B16.5",40171501,GEM-FLANGE-SO
CAN-000850,FLANGE_SLIP_ON,80.0,"3""",DN80,1500,ASTM A182 F316,FF,ASME B16.5,"FLANGE, SLIP ON, 3"" (DN80), CLASS 1500, ASTM A182 F316, FF FACING, ASME B16.5",40171501,GEM-FLANGE-SO
CAN-000851,FLANGE_SLIP_ON,100.0,"4""",DN100,150,ASTM A105,RF,ASME B16.5,"FLANGE, SLIP ON, 4"" (DN100), CLASS 150, ASTM A105, RF FACING, ASME B16.5",40171501,GEM-FLANGE-SO
CAN-000852,FLANGE_SLIP_ON,100.0,"4""",DN100,150,ASTM A105,FF,ASME B16.5,"FLANGE, SLIP ON, 4"" (DN100), CLASS 150, ASTM A105, FF FACING, ASME B16.5",40171501,GEM-FLANGE-SO
CAN-000853,FLANGE_SLIP_ON,100.0,"4""",DN100,150,ASTM A182 F304,RF,ASME B16.5,"FLANGE, SLIP ON, 4"" (DN100), CLASS 150, ASTM A182 F304, RF FACING, ASME B16.5",40171501,GEM-FLANGE-SO
CAN-000854,FLANGE_SLIP_ON,100.0,"4""",DN100,150,ASTM A182 F304,FF,ASME B16.5,"FLANGE, SLIP ON, 4"" (DN100), CLASS 150, ASTM A182 F304, FF FACING, ASME B16.5",40171501,GEM-FLANGE-SO
CAN-000855,FLANGE_SLIP_ON,100.0,"4""",DN100,150,ASTM A182 F316,RF,ASME B16.5,"FLANGE, SLIP ON, 4"" (DN100), CLASS 150, ASTM A182 F316, RF FACING, ASME B16.5",40171501,GEM-FLANGE-SO
CAN-000856,FLANGE_SLIP_ON,100.0,"4""",DN100,150,ASTM A182 F316,FF,ASME B16.5,"FLANGE, SLIP ON, 4"" (DN100), CLASS 150, ASTM A182 F316, FF FACING, ASME B16.5",40171501,GEM-FLANGE-SO
CAN-000857,FLANGE_SLIP_ON,100.0,"4""",DN100,300,ASTM A105,RF,ASME B16.5,"FLANGE, SLIP ON, 4"" (DN100), CLASS 300, ASTM A105, RF FACING, ASME B16.5",40171501,GEM-FLANGE-SO
CAN-000858,FLANGE_SLIP_ON,100.0,"4""",DN100,300,ASTM A105,FF,ASME B16.5,"FLANGE, SLIP ON, 4"" (DN100), CLASS 300, ASTM A105, FF FACING, ASME B16.5",40171501,GEM-FLANGE-SO
CAN-000859,FLANGE_SLIP_ON,100.0,"4""",DN100,300,ASTM A182 F304,RF,ASME B16.5,"FLANGE, SLIP ON, 4"" (DN100), CLASS 300, ASTM A182 F304, RF FACING, ASME B16.5",40171501,GEM-FLANGE-SO
CAN-000860,FLANGE_SLIP_ON,100.0,"4""",DN100,300,ASTM A182 F304,FF,ASME B16.5,"FLANGE, SLIP ON, 4"" (DN100), CLASS 300, ASTM A182 F304, FF FACING, ASME B16.5",40171501,GEM-FLANGE-SO
CAN-000861,FLANGE_SLIP_ON,100.0,"4""",DN100,300,ASTM A182 F316,RF,ASME B16.5,"FLANGE, SLIP ON, 4"" (DN100), CLASS 300, ASTM A182 F316, RF FACING, ASME B16.5",40171501,GEM-FLANGE-SO
CAN-000862,FLANGE_SLIP_ON,100.0,"4""",DN100,300,ASTM A182 F316,FF,ASME B16.5,"FLANGE, SLIP ON, 4"" (DN100), CLASS 300, ASTM A182 F316, FF FACING, ASME B16.5",40171501,GEM-FLANGE-SO
CAN-000863,FLANGE_SLIP_ON,100.0,"4""",DN100,600,ASTM A105,RF,ASME B16.5,"FLANGE, SLIP ON, 4"" (DN100), CLASS 600, ASTM A105, RF FACING, ASME B16.5",40171501,GEM-FLANGE-SO
CAN-000864,FLANGE_SLIP_ON,100.0,"4""",DN100,600,ASTM A105,FF,ASME B16.5,"FLANGE, SLIP ON, 4"" (DN100), CLASS 600, ASTM A105, FF FACING, ASME B16.5",40171501,GEM-FLANGE-SO
CAN-000865,FLANGE_SLIP_ON,100.0,"4""",DN100,600,ASTM A182 F304,RF,ASME B16.5,"FLANGE, SLIP ON, 4"" (DN100), CLASS 600, ASTM A182 F304, RF FACING, ASME B16.5",40171501,GEM-FLANGE-SO
CAN-000866,FLANGE_SLIP_ON,100.0,"4""",DN100,600,ASTM A182 F304,FF,ASME B16.5,"FLANGE, SLIP ON, 4"" (DN100), CLASS 600, ASTM A182 F304, FF FACING, ASME B16.5",40171501,GEM-FLANGE-SO
CAN-000867,FLANGE_SLIP_ON,100.0,"4""",DN100,600,ASTM A182 F316,RF,ASME B16.5,"FLANGE, SLIP ON, 4"" (DN100), CLASS 600, ASTM A182 F316, RF FACING, ASME B16.5",40171501,GEM-FLANGE-SO
CAN-000868,FLANGE_SLIP_ON,100.0,"4""",DN100,600,ASTM A182 F316,FF,ASME B16.5,"FLANGE, SLIP ON, 4"" (DN100), CLASS 600, ASTM A182 F316, FF FACING, ASME B16.5",40171501,GEM-FLANGE-SO
CAN-000869,FLANGE_SLIP_ON,100.0,"4""",DN100,900,ASTM A105,RF,ASME B16.5,"FLANGE, SLIP ON, 4"" (DN100), CLASS 900, ASTM A105, RF FACING, ASME B16.5",40171501,GEM-FLANGE-SO
CAN-000870,FLANGE_SLIP_ON,100.0,"4""",DN100,900,ASTM A105,FF,ASME B16.5,"FLANGE, SLIP ON, 4"" (DN100), CLASS 900, ASTM A105, FF FACING, ASME B16.5",40171501,GEM-FLANGE-SO
CAN-000871,FLANGE_SLIP_ON,100.0,"4""",DN100,900,ASTM A182 F304,RF,ASME B16.5,"FLANGE, SLIP ON, 4"" (DN100), CLASS 900, ASTM A182 F304, RF FACING, ASME B16.5",40171501,GEM-FLANGE-SO
CAN-000872,FLANGE_SLIP_ON,100.0,"4""",DN100,900,ASTM A182 F304,FF,ASME B16.5,"FLANGE, SLIP ON, 4"" (DN100), CLASS 900, ASTM A182 F304, FF FACING, ASME B16.5",40171501,GEM-FLANGE-SO
CAN-000873,FLANGE_SLIP_ON,100.0,"4""",DN100,900,ASTM A182 F316,RF,ASME B16.5,"FLANGE, SLIP ON, 4"" (DN100), CLASS 900, ASTM A182 F316, RF FACING, ASME B16.5",40171501,GEM-FLANGE-SO
CAN-000874,FLANGE_SLIP_ON,100.0,"4""",DN100,900,ASTM A182 F316,FF,ASME B16.5,"FLANGE, SLIP ON, 4"" (DN100), CLASS 900, ASTM A182 F316, FF FACING, ASME B16.5",40171501,GEM-FLANGE-SO
CAN-000875,FLANGE_SLIP_ON,100.0,"4""",DN100,1500,ASTM A105,RF,ASME B16.5,"FLANGE, SLIP ON, 4"" (DN100), CLASS 1500, ASTM A105, RF FACING, ASME B16.5",40171501,GEM-FLANGE-SO
CAN-000876,FLANGE_SLIP_ON,100.0,"4""",DN100,1500,ASTM A105,FF,ASME B16.5,"FLANGE, SLIP ON, 4"" (DN100), CLASS 1500, ASTM A105, FF FACING, ASME B16.5",40171501,GEM-FLANGE-SO
CAN-000877,FLANGE_SLIP_ON,100.0,"4""",DN100,1500,ASTM A182 F304,RF,ASME B16.5,"FLANGE, SLIP ON, 4"" (DN100), CLASS 1500, ASTM A182 F304, RF FACING, ASME B16.5",40171501,GEM-FLANGE-SO
CAN-000878,FLANGE_SLIP_ON,100.0,"4""",DN100,1500,ASTM A182 F304,FF,ASME B16.5,"FLANGE, SLIP ON, 4"" (DN100), CLASS 1500, ASTM A182 F304, FF FACING, ASME B16.5",40171501,GEM-FLANGE-SO
CAN-000879,FLANGE_SLIP_ON,100.0,"4""",DN100,1500,ASTM A182 F316,RF,ASME B16.5,"FLANGE, SLIP ON, 4"" (DN100), CLASS 1500, ASTM A182 F316, RF FACING, ASME B16.5",40171501,GEM-FLANGE-SO
CAN-000880,FLANGE_SLIP_ON,100.0,"4""",DN100,1500,ASTM A182 F316,FF,ASME B16.5,"FLANGE, SLIP ON, 4"" (DN100), CLASS 1500, ASTM A182 F316, FF FACING, ASME B16.5",40171501,GEM-FLANGE-SO
CAN-000881,FLANGE_SLIP_ON,150.0,"6""",DN150,150,ASTM A105,RF,ASME B16.5,"FLANGE, SLIP ON, 6"" (DN150), CLASS 150, ASTM A105, RF FACING, ASME B16.5",40171501,GEM-FLANGE-SO
CAN-000882,FLANGE_SLIP_ON,150.0,"6""",DN150,150,ASTM A105,FF,ASME B16.5,"FLANGE, SLIP ON, 6"" (DN150), CLASS 150, ASTM A105, FF FACING, ASME B16.5",40171501,GEM-FLANGE-SO
CAN-000883,FLANGE_SLIP_ON,150.0,"6""",DN150,150,ASTM A182 F304,RF,ASME B16.5,"FLANGE, SLIP ON, 6"" (DN150), CLASS 150, ASTM A182 F304, RF FACING, ASME B16.5",40171501,GEM-FLANGE-SO
CAN-000884,FLANGE_SLIP_ON,150.0,"6""",DN150,150,ASTM A182 F304,FF,ASME B16.5,"FLANGE, SLIP ON, 6"" (DN150), CLASS 150, ASTM A182 F304, FF FACING, ASME B16.5",40171501,GEM-FLANGE-SO
CAN-000885,FLANGE_SLIP_ON,150.0,"6""",DN150,150,ASTM A182 F316,RF,ASME B16.5,"FLANGE, SLIP ON, 6"" (DN150), CLASS 150, ASTM A182 F316, RF FACING, ASME B16.5",40171501,GEM-FLANGE-SO
CAN-000886,FLANGE_SLIP_ON,150.0,"6""",DN150,150,ASTM A182 F316,FF,ASME B16.5,"FLANGE, SLIP ON, 6"" (DN150), CLASS 150, ASTM A182 F316, FF FACING, ASME B16.5",40171501,GEM-FLANGE-SO
CAN-000887,FLANGE_SLIP_ON,150.0,"6""",DN150,300,ASTM A105,RF,ASME B16.5,"FLANGE, SLIP ON, 6"" (DN150), CLASS 300, ASTM A105, RF FACING, ASME B16.5",40171501,GEM-FLANGE-SO
CAN-000888,FLANGE_SLIP_ON,150.0,"6""",DN150,300,ASTM A105,FF,ASME B16.5,"FLANGE, SLIP ON, 6"" (DN150), CLASS 300, ASTM A105, FF FACING, ASME B16.5",40171501,GEM-FLANGE-SO
CAN-000889,FLANGE_SLIP_ON,150.0,"6""",DN150,300,ASTM A182 F304,RF,ASME B16.5,"FLANGE, SLIP ON, 6"" (DN150), CLASS 300, ASTM A182 F304, RF FACING, ASME B16.5",40171501,GEM-FLANGE-SO
CAN-000890,FLANGE_SLIP_ON,150.0,"6""",DN150,300,ASTM A182 F304,FF,ASME B16.5,"FLANGE, SLIP ON, 6"" (DN150), CLASS 300, ASTM A182 F304, FF FACING, ASME B16.5",40171501,GEM-FLANGE-SO
CAN-000891,FLANGE_SLIP_ON,150.0,"6""",DN150,300,ASTM A182 F316,RF,ASME B16.5,"FLANGE, SLIP ON, 6"" (DN150), CLASS 300, ASTM A182 F316, RF FACING, ASME B16.5",40171501,GEM-FLANGE-SO
CAN-000892,FLANGE_SLIP_ON,150.0,"6""",DN150,300,ASTM A182 F316,FF,ASME B16.5,"FLANGE, SLIP ON, 6"" (DN150), CLASS 300, ASTM A182 F316, FF FACING, ASME B16.5",40171501,GEM-FLANGE-SO
CAN-000893,FLANGE_SLIP_ON,150.0,"6""",DN150,600,ASTM A105,RF,ASME B16.5,"FLANGE, SLIP ON, 6"" (DN150), CLASS 600, ASTM A105, RF FACING, ASME B16.5",40171501,GEM-FLANGE-SO
CAN-000894,FLANGE_SLIP_ON,150.0,"6""",DN150,600,ASTM A105,FF,ASME B16.5,"FLANGE, SLIP ON, 6"" (DN150), CLASS 600, ASTM A105, FF FACING, ASME B16.5",40171501,GEM-FLANGE-SO
CAN-000895,FLANGE_SLIP_ON,150.0,"6""",DN150,600,ASTM A182 F304,RF,ASME B16.5,"FLANGE, SLIP ON, 6"" (DN150), CLASS 600, ASTM A182 F304, RF FACING, ASME B16.5",40171501,GEM-FLANGE-SO
CAN-000896,FLANGE_SLIP_ON,150.0,"6""",DN150,600,ASTM A182 F304,FF,ASME B16.5,"FLANGE, SLIP ON, 6"" (DN150), CLASS 600, ASTM A182 F304, FF FACING, ASME B16.5",40171501,GEM-FLANGE-SO
CAN-000897,FLANGE_SLIP_ON,150.0,"6""",DN150,600,ASTM A182 F316,RF,ASME B16.5,"FLANGE, SLIP ON, 6"" (DN150), CLASS 600, ASTM A182 F316, RF FACING, ASME B16.5",40171501,GEM-FLANGE-SO
CAN-000898,FLANGE_SLIP_ON,150.0,"6""",DN150,600,ASTM A182 F316,FF,ASME B16.5,"FLANGE, SLIP ON, 6"" (DN150), CLASS 600, ASTM A182 F316, FF FACING, ASME B16.5",40171501,GEM-FLANGE-SO
CAN-000899,FLANGE_SLIP_ON,150.0,"6""",DN150,900,ASTM A105,RF,ASME B16.5,"FLANGE, SLIP ON, 6"" (DN150), CLASS 900, ASTM A105, RF FACING, ASME B16.5",40171501,GEM-FLANGE-SO
CAN-000900,FLANGE_SLIP_ON,150.0,"6""",DN150,900,ASTM A105,FF,ASME B16.5,"FLANGE, SLIP ON, 6"" (DN150), CLASS 900, ASTM A105, FF FACING, ASME B16.5",40171501,GEM-FLANGE-SO
CAN-000901,FLANGE_SLIP_ON,150.0,"6""",DN150,900,ASTM A182 F304,RF,ASME B16.5,"FLANGE, SLIP ON, 6"" (DN150), CLASS 900, ASTM A182 F304, RF FACING, ASME B16.5",40171501,GEM-FLANGE-SO
CAN-000902,FLANGE_SLIP_ON,150.0,"6""",DN150,900,ASTM A182 F304,FF,ASME B16.5,"FLANGE, SLIP ON, 6"" (DN150), CLASS 900, ASTM A182 F304, FF FACING, ASME B16.5",40171501,GEM-FLANGE-SO
CAN-000903,FLANGE_SLIP_ON,150.0,"6""",DN150,900,ASTM A182 F316,RF,ASME B16.5,"FLANGE, SLIP ON, 6"" (DN150), CLASS 900, ASTM A182 F316, RF FACING, ASME B16.5",40171501,GEM-FLANGE-SO
CAN-000904,FLANGE_SLIP_ON,150.0,"6""",DN150,900,ASTM A182 F316,FF,ASME B16.5,"FLANGE, SLIP ON, 6"" (DN150), CLASS 900, ASTM A182 F316, FF FACING, ASME B16.5",40171501,GEM-FLANGE-SO
CAN-000905,FLANGE_SLIP_ON,150.0,"6""",DN150,1500,ASTM A105,RF,ASME B16.5,"FLANGE, SLIP ON, 6"" (DN150), CLASS 1500, ASTM A105, RF FACING, ASME B16.5",40171501,GEM-FLANGE-SO
CAN-000906,FLANGE_SLIP_ON,150.0,"6""",DN150,1500,ASTM A105,FF,ASME B16.5,"FLANGE, SLIP ON, 6"" (DN150), CLASS 1500, ASTM A105, FF FACING, ASME B16.5",40171501,GEM-FLANGE-SO
CAN-000907,FLANGE_SLIP_ON,150.0,"6""",DN150,1500,ASTM A182 F304,RF,ASME B16.5,"FLANGE, SLIP ON, 6"" (DN150), CLASS 1500, ASTM A182 F304, RF FACING, ASME B16.5",40171501,GEM-FLANGE-SO
CAN-000908,FLANGE_SLIP_ON,150.0,"6""",DN150,1500,ASTM A182 F304,FF,ASME B16.5,"FLANGE, SLIP ON, 6"" (DN150), CLASS 1500, ASTM A182 F304, FF FACING, ASME B16.5",40171501,GEM-FLANGE-SO
CAN-000909,FLANGE_SLIP_ON,150.0,"6""",DN150,1500,ASTM A182 F316,RF,ASME B16.5,"FLANGE, SLIP ON, 6"" (DN150), CLASS 1500, ASTM A182 F316, RF FACING, ASME B16.5",40171501,GEM-FLANGE-SO
CAN-000910,FLANGE_SLIP_ON,150.0,"6""",DN150,1500,ASTM A182 F316,FF,ASME B16.5,"FLANGE, SLIP ON, 6"" (DN150), CLASS 1500, ASTM A182 F316, FF FACING, ASME B16.5",40171501,GEM-FLANGE-SO
CAN-000911,FLANGE_SLIP_ON,200.0,"8""",DN200,150,ASTM A105,RF,ASME B16.5,"FLANGE, SLIP ON, 8"" (DN200), CLASS 150, ASTM A105, RF FACING, ASME B16.5",40171501,GEM-FLANGE-SO
CAN-000912,FLANGE_SLIP_ON,200.0,"8""",DN200,150,ASTM A105,FF,ASME B16.5,"FLANGE, SLIP ON, 8"" (DN200), CLASS 150, ASTM A105, FF FACING, ASME B16.5",40171501,GEM-FLANGE-SO
CAN-000913,FLANGE_SLIP_ON,200.0,"8""",DN200,150,ASTM A182 F304,RF,ASME B16.5,"FLANGE, SLIP ON, 8"" (DN200), CLASS 150, ASTM A182 F304, RF FACING, ASME B16.5",40171501,GEM-FLANGE-SO
CAN-000914,FLANGE_SLIP_ON,200.0,"8""",DN200,150,ASTM A182 F304,FF,ASME B16.5,"FLANGE, SLIP ON, 8"" (DN200), CLASS 150, ASTM A182 F304, FF FACING, ASME B16.5",40171501,GEM-FLANGE-SO
CAN-000915,FLANGE_SLIP_ON,200.0,"8""",DN200,150,ASTM A182 F316,RF,ASME B16.5,"FLANGE, SLIP ON, 8"" (DN200), CLASS 150, ASTM A182 F316, RF FACING, ASME B16.5",40171501,GEM-FLANGE-SO
CAN-000916,FLANGE_SLIP_ON,200.0,"8""",DN200,150,ASTM A182 F316,FF,ASME B16.5,"FLANGE, SLIP ON, 8"" (DN200), CLASS 150, ASTM A182 F316, FF FACING, ASME B16.5",40171501,GEM-FLANGE-SO
CAN-000917,FLANGE_SLIP_ON,200.0,"8""",DN200,300,ASTM A105,RF,ASME B16.5,"FLANGE, SLIP ON, 8"" (DN200), CLASS 300, ASTM A105, RF FACING, ASME B16.5",40171501,GEM-FLANGE-SO
CAN-000918,FLANGE_SLIP_ON,200.0,"8""",DN200,300,ASTM A105,FF,ASME B16.5,"FLANGE, SLIP ON, 8"" (DN200), CLASS 300, ASTM A105, FF FACING, ASME B16.5",40171501,GEM-FLANGE-SO
CAN-000919,FLANGE_SLIP_ON,200.0,"8""",DN200,300,ASTM A182 F304,RF,ASME B16.5,"FLANGE, SLIP ON, 8"" (DN200), CLASS 300, ASTM A182 F304, RF FACING, ASME B16.5",40171501,GEM-FLANGE-SO
CAN-000920,FLANGE_SLIP_ON,200.0,"8""",DN200,300,ASTM A182 F304,FF,ASME B16.5,"FLANGE, SLIP ON, 8"" (DN200), CLASS 300, ASTM A182 F304, FF FACING, ASME B16.5",40171501,GEM-FLANGE-SO
CAN-000921,FLANGE_SLIP_ON,200.0,"8""",DN200,300,ASTM A182 F316,RF,ASME B16.5,"FLANGE, SLIP ON, 8"" (DN200), CLASS 300, ASTM A182 F316, RF FACING, ASME B16.5",40171501,GEM-FLANGE-SO
CAN-000922,FLANGE_SLIP_ON,200.0,"8""",DN200,300,ASTM A182 F316,FF,ASME B16.5,"FLANGE, SLIP ON, 8"" (DN200), CLASS 300, ASTM A182 F316, FF FACING, ASME B16.5",40171501,GEM-FLANGE-SO
CAN-000923,FLANGE_SLIP_ON,200.0,"8""",DN200,600,ASTM A105,RF,ASME B16.5,"FLANGE, SLIP ON, 8"" (DN200), CLASS 600, ASTM A105, RF FACING, ASME B16.5",40171501,GEM-FLANGE-SO
CAN-000924,FLANGE_SLIP_ON,200.0,"8""",DN200,600,ASTM A105,FF,ASME B16.5,"FLANGE, SLIP ON, 8"" (DN200), CLASS 600, ASTM A105, FF FACING, ASME B16.5",40171501,GEM-FLANGE-SO
CAN-000925,FLANGE_SLIP_ON,200.0,"8""",DN200,600,ASTM A182 F304,RF,ASME B16.5,"FLANGE, SLIP ON, 8"" (DN200), CLASS 600, ASTM A182 F304, RF FACING, ASME B16.5",40171501,GEM-FLANGE-SO
CAN-000926,FLANGE_SLIP_ON,200.0,"8""",DN200,600,ASTM A182 F304,FF,ASME B16.5,"FLANGE, SLIP ON, 8"" (DN200), CLASS 600, ASTM A182 F304, FF FACING, ASME B16.5",40171501,GEM-FLANGE-SO
CAN-000927,FLANGE_SLIP_ON,200.0,"8""",DN200,600,ASTM A182 F316,RF,ASME B16.5,"FLANGE, SLIP ON, 8"" (DN200), CLASS 600, ASTM A182 F316, RF FACING, ASME B16.5",40171501,GEM-FLANGE-SO
CAN-000928,FLANGE_SLIP_ON,200.0,"8""",DN200,600,ASTM A182 F316,FF,ASME B16.5,"FLANGE, SLIP ON, 8"" (DN200), CLASS 600, ASTM A182 F316, FF FACING, ASME B16.5",40171501,GEM-FLANGE-SO
CAN-000929,FLANGE_SLIP_ON,200.0,"8""",DN200,900,ASTM A105,RF,ASME B16.5,"FLANGE, SLIP ON, 8"" (DN200), CLASS 900, ASTM A105, RF FACING, ASME B16.5",40171501,GEM-FLANGE-SO
CAN-000930,FLANGE_SLIP_ON,200.0,"8""",DN200,900,ASTM A105,FF,ASME B16.5,"FLANGE, SLIP ON, 8"" (DN200), CLASS 900, ASTM A105, FF FACING, ASME B16.5",40171501,GEM-FLANGE-SO
CAN-000931,FLANGE_SLIP_ON,200.0,"8""",DN200,900,ASTM A182 F304,RF,ASME B16.5,"FLANGE, SLIP ON, 8"" (DN200), CLASS 900, ASTM A182 F304, RF FACING, ASME B16.5",40171501,GEM-FLANGE-SO
CAN-000932,FLANGE_SLIP_ON,200.0,"8""",DN200,900,ASTM A182 F304,FF,ASME B16.5,"FLANGE, SLIP ON, 8"" (DN200), CLASS 900, ASTM A182 F304, FF FACING, ASME B16.5",40171501,GEM-FLANGE-SO
CAN-000933,FLANGE_SLIP_ON,200.0,"8""",DN200,900,ASTM A182 F316,RF,ASME B16.5,"FLANGE, SLIP ON, 8"" (DN200), CLASS 900, ASTM A182 F316, RF FACING, ASME B16.5",40171501,GEM-FLANGE-SO
CAN-000934,FLANGE_SLIP_ON,200.0,"8""",DN200,900,ASTM A182 F316,FF,ASME B16.5,"FLANGE, SLIP ON, 8"" (DN200), CLASS 900, ASTM A182 F316, FF FACING, ASME B16.5",40171501,GEM-FLANGE-SO
CAN-000935,FLANGE_SLIP_ON,200.0,"8""",DN200,1500,ASTM A105,RF,ASME B16.5,"FLANGE, SLIP ON, 8"" (DN200), CLASS 1500, ASTM A105, RF FACING, ASME B16.5",40171501,GEM-FLANGE-SO
CAN-000936,FLANGE_SLIP_ON,200.0,"8""",DN200,1500,ASTM A105,FF,ASME B16.5,"FLANGE, SLIP ON, 8"" (DN200), CLASS 1500, ASTM A105, FF FACING, ASME B16.5",40171501,GEM-FLANGE-SO
CAN-000937,FLANGE_SLIP_ON,200.0,"8""",DN200,1500,ASTM A182 F304,RF,ASME B16.5,"FLANGE, SLIP ON, 8"" (DN200), CLASS 1500, ASTM A182 F304, RF FACING, ASME B16.5",40171501,GEM-FLANGE-SO
CAN-000938,FLANGE_SLIP_ON,200.0,"8""",DN200,1500,ASTM A182 F304,FF,ASME B16.5,"FLANGE, SLIP ON, 8"" (DN200), CLASS 1500, ASTM A182 F304, FF FACING, ASME B16.5",40171501,GEM-FLANGE-SO
CAN-000939,FLANGE_SLIP_ON,200.0,"8""",DN200,1500,ASTM A182 F316,RF,ASME B16.5,"FLANGE, SLIP ON, 8"" (DN200), CLASS 1500, ASTM A182 F316, RF FACING, ASME B16.5",40171501,GEM-FLANGE-SO
CAN-000940,FLANGE_SLIP_ON,200.0,"8""",DN200,1500,ASTM A182 F316,FF,ASME B16.5,"FLANGE, SLIP ON, 8"" (DN200), CLASS 1500, ASTM A182 F316, FF FACING, ASME B16.5",40171501,GEM-FLANGE-SO
CAN-000941,FLANGE_SLIP_ON,250.0,"10""",DN250,150,ASTM A105,RF,ASME B16.5,"FLANGE, SLIP ON, 10"" (DN250), CLASS 150, ASTM A105, RF FACING, ASME B16.5",40171501,GEM-FLANGE-SO
CAN-000942,FLANGE_SLIP_ON,250.0,"10""",DN250,150,ASTM A105,FF,ASME B16.5,"FLANGE, SLIP ON, 10"" (DN250), CLASS 150, ASTM A105, FF FACING, ASME B16.5",40171501,GEM-FLANGE-SO
CAN-000943,FLANGE_SLIP_ON,250.0,"10""",DN250,150,ASTM A182 F304,RF,ASME B16.5,"FLANGE, SLIP ON, 10"" (DN250), CLASS 150, ASTM A182 F304, RF FACING, ASME B16.5",40171501,GEM-FLANGE-SO
CAN-000944,FLANGE_SLIP_ON,250.0,"10""",DN250,150,ASTM A182 F304,FF,ASME B16.5,"FLANGE, SLIP ON, 10"" (DN250), CLASS 150, ASTM A182 F304, FF FACING, ASME B16.5",40171501,GEM-FLANGE-SO
CAN-000945,FLANGE_SLIP_ON,250.0,"10""",DN250,150,ASTM A182 F316,RF,ASME B16.5,"FLANGE, SLIP ON, 10"" (DN250), CLASS 150, ASTM A182 F316, RF FACING, ASME B16.5",40171501,GEM-FLANGE-SO
CAN-000946,FLANGE_SLIP_ON,250.0,"10""",DN250,150,ASTM A182 F316,FF,ASME B16.5,"FLANGE, SLIP ON, 10"" (DN250), CLASS 150, ASTM A182 F316, FF FACING, ASME B16.5",40171501,GEM-FLANGE-SO
CAN-000947,FLANGE_SLIP_ON,250.0,"10""",DN250,300,ASTM A105,RF,ASME B16.5,"FLANGE, SLIP ON, 10"" (DN250), CLASS 300, ASTM A105, RF FACING, ASME B16.5",40171501,GEM-FLANGE-SO
CAN-000948,FLANGE_SLIP_ON,250.0,"10""",DN250,300,ASTM A105,FF,ASME B16.5,"FLANGE, SLIP ON, 10"" (DN250), CLASS 300, ASTM A105, FF FACING, ASME B16.5",40171501,GEM-FLANGE-SO
CAN-000949,FLANGE_SLIP_ON,250.0,"10""",DN250,300,ASTM A182 F304,RF,ASME B16.5,"FLANGE, SLIP ON, 10"" (DN250), CLASS 300, ASTM A182 F304, RF FACING, ASME B16.5",40171501,GEM-FLANGE-SO
CAN-000950,FLANGE_SLIP_ON,250.0,"10""",DN250,300,ASTM A182 F304,FF,ASME B16.5,"FLANGE, SLIP ON, 10"" (DN250), CLASS 300, ASTM A182 F304, FF FACING, ASME B16.5",40171501,GEM-FLANGE-SO
CAN-000951,FLANGE_SLIP_ON,250.0,"10""",DN250,300,ASTM A182 F316,RF,ASME B16.5,"FLANGE, SLIP ON, 10"" (DN250), CLASS 300, ASTM A182 F316, RF FACING, ASME B16.5",40171501,GEM-FLANGE-SO
CAN-000952,FLANGE_SLIP_ON,250.0,"10""",DN250,300,ASTM A182 F316,FF,ASME B16.5,"FLANGE, SLIP ON, 10"" (DN250), CLASS 300, ASTM A182 F316, FF FACING, ASME B16.5",40171501,GEM-FLANGE-SO
CAN-000953,FLANGE_SLIP_ON,250.0,"10""",DN250,600,ASTM A105,RF,ASME B16.5,"FLANGE, SLIP ON, 10"" (DN250), CLASS 600, ASTM A105, RF FACING, ASME B16.5",40171501,GEM-FLANGE-SO
CAN-000954,FLANGE_SLIP_ON,250.0,"10""",DN250,600,ASTM A105,FF,ASME B16.5,"FLANGE, SLIP ON, 10"" (DN250), CLASS 600, ASTM A105, FF FACING, ASME B16.5",40171501,GEM-FLANGE-SO
CAN-000955,FLANGE_SLIP_ON,250.0,"10""",DN250,600,ASTM A182 F304,RF,ASME B16.5,"FLANGE, SLIP ON, 10"" (DN250), CLASS 600, ASTM A182 F304, RF FACING, ASME B16.5",40171501,GEM-FLANGE-SO
CAN-000956,FLANGE_SLIP_ON,250.0,"10""",DN250,600,ASTM A182 F304,FF,ASME B16.5,"FLANGE, SLIP ON, 10"" (DN250), CLASS 600, ASTM A182 F304, FF FACING, ASME B16.5",40171501,GEM-FLANGE-SO
CAN-000957,FLANGE_SLIP_ON,250.0,"10""",DN250,600,ASTM A182 F316,RF,ASME B16.5,"FLANGE, SLIP ON, 10"" (DN250), CLASS 600, ASTM A182 F316, RF FACING, ASME B16.5",40171501,GEM-FLANGE-SO
CAN-000958,FLANGE_SLIP_ON,250.0,"10""",DN250,600,ASTM A182 F316,FF,ASME B16.5,"FLANGE, SLIP ON, 10"" (DN250), CLASS 600, ASTM A182 F316, FF FACING, ASME B16.5",40171501,GEM-FLANGE-SO
CAN-000959,FLANGE_SLIP_ON,250.0,"10""",DN250,900,ASTM A105,RF,ASME B16.5,"FLANGE, SLIP ON, 10"" (DN250), CLASS 900, ASTM A105, RF FACING, ASME B16.5",40171501,GEM-FLANGE-SO
CAN-000960,FLANGE_SLIP_ON,250.0,"10""",DN250,900,ASTM A105,FF,ASME B16.5,"FLANGE, SLIP ON, 10"" (DN250), CLASS 900, ASTM A105, FF FACING, ASME B16.5",40171501,GEM-FLANGE-SO
CAN-000961,FLANGE_SLIP_ON,250.0,"10""",DN250,900,ASTM A182 F304,RF,ASME B16.5,"FLANGE, SLIP ON, 10"" (DN250), CLASS 900, ASTM A182 F304, RF FACING, ASME B16.5",40171501,GEM-FLANGE-SO
CAN-000962,FLANGE_SLIP_ON,250.0,"10""",DN250,900,ASTM A182 F304,FF,ASME B16.5,"FLANGE, SLIP ON, 10"" (DN250), CLASS 900, ASTM A182 F304, FF FACING, ASME B16.5",40171501,GEM-FLANGE-SO
CAN-000963,FLANGE_SLIP_ON,250.0,"10""",DN250,900,ASTM A182 F316,RF,ASME B16.5,"FLANGE, SLIP ON, 10"" (DN250), CLASS 900, ASTM A182 F316, RF FACING, ASME B16.5",40171501,GEM-FLANGE-SO
CAN-000964,FLANGE_SLIP_ON,250.0,"10""",DN250,900,ASTM A182 F316,FF,ASME B16.5,"FLANGE, SLIP ON, 10"" (DN250), CLASS 900, ASTM A182 F316, FF FACING, ASME B16.5",40171501,GEM-FLANGE-SO
CAN-000965,FLANGE_SLIP_ON,250.0,"10""",DN250,1500,ASTM A105,RF,ASME B16.5,"FLANGE, SLIP ON, 10"" (DN250), CLASS 1500, ASTM A105, RF FACING, ASME B16.5",40171501,GEM-FLANGE-SO
CAN-000966,FLANGE_SLIP_ON,250.0,"10""",DN250,1500,ASTM A105,FF,ASME B16.5,"FLANGE, SLIP ON, 10"" (DN250), CLASS 1500, ASTM A105, FF FACING, ASME B16.5",40171501,GEM-FLANGE-SO
CAN-000967,FLANGE_SLIP_ON,250.0,"10""",DN250,1500,ASTM A182 F304,RF,ASME B16.5,"FLANGE, SLIP ON, 10"" (DN250), CLASS 1500, ASTM A182 F304, RF FACING, ASME B16.5",40171501,GEM-FLANGE-SO
CAN-000968,FLANGE_SLIP_ON,250.0,"10""",DN250,1500,ASTM A182 F304,FF,ASME B16.5,"FLANGE, SLIP ON, 10"" (DN250), CLASS 1500, ASTM A182 F304, FF FACING, ASME B16.5",40171501,GEM-FLANGE-SO
CAN-000969,FLANGE_SLIP_ON,250.0,"10""",DN250,1500,ASTM A182 F316,RF,ASME B16.5,"FLANGE, SLIP ON, 10"" (DN250), CLASS 1500, ASTM A182 F316, RF FACING, ASME B16.5",40171501,GEM-FLANGE-SO
CAN-000970,FLANGE_SLIP_ON,250.0,"10""",DN250,1500,ASTM A182 F316,FF,ASME B16.5,"FLANGE, SLIP ON, 10"" (DN250), CLASS 1500, ASTM A182 F316, FF FACING, ASME B16.5",40171501,GEM-FLANGE-SO
CAN-000971,FLANGE_SLIP_ON,300.0,"12""",DN300,150,ASTM A105,RF,ASME B16.5,"FLANGE, SLIP ON, 12"" (DN300), CLASS 150, ASTM A105, RF FACING, ASME B16.5",40171501,GEM-FLANGE-SO
CAN-000972,FLANGE_SLIP_ON,300.0,"12""",DN300,150,ASTM A105,FF,ASME B16.5,"FLANGE, SLIP ON, 12"" (DN300), CLASS 150, ASTM A105, FF FACING, ASME B16.5",40171501,GEM-FLANGE-SO
CAN-000973,FLANGE_SLIP_ON,300.0,"12""",DN300,150,ASTM A182 F304,RF,ASME B16.5,"FLANGE, SLIP ON, 12"" (DN300), CLASS 150, ASTM A182 F304, RF FACING, ASME B16.5",40171501,GEM-FLANGE-SO
CAN-000974,FLANGE_SLIP_ON,300.0,"12""",DN300,150,ASTM A182 F304,FF,ASME B16.5,"FLANGE, SLIP ON, 12"" (DN300), CLASS 150, ASTM A182 F304, FF FACING, ASME B16.5",40171501,GEM-FLANGE-SO
CAN-000975,FLANGE_SLIP_ON,300.0,"12""",DN300,150,ASTM A182 F316,RF,ASME B16.5,"FLANGE, SLIP ON, 12"" (DN300), CLASS 150, ASTM A182 F316, RF FACING, ASME B16.5",40171501,GEM-FLANGE-SO
CAN-000976,FLANGE_SLIP_ON,300.0,"12""",DN300,150,ASTM A182 F316,FF,ASME B16.5,"FLANGE, SLIP ON, 12"" (DN300), CLASS 150, ASTM A182 F316, FF FACING, ASME B16.5",40171501,GEM-FLANGE-SO
CAN-000977,FLANGE_SLIP_ON,300.0,"12""",DN300,300,ASTM A105,RF,ASME B16.5,"FLANGE, SLIP ON, 12"" (DN300), CLASS 300, ASTM A105, RF FACING, ASME B16.5",40171501,GEM-FLANGE-SO
CAN-000978,FLANGE_SLIP_ON,300.0,"12""",DN300,300,ASTM A105,FF,ASME B16.5,"FLANGE, SLIP ON, 12"" (DN300), CLASS 300, ASTM A105, FF FACING, ASME B16.5",40171501,GEM-FLANGE-SO
CAN-000979,FLANGE_SLIP_ON,300.0,"12""",DN300,300,ASTM A182 F304,RF,ASME B16.5,"FLANGE, SLIP ON, 12"" (DN300), CLASS 300, ASTM A182 F304, RF FACING, ASME B16.5",40171501,GEM-FLANGE-SO
CAN-000980,FLANGE_SLIP_ON,300.0,"12""",DN300,300,ASTM A182 F304,FF,ASME B16.5,"FLANGE, SLIP ON, 12"" (DN300), CLASS 300, ASTM A182 F304, FF FACING, ASME B16.5",40171501,GEM-FLANGE-SO
CAN-000981,FLANGE_SLIP_ON,300.0,"12""",DN300,300,ASTM A182 F316,RF,ASME B16.5,"FLANGE, SLIP ON, 12"" (DN300), CLASS 300, ASTM A182 F316, RF FACING, ASME B16.5",40171501,GEM-FLANGE-SO
CAN-000982,FLANGE_SLIP_ON,300.0,"12""",DN300,300,ASTM A182 F316,FF,ASME B16.5,"FLANGE, SLIP ON, 12"" (DN300), CLASS 300, ASTM A182 F316, FF FACING, ASME B16.5",40171501,GEM-FLANGE-SO
CAN-000983,FLANGE_SLIP_ON,300.0,"12""",DN300,600,ASTM A105,RF,ASME B16.5,"FLANGE, SLIP ON, 12"" (DN300), CLASS 600, ASTM A105, RF FACING, ASME B16.5",40171501,GEM-FLANGE-SO
CAN-000984,FLANGE_SLIP_ON,300.0,"12""",DN300,600,ASTM A105,FF,ASME B16.5,"FLANGE, SLIP ON, 12"" (DN300), CLASS 600, ASTM A105, FF FACING, ASME B16.5",40171501,GEM-FLANGE-SO
CAN-000985,FLANGE_SLIP_ON,300.0,"12""",DN300,600,ASTM A182 F304,RF,ASME B16.5,"FLANGE, SLIP ON, 12"" (DN300), CLASS 600, ASTM A182 F304, RF FACING, ASME B16.5",40171501,GEM-FLANGE-SO
CAN-000986,FLANGE_SLIP_ON,300.0,"12""",DN300,600,ASTM A182 F304,FF,ASME B16.5,"FLANGE, SLIP ON, 12"" (DN300), CLASS 600, ASTM A182 F304, FF FACING, ASME B16.5",40171501,GEM-FLANGE-SO
CAN-000987,FLANGE_SLIP_ON,300.0,"12""",DN300,600,ASTM A182 F316,RF,ASME B16.5,"FLANGE, SLIP ON, 12"" (DN300), CLASS 600, ASTM A182 F316, RF FACING, ASME B16.5",40171501,GEM-FLANGE-SO
CAN-000988,FLANGE_SLIP_ON,300.0,"12""",DN300,600,ASTM A182 F316,FF,ASME B16.5,"FLANGE, SLIP ON, 12"" (DN300), CLASS 600, ASTM A182 F316, FF FACING, ASME B16.5",40171501,GEM-FLANGE-SO
CAN-000989,FLANGE_SLIP_ON,300.0,"12""",DN300,900,ASTM A105,RF,ASME B16.5,"FLANGE, SLIP ON, 12"" (DN300), CLASS 900, ASTM A105, RF FACING, ASME B16.5",40171501,GEM-FLANGE-SO
CAN-000990,FLANGE_SLIP_ON,300.0,"12""",DN300,900,ASTM A105,FF,ASME B16.5,"FLANGE, SLIP ON, 12"" (DN300), CLASS 900, ASTM A105, FF FACING, ASME B16.5",40171501,GEM-FLANGE-SO
CAN-000991,FLANGE_SLIP_ON,300.0,"12""",DN300,900,ASTM A182 F304,RF,ASME B16.5,"FLANGE, SLIP ON, 12"" (DN300), CLASS 900, ASTM A182 F304, RF FACING, ASME B16.5",40171501,GEM-FLANGE-SO
CAN-000992,FLANGE_SLIP_ON,300.0,"12""",DN300,900,ASTM A182 F304,FF,ASME B16.5,"FLANGE, SLIP ON, 12"" (DN300), CLASS 900, ASTM A182 F304, FF FACING, ASME B16.5",40171501,GEM-FLANGE-SO
CAN-000993,FLANGE_SLIP_ON,300.0,"12""",DN300,900,ASTM A182 F316,RF,ASME B16.5,"FLANGE, SLIP ON, 12"" (DN300), CLASS 900, ASTM A182 F316, RF FACING, ASME B16.5",40171501,GEM-FLANGE-SO
CAN-000994,FLANGE_SLIP_ON,300.0,"12""",DN300,900,ASTM A182 F316,FF,ASME B16.5,"FLANGE, SLIP ON, 12"" (DN300), CLASS 900, ASTM A182 F316, FF FACING, ASME B16.5",40171501,GEM-FLANGE-SO
CAN-000995,FLANGE_SLIP_ON,300.0,"12""",DN300,1500,ASTM A105,RF,ASME B16.5,"FLANGE, SLIP ON, 12"" (DN300), CLASS 1500, ASTM A105, RF FACING, ASME B16.5",40171501,GEM-FLANGE-SO
CAN-000996,FLANGE_SLIP_ON,300.0,"12""",DN300,1500,ASTM A105,FF,ASME B16.5,"FLANGE, SLIP ON, 12"" (DN300), CLASS 1500, ASTM A105, FF FACING, ASME B16.5",40171501,GEM-FLANGE-SO
CAN-000997,FLANGE_SLIP_ON,300.0,"12""",DN300,1500,ASTM A182 F304,RF,ASME B16.5,"FLANGE, SLIP ON, 12"" (DN300), CLASS 1500, ASTM A182 F304, RF FACING, ASME B16.5",40171501,GEM-FLANGE-SO
CAN-000998,FLANGE_SLIP_ON,300.0,"12""",DN300,1500,ASTM A182 F304,FF,ASME B16.5,"FLANGE, SLIP ON, 12"" (DN300), CLASS 1500, ASTM A182 F304, FF FACING, ASME B16.5",40171501,GEM-FLANGE-SO
CAN-000999,FLANGE_SLIP_ON,300.0,"12""",DN300,1500,ASTM A182 F316,RF,ASME B16.5,"FLANGE, SLIP ON, 12"" (DN300), CLASS 1500, ASTM A182 F316, RF FACING, ASME B16.5",40171501,GEM-FLANGE-SO
CAN-001000,FLANGE_SLIP_ON,300.0,"12""",DN300,1500,ASTM A182 F316,FF,ASME B16.5,"FLANGE, SLIP ON, 12"" (DN300), CLASS 1500, ASTM A182 F316, FF FACING, ASME B16.5",40171501,GEM-FLANGE-SO
CAN-001001,GATE_VALVE,15.0,"1/2""",DN15,150,ASTM A216 WCB,RF,API 600,"VALVE, GATE, 1/2"" (DN15), CLASS 150, ASTM A216 WCB, RF FACING, API 600",40141611,GEM-VALVE-GATE
CAN-001002,GATE_VALVE,15.0,"1/2""",DN15,150,ASTM A216 WCB,RF,API 6D,"VALVE, GATE, 1/2"" (DN15), CLASS 150, ASTM A216 WCB, RF FACING, API 6D",40141611,GEM-VALVE-GATE
CAN-001003,GATE_VALVE,15.0,"1/2""",DN15,150,ASTM A216 WCB,BW,API 600,"VALVE, GATE, 1/2"" (DN15), CLASS 150, ASTM A216 WCB, BW FACING, API 600",40141611,GEM-VALVE-GATE
CAN-001004,GATE_VALVE,15.0,"1/2""",DN15,150,ASTM A216 WCB,BW,API 6D,"VALVE, GATE, 1/2"" (DN15), CLASS 150, ASTM A216 WCB, BW FACING, API 6D",40141611,GEM-VALVE-GATE
CAN-001005,GATE_VALVE,15.0,"1/2""",DN15,150,ASTM A105,RF,API 600,"VALVE, GATE, 1/2"" (DN15), CLASS 150, ASTM A105, RF FACING, API 600",40141611,GEM-VALVE-GATE
CAN-001006,GATE_VALVE,15.0,"1/2""",DN15,150,ASTM A105,RF,API 6D,"VALVE, GATE, 1/2"" (DN15), CLASS 150, ASTM A105, RF FACING, API 6D",40141611,GEM-VALVE-GATE
CAN-001007,GATE_VALVE,15.0,"1/2""",DN15,150,ASTM A105,BW,API 600,"VALVE, GATE, 1/2"" (DN15), CLASS 150, ASTM A105, BW FACING, API 600",40141611,GEM-VALVE-GATE
CAN-001008,GATE_VALVE,15.0,"1/2""",DN15,150,ASTM A105,BW,API 6D,"VALVE, GATE, 1/2"" (DN15), CLASS 150, ASTM A105, BW FACING, API 6D",40141611,GEM-VALVE-GATE
CAN-001009,GATE_VALVE,15.0,"1/2""",DN15,150,ASTM A182 F316,RF,API 600,"VALVE, GATE, 1/2"" (DN15), CLASS 150, ASTM A182 F316, RF FACING, API 600",40141611,GEM-VALVE-GATE
CAN-001010,GATE_VALVE,15.0,"1/2""",DN15,150,ASTM A182 F316,RF,API 6D,"VALVE, GATE, 1/2"" (DN15), CLASS 150, ASTM A182 F316, RF FACING, API 6D",40141611,GEM-VALVE-GATE
CAN-001011,GATE_VALVE,15.0,"1/2""",DN15,150,ASTM A182 F316,BW,API 600,"VALVE, GATE, 1/2"" (DN15), CLASS 150, ASTM A182 F316, BW FACING, API 600",40141611,GEM-VALVE-GATE
CAN-001012,GATE_VALVE,15.0,"1/2""",DN15,150,ASTM A182 F316,BW,API 6D,"VALVE, GATE, 1/2"" (DN15), CLASS 150, ASTM A182 F316, BW FACING, API 6D",40141611,GEM-VALVE-GATE
CAN-001013,GATE_VALVE,15.0,"1/2""",DN15,300,ASTM A216 WCB,RF,API 600,"VALVE, GATE, 1/2"" (DN15), CLASS 300, ASTM A216 WCB, RF FACING, API 600",40141611,GEM-VALVE-GATE
CAN-001014,GATE_VALVE,15.0,"1/2""",DN15,300,ASTM A216 WCB,RF,API 6D,"VALVE, GATE, 1/2"" (DN15), CLASS 300, ASTM A216 WCB, RF FACING, API 6D",40141611,GEM-VALVE-GATE
CAN-001015,GATE_VALVE,15.0,"1/2""",DN15,300,ASTM A216 WCB,BW,API 600,"VALVE, GATE, 1/2"" (DN15), CLASS 300, ASTM A216 WCB, BW FACING, API 600",40141611,GEM-VALVE-GATE
CAN-001016,GATE_VALVE,15.0,"1/2""",DN15,300,ASTM A216 WCB,BW,API 6D,"VALVE, GATE, 1/2"" (DN15), CLASS 300, ASTM A216 WCB, BW FACING, API 6D",40141611,GEM-VALVE-GATE
CAN-001017,GATE_VALVE,15.0,"1/2""",DN15,300,ASTM A105,RF,API 600,"VALVE, GATE, 1/2"" (DN15), CLASS 300, ASTM A105, RF FACING, API 600",40141611,GEM-VALVE-GATE
CAN-001018,GATE_VALVE,15.0,"1/2""",DN15,300,ASTM A105,RF,API 6D,"VALVE, GATE, 1/2"" (DN15), CLASS 300, ASTM A105, RF FACING, API 6D",40141611,GEM-VALVE-GATE
CAN-001019,GATE_VALVE,15.0,"1/2""",DN15,300,ASTM A105,BW,API 600,"VALVE, GATE, 1/2"" (DN15), CLASS 300, ASTM A105, BW FACING, API 600",40141611,GEM-VALVE-GATE
CAN-001020,GATE_VALVE,15.0,"1/2""",DN15,300,ASTM A105,BW,API 6D,"VALVE, GATE, 1/2"" (DN15), CLASS 300, ASTM A105, BW FACING, API 6D",40141611,GEM-VALVE-GATE
CAN-001021,GATE_VALVE,15.0,"1/2""",DN15,300,ASTM A182 F316,RF,API 600,"VALVE, GATE, 1/2"" (DN15), CLASS 300, ASTM A182 F316, RF FACING, API 600",40141611,GEM-VALVE-GATE
CAN-001022,GATE_VALVE,15.0,"1/2""",DN15,300,ASTM A182 F316,RF,API 6D,"VALVE, GATE, 1/2"" (DN15), CLASS 300, ASTM A182 F316, RF FACING, API 6D",40141611,GEM-VALVE-GATE
CAN-001023,GATE_VALVE,15.0,"1/2""",DN15,300,ASTM A182 F316,BW,API 600,"VALVE, GATE, 1/2"" (DN15), CLASS 300, ASTM A182 F316, BW FACING, API 600",40141611,GEM-VALVE-GATE
CAN-001024,GATE_VALVE,15.0,"1/2""",DN15,300,ASTM A182 F316,BW,API 6D,"VALVE, GATE, 1/2"" (DN15), CLASS 300, ASTM A182 F316, BW FACING, API 6D",40141611,GEM-VALVE-GATE
CAN-001025,GATE_VALVE,15.0,"1/2""",DN15,600,ASTM A216 WCB,RF,API 600,"VALVE, GATE, 1/2"" (DN15), CLASS 600, ASTM A216 WCB, RF FACING, API 600",40141611,GEM-VALVE-GATE
CAN-001026,GATE_VALVE,15.0,"1/2""",DN15,600,ASTM A216 WCB,RF,API 6D,"VALVE, GATE, 1/2"" (DN15), CLASS 600, ASTM A216 WCB, RF FACING, API 6D",40141611,GEM-VALVE-GATE
CAN-001027,GATE_VALVE,15.0,"1/2""",DN15,600,ASTM A216 WCB,BW,API 600,"VALVE, GATE, 1/2"" (DN15), CLASS 600, ASTM A216 WCB, BW FACING, API 600",40141611,GEM-VALVE-GATE
CAN-001028,GATE_VALVE,15.0,"1/2""",DN15,600,ASTM A216 WCB,BW,API 6D,"VALVE, GATE, 1/2"" (DN15), CLASS 600, ASTM A216 WCB, BW FACING, API 6D",40141611,GEM-VALVE-GATE
CAN-001029,GATE_VALVE,15.0,"1/2""",DN15,600,ASTM A105,RF,API 600,"VALVE, GATE, 1/2"" (DN15), CLASS 600, ASTM A105, RF FACING, API 600",40141611,GEM-VALVE-GATE
CAN-001030,GATE_VALVE,15.0,"1/2""",DN15,600,ASTM A105,RF,API 6D,"VALVE, GATE, 1/2"" (DN15), CLASS 600, ASTM A105, RF FACING, API 6D",40141611,GEM-VALVE-GATE
CAN-001031,GATE_VALVE,15.0,"1/2""",DN15,600,ASTM A105,BW,API 600,"VALVE, GATE, 1/2"" (DN15), CLASS 600, ASTM A105, BW FACING, API 600",40141611,GEM-VALVE-GATE
CAN-001032,GATE_VALVE,15.0,"1/2""",DN15,600,ASTM A105,BW,API 6D,"VALVE, GATE, 1/2"" (DN15), CLASS 600, ASTM A105, BW FACING, API 6D",40141611,GEM-VALVE-GATE
CAN-001033,GATE_VALVE,15.0,"1/2""",DN15,600,ASTM A182 F316,RF,API 600,"VALVE, GATE, 1/2"" (DN15), CLASS 600, ASTM A182 F316, RF FACING, API 600",40141611,GEM-VALVE-GATE
CAN-001034,GATE_VALVE,15.0,"1/2""",DN15,600,ASTM A182 F316,RF,API 6D,"VALVE, GATE, 1/2"" (DN15), CLASS 600, ASTM A182 F316, RF FACING, API 6D",40141611,GEM-VALVE-GATE
CAN-001035,GATE_VALVE,15.0,"1/2""",DN15,600,ASTM A182 F316,BW,API 600,"VALVE, GATE, 1/2"" (DN15), CLASS 600, ASTM A182 F316, BW FACING, API 600",40141611,GEM-VALVE-GATE
CAN-001036,GATE_VALVE,15.0,"1/2""",DN15,600,ASTM A182 F316,BW,API 6D,"VALVE, GATE, 1/2"" (DN15), CLASS 600, ASTM A182 F316, BW FACING, API 6D",40141611,GEM-VALVE-GATE
CAN-001037,GATE_VALVE,15.0,"1/2""",DN15,900,ASTM A216 WCB,RF,API 600,"VALVE, GATE, 1/2"" (DN15), CLASS 900, ASTM A216 WCB, RF FACING, API 600",40141611,GEM-VALVE-GATE
CAN-001038,GATE_VALVE,15.0,"1/2""",DN15,900,ASTM A216 WCB,RF,API 6D,"VALVE, GATE, 1/2"" (DN15), CLASS 900, ASTM A216 WCB, RF FACING, API 6D",40141611,GEM-VALVE-GATE
CAN-001039,GATE_VALVE,15.0,"1/2""",DN15,900,ASTM A216 WCB,BW,API 600,"VALVE, GATE, 1/2"" (DN15), CLASS 900, ASTM A216 WCB, BW FACING, API 600",40141611,GEM-VALVE-GATE
CAN-001040,GATE_VALVE,15.0,"1/2""",DN15,900,ASTM A216 WCB,BW,API 6D,"VALVE, GATE, 1/2"" (DN15), CLASS 900, ASTM A216 WCB, BW FACING, API 6D",40141611,GEM-VALVE-GATE
CAN-001041,GATE_VALVE,15.0,"1/2""",DN15,900,ASTM A105,RF,API 600,"VALVE, GATE, 1/2"" (DN15), CLASS 900, ASTM A105, RF FACING, API 600",40141611,GEM-VALVE-GATE
CAN-001042,GATE_VALVE,15.0,"1/2""",DN15,900,ASTM A105,RF,API 6D,"VALVE, GATE, 1/2"" (DN15), CLASS 900, ASTM A105, RF FACING, API 6D",40141611,GEM-VALVE-GATE
CAN-001043,GATE_VALVE,15.0,"1/2""",DN15,900,ASTM A105,BW,API 600,"VALVE, GATE, 1/2"" (DN15), CLASS 900, ASTM A105, BW FACING, API 600",40141611,GEM-VALVE-GATE
CAN-001044,GATE_VALVE,15.0,"1/2""",DN15,900,ASTM A105,BW,API 6D,"VALVE, GATE, 1/2"" (DN15), CLASS 900, ASTM A105, BW FACING, API 6D",40141611,GEM-VALVE-GATE
CAN-001045,GATE_VALVE,15.0,"1/2""",DN15,900,ASTM A182 F316,RF,API 600,"VALVE, GATE, 1/2"" (DN15), CLASS 900, ASTM A182 F316, RF FACING, API 600",40141611,GEM-VALVE-GATE
CAN-001046,GATE_VALVE,15.0,"1/2""",DN15,900,ASTM A182 F316,RF,API 6D,"VALVE, GATE, 1/2"" (DN15), CLASS 900, ASTM A182 F316, RF FACING, API 6D",40141611,GEM-VALVE-GATE
CAN-001047,GATE_VALVE,15.0,"1/2""",DN15,900,ASTM A182 F316,BW,API 600,"VALVE, GATE, 1/2"" (DN15), CLASS 900, ASTM A182 F316, BW FACING, API 600",40141611,GEM-VALVE-GATE
CAN-001048,GATE_VALVE,15.0,"1/2""",DN15,900,ASTM A182 F316,BW,API 6D,"VALVE, GATE, 1/2"" (DN15), CLASS 900, ASTM A182 F316, BW FACING, API 6D",40141611,GEM-VALVE-GATE
CAN-001049,GATE_VALVE,15.0,"1/2""",DN15,1500,ASTM A216 WCB,RF,API 600,"VALVE, GATE, 1/2"" (DN15), CLASS 1500, ASTM A216 WCB, RF FACING, API 600",40141611,GEM-VALVE-GATE
CAN-001050,GATE_VALVE,15.0,"1/2""",DN15,1500,ASTM A216 WCB,RF,API 6D,"VALVE, GATE, 1/2"" (DN15), CLASS 1500, ASTM A216 WCB, RF FACING, API 6D",40141611,GEM-VALVE-GATE
CAN-001051,GATE_VALVE,15.0,"1/2""",DN15,1500,ASTM A216 WCB,BW,API 600,"VALVE, GATE, 1/2"" (DN15), CLASS 1500, ASTM A216 WCB, BW FACING, API 600",40141611,GEM-VALVE-GATE
CAN-001052,GATE_VALVE,15.0,"1/2""",DN15,1500,ASTM A216 WCB,BW,API 6D,"VALVE, GATE, 1/2"" (DN15), CLASS 1500, ASTM A216 WCB, BW FACING, API 6D",40141611,GEM-VALVE-GATE
CAN-001053,GATE_VALVE,15.0,"1/2""",DN15,1500,ASTM A105,RF,API 600,"VALVE, GATE, 1/2"" (DN15), CLASS 1500, ASTM A105, RF FACING, API 600",40141611,GEM-VALVE-GATE
CAN-001054,GATE_VALVE,15.0,"1/2""",DN15,1500,ASTM A105,RF,API 6D,"VALVE, GATE, 1/2"" (DN15), CLASS 1500, ASTM A105, RF FACING, API 6D",40141611,GEM-VALVE-GATE
CAN-001055,GATE_VALVE,15.0,"1/2""",DN15,1500,ASTM A105,BW,API 600,"VALVE, GATE, 1/2"" (DN15), CLASS 1500, ASTM A105, BW FACING, API 600",40141611,GEM-VALVE-GATE
CAN-001056,GATE_VALVE,15.0,"1/2""",DN15,1500,ASTM A105,BW,API 6D,"VALVE, GATE, 1/2"" (DN15), CLASS 1500, ASTM A105, BW FACING, API 6D",40141611,GEM-VALVE-GATE
CAN-001057,GATE_VALVE,15.0,"1/2""",DN15,1500,ASTM A182 F316,RF,API 600,"VALVE, GATE, 1/2"" (DN15), CLASS 1500, ASTM A182 F316, RF FACING, API 600",40141611,GEM-VALVE-GATE
CAN-001058,GATE_VALVE,15.0,"1/2""",DN15,1500,ASTM A182 F316,RF,API 6D,"VALVE, GATE, 1/2"" (DN15), CLASS 1500, ASTM A182 F316, RF FACING, API 6D",40141611,GEM-VALVE-GATE
CAN-001059,GATE_VALVE,15.0,"1/2""",DN15,1500,ASTM A182 F316,BW,API 600,"VALVE, GATE, 1/2"" (DN15), CLASS 1500, ASTM A182 F316, BW FACING, API 600",40141611,GEM-VALVE-GATE
CAN-001060,GATE_VALVE,15.0,"1/2""",DN15,1500,ASTM A182 F316,BW,API 6D,"VALVE, GATE, 1/2"" (DN15), CLASS 1500, ASTM A182 F316, BW FACING, API 6D",40141611,GEM-VALVE-GATE
CAN-001061,GATE_VALVE,25.0,"1""",DN25,150,ASTM A216 WCB,RF,API 600,"VALVE, GATE, 1"" (DN25), CLASS 150, ASTM A216 WCB, RF FACING, API 600",40141611,GEM-VALVE-GATE
CAN-001062,GATE_VALVE,25.0,"1""",DN25,150,ASTM A216 WCB,RF,API 6D,"VALVE, GATE, 1"" (DN25), CLASS 150, ASTM A216 WCB, RF FACING, API 6D",40141611,GEM-VALVE-GATE
CAN-001063,GATE_VALVE,25.0,"1""",DN25,150,ASTM A216 WCB,BW,API 600,"VALVE, GATE, 1"" (DN25), CLASS 150, ASTM A216 WCB, BW FACING, API 600",40141611,GEM-VALVE-GATE
CAN-001064,GATE_VALVE,25.0,"1""",DN25,150,ASTM A216 WCB,BW,API 6D,"VALVE, GATE, 1"" (DN25), CLASS 150, ASTM A216 WCB, BW FACING, API 6D",40141611,GEM-VALVE-GATE
CAN-001065,GATE_VALVE,25.0,"1""",DN25,150,ASTM A105,RF,API 600,"VALVE, GATE, 1"" (DN25), CLASS 150, ASTM A105, RF FACING, API 600",40141611,GEM-VALVE-GATE
CAN-001066,GATE_VALVE,25.0,"1""",DN25,150,ASTM A105,RF,API 6D,"VALVE, GATE, 1"" (DN25), CLASS 150, ASTM A105, RF FACING, API 6D",40141611,GEM-VALVE-GATE
CAN-001067,GATE_VALVE,25.0,"1""",DN25,150,ASTM A105,BW,API 600,"VALVE, GATE, 1"" (DN25), CLASS 150, ASTM A105, BW FACING, API 600",40141611,GEM-VALVE-GATE
CAN-001068,GATE_VALVE,25.0,"1""",DN25,150,ASTM A105,BW,API 6D,"VALVE, GATE, 1"" (DN25), CLASS 150, ASTM A105, BW FACING, API 6D",40141611,GEM-VALVE-GATE
CAN-001069,GATE_VALVE,25.0,"1""",DN25,150,ASTM A182 F316,RF,API 600,"VALVE, GATE, 1"" (DN25), CLASS 150, ASTM A182 F316, RF FACING, API 600",40141611,GEM-VALVE-GATE
CAN-001070,GATE_VALVE,25.0,"1""",DN25,150,ASTM A182 F316,RF,API 6D,"VALVE, GATE, 1"" (DN25), CLASS 150, ASTM A182 F316, RF FACING, API 6D",40141611,GEM-VALVE-GATE
CAN-001071,GATE_VALVE,25.0,"1""",DN25,150,ASTM A182 F316,BW,API 600,"VALVE, GATE, 1"" (DN25), CLASS 150, ASTM A182 F316, BW FACING, API 600",40141611,GEM-VALVE-GATE
CAN-001072,GATE_VALVE,25.0,"1""",DN25,150,ASTM A182 F316,BW,API 6D,"VALVE, GATE, 1"" (DN25), CLASS 150, ASTM A182 F316, BW FACING, API 6D",40141611,GEM-VALVE-GATE
CAN-001073,GATE_VALVE,25.0,"1""",DN25,300,ASTM A216 WCB,RF,API 600,"VALVE, GATE, 1"" (DN25), CLASS 300, ASTM A216 WCB, RF FACING, API 600",40141611,GEM-VALVE-GATE
CAN-001074,GATE_VALVE,25.0,"1""",DN25,300,ASTM A216 WCB,RF,API 6D,"VALVE, GATE, 1"" (DN25), CLASS 300, ASTM A216 WCB, RF FACING, API 6D",40141611,GEM-VALVE-GATE
CAN-001075,GATE_VALVE,25.0,"1""",DN25,300,ASTM A216 WCB,BW,API 600,"VALVE, GATE, 1"" (DN25), CLASS 300, ASTM A216 WCB, BW FACING, API 600",40141611,GEM-VALVE-GATE
CAN-001076,GATE_VALVE,25.0,"1""",DN25,300,ASTM A216 WCB,BW,API 6D,"VALVE, GATE, 1"" (DN25), CLASS 300, ASTM A216 WCB, BW FACING, API 6D",40141611,GEM-VALVE-GATE
CAN-001077,GATE_VALVE,25.0,"1""",DN25,300,ASTM A105,RF,API 600,"VALVE, GATE, 1"" (DN25), CLASS 300, ASTM A105, RF FACING, API 600",40141611,GEM-VALVE-GATE
CAN-001078,GATE_VALVE,25.0,"1""",DN25,300,ASTM A105,RF,API 6D,"VALVE, GATE, 1"" (DN25), CLASS 300, ASTM A105, RF FACING, API 6D",40141611,GEM-VALVE-GATE
CAN-001079,GATE_VALVE,25.0,"1""",DN25,300,ASTM A105,BW,API 600,"VALVE, GATE, 1"" (DN25), CLASS 300, ASTM A105, BW FACING, API 600",40141611,GEM-VALVE-GATE
CAN-001080,GATE_VALVE,25.0,"1""",DN25,300,ASTM A105,BW,API 6D,"VALVE, GATE, 1"" (DN25), CLASS 300, ASTM A105, BW FACING, API 6D",40141611,GEM-VALVE-GATE
CAN-001081,GATE_VALVE,25.0,"1""",DN25,300,ASTM A182 F316,RF,API 600,"VALVE, GATE, 1"" (DN25), CLASS 300, ASTM A182 F316, RF FACING, API 600",40141611,GEM-VALVE-GATE
CAN-001082,GATE_VALVE,25.0,"1""",DN25,300,ASTM A182 F316,RF,API 6D,"VALVE, GATE, 1"" (DN25), CLASS 300, ASTM A182 F316, RF FACING, API 6D",40141611,GEM-VALVE-GATE
CAN-001083,GATE_VALVE,25.0,"1""",DN25,300,ASTM A182 F316,BW,API 600,"VALVE, GATE, 1"" (DN25), CLASS 300, ASTM A182 F316, BW FACING, API 600",40141611,GEM-VALVE-GATE
CAN-001084,GATE_VALVE,25.0,"1""",DN25,300,ASTM A182 F316,BW,API 6D,"VALVE, GATE, 1"" (DN25), CLASS 300, ASTM A182 F316, BW FACING, API 6D",40141611,GEM-VALVE-GATE
CAN-001085,GATE_VALVE,25.0,"1""",DN25,600,ASTM A216 WCB,RF,API 600,"VALVE, GATE, 1"" (DN25), CLASS 600, ASTM A216 WCB, RF FACING, API 600",40141611,GEM-VALVE-GATE
CAN-001086,GATE_VALVE,25.0,"1""",DN25,600,ASTM A216 WCB,RF,API 6D,"VALVE, GATE, 1"" (DN25), CLASS 600, ASTM A216 WCB, RF FACING, API 6D",40141611,GEM-VALVE-GATE
CAN-001087,GATE_VALVE,25.0,"1""",DN25,600,ASTM A216 WCB,BW,API 600,"VALVE, GATE, 1"" (DN25), CLASS 600, ASTM A216 WCB, BW FACING, API 600",40141611,GEM-VALVE-GATE
CAN-001088,GATE_VALVE,25.0,"1""",DN25,600,ASTM A216 WCB,BW,API 6D,"VALVE, GATE, 1"" (DN25), CLASS 600, ASTM A216 WCB, BW FACING, API 6D",40141611,GEM-VALVE-GATE
CAN-001089,GATE_VALVE,25.0,"1""",DN25,600,ASTM A105,RF,API 600,"VALVE, GATE, 1"" (DN25), CLASS 600, ASTM A105, RF FACING, API 600",40141611,GEM-VALVE-GATE
CAN-001090,GATE_VALVE,25.0,"1""",DN25,600,ASTM A105,RF,API 6D,"VALVE, GATE, 1"" (DN25), CLASS 600, ASTM A105, RF FACING, API 6D",40141611,GEM-VALVE-GATE
CAN-001091,GATE_VALVE,25.0,"1""",DN25,600,ASTM A105,BW,API 600,"VALVE, GATE, 1"" (DN25), CLASS 600, ASTM A105, BW FACING, API 600",40141611,GEM-VALVE-GATE
CAN-001092,GATE_VALVE,25.0,"1""",DN25,600,ASTM A105,BW,API 6D,"VALVE, GATE, 1"" (DN25), CLASS 600, ASTM A105, BW FACING, API 6D",40141611,GEM-VALVE-GATE
CAN-001093,GATE_VALVE,25.0,"1""",DN25,600,ASTM A182 F316,RF,API 600,"VALVE, GATE, 1"" (DN25), CLASS 600, ASTM A182 F316, RF FACING, API 600",40141611,GEM-VALVE-GATE
CAN-001094,GATE_VALVE,25.0,"1""",DN25,600,ASTM A182 F316,RF,API 6D,"VALVE, GATE, 1"" (DN25), CLASS 600, ASTM A182 F316, RF FACING, API 6D",40141611,GEM-VALVE-GATE
CAN-001095,GATE_VALVE,25.0,"1""",DN25,600,ASTM A182 F316,BW,API 600,"VALVE, GATE, 1"" (DN25), CLASS 600, ASTM A182 F316, BW FACING, API 600",40141611,GEM-VALVE-GATE
CAN-001096,GATE_VALVE,25.0,"1""",DN25,600,ASTM A182 F316,BW,API 6D,"VALVE, GATE, 1"" (DN25), CLASS 600, ASTM A182 F316, BW FACING, API 6D",40141611,GEM-VALVE-GATE
CAN-001097,GATE_VALVE,25.0,"1""",DN25,900,ASTM A216 WCB,RF,API 600,"VALVE, GATE, 1"" (DN25), CLASS 900, ASTM A216 WCB, RF FACING, API 600",40141611,GEM-VALVE-GATE
CAN-001098,GATE_VALVE,25.0,"1""",DN25,900,ASTM A216 WCB,RF,API 6D,"VALVE, GATE, 1"" (DN25), CLASS 900, ASTM A216 WCB, RF FACING, API 6D",40141611,GEM-VALVE-GATE
CAN-001099,GATE_VALVE,25.0,"1""",DN25,900,ASTM A216 WCB,BW,API 600,"VALVE, GATE, 1"" (DN25), CLASS 900, ASTM A216 WCB, BW FACING, API 600",40141611,GEM-VALVE-GATE
CAN-001100,GATE_VALVE,25.0,"1""",DN25,900,ASTM A216 WCB,BW,API 6D,"VALVE, GATE, 1"" (DN25), CLASS 900, ASTM A216 WCB, BW FACING, API 6D",40141611,GEM-VALVE-GATE
CAN-001101,GATE_VALVE,25.0,"1""",DN25,900,ASTM A105,RF,API 600,"VALVE, GATE, 1"" (DN25), CLASS 900, ASTM A105, RF FACING, API 600",40141611,GEM-VALVE-GATE
CAN-001102,GATE_VALVE,25.0,"1""",DN25,900,ASTM A105,RF,API 6D,"VALVE, GATE, 1"" (DN25), CLASS 900, ASTM A105, RF FACING, API 6D",40141611,GEM-VALVE-GATE
CAN-001103,GATE_VALVE,25.0,"1""",DN25,900,ASTM A105,BW,API 600,"VALVE, GATE, 1"" (DN25), CLASS 900, ASTM A105, BW FACING, API 600",40141611,GEM-VALVE-GATE
CAN-001104,GATE_VALVE,25.0,"1""",DN25,900,ASTM A105,BW,API 6D,"VALVE, GATE, 1"" (DN25), CLASS 900, ASTM A105, BW FACING, API 6D",40141611,GEM-VALVE-GATE
CAN-001105,GATE_VALVE,25.0,"1""",DN25,900,ASTM A182 F316,RF,API 600,"VALVE, GATE, 1"" (DN25), CLASS 900, ASTM A182 F316, RF FACING, API 600",40141611,GEM-VALVE-GATE
CAN-001106,GATE_VALVE,25.0,"1""",DN25,900,ASTM A182 F316,RF,API 6D,"VALVE, GATE, 1"" (DN25), CLASS 900, ASTM A182 F316, RF FACING, API 6D",40141611,GEM-VALVE-GATE
CAN-001107,GATE_VALVE,25.0,"1""",DN25,900,ASTM A182 F316,BW,API 600,"VALVE, GATE, 1"" (DN25), CLASS 900, ASTM A182 F316, BW FACING, API 600",40141611,GEM-VALVE-GATE
CAN-001108,GATE_VALVE,25.0,"1""",DN25,900,ASTM A182 F316,BW,API 6D,"VALVE, GATE, 1"" (DN25), CLASS 900, ASTM A182 F316, BW FACING, API 6D",40141611,GEM-VALVE-GATE
CAN-001109,GATE_VALVE,25.0,"1""",DN25,1500,ASTM A216 WCB,RF,API 600,"VALVE, GATE, 1"" (DN25), CLASS 1500, ASTM A216 WCB, RF FACING, API 600",40141611,GEM-VALVE-GATE
CAN-001110,GATE_VALVE,25.0,"1""",DN25,1500,ASTM A216 WCB,RF,API 6D,"VALVE, GATE, 1"" (DN25), CLASS 1500, ASTM A216 WCB, RF FACING, API 6D",40141611,GEM-VALVE-GATE
CAN-001111,GATE_VALVE,25.0,"1""",DN25,1500,ASTM A216 WCB,BW,API 600,"VALVE, GATE, 1"" (DN25), CLASS 1500, ASTM A216 WCB, BW FACING, API 600",40141611,GEM-VALVE-GATE
CAN-001112,GATE_VALVE,25.0,"1""",DN25,1500,ASTM A216 WCB,BW,API 6D,"VALVE, GATE, 1"" (DN25), CLASS 1500, ASTM A216 WCB, BW FACING, API 6D",40141611,GEM-VALVE-GATE
CAN-001113,GATE_VALVE,25.0,"1""",DN25,1500,ASTM A105,RF,API 600,"VALVE, GATE, 1"" (DN25), CLASS 1500, ASTM A105, RF FACING, API 600",40141611,GEM-VALVE-GATE
CAN-001114,GATE_VALVE,25.0,"1""",DN25,1500,ASTM A105,RF,API 6D,"VALVE, GATE, 1"" (DN25), CLASS 1500, ASTM A105, RF FACING, API 6D",40141611,GEM-VALVE-GATE
CAN-001115,GATE_VALVE,25.0,"1""",DN25,1500,ASTM A105,BW,API 600,"VALVE, GATE, 1"" (DN25), CLASS 1500, ASTM A105, BW FACING, API 600",40141611,GEM-VALVE-GATE
CAN-001116,GATE_VALVE,25.0,"1""",DN25,1500,ASTM A105,BW,API 6D,"VALVE, GATE, 1"" (DN25), CLASS 1500, ASTM A105, BW FACING, API 6D",40141611,GEM-VALVE-GATE
CAN-001117,GATE_VALVE,25.0,"1""",DN25,1500,ASTM A182 F316,RF,API 600,"VALVE, GATE, 1"" (DN25), CLASS 1500, ASTM A182 F316, RF FACING, API 600",40141611,GEM-VALVE-GATE
CAN-001118,GATE_VALVE,25.0,"1""",DN25,1500,ASTM A182 F316,RF,API 6D,"VALVE, GATE, 1"" (DN25), CLASS 1500, ASTM A182 F316, RF FACING, API 6D",40141611,GEM-VALVE-GATE
CAN-001119,GATE_VALVE,25.0,"1""",DN25,1500,ASTM A182 F316,BW,API 600,"VALVE, GATE, 1"" (DN25), CLASS 1500, ASTM A182 F316, BW FACING, API 600",40141611,GEM-VALVE-GATE
CAN-001120,GATE_VALVE,25.0,"1""",DN25,1500,ASTM A182 F316,BW,API 6D,"VALVE, GATE, 1"" (DN25), CLASS 1500, ASTM A182 F316, BW FACING, API 6D",40141611,GEM-VALVE-GATE
CAN-001121,GATE_VALVE,40.0,"1.5""",DN40,150,ASTM A216 WCB,RF,API 600,"VALVE, GATE, 1.5"" (DN40), CLASS 150, ASTM A216 WCB, RF FACING, API 600",40141611,GEM-VALVE-GATE
CAN-001122,GATE_VALVE,40.0,"1.5""",DN40,150,ASTM A216 WCB,RF,API 6D,"VALVE, GATE, 1.5"" (DN40), CLASS 150, ASTM A216 WCB, RF FACING, API 6D",40141611,GEM-VALVE-GATE
CAN-001123,GATE_VALVE,40.0,"1.5""",DN40,150,ASTM A216 WCB,BW,API 600,"VALVE, GATE, 1.5"" (DN40), CLASS 150, ASTM A216 WCB, BW FACING, API 600",40141611,GEM-VALVE-GATE
CAN-001124,GATE_VALVE,40.0,"1.5""",DN40,150,ASTM A216 WCB,BW,API 6D,"VALVE, GATE, 1.5"" (DN40), CLASS 150, ASTM A216 WCB, BW FACING, API 6D",40141611,GEM-VALVE-GATE
CAN-001125,GATE_VALVE,40.0,"1.5""",DN40,150,ASTM A105,RF,API 600,"VALVE, GATE, 1.5"" (DN40), CLASS 150, ASTM A105, RF FACING, API 600",40141611,GEM-VALVE-GATE
CAN-001126,GATE_VALVE,40.0,"1.5""",DN40,150,ASTM A105,RF,API 6D,"VALVE, GATE, 1.5"" (DN40), CLASS 150, ASTM A105, RF FACING, API 6D",40141611,GEM-VALVE-GATE
CAN-001127,GATE_VALVE,40.0,"1.5""",DN40,150,ASTM A105,BW,API 600,"VALVE, GATE, 1.5"" (DN40), CLASS 150, ASTM A105, BW FACING, API 600",40141611,GEM-VALVE-GATE
CAN-001128,GATE_VALVE,40.0,"1.5""",DN40,150,ASTM A105,BW,API 6D,"VALVE, GATE, 1.5"" (DN40), CLASS 150, ASTM A105, BW FACING, API 6D",40141611,GEM-VALVE-GATE
CAN-001129,GATE_VALVE,40.0,"1.5""",DN40,150,ASTM A182 F316,RF,API 600,"VALVE, GATE, 1.5"" (DN40), CLASS 150, ASTM A182 F316, RF FACING, API 600",40141611,GEM-VALVE-GATE
CAN-001130,GATE_VALVE,40.0,"1.5""",DN40,150,ASTM A182 F316,RF,API 6D,"VALVE, GATE, 1.5"" (DN40), CLASS 150, ASTM A182 F316, RF FACING, API 6D",40141611,GEM-VALVE-GATE
CAN-001131,GATE_VALVE,40.0,"1.5""",DN40,150,ASTM A182 F316,BW,API 600,"VALVE, GATE, 1.5"" (DN40), CLASS 150, ASTM A182 F316, BW FACING, API 600",40141611,GEM-VALVE-GATE
CAN-001132,GATE_VALVE,40.0,"1.5""",DN40,150,ASTM A182 F316,BW,API 6D,"VALVE, GATE, 1.5"" (DN40), CLASS 150, ASTM A182 F316, BW FACING, API 6D",40141611,GEM-VALVE-GATE
CAN-001133,GATE_VALVE,40.0,"1.5""",DN40,300,ASTM A216 WCB,RF,API 600,"VALVE, GATE, 1.5"" (DN40), CLASS 300, ASTM A216 WCB, RF FACING, API 600",40141611,GEM-VALVE-GATE
CAN-001134,GATE_VALVE,40.0,"1.5""",DN40,300,ASTM A216 WCB,RF,API 6D,"VALVE, GATE, 1.5"" (DN40), CLASS 300, ASTM A216 WCB, RF FACING, API 6D",40141611,GEM-VALVE-GATE
CAN-001135,GATE_VALVE,40.0,"1.5""",DN40,300,ASTM A216 WCB,BW,API 600,"VALVE, GATE, 1.5"" (DN40), CLASS 300, ASTM A216 WCB, BW FACING, API 600",40141611,GEM-VALVE-GATE
CAN-001136,GATE_VALVE,40.0,"1.5""",DN40,300,ASTM A216 WCB,BW,API 6D,"VALVE, GATE, 1.5"" (DN40), CLASS 300, ASTM A216 WCB, BW FACING, API 6D",40141611,GEM-VALVE-GATE
CAN-001137,GATE_VALVE,40.0,"1.5""",DN40,300,ASTM A105,RF,API 600,"VALVE, GATE, 1.5"" (DN40), CLASS 300, ASTM A105, RF FACING, API 600",40141611,GEM-VALVE-GATE
CAN-001138,GATE_VALVE,40.0,"1.5""",DN40,300,ASTM A105,RF,API 6D,"VALVE, GATE, 1.5"" (DN40), CLASS 300, ASTM A105, RF FACING, API 6D",40141611,GEM-VALVE-GATE
CAN-001139,GATE_VALVE,40.0,"1.5""",DN40,300,ASTM A105,BW,API 600,"VALVE, GATE, 1.5"" (DN40), CLASS 300, ASTM A105, BW FACING, API 600",40141611,GEM-VALVE-GATE
CAN-001140,GATE_VALVE,40.0,"1.5""",DN40,300,ASTM A105,BW,API 6D,"VALVE, GATE, 1.5"" (DN40), CLASS 300, ASTM A105, BW FACING, API 6D",40141611,GEM-VALVE-GATE
CAN-001141,GATE_VALVE,40.0,"1.5""",DN40,300,ASTM A182 F316,RF,API 600,"VALVE, GATE, 1.5"" (DN40), CLASS 300, ASTM A182 F316, RF FACING, API 600",40141611,GEM-VALVE-GATE
CAN-001142,GATE_VALVE,40.0,"1.5""",DN40,300,ASTM A182 F316,RF,API 6D,"VALVE, GATE, 1.5"" (DN40), CLASS 300, ASTM A182 F316, RF FACING, API 6D",40141611,GEM-VALVE-GATE
CAN-001143,GATE_VALVE,40.0,"1.5""",DN40,300,ASTM A182 F316,BW,API 600,"VALVE, GATE, 1.5"" (DN40), CLASS 300, ASTM A182 F316, BW FACING, API 600",40141611,GEM-VALVE-GATE
CAN-001144,GATE_VALVE,40.0,"1.5""",DN40,300,ASTM A182 F316,BW,API 6D,"VALVE, GATE, 1.5"" (DN40), CLASS 300, ASTM A182 F316, BW FACING, API 6D",40141611,GEM-VALVE-GATE
CAN-001145,GATE_VALVE,40.0,"1.5""",DN40,600,ASTM A216 WCB,RF,API 600,"VALVE, GATE, 1.5"" (DN40), CLASS 600, ASTM A216 WCB, RF FACING, API 600",40141611,GEM-VALVE-GATE
CAN-001146,GATE_VALVE,40.0,"1.5""",DN40,600,ASTM A216 WCB,RF,API 6D,"VALVE, GATE, 1.5"" (DN40), CLASS 600, ASTM A216 WCB, RF FACING, API 6D",40141611,GEM-VALVE-GATE
CAN-001147,GATE_VALVE,40.0,"1.5""",DN40,600,ASTM A216 WCB,BW,API 600,"VALVE, GATE, 1.5"" (DN40), CLASS 600, ASTM A216 WCB, BW FACING, API 600",40141611,GEM-VALVE-GATE
CAN-001148,GATE_VALVE,40.0,"1.5""",DN40,600,ASTM A216 WCB,BW,API 6D,"VALVE, GATE, 1.5"" (DN40), CLASS 600, ASTM A216 WCB, BW FACING, API 6D",40141611,GEM-VALVE-GATE
CAN-001149,GATE_VALVE,40.0,"1.5""",DN40,600,ASTM A105,RF,API 600,"VALVE, GATE, 1.5"" (DN40), CLASS 600, ASTM A105, RF FACING, API 600",40141611,GEM-VALVE-GATE
CAN-001150,GATE_VALVE,40.0,"1.5""",DN40,600,ASTM A105,RF,API 6D,"VALVE, GATE, 1.5"" (DN40), CLASS 600, ASTM A105, RF FACING, API 6D",40141611,GEM-VALVE-GATE
CAN-001151,GATE_VALVE,40.0,"1.5""",DN40,600,ASTM A105,BW,API 600,"VALVE, GATE, 1.5"" (DN40), CLASS 600, ASTM A105, BW FACING, API 600",40141611,GEM-VALVE-GATE
CAN-001152,GATE_VALVE,40.0,"1.5""",DN40,600,ASTM A105,BW,API 6D,"VALVE, GATE, 1.5"" (DN40), CLASS 600, ASTM A105, BW FACING, API 6D",40141611,GEM-VALVE-GATE
CAN-001153,GATE_VALVE,40.0,"1.5""",DN40,600,ASTM A182 F316,RF,API 600,"VALVE, GATE, 1.5"" (DN40), CLASS 600, ASTM A182 F316, RF FACING, API 600",40141611,GEM-VALVE-GATE
CAN-001154,GATE_VALVE,40.0,"1.5""",DN40,600,ASTM A182 F316,RF,API 6D,"VALVE, GATE, 1.5"" (DN40), CLASS 600, ASTM A182 F316, RF FACING, API 6D",40141611,GEM-VALVE-GATE
CAN-001155,GATE_VALVE,40.0,"1.5""",DN40,600,ASTM A182 F316,BW,API 600,"VALVE, GATE, 1.5"" (DN40), CLASS 600, ASTM A182 F316, BW FACING, API 600",40141611,GEM-VALVE-GATE
CAN-001156,GATE_VALVE,40.0,"1.5""",DN40,600,ASTM A182 F316,BW,API 6D,"VALVE, GATE, 1.5"" (DN40), CLASS 600, ASTM A182 F316, BW FACING, API 6D",40141611,GEM-VALVE-GATE
CAN-001157,GATE_VALVE,40.0,"1.5""",DN40,900,ASTM A216 WCB,RF,API 600,"VALVE, GATE, 1.5"" (DN40), CLASS 900, ASTM A216 WCB, RF FACING, API 600",40141611,GEM-VALVE-GATE
CAN-001158,GATE_VALVE,40.0,"1.5""",DN40,900,ASTM A216 WCB,RF,API 6D,"VALVE, GATE, 1.5"" (DN40), CLASS 900, ASTM A216 WCB, RF FACING, API 6D",40141611,GEM-VALVE-GATE
CAN-001159,GATE_VALVE,40.0,"1.5""",DN40,900,ASTM A216 WCB,BW,API 600,"VALVE, GATE, 1.5"" (DN40), CLASS 900, ASTM A216 WCB, BW FACING, API 600",40141611,GEM-VALVE-GATE
CAN-001160,GATE_VALVE,40.0,"1.5""",DN40,900,ASTM A216 WCB,BW,API 6D,"VALVE, GATE, 1.5"" (DN40), CLASS 900, ASTM A216 WCB, BW FACING, API 6D",40141611,GEM-VALVE-GATE
CAN-001161,GATE_VALVE,40.0,"1.5""",DN40,900,ASTM A105,RF,API 600,"VALVE, GATE, 1.5"" (DN40), CLASS 900, ASTM A105, RF FACING, API 600",40141611,GEM-VALVE-GATE
CAN-001162,GATE_VALVE,40.0,"1.5""",DN40,900,ASTM A105,RF,API 6D,"VALVE, GATE, 1.5"" (DN40), CLASS 900, ASTM A105, RF FACING, API 6D",40141611,GEM-VALVE-GATE
CAN-001163,GATE_VALVE,40.0,"1.5""",DN40,900,ASTM A105,BW,API 600,"VALVE, GATE, 1.5"" (DN40), CLASS 900, ASTM A105, BW FACING, API 600",40141611,GEM-VALVE-GATE
CAN-001164,GATE_VALVE,40.0,"1.5""",DN40,900,ASTM A105,BW,API 6D,"VALVE, GATE, 1.5"" (DN40), CLASS 900, ASTM A105, BW FACING, API 6D",40141611,GEM-VALVE-GATE
CAN-001165,GATE_VALVE,40.0,"1.5""",DN40,900,ASTM A182 F316,RF,API 600,"VALVE, GATE, 1.5"" (DN40), CLASS 900, ASTM A182 F316, RF FACING, API 600",40141611,GEM-VALVE-GATE
CAN-001166,GATE_VALVE,40.0,"1.5""",DN40,900,ASTM A182 F316,RF,API 6D,"VALVE, GATE, 1.5"" (DN40), CLASS 900, ASTM A182 F316, RF FACING, API 6D",40141611,GEM-VALVE-GATE
CAN-001167,GATE_VALVE,40.0,"1.5""",DN40,900,ASTM A182 F316,BW,API 600,"VALVE, GATE, 1.5"" (DN40), CLASS 900, ASTM A182 F316, BW FACING, API 600",40141611,GEM-VALVE-GATE
CAN-001168,GATE_VALVE,40.0,"1.5""",DN40,900,ASTM A182 F316,BW,API 6D,"VALVE, GATE, 1.5"" (DN40), CLASS 900, ASTM A182 F316, BW FACING, API 6D",40141611,GEM-VALVE-GATE
CAN-001169,GATE_VALVE,40.0,"1.5""",DN40,1500,ASTM A216 WCB,RF,API 600,"VALVE, GATE, 1.5"" (DN40), CLASS 1500, ASTM A216 WCB, RF FACING, API 600",40141611,GEM-VALVE-GATE
CAN-001170,GATE_VALVE,40.0,"1.5""",DN40,1500,ASTM A216 WCB,RF,API 6D,"VALVE, GATE, 1.5"" (DN40), CLASS 1500, ASTM A216 WCB, RF FACING, API 6D",40141611,GEM-VALVE-GATE
CAN-001171,GATE_VALVE,40.0,"1.5""",DN40,1500,ASTM A216 WCB,BW,API 600,"VALVE, GATE, 1.5"" (DN40), CLASS 1500, ASTM A216 WCB, BW FACING, API 600",40141611,GEM-VALVE-GATE
CAN-001172,GATE_VALVE,40.0,"1.5""",DN40,1500,ASTM A216 WCB,BW,API 6D,"VALVE, GATE, 1.5"" (DN40), CLASS 1500, ASTM A216 WCB, BW FACING, API 6D",40141611,GEM-VALVE-GATE
CAN-001173,GATE_VALVE,40.0,"1.5""",DN40,1500,ASTM A105,RF,API 600,"VALVE, GATE, 1.5"" (DN40), CLASS 1500, ASTM A105, RF FACING, API 600",40141611,GEM-VALVE-GATE
CAN-001174,GATE_VALVE,40.0,"1.5""",DN40,1500,ASTM A105,RF,API 6D,"VALVE, GATE, 1.5"" (DN40), CLASS 1500, ASTM A105, RF FACING, API 6D",40141611,GEM-VALVE-GATE
CAN-001175,GATE_VALVE,40.0,"1.5""",DN40,1500,ASTM A105,BW,API 600,"VALVE, GATE, 1.5"" (DN40), CLASS 1500, ASTM A105, BW FACING, API 600",40141611,GEM-VALVE-GATE
CAN-001176,GATE_VALVE,40.0,"1.5""",DN40,1500,ASTM A105,BW,API 6D,"VALVE, GATE, 1.5"" (DN40), CLASS 1500, ASTM A105, BW FACING, API 6D",40141611,GEM-VALVE-GATE
CAN-001177,GATE_VALVE,40.0,"1.5""",DN40,1500,ASTM A182 F316,RF,API 600,"VALVE, GATE, 1.5"" (DN40), CLASS 1500, ASTM A182 F316, RF FACING, API 600",40141611,GEM-VALVE-GATE
CAN-001178,GATE_VALVE,40.0,"1.5""",DN40,1500,ASTM A182 F316,RF,API 6D,"VALVE, GATE, 1.5"" (DN40), CLASS 1500, ASTM A182 F316, RF FACING, API 6D",40141611,GEM-VALVE-GATE
CAN-001179,GATE_VALVE,40.0,"1.5""",DN40,1500,ASTM A182 F316,BW,API 600,"VALVE, GATE, 1.5"" (DN40), CLASS 1500, ASTM A182 F316, BW FACING, API 600",40141611,GEM-VALVE-GATE
CAN-001180,GATE_VALVE,40.0,"1.5""",DN40,1500,ASTM A182 F316,BW,API 6D,"VALVE, GATE, 1.5"" (DN40), CLASS 1500, ASTM A182 F316, BW FACING, API 6D",40141611,GEM-VALVE-GATE
CAN-001181,GATE_VALVE,50.0,"2""",DN50,150,ASTM A216 WCB,RF,API 600,"VALVE, GATE, 2"" (DN50), CLASS 150, ASTM A216 WCB, RF FACING, API 600",40141611,GEM-VALVE-GATE
CAN-001182,GATE_VALVE,50.0,"2""",DN50,150,ASTM A216 WCB,RF,API 6D,"VALVE, GATE, 2"" (DN50), CLASS 150, ASTM A216 WCB, RF FACING, API 6D",40141611,GEM-VALVE-GATE
CAN-001183,GATE_VALVE,50.0,"2""",DN50,150,ASTM A216 WCB,BW,API 600,"VALVE, GATE, 2"" (DN50), CLASS 150, ASTM A216 WCB, BW FACING, API 600",40141611,GEM-VALVE-GATE
CAN-001184,GATE_VALVE,50.0,"2""",DN50,150,ASTM A216 WCB,BW,API 6D,"VALVE, GATE, 2"" (DN50), CLASS 150, ASTM A216 WCB, BW FACING, API 6D",40141611,GEM-VALVE-GATE
CAN-001185,GATE_VALVE,50.0,"2""",DN50,150,ASTM A105,RF,API 600,"VALVE, GATE, 2"" (DN50), CLASS 150, ASTM A105, RF FACING, API 600",40141611,GEM-VALVE-GATE
CAN-001186,GATE_VALVE,50.0,"2""",DN50,150,ASTM A105,RF,API 6D,"VALVE, GATE, 2"" (DN50), CLASS 150, ASTM A105, RF FACING, API 6D",40141611,GEM-VALVE-GATE
CAN-001187,GATE_VALVE,50.0,"2""",DN50,150,ASTM A105,BW,API 600,"VALVE, GATE, 2"" (DN50), CLASS 150, ASTM A105, BW FACING, API 600",40141611,GEM-VALVE-GATE
CAN-001188,GATE_VALVE,50.0,"2""",DN50,150,ASTM A105,BW,API 6D,"VALVE, GATE, 2"" (DN50), CLASS 150, ASTM A105, BW FACING, API 6D",40141611,GEM-VALVE-GATE
CAN-001189,GATE_VALVE,50.0,"2""",DN50,150,ASTM A182 F316,RF,API 600,"VALVE, GATE, 2"" (DN50), CLASS 150, ASTM A182 F316, RF FACING, API 600",40141611,GEM-VALVE-GATE
CAN-001190,GATE_VALVE,50.0,"2""",DN50,150,ASTM A182 F316,RF,API 6D,"VALVE, GATE, 2"" (DN50), CLASS 150, ASTM A182 F316, RF FACING, API 6D",40141611,GEM-VALVE-GATE
CAN-001191,GATE_VALVE,50.0,"2""",DN50,150,ASTM A182 F316,BW,API 600,"VALVE, GATE, 2"" (DN50), CLASS 150, ASTM A182 F316, BW FACING, API 600",40141611,GEM-VALVE-GATE
CAN-001192,GATE_VALVE,50.0,"2""",DN50,150,ASTM A182 F316,BW,API 6D,"VALVE, GATE, 2"" (DN50), CLASS 150, ASTM A182 F316, BW FACING, API 6D",40141611,GEM-VALVE-GATE
CAN-001193,GATE_VALVE,50.0,"2""",DN50,300,ASTM A216 WCB,RF,API 600,"VALVE, GATE, 2"" (DN50), CLASS 300, ASTM A216 WCB, RF FACING, API 600",40141611,GEM-VALVE-GATE
CAN-001194,GATE_VALVE,50.0,"2""",DN50,300,ASTM A216 WCB,RF,API 6D,"VALVE, GATE, 2"" (DN50), CLASS 300, ASTM A216 WCB, RF FACING, API 6D",40141611,GEM-VALVE-GATE
CAN-001195,GATE_VALVE,50.0,"2""",DN50,300,ASTM A216 WCB,BW,API 600,"VALVE, GATE, 2"" (DN50), CLASS 300, ASTM A216 WCB, BW FACING, API 600",40141611,GEM-VALVE-GATE
CAN-001196,GATE_VALVE,50.0,"2""",DN50,300,ASTM A216 WCB,BW,API 6D,"VALVE, GATE, 2"" (DN50), CLASS 300, ASTM A216 WCB, BW FACING, API 6D",40141611,GEM-VALVE-GATE
CAN-001197,GATE_VALVE,50.0,"2""",DN50,300,ASTM A105,RF,API 600,"VALVE, GATE, 2"" (DN50), CLASS 300, ASTM A105, RF FACING, API 600",40141611,GEM-VALVE-GATE
CAN-001198,GATE_VALVE,50.0,"2""",DN50,300,ASTM A105,RF,API 6D,"VALVE, GATE, 2"" (DN50), CLASS 300, ASTM A105, RF FACING, API 6D",40141611,GEM-VALVE-GATE
CAN-001199,GATE_VALVE,50.0,"2""",DN50,300,ASTM A105,BW,API 600,"VALVE, GATE, 2"" (DN50), CLASS 300, ASTM A105, BW FACING, API 600",40141611,GEM-VALVE-GATE
CAN-001200,GATE_VALVE,50.0,"2""",DN50,300,ASTM A105,BW,API 6D,"VALVE, GATE, 2"" (DN50), CLASS 300, ASTM A105, BW FACING, API 6D",40141611,GEM-VALVE-GATE
CAN-001201,GATE_VALVE,50.0,"2""",DN50,300,ASTM A182 F316,RF,API 600,"VALVE, GATE, 2"" (DN50), CLASS 300, ASTM A182 F316, RF FACING, API 600",40141611,GEM-VALVE-GATE
CAN-001202,GATE_VALVE,50.0,"2""",DN50,300,ASTM A182 F316,RF,API 6D,"VALVE, GATE, 2"" (DN50), CLASS 300, ASTM A182 F316, RF FACING, API 6D",40141611,GEM-VALVE-GATE
CAN-001203,GATE_VALVE,50.0,"2""",DN50,300,ASTM A182 F316,BW,API 600,"VALVE, GATE, 2"" (DN50), CLASS 300, ASTM A182 F316, BW FACING, API 600",40141611,GEM-VALVE-GATE
CAN-001204,GATE_VALVE,50.0,"2""",DN50,300,ASTM A182 F316,BW,API 6D,"VALVE, GATE, 2"" (DN50), CLASS 300, ASTM A182 F316, BW FACING, API 6D",40141611,GEM-VALVE-GATE
CAN-001205,GATE_VALVE,50.0,"2""",DN50,600,ASTM A216 WCB,RF,API 600,"VALVE, GATE, 2"" (DN50), CLASS 600, ASTM A216 WCB, RF FACING, API 600",40141611,GEM-VALVE-GATE
CAN-001206,GATE_VALVE,50.0,"2""",DN50,600,ASTM A216 WCB,RF,API 6D,"VALVE, GATE, 2"" (DN50), CLASS 600, ASTM A216 WCB, RF FACING, API 6D",40141611,GEM-VALVE-GATE
CAN-001207,GATE_VALVE,50.0,"2""",DN50,600,ASTM A216 WCB,BW,API 600,"VALVE, GATE, 2"" (DN50), CLASS 600, ASTM A216 WCB, BW FACING, API 600",40141611,GEM-VALVE-GATE
CAN-001208,GATE_VALVE,50.0,"2""",DN50,600,ASTM A216 WCB,BW,API 6D,"VALVE, GATE, 2"" (DN50), CLASS 600, ASTM A216 WCB, BW FACING, API 6D",40141611,GEM-VALVE-GATE
CAN-001209,GATE_VALVE,50.0,"2""",DN50,600,ASTM A105,RF,API 600,"VALVE, GATE, 2"" (DN50), CLASS 600, ASTM A105, RF FACING, API 600",40141611,GEM-VALVE-GATE
CAN-001210,GATE_VALVE,50.0,"2""",DN50,600,ASTM A105,RF,API 6D,"VALVE, GATE, 2"" (DN50), CLASS 600, ASTM A105, RF FACING, API 6D",40141611,GEM-VALVE-GATE
CAN-001211,GATE_VALVE,50.0,"2""",DN50,600,ASTM A105,BW,API 600,"VALVE, GATE, 2"" (DN50), CLASS 600, ASTM A105, BW FACING, API 600",40141611,GEM-VALVE-GATE
CAN-001212,GATE_VALVE,50.0,"2""",DN50,600,ASTM A105,BW,API 6D,"VALVE, GATE, 2"" (DN50), CLASS 600, ASTM A105, BW FACING, API 6D",40141611,GEM-VALVE-GATE
CAN-001213,GATE_VALVE,50.0,"2""",DN50,600,ASTM A182 F316,RF,API 600,"VALVE, GATE, 2"" (DN50), CLASS 600, ASTM A182 F316, RF FACING, API 600",40141611,GEM-VALVE-GATE
CAN-001214,GATE_VALVE,50.0,"2""",DN50,600,ASTM A182 F316,RF,API 6D,"VALVE, GATE, 2"" (DN50), CLASS 600, ASTM A182 F316, RF FACING, API 6D",40141611,GEM-VALVE-GATE
CAN-001215,GATE_VALVE,50.0,"2""",DN50,600,ASTM A182 F316,BW,API 600,"VALVE, GATE, 2"" (DN50), CLASS 600, ASTM A182 F316, BW FACING, API 600",40141611,GEM-VALVE-GATE
CAN-001216,GATE_VALVE,50.0,"2""",DN50,600,ASTM A182 F316,BW,API 6D,"VALVE, GATE, 2"" (DN50), CLASS 600, ASTM A182 F316, BW FACING, API 6D",40141611,GEM-VALVE-GATE
CAN-001217,GATE_VALVE,50.0,"2""",DN50,900,ASTM A216 WCB,RF,API 600,"VALVE, GATE, 2"" (DN50), CLASS 900, ASTM A216 WCB, RF FACING, API 600",40141611,GEM-VALVE-GATE
CAN-001218,GATE_VALVE,50.0,"2""",DN50,900,ASTM A216 WCB,RF,API 6D,"VALVE, GATE, 2"" (DN50), CLASS 900, ASTM A216 WCB, RF FACING, API 6D",40141611,GEM-VALVE-GATE
CAN-001219,GATE_VALVE,50.0,"2""",DN50,900,ASTM A216 WCB,BW,API 600,"VALVE, GATE, 2"" (DN50), CLASS 900, ASTM A216 WCB, BW FACING, API 600",40141611,GEM-VALVE-GATE
CAN-001220,GATE_VALVE,50.0,"2""",DN50,900,ASTM A216 WCB,BW,API 6D,"VALVE, GATE, 2"" (DN50), CLASS 900, ASTM A216 WCB, BW FACING, API 6D",40141611,GEM-VALVE-GATE
CAN-001221,GATE_VALVE,50.0,"2""",DN50,900,ASTM A105,RF,API 600,"VALVE, GATE, 2"" (DN50), CLASS 900, ASTM A105, RF FACING, API 600",40141611,GEM-VALVE-GATE
CAN-001222,GATE_VALVE,50.0,"2""",DN50,900,ASTM A105,RF,API 6D,"VALVE, GATE, 2"" (DN50), CLASS 900, ASTM A105, RF FACING, API 6D",40141611,GEM-VALVE-GATE
CAN-001223,GATE_VALVE,50.0,"2""",DN50,900,ASTM A105,BW,API 600,"VALVE, GATE, 2"" (DN50), CLASS 900, ASTM A105, BW FACING, API 600",40141611,GEM-VALVE-GATE
CAN-001224,GATE_VALVE,50.0,"2""",DN50,900,ASTM A105,BW,API 6D,"VALVE, GATE, 2"" (DN50), CLASS 900, ASTM A105, BW FACING, API 6D",40141611,GEM-VALVE-GATE
CAN-001225,GATE_VALVE,50.0,"2""",DN50,900,ASTM A182 F316,RF,API 600,"VALVE, GATE, 2"" (DN50), CLASS 900, ASTM A182 F316, RF FACING, API 600",40141611,GEM-VALVE-GATE
CAN-001226,GATE_VALVE,50.0,"2""",DN50,900,ASTM A182 F316,RF,API 6D,"VALVE, GATE, 2"" (DN50), CLASS 900, ASTM A182 F316, RF FACING, API 6D",40141611,GEM-VALVE-GATE
CAN-001227,GATE_VALVE,50.0,"2""",DN50,900,ASTM A182 F316,BW,API 600,"VALVE, GATE, 2"" (DN50), CLASS 900, ASTM A182 F316, BW FACING, API 600",40141611,GEM-VALVE-GATE
CAN-001228,GATE_VALVE,50.0,"2""",DN50,900,ASTM A182 F316,BW,API 6D,"VALVE, GATE, 2"" (DN50), CLASS 900, ASTM A182 F316, BW FACING, API 6D",40141611,GEM-VALVE-GATE
CAN-001229,GATE_VALVE,50.0,"2""",DN50,1500,ASTM A216 WCB,RF,API 600,"VALVE, GATE, 2"" (DN50), CLASS 1500, ASTM A216 WCB, RF FACING, API 600",40141611,GEM-VALVE-GATE
CAN-001230,GATE_VALVE,50.0,"2""",DN50,1500,ASTM A216 WCB,RF,API 6D,"VALVE, GATE, 2"" (DN50), CLASS 1500, ASTM A216 WCB, RF FACING, API 6D",40141611,GEM-VALVE-GATE
CAN-001231,GATE_VALVE,50.0,"2""",DN50,1500,ASTM A216 WCB,BW,API 600,"VALVE, GATE, 2"" (DN50), CLASS 1500, ASTM A216 WCB, BW FACING, API 600",40141611,GEM-VALVE-GATE
CAN-001232,GATE_VALVE,50.0,"2""",DN50,1500,ASTM A216 WCB,BW,API 6D,"VALVE, GATE, 2"" (DN50), CLASS 1500, ASTM A216 WCB, BW FACING, API 6D",40141611,GEM-VALVE-GATE
CAN-001233,GATE_VALVE,50.0,"2""",DN50,1500,ASTM A105,RF,API 600,"VALVE, GATE, 2"" (DN50), CLASS 1500, ASTM A105, RF FACING, API 600",40141611,GEM-VALVE-GATE
CAN-001234,GATE_VALVE,50.0,"2""",DN50,1500,ASTM A105,RF,API 6D,"VALVE, GATE, 2"" (DN50), CLASS 1500, ASTM A105, RF FACING, API 6D",40141611,GEM-VALVE-GATE
CAN-001235,GATE_VALVE,50.0,"2""",DN50,1500,ASTM A105,BW,API 600,"VALVE, GATE, 2"" (DN50), CLASS 1500, ASTM A105, BW FACING, API 600",40141611,GEM-VALVE-GATE
CAN-001236,GATE_VALVE,50.0,"2""",DN50,1500,ASTM A105,BW,API 6D,"VALVE, GATE, 2"" (DN50), CLASS 1500, ASTM A105, BW FACING, API 6D",40141611,GEM-VALVE-GATE
CAN-001237,GATE_VALVE,50.0,"2""",DN50,1500,ASTM A182 F316,RF,API 600,"VALVE, GATE, 2"" (DN50), CLASS 1500, ASTM A182 F316, RF FACING, API 600",40141611,GEM-VALVE-GATE
CAN-001238,GATE_VALVE,50.0,"2""",DN50,1500,ASTM A182 F316,RF,API 6D,"VALVE, GATE, 2"" (DN50), CLASS 1500, ASTM A182 F316, RF FACING, API 6D",40141611,GEM-VALVE-GATE
CAN-001239,GATE_VALVE,50.0,"2""",DN50,1500,ASTM A182 F316,BW,API 600,"VALVE, GATE, 2"" (DN50), CLASS 1500, ASTM A182 F316, BW FACING, API 600",40141611,GEM-VALVE-GATE
CAN-001240,GATE_VALVE,50.0,"2""",DN50,1500,ASTM A182 F316,BW,API 6D,"VALVE, GATE, 2"" (DN50), CLASS 1500, ASTM A182 F316, BW FACING, API 6D",40141611,GEM-VALVE-GATE
CAN-001241,GATE_VALVE,80.0,"3""",DN80,150,ASTM A216 WCB,RF,API 600,"VALVE, GATE, 3"" (DN80), CLASS 150, ASTM A216 WCB, RF FACING, API 600",40141611,GEM-VALVE-GATE
CAN-001242,GATE_VALVE,80.0,"3""",DN80,150,ASTM A216 WCB,RF,API 6D,"VALVE, GATE, 3"" (DN80), CLASS 150, ASTM A216 WCB, RF FACING, API 6D",40141611,GEM-VALVE-GATE
CAN-001243,GATE_VALVE,80.0,"3""",DN80,150,ASTM A216 WCB,BW,API 600,"VALVE, GATE, 3"" (DN80), CLASS 150, ASTM A216 WCB, BW FACING, API 600",40141611,GEM-VALVE-GATE
CAN-001244,GATE_VALVE,80.0,"3""",DN80,150,ASTM A216 WCB,BW,API 6D,"VALVE, GATE, 3"" (DN80), CLASS 150, ASTM A216 WCB, BW FACING, API 6D",40141611,GEM-VALVE-GATE
CAN-001245,GATE_VALVE,80.0,"3""",DN80,150,ASTM A105,RF,API 600,"VALVE, GATE, 3"" (DN80), CLASS 150, ASTM A105, RF FACING, API 600",40141611,GEM-VALVE-GATE
CAN-001246,GATE_VALVE,80.0,"3""",DN80,150,ASTM A105,RF,API 6D,"VALVE, GATE, 3"" (DN80), CLASS 150, ASTM A105, RF FACING, API 6D",40141611,GEM-VALVE-GATE
CAN-001247,GATE_VALVE,80.0,"3""",DN80,150,ASTM A105,BW,API 600,"VALVE, GATE, 3"" (DN80), CLASS 150, ASTM A105, BW FACING, API 600",40141611,GEM-VALVE-GATE
CAN-001248,GATE_VALVE,80.0,"3""",DN80,150,ASTM A105,BW,API 6D,"VALVE, GATE, 3"" (DN80), CLASS 150, ASTM A105, BW FACING, API 6D",40141611,GEM-VALVE-GATE
CAN-001249,GATE_VALVE,80.0,"3""",DN80,150,ASTM A182 F316,RF,API 600,"VALVE, GATE, 3"" (DN80), CLASS 150, ASTM A182 F316, RF FACING, API 600",40141611,GEM-VALVE-GATE
CAN-001250,GATE_VALVE,80.0,"3""",DN80,150,ASTM A182 F316,RF,API 6D,"VALVE, GATE, 3"" (DN80), CLASS 150, ASTM A182 F316, RF FACING, API 6D",40141611,GEM-VALVE-GATE
CAN-001251,GATE_VALVE,80.0,"3""",DN80,150,ASTM A182 F316,BW,API 600,"VALVE, GATE, 3"" (DN80), CLASS 150, ASTM A182 F316, BW FACING, API 600",40141611,GEM-VALVE-GATE
CAN-001252,GATE_VALVE,80.0,"3""",DN80,150,ASTM A182 F316,BW,API 6D,"VALVE, GATE, 3"" (DN80), CLASS 150, ASTM A182 F316, BW FACING, API 6D",40141611,GEM-VALVE-GATE
CAN-001253,GATE_VALVE,80.0,"3""",DN80,300,ASTM A216 WCB,RF,API 600,"VALVE, GATE, 3"" (DN80), CLASS 300, ASTM A216 WCB, RF FACING, API 600",40141611,GEM-VALVE-GATE
CAN-001254,GATE_VALVE,80.0,"3""",DN80,300,ASTM A216 WCB,RF,API 6D,"VALVE, GATE, 3"" (DN80), CLASS 300, ASTM A216 WCB, RF FACING, API 6D",40141611,GEM-VALVE-GATE
CAN-001255,GATE_VALVE,80.0,"3""",DN80,300,ASTM A216 WCB,BW,API 600,"VALVE, GATE, 3"" (DN80), CLASS 300, ASTM A216 WCB, BW FACING, API 600",40141611,GEM-VALVE-GATE
CAN-001256,GATE_VALVE,80.0,"3""",DN80,300,ASTM A216 WCB,BW,API 6D,"VALVE, GATE, 3"" (DN80), CLASS 300, ASTM A216 WCB, BW FACING, API 6D",40141611,GEM-VALVE-GATE
CAN-001257,GATE_VALVE,80.0,"3""",DN80,300,ASTM A105,RF,API 600,"VALVE, GATE, 3"" (DN80), CLASS 300, ASTM A105, RF FACING, API 600",40141611,GEM-VALVE-GATE
CAN-001258,GATE_VALVE,80.0,"3""",DN80,300,ASTM A105,RF,API 6D,"VALVE, GATE, 3"" (DN80), CLASS 300, ASTM A105, RF FACING, API 6D",40141611,GEM-VALVE-GATE
CAN-001259,GATE_VALVE,80.0,"3""",DN80,300,ASTM A105,BW,API 600,"VALVE, GATE, 3"" (DN80), CLASS 300, ASTM A105, BW FACING, API 600",40141611,GEM-VALVE-GATE
CAN-001260,GATE_VALVE,80.0,"3""",DN80,300,ASTM A105,BW,API 6D,"VALVE, GATE, 3"" (DN80), CLASS 300, ASTM A105, BW FACING, API 6D",40141611,GEM-VALVE-GATE
CAN-001261,GATE_VALVE,80.0,"3""",DN80,300,ASTM A182 F316,RF,API 600,"VALVE, GATE, 3"" (DN80), CLASS 300, ASTM A182 F316, RF FACING, API 600",40141611,GEM-VALVE-GATE
CAN-001262,GATE_VALVE,80.0,"3""",DN80,300,ASTM A182 F316,RF,API 6D,"VALVE, GATE, 3"" (DN80), CLASS 300, ASTM A182 F316, RF FACING, API 6D",40141611,GEM-VALVE-GATE
CAN-001263,GATE_VALVE,80.0,"3""",DN80,300,ASTM A182 F316,BW,API 600,"VALVE, GATE, 3"" (DN80), CLASS 300, ASTM A182 F316, BW FACING, API 600",40141611,GEM-VALVE-GATE
CAN-001264,GATE_VALVE,80.0,"3""",DN80,300,ASTM A182 F316,BW,API 6D,"VALVE, GATE, 3"" (DN80), CLASS 300, ASTM A182 F316, BW FACING, API 6D",40141611,GEM-VALVE-GATE
CAN-001265,GATE_VALVE,80.0,"3""",DN80,600,ASTM A216 WCB,RF,API 600,"VALVE, GATE, 3"" (DN80), CLASS 600, ASTM A216 WCB, RF FACING, API 600",40141611,GEM-VALVE-GATE
CAN-001266,GATE_VALVE,80.0,"3""",DN80,600,ASTM A216 WCB,RF,API 6D,"VALVE, GATE, 3"" (DN80), CLASS 600, ASTM A216 WCB, RF FACING, API 6D",40141611,GEM-VALVE-GATE
CAN-001267,GATE_VALVE,80.0,"3""",DN80,600,ASTM A216 WCB,BW,API 600,"VALVE, GATE, 3"" (DN80), CLASS 600, ASTM A216 WCB, BW FACING, API 600",40141611,GEM-VALVE-GATE
CAN-001268,GATE_VALVE,80.0,"3""",DN80,600,ASTM A216 WCB,BW,API 6D,"VALVE, GATE, 3"" (DN80), CLASS 600, ASTM A216 WCB, BW FACING, API 6D",40141611,GEM-VALVE-GATE
CAN-001269,GATE_VALVE,80.0,"3""",DN80,600,ASTM A105,RF,API 600,"VALVE, GATE, 3"" (DN80), CLASS 600, ASTM A105, RF FACING, API 600",40141611,GEM-VALVE-GATE
CAN-001270,GATE_VALVE,80.0,"3""",DN80,600,ASTM A105,RF,API 6D,"VALVE, GATE, 3"" (DN80), CLASS 600, ASTM A105, RF FACING, API 6D",40141611,GEM-VALVE-GATE
CAN-001271,GATE_VALVE,80.0,"3""",DN80,600,ASTM A105,BW,API 600,"VALVE, GATE, 3"" (DN80), CLASS 600, ASTM A105, BW FACING, API 600",40141611,GEM-VALVE-GATE
CAN-001272,GATE_VALVE,80.0,"3""",DN80,600,ASTM A105,BW,API 6D,"VALVE, GATE, 3"" (DN80), CLASS 600, ASTM A105, BW FACING, API 6D",40141611,GEM-VALVE-GATE
CAN-001273,GATE_VALVE,80.0,"3""",DN80,600,ASTM A182 F316,RF,API 600,"VALVE, GATE, 3"" (DN80), CLASS 600, ASTM A182 F316, RF FACING, API 600",40141611,GEM-VALVE-GATE
CAN-001274,GATE_VALVE,80.0,"3""",DN80,600,ASTM A182 F316,RF,API 6D,"VALVE, GATE, 3"" (DN80), CLASS 600, ASTM A182 F316, RF FACING, API 6D",40141611,GEM-VALVE-GATE
CAN-001275,GATE_VALVE,80.0,"3""",DN80,600,ASTM A182 F316,BW,API 600,"VALVE, GATE, 3"" (DN80), CLASS 600, ASTM A182 F316, BW FACING, API 600",40141611,GEM-VALVE-GATE
CAN-001276,GATE_VALVE,80.0,"3""",DN80,600,ASTM A182 F316,BW,API 6D,"VALVE, GATE, 3"" (DN80), CLASS 600, ASTM A182 F316, BW FACING, API 6D",40141611,GEM-VALVE-GATE
CAN-001277,GATE_VALVE,80.0,"3""",DN80,900,ASTM A216 WCB,RF,API 600,"VALVE, GATE, 3"" (DN80), CLASS 900, ASTM A216 WCB, RF FACING, API 600",40141611,GEM-VALVE-GATE
CAN-001278,GATE_VALVE,80.0,"3""",DN80,900,ASTM A216 WCB,RF,API 6D,"VALVE, GATE, 3"" (DN80), CLASS 900, ASTM A216 WCB, RF FACING, API 6D",40141611,GEM-VALVE-GATE
CAN-001279,GATE_VALVE,80.0,"3""",DN80,900,ASTM A216 WCB,BW,API 600,"VALVE, GATE, 3"" (DN80), CLASS 900, ASTM A216 WCB, BW FACING, API 600",40141611,GEM-VALVE-GATE
CAN-001280,GATE_VALVE,80.0,"3""",DN80,900,ASTM A216 WCB,BW,API 6D,"VALVE, GATE, 3"" (DN80), CLASS 900, ASTM A216 WCB, BW FACING, API 6D",40141611,GEM-VALVE-GATE
CAN-001281,GATE_VALVE,80.0,"3""",DN80,900,ASTM A105,RF,API 600,"VALVE, GATE, 3"" (DN80), CLASS 900, ASTM A105, RF FACING, API 600",40141611,GEM-VALVE-GATE
CAN-001282,GATE_VALVE,80.0,"3""",DN80,900,ASTM A105,RF,API 6D,"VALVE, GATE, 3"" (DN80), CLASS 900, ASTM A105, RF FACING, API 6D",40141611,GEM-VALVE-GATE
CAN-001283,GATE_VALVE,80.0,"3""",DN80,900,ASTM A105,BW,API 600,"VALVE, GATE, 3"" (DN80), CLASS 900, ASTM A105, BW FACING, API 600",40141611,GEM-VALVE-GATE
CAN-001284,GATE_VALVE,80.0,"3""",DN80,900,ASTM A105,BW,API 6D,"VALVE, GATE, 3"" (DN80), CLASS 900, ASTM A105, BW FACING, API 6D",40141611,GEM-VALVE-GATE
CAN-001285,GATE_VALVE,80.0,"3""",DN80,900,ASTM A182 F316,RF,API 600,"VALVE, GATE, 3"" (DN80), CLASS 900, ASTM A182 F316, RF FACING, API 600",40141611,GEM-VALVE-GATE
CAN-001286,GATE_VALVE,80.0,"3""",DN80,900,ASTM A182 F316,RF,API 6D,"VALVE, GATE, 3"" (DN80), CLASS 900, ASTM A182 F316, RF FACING, API 6D",40141611,GEM-VALVE-GATE
CAN-001287,GATE_VALVE,80.0,"3""",DN80,900,ASTM A182 F316,BW,API 600,"VALVE, GATE, 3"" (DN80), CLASS 900, ASTM A182 F316, BW FACING, API 600",40141611,GEM-VALVE-GATE
CAN-001288,GATE_VALVE,80.0,"3""",DN80,900,ASTM A182 F316,BW,API 6D,"VALVE, GATE, 3"" (DN80), CLASS 900, ASTM A182 F316, BW FACING, API 6D",40141611,GEM-VALVE-GATE
CAN-001289,GATE_VALVE,80.0,"3""",DN80,1500,ASTM A216 WCB,RF,API 600,"VALVE, GATE, 3"" (DN80), CLASS 1500, ASTM A216 WCB, RF FACING, API 600",40141611,GEM-VALVE-GATE
CAN-001290,GATE_VALVE,80.0,"3""",DN80,1500,ASTM A216 WCB,RF,API 6D,"VALVE, GATE, 3"" (DN80), CLASS 1500, ASTM A216 WCB, RF FACING, API 6D",40141611,GEM-VALVE-GATE
CAN-001291,GATE_VALVE,80.0,"3""",DN80,1500,ASTM A216 WCB,BW,API 600,"VALVE, GATE, 3"" (DN80), CLASS 1500, ASTM A216 WCB, BW FACING, API 600",40141611,GEM-VALVE-GATE
CAN-001292,GATE_VALVE,80.0,"3""",DN80,1500,ASTM A216 WCB,BW,API 6D,"VALVE, GATE, 3"" (DN80), CLASS 1500, ASTM A216 WCB, BW FACING, API 6D",40141611,GEM-VALVE-GATE
CAN-001293,GATE_VALVE,80.0,"3""",DN80,1500,ASTM A105,RF,API 600,"VALVE, GATE, 3"" (DN80), CLASS 1500, ASTM A105, RF FACING, API 600",40141611,GEM-VALVE-GATE
CAN-001294,GATE_VALVE,80.0,"3""",DN80,1500,ASTM A105,RF,API 6D,"VALVE, GATE, 3"" (DN80), CLASS 1500, ASTM A105, RF FACING, API 6D",40141611,GEM-VALVE-GATE
CAN-001295,GATE_VALVE,80.0,"3""",DN80,1500,ASTM A105,BW,API 600,"VALVE, GATE, 3"" (DN80), CLASS 1500, ASTM A105, BW FACING, API 600",40141611,GEM-VALVE-GATE
CAN-001296,GATE_VALVE,80.0,"3""",DN80,1500,ASTM A105,BW,API 6D,"VALVE, GATE, 3"" (DN80), CLASS 1500, ASTM A105, BW FACING, API 6D",40141611,GEM-VALVE-GATE
CAN-001297,GATE_VALVE,80.0,"3""",DN80,1500,ASTM A182 F316,RF,API 600,"VALVE, GATE, 3"" (DN80), CLASS 1500, ASTM A182 F316, RF FACING, API 600",40141611,GEM-VALVE-GATE
CAN-001298,GATE_VALVE,80.0,"3""",DN80,1500,ASTM A182 F316,RF,API 6D,"VALVE, GATE, 3"" (DN80), CLASS 1500, ASTM A182 F316, RF FACING, API 6D",40141611,GEM-VALVE-GATE
CAN-001299,GATE_VALVE,80.0,"3""",DN80,1500,ASTM A182 F316,BW,API 600,"VALVE, GATE, 3"" (DN80), CLASS 1500, ASTM A182 F316, BW FACING, API 600",40141611,GEM-VALVE-GATE
CAN-001300,GATE_VALVE,80.0,"3""",DN80,1500,ASTM A182 F316,BW,API 6D,"VALVE, GATE, 3"" (DN80), CLASS 1500, ASTM A182 F316, BW FACING, API 6D",40141611,GEM-VALVE-GATE
CAN-001301,GATE_VALVE,100.0,"4""",DN100,150,ASTM A216 WCB,RF,API 600,"VALVE, GATE, 4"" (DN100), CLASS 150, ASTM A216 WCB, RF FACING, API 600",40141611,GEM-VALVE-GATE
CAN-001302,GATE_VALVE,100.0,"4""",DN100,150,ASTM A216 WCB,RF,API 6D,"VALVE, GATE, 4"" (DN100), CLASS 150, ASTM A216 WCB, RF FACING, API 6D",40141611,GEM-VALVE-GATE
CAN-001303,GATE_VALVE,100.0,"4""",DN100,150,ASTM A216 WCB,BW,API 600,"VALVE, GATE, 4"" (DN100), CLASS 150, ASTM A216 WCB, BW FACING, API 600",40141611,GEM-VALVE-GATE
CAN-001304,GATE_VALVE,100.0,"4""",DN100,150,ASTM A216 WCB,BW,API 6D,"VALVE, GATE, 4"" (DN100), CLASS 150, ASTM A216 WCB, BW FACING, API 6D",40141611,GEM-VALVE-GATE
CAN-001305,GATE_VALVE,100.0,"4""",DN100,150,ASTM A105,RF,API 600,"VALVE, GATE, 4"" (DN100), CLASS 150, ASTM A105, RF FACING, API 600",40141611,GEM-VALVE-GATE
CAN-001306,GATE_VALVE,100.0,"4""",DN100,150,ASTM A105,RF,API 6D,"VALVE, GATE, 4"" (DN100), CLASS 150, ASTM A105, RF FACING, API 6D",40141611,GEM-VALVE-GATE
CAN-001307,GATE_VALVE,100.0,"4""",DN100,150,ASTM A105,BW,API 600,"VALVE, GATE, 4"" (DN100), CLASS 150, ASTM A105, BW FACING, API 600",40141611,GEM-VALVE-GATE
CAN-001308,GATE_VALVE,100.0,"4""",DN100,150,ASTM A105,BW,API 6D,"VALVE, GATE, 4"" (DN100), CLASS 150, ASTM A105, BW FACING, API 6D",40141611,GEM-VALVE-GATE
CAN-001309,GATE_VALVE,100.0,"4""",DN100,150,ASTM A182 F316,RF,API 600,"VALVE, GATE, 4"" (DN100), CLASS 150, ASTM A182 F316, RF FACING, API 600",40141611,GEM-VALVE-GATE
CAN-001310,GATE_VALVE,100.0,"4""",DN100,150,ASTM A182 F316,RF,API 6D,"VALVE, GATE, 4"" (DN100), CLASS 150, ASTM A182 F316, RF FACING, API 6D",40141611,GEM-VALVE-GATE
CAN-001311,GATE_VALVE,100.0,"4""",DN100,150,ASTM A182 F316,BW,API 600,"VALVE, GATE, 4"" (DN100), CLASS 150, ASTM A182 F316, BW FACING, API 600",40141611,GEM-VALVE-GATE
CAN-001312,GATE_VALVE,100.0,"4""",DN100,150,ASTM A182 F316,BW,API 6D,"VALVE, GATE, 4"" (DN100), CLASS 150, ASTM A182 F316, BW FACING, API 6D",40141611,GEM-VALVE-GATE
CAN-001313,GATE_VALVE,100.0,"4""",DN100,300,ASTM A216 WCB,RF,API 600,"VALVE, GATE, 4"" (DN100), CLASS 300, ASTM A216 WCB, RF FACING, API 600",40141611,GEM-VALVE-GATE
CAN-001314,GATE_VALVE,100.0,"4""",DN100,300,ASTM A216 WCB,RF,API 6D,"VALVE, GATE, 4"" (DN100), CLASS 300, ASTM A216 WCB, RF FACING, API 6D",40141611,GEM-VALVE-GATE
CAN-001315,GATE_VALVE,100.0,"4""",DN100,300,ASTM A216 WCB,BW,API 600,"VALVE, GATE, 4"" (DN100), CLASS 300, ASTM A216 WCB, BW FACING, API 600",40141611,GEM-VALVE-GATE
CAN-001316,GATE_VALVE,100.0,"4""",DN100,300,ASTM A216 WCB,BW,API 6D,"VALVE, GATE, 4"" (DN100), CLASS 300, ASTM A216 WCB, BW FACING, API 6D",40141611,GEM-VALVE-GATE
CAN-001317,GATE_VALVE,100.0,"4""",DN100,300,ASTM A105,RF,API 600,"VALVE, GATE, 4"" (DN100), CLASS 300, ASTM A105, RF FACING, API 600",40141611,GEM-VALVE-GATE
CAN-001318,GATE_VALVE,100.0,"4""",DN100,300,ASTM A105,RF,API 6D,"VALVE, GATE, 4"" (DN100), CLASS 300, ASTM A105, RF FACING, API 6D",40141611,GEM-VALVE-GATE
CAN-001319,GATE_VALVE,100.0,"4""",DN100,300,ASTM A105,BW,API 600,"VALVE, GATE, 4"" (DN100), CLASS 300, ASTM A105, BW FACING, API 600",40141611,GEM-VALVE-GATE
CAN-001320,GATE_VALVE,100.0,"4""",DN100,300,ASTM A105,BW,API 6D,"VALVE, GATE, 4"" (DN100), CLASS 300, ASTM A105, BW FACING, API 6D",40141611,GEM-VALVE-GATE
CAN-001321,GATE_VALVE,100.0,"4""",DN100,300,ASTM A182 F316,RF,API 600,"VALVE, GATE, 4"" (DN100), CLASS 300, ASTM A182 F316, RF FACING, API 600",40141611,GEM-VALVE-GATE
CAN-001322,GATE_VALVE,100.0,"4""",DN100,300,ASTM A182 F316,RF,API 6D,"VALVE, GATE, 4"" (DN100), CLASS 300, ASTM A182 F316, RF FACING, API 6D",40141611,GEM-VALVE-GATE
CAN-001323,GATE_VALVE,100.0,"4""",DN100,300,ASTM A182 F316,BW,API 600,"VALVE, GATE, 4"" (DN100), CLASS 300, ASTM A182 F316, BW FACING, API 600",40141611,GEM-VALVE-GATE
CAN-001324,GATE_VALVE,100.0,"4""",DN100,300,ASTM A182 F316,BW,API 6D,"VALVE, GATE, 4"" (DN100), CLASS 300, ASTM A182 F316, BW FACING, API 6D",40141611,GEM-VALVE-GATE
CAN-001325,GATE_VALVE,100.0,"4""",DN100,600,ASTM A216 WCB,RF,API 600,"VALVE, GATE, 4"" (DN100), CLASS 600, ASTM A216 WCB, RF FACING, API 600",40141611,GEM-VALVE-GATE
CAN-001326,GATE_VALVE,100.0,"4""",DN100,600,ASTM A216 WCB,RF,API 6D,"VALVE, GATE, 4"" (DN100), CLASS 600, ASTM A216 WCB, RF FACING, API 6D",40141611,GEM-VALVE-GATE
CAN-001327,GATE_VALVE,100.0,"4""",DN100,600,ASTM A216 WCB,BW,API 600,"VALVE, GATE, 4"" (DN100), CLASS 600, ASTM A216 WCB, BW FACING, API 600",40141611,GEM-VALVE-GATE
CAN-001328,GATE_VALVE,100.0,"4""",DN100,600,ASTM A216 WCB,BW,API 6D,"VALVE, GATE, 4"" (DN100), CLASS 600, ASTM A216 WCB, BW FACING, API 6D",40141611,GEM-VALVE-GATE
CAN-001329,GATE_VALVE,100.0,"4""",DN100,600,ASTM A105,RF,API 600,"VALVE, GATE, 4"" (DN100), CLASS 600, ASTM A105, RF FACING, API 600",40141611,GEM-VALVE-GATE
CAN-001330,GATE_VALVE,100.0,"4""",DN100,600,ASTM A105,RF,API 6D,"VALVE, GATE, 4"" (DN100), CLASS 600, ASTM A105, RF FACING, API 6D",40141611,GEM-VALVE-GATE
CAN-001331,GATE_VALVE,100.0,"4""",DN100,600,ASTM A105,BW,API 600,"VALVE, GATE, 4"" (DN100), CLASS 600, ASTM A105, BW FACING, API 600",40141611,GEM-VALVE-GATE
CAN-001332,GATE_VALVE,100.0,"4""",DN100,600,ASTM A105,BW,API 6D,"VALVE, GATE, 4"" (DN100), CLASS 600, ASTM A105, BW FACING, API 6D",40141611,GEM-VALVE-GATE
CAN-001333,GATE_VALVE,100.0,"4""",DN100,600,ASTM A182 F316,RF,API 600,"VALVE, GATE, 4"" (DN100), CLASS 600, ASTM A182 F316, RF FACING, API 600",40141611,GEM-VALVE-GATE
CAN-001334,GATE_VALVE,100.0,"4""",DN100,600,ASTM A182 F316,RF,API 6D,"VALVE, GATE, 4"" (DN100), CLASS 600, ASTM A182 F316, RF FACING, API 6D",40141611,GEM-VALVE-GATE
CAN-001335,GATE_VALVE,100.0,"4""",DN100,600,ASTM A182 F316,BW,API 600,"VALVE, GATE, 4"" (DN100), CLASS 600, ASTM A182 F316, BW FACING, API 600",40141611,GEM-VALVE-GATE
CAN-001336,GATE_VALVE,100.0,"4""",DN100,600,ASTM A182 F316,BW,API 6D,"VALVE, GATE, 4"" (DN100), CLASS 600, ASTM A182 F316, BW FACING, API 6D",40141611,GEM-VALVE-GATE
CAN-001337,GATE_VALVE,100.0,"4""",DN100,900,ASTM A216 WCB,RF,API 600,"VALVE, GATE, 4"" (DN100), CLASS 900, ASTM A216 WCB, RF FACING, API 600",40141611,GEM-VALVE-GATE
CAN-001338,GATE_VALVE,100.0,"4""",DN100,900,ASTM A216 WCB,RF,API 6D,"VALVE, GATE, 4"" (DN100), CLASS 900, ASTM A216 WCB, RF FACING, API 6D",40141611,GEM-VALVE-GATE
CAN-001339,GATE_VALVE,100.0,"4""",DN100,900,ASTM A216 WCB,BW,API 600,"VALVE, GATE, 4"" (DN100), CLASS 900, ASTM A216 WCB, BW FACING, API 600",40141611,GEM-VALVE-GATE
CAN-001340,GATE_VALVE,100.0,"4""",DN100,900,ASTM A216 WCB,BW,API 6D,"VALVE, GATE, 4"" (DN100), CLASS 900, ASTM A216 WCB, BW FACING, API 6D",40141611,GEM-VALVE-GATE
CAN-001341,GATE_VALVE,100.0,"4""",DN100,900,ASTM A105,RF,API 600,"VALVE, GATE, 4"" (DN100), CLASS 900, ASTM A105, RF FACING, API 600",40141611,GEM-VALVE-GATE
CAN-001342,GATE_VALVE,100.0,"4""",DN100,900,ASTM A105,RF,API 6D,"VALVE, GATE, 4"" (DN100), CLASS 900, ASTM A105, RF FACING, API 6D",40141611,GEM-VALVE-GATE
CAN-001343,GATE_VALVE,100.0,"4""",DN100,900,ASTM A105,BW,API 600,"VALVE, GATE, 4"" (DN100), CLASS 900, ASTM A105, BW FACING, API 600",40141611,GEM-VALVE-GATE
CAN-001344,GATE_VALVE,100.0,"4""",DN100,900,ASTM A105,BW,API 6D,"VALVE, GATE, 4"" (DN100), CLASS 900, ASTM A105, BW FACING, API 6D",40141611,GEM-VALVE-GATE
CAN-001345,GATE_VALVE,100.0,"4""",DN100,900,ASTM A182 F316,RF,API 600,"VALVE, GATE, 4"" (DN100), CLASS 900, ASTM A182 F316, RF FACING, API 600",40141611,GEM-VALVE-GATE
CAN-001346,GATE_VALVE,100.0,"4""",DN100,900,ASTM A182 F316,RF,API 6D,"VALVE, GATE, 4"" (DN100), CLASS 900, ASTM A182 F316, RF FACING, API 6D",40141611,GEM-VALVE-GATE
CAN-001347,GATE_VALVE,100.0,"4""",DN100,900,ASTM A182 F316,BW,API 600,"VALVE, GATE, 4"" (DN100), CLASS 900, ASTM A182 F316, BW FACING, API 600",40141611,GEM-VALVE-GATE
CAN-001348,GATE_VALVE,100.0,"4""",DN100,900,ASTM A182 F316,BW,API 6D,"VALVE, GATE, 4"" (DN100), CLASS 900, ASTM A182 F316, BW FACING, API 6D",40141611,GEM-VALVE-GATE
CAN-001349,GATE_VALVE,100.0,"4""",DN100,1500,ASTM A216 WCB,RF,API 600,"VALVE, GATE, 4"" (DN100), CLASS 1500, ASTM A216 WCB, RF FACING, API 600",40141611,GEM-VALVE-GATE
CAN-001350,GATE_VALVE,100.0,"4""",DN100,1500,ASTM A216 WCB,RF,API 6D,"VALVE, GATE, 4"" (DN100), CLASS 1500, ASTM A216 WCB, RF FACING, API 6D",40141611,GEM-VALVE-GATE
CAN-001351,GATE_VALVE,100.0,"4""",DN100,1500,ASTM A216 WCB,BW,API 600,"VALVE, GATE, 4"" (DN100), CLASS 1500, ASTM A216 WCB, BW FACING, API 600",40141611,GEM-VALVE-GATE
CAN-001352,GATE_VALVE,100.0,"4""",DN100,1500,ASTM A216 WCB,BW,API 6D,"VALVE, GATE, 4"" (DN100), CLASS 1500, ASTM A216 WCB, BW FACING, API 6D",40141611,GEM-VALVE-GATE
CAN-001353,GATE_VALVE,100.0,"4""",DN100,1500,ASTM A105,RF,API 600,"VALVE, GATE, 4"" (DN100), CLASS 1500, ASTM A105, RF FACING, API 600",40141611,GEM-VALVE-GATE
CAN-001354,GATE_VALVE,100.0,"4""",DN100,1500,ASTM A105,RF,API 6D,"VALVE, GATE, 4"" (DN100), CLASS 1500, ASTM A105, RF FACING, API 6D",40141611,GEM-VALVE-GATE
CAN-001355,GATE_VALVE,100.0,"4""",DN100,1500,ASTM A105,BW,API 600,"VALVE, GATE, 4"" (DN100), CLASS 1500, ASTM A105, BW FACING, API 600",40141611,GEM-VALVE-GATE
CAN-001356,GATE_VALVE,100.0,"4""",DN100,1500,ASTM A105,BW,API 6D,"VALVE, GATE, 4"" (DN100), CLASS 1500, ASTM A105, BW FACING, API 6D",40141611,GEM-VALVE-GATE
CAN-001357,GATE_VALVE,100.0,"4""",DN100,1500,ASTM A182 F316,RF,API 600,"VALVE, GATE, 4"" (DN100), CLASS 1500, ASTM A182 F316, RF FACING, API 600",40141611,GEM-VALVE-GATE
CAN-001358,GATE_VALVE,100.0,"4""",DN100,1500,ASTM A182 F316,RF,API 6D,"VALVE, GATE, 4"" (DN100), CLASS 1500, ASTM A182 F316, RF FACING, API 6D",40141611,GEM-VALVE-GATE
CAN-001359,GATE_VALVE,100.0,"4""",DN100,1500,ASTM A182 F316,BW,API 600,"VALVE, GATE, 4"" (DN100), CLASS 1500, ASTM A182 F316, BW FACING, API 600",40141611,GEM-VALVE-GATE
CAN-001360,GATE_VALVE,100.0,"4""",DN100,1500,ASTM A182 F316,BW,API 6D,"VALVE, GATE, 4"" (DN100), CLASS 1500, ASTM A182 F316, BW FACING, API 6D",40141611,GEM-VALVE-GATE
CAN-001361,GATE_VALVE,150.0,"6""",DN150,150,ASTM A216 WCB,RF,API 600,"VALVE, GATE, 6"" (DN150), CLASS 150, ASTM A216 WCB, RF FACING, API 600",40141611,GEM-VALVE-GATE
CAN-001362,GATE_VALVE,150.0,"6""",DN150,150,ASTM A216 WCB,RF,API 6D,"VALVE, GATE, 6"" (DN150), CLASS 150, ASTM A216 WCB, RF FACING, API 6D",40141611,GEM-VALVE-GATE
CAN-001363,GATE_VALVE,150.0,"6""",DN150,150,ASTM A216 WCB,BW,API 600,"VALVE, GATE, 6"" (DN150), CLASS 150, ASTM A216 WCB, BW FACING, API 600",40141611,GEM-VALVE-GATE
CAN-001364,GATE_VALVE,150.0,"6""",DN150,150,ASTM A216 WCB,BW,API 6D,"VALVE, GATE, 6"" (DN150), CLASS 150, ASTM A216 WCB, BW FACING, API 6D",40141611,GEM-VALVE-GATE
CAN-001365,GATE_VALVE,150.0,"6""",DN150,150,ASTM A105,RF,API 600,"VALVE, GATE, 6"" (DN150), CLASS 150, ASTM A105, RF FACING, API 600",40141611,GEM-VALVE-GATE
CAN-001366,GATE_VALVE,150.0,"6""",DN150,150,ASTM A105,RF,API 6D,"VALVE, GATE, 6"" (DN150), CLASS 150, ASTM A105, RF FACING, API 6D",40141611,GEM-VALVE-GATE
CAN-001367,GATE_VALVE,150.0,"6""",DN150,150,ASTM A105,BW,API 600,"VALVE, GATE, 6"" (DN150), CLASS 150, ASTM A105, BW FACING, API 600",40141611,GEM-VALVE-GATE
CAN-001368,GATE_VALVE,150.0,"6""",DN150,150,ASTM A105,BW,API 6D,"VALVE, GATE, 6"" (DN150), CLASS 150, ASTM A105, BW FACING, API 6D",40141611,GEM-VALVE-GATE
CAN-001369,GATE_VALVE,150.0,"6""",DN150,150,ASTM A182 F316,RF,API 600,"VALVE, GATE, 6"" (DN150), CLASS 150, ASTM A182 F316, RF FACING, API 600",40141611,GEM-VALVE-GATE
CAN-001370,GATE_VALVE,150.0,"6""",DN150,150,ASTM A182 F316,RF,API 6D,"VALVE, GATE, 6"" (DN150), CLASS 150, ASTM A182 F316, RF FACING, API 6D",40141611,GEM-VALVE-GATE
CAN-001371,GATE_VALVE,150.0,"6""",DN150,150,ASTM A182 F316,BW,API 600,"VALVE, GATE, 6"" (DN150), CLASS 150, ASTM A182 F316, BW FACING, API 600",40141611,GEM-VALVE-GATE
CAN-001372,GATE_VALVE,150.0,"6""",DN150,150,ASTM A182 F316,BW,API 6D,"VALVE, GATE, 6"" (DN150), CLASS 150, ASTM A182 F316, BW FACING, API 6D",40141611,GEM-VALVE-GATE
CAN-001373,GATE_VALVE,150.0,"6""",DN150,300,ASTM A216 WCB,RF,API 600,"VALVE, GATE, 6"" (DN150), CLASS 300, ASTM A216 WCB, RF FACING, API 600",40141611,GEM-VALVE-GATE
CAN-001374,GATE_VALVE,150.0,"6""",DN150,300,ASTM A216 WCB,RF,API 6D,"VALVE, GATE, 6"" (DN150), CLASS 300, ASTM A216 WCB, RF FACING, API 6D",40141611,GEM-VALVE-GATE
CAN-001375,GATE_VALVE,150.0,"6""",DN150,300,ASTM A216 WCB,BW,API 600,"VALVE, GATE, 6"" (DN150), CLASS 300, ASTM A216 WCB, BW FACING, API 600",40141611,GEM-VALVE-GATE
CAN-001376,GATE_VALVE,150.0,"6""",DN150,300,ASTM A216 WCB,BW,API 6D,"VALVE, GATE, 6"" (DN150), CLASS 300, ASTM A216 WCB, BW FACING, API 6D",40141611,GEM-VALVE-GATE
CAN-001377,GATE_VALVE,150.0,"6""",DN150,300,ASTM A105,RF,API 600,"VALVE, GATE, 6"" (DN150), CLASS 300, ASTM A105, RF FACING, API 600",40141611,GEM-VALVE-GATE
CAN-001378,GATE_VALVE,150.0,"6""",DN150,300,ASTM A105,RF,API 6D,"VALVE, GATE, 6"" (DN150), CLASS 300, ASTM A105, RF FACING, API 6D",40141611,GEM-VALVE-GATE
CAN-001379,GATE_VALVE,150.0,"6""",DN150,300,ASTM A105,BW,API 600,"VALVE, GATE, 6"" (DN150), CLASS 300, ASTM A105, BW FACING, API 600",40141611,GEM-VALVE-GATE
CAN-001380,GATE_VALVE,150.0,"6""",DN150,300,ASTM A105,BW,API 6D,"VALVE, GATE, 6"" (DN150), CLASS 300, ASTM A105, BW FACING, API 6D",40141611,GEM-VALVE-GATE
CAN-001381,GATE_VALVE,150.0,"6""",DN150,300,ASTM A182 F316,RF,API 600,"VALVE, GATE, 6"" (DN150), CLASS 300, ASTM A182 F316, RF FACING, API 600",40141611,GEM-VALVE-GATE
CAN-001382,GATE_VALVE,150.0,"6""",DN150,300,ASTM A182 F316,RF,API 6D,"VALVE, GATE, 6"" (DN150), CLASS 300, ASTM A182 F316, RF FACING, API 6D",40141611,GEM-VALVE-GATE
CAN-001383,GATE_VALVE,150.0,"6""",DN150,300,ASTM A182 F316,BW,API 600,"VALVE, GATE, 6"" (DN150), CLASS 300, ASTM A182 F316, BW FACING, API 600",40141611,GEM-VALVE-GATE
CAN-001384,GATE_VALVE,150.0,"6""",DN150,300,ASTM A182 F316,BW,API 6D,"VALVE, GATE, 6"" (DN150), CLASS 300, ASTM A182 F316, BW FACING, API 6D",40141611,GEM-VALVE-GATE
CAN-001385,GATE_VALVE,150.0,"6""",DN150,600,ASTM A216 WCB,RF,API 600,"VALVE, GATE, 6"" (DN150), CLASS 600, ASTM A216 WCB, RF FACING, API 600",40141611,GEM-VALVE-GATE
CAN-001386,GATE_VALVE,150.0,"6""",DN150,600,ASTM A216 WCB,RF,API 6D,"VALVE, GATE, 6"" (DN150), CLASS 600, ASTM A216 WCB, RF FACING, API 6D",40141611,GEM-VALVE-GATE
CAN-001387,GATE_VALVE,150.0,"6""",DN150,600,ASTM A216 WCB,BW,API 600,"VALVE, GATE, 6"" (DN150), CLASS 600, ASTM A216 WCB, BW FACING, API 600",40141611,GEM-VALVE-GATE
CAN-001388,GATE_VALVE,150.0,"6""",DN150,600,ASTM A216 WCB,BW,API 6D,"VALVE, GATE, 6"" (DN150), CLASS 600, ASTM A216 WCB, BW FACING, API 6D",40141611,GEM-VALVE-GATE
CAN-001389,GATE_VALVE,150.0,"6""",DN150,600,ASTM A105,RF,API 600,"VALVE, GATE, 6"" (DN150), CLASS 600, ASTM A105, RF FACING, API 600",40141611,GEM-VALVE-GATE
CAN-001390,GATE_VALVE,150.0,"6""",DN150,600,ASTM A105,RF,API 6D,"VALVE, GATE, 6"" (DN150), CLASS 600, ASTM A105, RF FACING, API 6D",40141611,GEM-VALVE-GATE
CAN-001391,GATE_VALVE,150.0,"6""",DN150,600,ASTM A105,BW,API 600,"VALVE, GATE, 6"" (DN150), CLASS 600, ASTM A105, BW FACING, API 600",40141611,GEM-VALVE-GATE
CAN-001392,GATE_VALVE,150.0,"6""",DN150,600,ASTM A105,BW,API 6D,"VALVE, GATE, 6"" (DN150), CLASS 600, ASTM A105, BW FACING, API 6D",40141611,GEM-VALVE-GATE
CAN-001393,GATE_VALVE,150.0,"6""",DN150,600,ASTM A182 F316,RF,API 600,"VALVE, GATE, 6"" (DN150), CLASS 600, ASTM A182 F316, RF FACING, API 600",40141611,GEM-VALVE-GATE
CAN-001394,GATE_VALVE,150.0,"6""",DN150,600,ASTM A182 F316,RF,API 6D,"VALVE, GATE, 6"" (DN150), CLASS 600, ASTM A182 F316, RF FACING, API 6D",40141611,GEM-VALVE-GATE
CAN-001395,GATE_VALVE,150.0,"6""",DN150,600,ASTM A182 F316,BW,API 600,"VALVE, GATE, 6"" (DN150), CLASS 600, ASTM A182 F316, BW FACING, API 600",40141611,GEM-VALVE-GATE
CAN-001396,GATE_VALVE,150.0,"6""",DN150,600,ASTM A182 F316,BW,API 6D,"VALVE, GATE, 6"" (DN150), CLASS 600, ASTM A182 F316, BW FACING, API 6D",40141611,GEM-VALVE-GATE
CAN-001397,GATE_VALVE,150.0,"6""",DN150,900,ASTM A216 WCB,RF,API 600,"VALVE, GATE, 6"" (DN150), CLASS 900, ASTM A216 WCB, RF FACING, API 600",40141611,GEM-VALVE-GATE
CAN-001398,GATE_VALVE,150.0,"6""",DN150,900,ASTM A216 WCB,RF,API 6D,"VALVE, GATE, 6"" (DN150), CLASS 900, ASTM A216 WCB, RF FACING, API 6D",40141611,GEM-VALVE-GATE
CAN-001399,GATE_VALVE,150.0,"6""",DN150,900,ASTM A216 WCB,BW,API 600,"VALVE, GATE, 6"" (DN150), CLASS 900, ASTM A216 WCB, BW FACING, API 600",40141611,GEM-VALVE-GATE
CAN-001400,GATE_VALVE,150.0,"6""",DN150,900,ASTM A216 WCB,BW,API 6D,"VALVE, GATE, 6"" (DN150), CLASS 900, ASTM A216 WCB, BW FACING, API 6D",40141611,GEM-VALVE-GATE
CAN-001401,GATE_VALVE,150.0,"6""",DN150,900,ASTM A105,RF,API 600,"VALVE, GATE, 6"" (DN150), CLASS 900, ASTM A105, RF FACING, API 600",40141611,GEM-VALVE-GATE
CAN-001402,GATE_VALVE,150.0,"6""",DN150,900,ASTM A105,RF,API 6D,"VALVE, GATE, 6"" (DN150), CLASS 900, ASTM A105, RF FACING, API 6D",40141611,GEM-VALVE-GATE
CAN-001403,GATE_VALVE,150.0,"6""",DN150,900,ASTM A105,BW,API 600,"VALVE, GATE, 6"" (DN150), CLASS 900, ASTM A105, BW FACING, API 600",40141611,GEM-VALVE-GATE
CAN-001404,GATE_VALVE,150.0,"6""",DN150,900,ASTM A105,BW,API 6D,"VALVE, GATE, 6"" (DN150), CLASS 900, ASTM A105, BW FACING, API 6D",40141611,GEM-VALVE-GATE
CAN-001405,GATE_VALVE,150.0,"6""",DN150,900,ASTM A182 F316,RF,API 600,"VALVE, GATE, 6"" (DN150), CLASS 900, ASTM A182 F316, RF FACING, API 600",40141611,GEM-VALVE-GATE
CAN-001406,GATE_VALVE,150.0,"6""",DN150,900,ASTM A182 F316,RF,API 6D,"VALVE, GATE, 6"" (DN150), CLASS 900, ASTM A182 F316, RF FACING, API 6D",40141611,GEM-VALVE-GATE
CAN-001407,GATE_VALVE,150.0,"6""",DN150,900,ASTM A182 F316,BW,API 600,"VALVE, GATE, 6"" (DN150), CLASS 900, ASTM A182 F316, BW FACING, API 600",40141611,GEM-VALVE-GATE
CAN-001408,GATE_VALVE,150.0,"6""",DN150,900,ASTM A182 F316,BW,API 6D,"VALVE, GATE, 6"" (DN150), CLASS 900, ASTM A182 F316, BW FACING, API 6D",40141611,GEM-VALVE-GATE
CAN-001409,GATE_VALVE,150.0,"6""",DN150,1500,ASTM A216 WCB,RF,API 600,"VALVE, GATE, 6"" (DN150), CLASS 1500, ASTM A216 WCB, RF FACING, API 600",40141611,GEM-VALVE-GATE
CAN-001410,GATE_VALVE,150.0,"6""",DN150,1500,ASTM A216 WCB,RF,API 6D,"VALVE, GATE, 6"" (DN150), CLASS 1500, ASTM A216 WCB, RF FACING, API 6D",40141611,GEM-VALVE-GATE
CAN-001411,GATE_VALVE,150.0,"6""",DN150,1500,ASTM A216 WCB,BW,API 600,"VALVE, GATE, 6"" (DN150), CLASS 1500, ASTM A216 WCB, BW FACING, API 600",40141611,GEM-VALVE-GATE
CAN-001412,GATE_VALVE,150.0,"6""",DN150,1500,ASTM A216 WCB,BW,API 6D,"VALVE, GATE, 6"" (DN150), CLASS 1500, ASTM A216 WCB, BW FACING, API 6D",40141611,GEM-VALVE-GATE
CAN-001413,GATE_VALVE,150.0,"6""",DN150,1500,ASTM A105,RF,API 600,"VALVE, GATE, 6"" (DN150), CLASS 1500, ASTM A105, RF FACING, API 600",40141611,GEM-VALVE-GATE
CAN-001414,GATE_VALVE,150.0,"6""",DN150,1500,ASTM A105,RF,API 6D,"VALVE, GATE, 6"" (DN150), CLASS 1500, ASTM A105, RF FACING, API 6D",40141611,GEM-VALVE-GATE
CAN-001415,GATE_VALVE,150.0,"6""",DN150,1500,ASTM A105,BW,API 600,"VALVE, GATE, 6"" (DN150), CLASS 1500, ASTM A105, BW FACING, API 600",40141611,GEM-VALVE-GATE
CAN-001416,GATE_VALVE,150.0,"6""",DN150,1500,ASTM A105,BW,API 6D,"VALVE, GATE, 6"" (DN150), CLASS 1500, ASTM A105, BW FACING, API 6D",40141611,GEM-VALVE-GATE
CAN-001417,GATE_VALVE,150.0,"6""",DN150,1500,ASTM A182 F316,RF,API 600,"VALVE, GATE, 6"" (DN150), CLASS 1500, ASTM A182 F316, RF FACING, API 600",40141611,GEM-VALVE-GATE
CAN-001418,GATE_VALVE,150.0,"6""",DN150,1500,ASTM A182 F316,RF,API 6D,"VALVE, GATE, 6"" (DN150), CLASS 1500, ASTM A182 F316, RF FACING, API 6D",40141611,GEM-VALVE-GATE
CAN-001419,GATE_VALVE,150.0,"6""",DN150,1500,ASTM A182 F316,BW,API 600,"VALVE, GATE, 6"" (DN150), CLASS 1500, ASTM A182 F316, BW FACING, API 600",40141611,GEM-VALVE-GATE
CAN-001420,GATE_VALVE,150.0,"6""",DN150,1500,ASTM A182 F316,BW,API 6D,"VALVE, GATE, 6"" (DN150), CLASS 1500, ASTM A182 F316, BW FACING, API 6D",40141611,GEM-VALVE-GATE
CAN-001421,GATE_VALVE,200.0,"8""",DN200,150,ASTM A216 WCB,RF,API 600,"VALVE, GATE, 8"" (DN200), CLASS 150, ASTM A216 WCB, RF FACING, API 600",40141611,GEM-VALVE-GATE
CAN-001422,GATE_VALVE,200.0,"8""",DN200,150,ASTM A216 WCB,RF,API 6D,"VALVE, GATE, 8"" (DN200), CLASS 150, ASTM A216 WCB, RF FACING, API 6D",40141611,GEM-VALVE-GATE
CAN-001423,GATE_VALVE,200.0,"8""",DN200,150,ASTM A216 WCB,BW,API 600,"VALVE, GATE, 8"" (DN200), CLASS 150, ASTM A216 WCB, BW FACING, API 600",40141611,GEM-VALVE-GATE
CAN-001424,GATE_VALVE,200.0,"8""",DN200,150,ASTM A216 WCB,BW,API 6D,"VALVE, GATE, 8"" (DN200), CLASS 150, ASTM A216 WCB, BW FACING, API 6D",40141611,GEM-VALVE-GATE
CAN-001425,GATE_VALVE,200.0,"8""",DN200,150,ASTM A105,RF,API 600,"VALVE, GATE, 8"" (DN200), CLASS 150, ASTM A105, RF FACING, API 600",40141611,GEM-VALVE-GATE
CAN-001426,GATE_VALVE,200.0,"8""",DN200,150,ASTM A105,RF,API 6D,"VALVE, GATE, 8"" (DN200), CLASS 150, ASTM A105, RF FACING, API 6D",40141611,GEM-VALVE-GATE
CAN-001427,GATE_VALVE,200.0,"8""",DN200,150,ASTM A105,BW,API 600,"VALVE, GATE, 8"" (DN200), CLASS 150, ASTM A105, BW FACING, API 600",40141611,GEM-VALVE-GATE
CAN-001428,GATE_VALVE,200.0,"8""",DN200,150,ASTM A105,BW,API 6D,"VALVE, GATE, 8"" (DN200), CLASS 150, ASTM A105, BW FACING, API 6D",40141611,GEM-VALVE-GATE
CAN-001429,GATE_VALVE,200.0,"8""",DN200,150,ASTM A182 F316,RF,API 600,"VALVE, GATE, 8"" (DN200), CLASS 150, ASTM A182 F316, RF FACING, API 600",40141611,GEM-VALVE-GATE
CAN-001430,GATE_VALVE,200.0,"8""",DN200,150,ASTM A182 F316,RF,API 6D,"VALVE, GATE, 8"" (DN200), CLASS 150, ASTM A182 F316, RF FACING, API 6D",40141611,GEM-VALVE-GATE
CAN-001431,GATE_VALVE,200.0,"8""",DN200,150,ASTM A182 F316,BW,API 600,"VALVE, GATE, 8"" (DN200), CLASS 150, ASTM A182 F316, BW FACING, API 600",40141611,GEM-VALVE-GATE
CAN-001432,GATE_VALVE,200.0,"8""",DN200,150,ASTM A182 F316,BW,API 6D,"VALVE, GATE, 8"" (DN200), CLASS 150, ASTM A182 F316, BW FACING, API 6D",40141611,GEM-VALVE-GATE
CAN-001433,GATE_VALVE,200.0,"8""",DN200,300,ASTM A216 WCB,RF,API 600,"VALVE, GATE, 8"" (DN200), CLASS 300, ASTM A216 WCB, RF FACING, API 600",40141611,GEM-VALVE-GATE
CAN-001434,GATE_VALVE,200.0,"8""",DN200,300,ASTM A216 WCB,RF,API 6D,"VALVE, GATE, 8"" (DN200), CLASS 300, ASTM A216 WCB, RF FACING, API 6D",40141611,GEM-VALVE-GATE
CAN-001435,GATE_VALVE,200.0,"8""",DN200,300,ASTM A216 WCB,BW,API 600,"VALVE, GATE, 8"" (DN200), CLASS 300, ASTM A216 WCB, BW FACING, API 600",40141611,GEM-VALVE-GATE
CAN-001436,GATE_VALVE,200.0,"8""",DN200,300,ASTM A216 WCB,BW,API 6D,"VALVE, GATE, 8"" (DN200), CLASS 300, ASTM A216 WCB, BW FACING, API 6D",40141611,GEM-VALVE-GATE
CAN-001437,GATE_VALVE,200.0,"8""",DN200,300,ASTM A105,RF,API 600,"VALVE, GATE, 8"" (DN200), CLASS 300, ASTM A105, RF FACING, API 600",40141611,GEM-VALVE-GATE
CAN-001438,GATE_VALVE,200.0,"8""",DN200,300,ASTM A105,RF,API 6D,"VALVE, GATE, 8"" (DN200), CLASS 300, ASTM A105, RF FACING, API 6D",40141611,GEM-VALVE-GATE
CAN-001439,GATE_VALVE,200.0,"8""",DN200,300,ASTM A105,BW,API 600,"VALVE, GATE, 8"" (DN200), CLASS 300, ASTM A105, BW FACING, API 600",40141611,GEM-VALVE-GATE
CAN-001440,GATE_VALVE,200.0,"8""",DN200,300,ASTM A105,BW,API 6D,"VALVE, GATE, 8"" (DN200), CLASS 300, ASTM A105, BW FACING, API 6D",40141611,GEM-VALVE-GATE
CAN-001441,GATE_VALVE,200.0,"8""",DN200,300,ASTM A182 F316,RF,API 600,"VALVE, GATE, 8"" (DN200), CLASS 300, ASTM A182 F316, RF FACING, API 600",40141611,GEM-VALVE-GATE
CAN-001442,GATE_VALVE,200.0,"8""",DN200,300,ASTM A182 F316,RF,API 6D,"VALVE, GATE, 8"" (DN200), CLASS 300, ASTM A182 F316, RF FACING, API 6D",40141611,GEM-VALVE-GATE
CAN-001443,GATE_VALVE,200.0,"8""",DN200,300,ASTM A182 F316,BW,API 600,"VALVE, GATE, 8"" (DN200), CLASS 300, ASTM A182 F316, BW FACING, API 600",40141611,GEM-VALVE-GATE
CAN-001444,GATE_VALVE,200.0,"8""",DN200,300,ASTM A182 F316,BW,API 6D,"VALVE, GATE, 8"" (DN200), CLASS 300, ASTM A182 F316, BW FACING, API 6D",40141611,GEM-VALVE-GATE
CAN-001445,GATE_VALVE,200.0,"8""",DN200,600,ASTM A216 WCB,RF,API 600,"VALVE, GATE, 8"" (DN200), CLASS 600, ASTM A216 WCB, RF FACING, API 600",40141611,GEM-VALVE-GATE
CAN-001446,GATE_VALVE,200.0,"8""",DN200,600,ASTM A216 WCB,RF,API 6D,"VALVE, GATE, 8"" (DN200), CLASS 600, ASTM A216 WCB, RF FACING, API 6D",40141611,GEM-VALVE-GATE
CAN-001447,GATE_VALVE,200.0,"8""",DN200,600,ASTM A216 WCB,BW,API 600,"VALVE, GATE, 8"" (DN200), CLASS 600, ASTM A216 WCB, BW FACING, API 600",40141611,GEM-VALVE-GATE
CAN-001448,GATE_VALVE,200.0,"8""",DN200,600,ASTM A216 WCB,BW,API 6D,"VALVE, GATE, 8"" (DN200), CLASS 600, ASTM A216 WCB, BW FACING, API 6D",40141611,GEM-VALVE-GATE
CAN-001449,GATE_VALVE,200.0,"8""",DN200,600,ASTM A105,RF,API 600,"VALVE, GATE, 8"" (DN200), CLASS 600, ASTM A105, RF FACING, API 600",40141611,GEM-VALVE-GATE
CAN-001450,GATE_VALVE,200.0,"8""",DN200,600,ASTM A105,RF,API 6D,"VALVE, GATE, 8"" (DN200), CLASS 600, ASTM A105, RF FACING, API 6D",40141611,GEM-VALVE-GATE
CAN-001451,GATE_VALVE,200.0,"8""",DN200,600,ASTM A105,BW,API 600,"VALVE, GATE, 8"" (DN200), CLASS 600, ASTM A105, BW FACING, API 600",40141611,GEM-VALVE-GATE
CAN-001452,GATE_VALVE,200.0,"8""",DN200,600,ASTM A105,BW,API 6D,"VALVE, GATE, 8"" (DN200), CLASS 600, ASTM A105, BW FACING, API 6D",40141611,GEM-VALVE-GATE
CAN-001453,GATE_VALVE,200.0,"8""",DN200,600,ASTM A182 F316,RF,API 600,"VALVE, GATE, 8"" (DN200), CLASS 600, ASTM A182 F316, RF FACING, API 600",40141611,GEM-VALVE-GATE
CAN-001454,GATE_VALVE,200.0,"8""",DN200,600,ASTM A182 F316,RF,API 6D,"VALVE, GATE, 8"" (DN200), CLASS 600, ASTM A182 F316, RF FACING, API 6D",40141611,GEM-VALVE-GATE
CAN-001455,GATE_VALVE,200.0,"8""",DN200,600,ASTM A182 F316,BW,API 600,"VALVE, GATE, 8"" (DN200), CLASS 600, ASTM A182 F316, BW FACING, API 600",40141611,GEM-VALVE-GATE
CAN-001456,GATE_VALVE,200.0,"8""",DN200,600,ASTM A182 F316,BW,API 6D,"VALVE, GATE, 8"" (DN200), CLASS 600, ASTM A182 F316, BW FACING, API 6D",40141611,GEM-VALVE-GATE
CAN-001457,GATE_VALVE,200.0,"8""",DN200,900,ASTM A216 WCB,RF,API 600,"VALVE, GATE, 8"" (DN200), CLASS 900, ASTM A216 WCB, RF FACING, API 600",40141611,GEM-VALVE-GATE
CAN-001458,GATE_VALVE,200.0,"8""",DN200,900,ASTM A216 WCB,RF,API 6D,"VALVE, GATE, 8"" (DN200), CLASS 900, ASTM A216 WCB, RF FACING, API 6D",40141611,GEM-VALVE-GATE
CAN-001459,GATE_VALVE,200.0,"8""",DN200,900,ASTM A216 WCB,BW,API 600,"VALVE, GATE, 8"" (DN200), CLASS 900, ASTM A216 WCB, BW FACING, API 600",40141611,GEM-VALVE-GATE
CAN-001460,GATE_VALVE,200.0,"8""",DN200,900,ASTM A216 WCB,BW,API 6D,"VALVE, GATE, 8"" (DN200), CLASS 900, ASTM A216 WCB, BW FACING, API 6D",40141611,GEM-VALVE-GATE
CAN-001461,GATE_VALVE,200.0,"8""",DN200,900,ASTM A105,RF,API 600,"VALVE, GATE, 8"" (DN200), CLASS 900, ASTM A105, RF FACING, API 600",40141611,GEM-VALVE-GATE
CAN-001462,GATE_VALVE,200.0,"8""",DN200,900,ASTM A105,RF,API 6D,"VALVE, GATE, 8"" (DN200), CLASS 900, ASTM A105, RF FACING, API 6D",40141611,GEM-VALVE-GATE
CAN-001463,GATE_VALVE,200.0,"8""",DN200,900,ASTM A105,BW,API 600,"VALVE, GATE, 8"" (DN200), CLASS 900, ASTM A105, BW FACING, API 600",40141611,GEM-VALVE-GATE
CAN-001464,GATE_VALVE,200.0,"8""",DN200,900,ASTM A105,BW,API 6D,"VALVE, GATE, 8"" (DN200), CLASS 900, ASTM A105, BW FACING, API 6D",40141611,GEM-VALVE-GATE
CAN-001465,GATE_VALVE,200.0,"8""",DN200,900,ASTM A182 F316,RF,API 600,"VALVE, GATE, 8"" (DN200), CLASS 900, ASTM A182 F316, RF FACING, API 600",40141611,GEM-VALVE-GATE
CAN-001466,GATE_VALVE,200.0,"8""",DN200,900,ASTM A182 F316,RF,API 6D,"VALVE, GATE, 8"" (DN200), CLASS 900, ASTM A182 F316, RF FACING, API 6D",40141611,GEM-VALVE-GATE
CAN-001467,GATE_VALVE,200.0,"8""",DN200,900,ASTM A182 F316,BW,API 600,"VALVE, GATE, 8"" (DN200), CLASS 900, ASTM A182 F316, BW FACING, API 600",40141611,GEM-VALVE-GATE
CAN-001468,GATE_VALVE,200.0,"8""",DN200,900,ASTM A182 F316,BW,API 6D,"VALVE, GATE, 8"" (DN200), CLASS 900, ASTM A182 F316, BW FACING, API 6D",40141611,GEM-VALVE-GATE
CAN-001469,GATE_VALVE,200.0,"8""",DN200,1500,ASTM A216 WCB,RF,API 600,"VALVE, GATE, 8"" (DN200), CLASS 1500, ASTM A216 WCB, RF FACING, API 600",40141611,GEM-VALVE-GATE
CAN-001470,GATE_VALVE,200.0,"8""",DN200,1500,ASTM A216 WCB,RF,API 6D,"VALVE, GATE, 8"" (DN200), CLASS 1500, ASTM A216 WCB, RF FACING, API 6D",40141611,GEM-VALVE-GATE
CAN-001471,GATE_VALVE,200.0,"8""",DN200,1500,ASTM A216 WCB,BW,API 600,"VALVE, GATE, 8"" (DN200), CLASS 1500, ASTM A216 WCB, BW FACING, API 600",40141611,GEM-VALVE-GATE
CAN-001472,GATE_VALVE,200.0,"8""",DN200,1500,ASTM A216 WCB,BW,API 6D,"VALVE, GATE, 8"" (DN200), CLASS 1500, ASTM A216 WCB, BW FACING, API 6D",40141611,GEM-VALVE-GATE
CAN-001473,GATE_VALVE,200.0,"8""",DN200,1500,ASTM A105,RF,API 600,"VALVE, GATE, 8"" (DN200), CLASS 1500, ASTM A105, RF FACING, API 600",40141611,GEM-VALVE-GATE
CAN-001474,GATE_VALVE,200.0,"8""",DN200,1500,ASTM A105,RF,API 6D,"VALVE, GATE, 8"" (DN200), CLASS 1500, ASTM A105, RF FACING, API 6D",40141611,GEM-VALVE-GATE
CAN-001475,GATE_VALVE,200.0,"8""",DN200,1500,ASTM A105,BW,API 600,"VALVE, GATE, 8"" (DN200), CLASS 1500, ASTM A105, BW FACING, API 600",40141611,GEM-VALVE-GATE
CAN-001476,GATE_VALVE,200.0,"8""",DN200,1500,ASTM A105,BW,API 6D,"VALVE, GATE, 8"" (DN200), CLASS 1500, ASTM A105, BW FACING, API 6D",40141611,GEM-VALVE-GATE
CAN-001477,GATE_VALVE,200.0,"8""",DN200,1500,ASTM A182 F316,RF,API 600,"VALVE, GATE, 8"" (DN200), CLASS 1500, ASTM A182 F316, RF FACING, API 600",40141611,GEM-VALVE-GATE
CAN-001478,GATE_VALVE,200.0,"8""",DN200,1500,ASTM A182 F316,RF,API 6D,"VALVE, GATE, 8"" (DN200), CLASS 1500, ASTM A182 F316, RF FACING, API 6D",40141611,GEM-VALVE-GATE
CAN-001479,GATE_VALVE,200.0,"8""",DN200,1500,ASTM A182 F316,BW,API 600,"VALVE, GATE, 8"" (DN200), CLASS 1500, ASTM A182 F316, BW FACING, API 600",40141611,GEM-VALVE-GATE
CAN-001480,GATE_VALVE,200.0,"8""",DN200,1500,ASTM A182 F316,BW,API 6D,"VALVE, GATE, 8"" (DN200), CLASS 1500, ASTM A182 F316, BW FACING, API 6D",40141611,GEM-VALVE-GATE
CAN-001481,GATE_VALVE,250.0,"10""",DN250,150,ASTM A216 WCB,RF,API 600,"VALVE, GATE, 10"" (DN250), CLASS 150, ASTM A216 WCB, RF FACING, API 600",40141611,GEM-VALVE-GATE
CAN-001482,GATE_VALVE,250.0,"10""",DN250,150,ASTM A216 WCB,RF,API 6D,"VALVE, GATE, 10"" (DN250), CLASS 150, ASTM A216 WCB, RF FACING, API 6D",40141611,GEM-VALVE-GATE
CAN-001483,GATE_VALVE,250.0,"10""",DN250,150,ASTM A216 WCB,BW,API 600,"VALVE, GATE, 10"" (DN250), CLASS 150, ASTM A216 WCB, BW FACING, API 600",40141611,GEM-VALVE-GATE
CAN-001484,GATE_VALVE,250.0,"10""",DN250,150,ASTM A216 WCB,BW,API 6D,"VALVE, GATE, 10"" (DN250), CLASS 150, ASTM A216 WCB, BW FACING, API 6D",40141611,GEM-VALVE-GATE
CAN-001485,GATE_VALVE,250.0,"10""",DN250,150,ASTM A105,RF,API 600,"VALVE, GATE, 10"" (DN250), CLASS 150, ASTM A105, RF FACING, API 600",40141611,GEM-VALVE-GATE
CAN-001486,GATE_VALVE,250.0,"10""",DN250,150,ASTM A105,RF,API 6D,"VALVE, GATE, 10"" (DN250), CLASS 150, ASTM A105, RF FACING, API 6D",40141611,GEM-VALVE-GATE
CAN-001487,GATE_VALVE,250.0,"10""",DN250,150,ASTM A105,BW,API 600,"VALVE, GATE, 10"" (DN250), CLASS 150, ASTM A105, BW FACING, API 600",40141611,GEM-VALVE-GATE
CAN-001488,GATE_VALVE,250.0,"10""",DN250,150,ASTM A105,BW,API 6D,"VALVE, GATE, 10"" (DN250), CLASS 150, ASTM A105, BW FACING, API 6D",40141611,GEM-VALVE-GATE
CAN-001489,GATE_VALVE,250.0,"10""",DN250,150,ASTM A182 F316,RF,API 600,"VALVE, GATE, 10"" (DN250), CLASS 150, ASTM A182 F316, RF FACING, API 600",40141611,GEM-VALVE-GATE
CAN-001490,GATE_VALVE,250.0,"10""",DN250,150,ASTM A182 F316,RF,API 6D,"VALVE, GATE, 10"" (DN250), CLASS 150, ASTM A182 F316, RF FACING, API 6D",40141611,GEM-VALVE-GATE
CAN-001491,GATE_VALVE,250.0,"10""",DN250,150,ASTM A182 F316,BW,API 600,"VALVE, GATE, 10"" (DN250), CLASS 150, ASTM A182 F316, BW FACING, API 600",40141611,GEM-VALVE-GATE
CAN-001492,GATE_VALVE,250.0,"10""",DN250,150,ASTM A182 F316,BW,API 6D,"VALVE, GATE, 10"" (DN250), CLASS 150, ASTM A182 F316, BW FACING, API 6D",40141611,GEM-VALVE-GATE
CAN-001493,GATE_VALVE,250.0,"10""",DN250,300,ASTM A216 WCB,RF,API 600,"VALVE, GATE, 10"" (DN250), CLASS 300, ASTM A216 WCB, RF FACING, API 600",40141611,GEM-VALVE-GATE
CAN-001494,GATE_VALVE,250.0,"10""",DN250,300,ASTM A216 WCB,RF,API 6D,"VALVE, GATE, 10"" (DN250), CLASS 300, ASTM A216 WCB, RF FACING, API 6D",40141611,GEM-VALVE-GATE
CAN-001495,GATE_VALVE,250.0,"10""",DN250,300,ASTM A216 WCB,BW,API 600,"VALVE, GATE, 10"" (DN250), CLASS 300, ASTM A216 WCB, BW FACING, API 600",40141611,GEM-VALVE-GATE
CAN-001496,GATE_VALVE,250.0,"10""",DN250,300,ASTM A216 WCB,BW,API 6D,"VALVE, GATE, 10"" (DN250), CLASS 300, ASTM A216 WCB, BW FACING, API 6D",40141611,GEM-VALVE-GATE
CAN-001497,GATE_VALVE,250.0,"10""",DN250,300,ASTM A105,RF,API 600,"VALVE, GATE, 10"" (DN250), CLASS 300, ASTM A105, RF FACING, API 600",40141611,GEM-VALVE-GATE
CAN-001498,GATE_VALVE,250.0,"10""",DN250,300,ASTM A105,RF,API 6D,"VALVE, GATE, 10"" (DN250), CLASS 300, ASTM A105, RF FACING, API 6D",40141611,GEM-VALVE-GATE
CAN-001499,GATE_VALVE,250.0,"10""",DN250,300,ASTM A105,BW,API 600,"VALVE, GATE, 10"" (DN250), CLASS 300, ASTM A105, BW FACING, API 600",40141611,GEM-VALVE-GATE
CAN-001500,GATE_VALVE,250.0,"10""",DN250,300,ASTM A105,BW,API 6D,"VALVE, GATE, 10"" (DN250), CLASS 300, ASTM A105, BW FACING, API 6D",40141611,GEM-VALVE-GATE
CAN-001501,GATE_VALVE,250.0,"10""",DN250,300,ASTM A182 F316,RF,API 600,"VALVE, GATE, 10"" (DN250), CLASS 300, ASTM A182 F316, RF FACING, API 600",40141611,GEM-VALVE-GATE
CAN-001502,GATE_VALVE,250.0,"10""",DN250,300,ASTM A182 F316,RF,API 6D,"VALVE, GATE, 10"" (DN250), CLASS 300, ASTM A182 F316, RF FACING, API 6D",40141611,GEM-VALVE-GATE
CAN-001503,GATE_VALVE,250.0,"10""",DN250,300,ASTM A182 F316,BW,API 600,"VALVE, GATE, 10"" (DN250), CLASS 300, ASTM A182 F316, BW FACING, API 600",40141611,GEM-VALVE-GATE
CAN-001504,GATE_VALVE,250.0,"10""",DN250,300,ASTM A182 F316,BW,API 6D,"VALVE, GATE, 10"" (DN250), CLASS 300, ASTM A182 F316, BW FACING, API 6D",40141611,GEM-VALVE-GATE
CAN-001505,GATE_VALVE,250.0,"10""",DN250,600,ASTM A216 WCB,RF,API 600,"VALVE, GATE, 10"" (DN250), CLASS 600, ASTM A216 WCB, RF FACING, API 600",40141611,GEM-VALVE-GATE
CAN-001506,GATE_VALVE,250.0,"10""",DN250,600,ASTM A216 WCB,RF,API 6D,"VALVE, GATE, 10"" (DN250), CLASS 600, ASTM A216 WCB, RF FACING, API 6D",40141611,GEM-VALVE-GATE
CAN-001507,GATE_VALVE,250.0,"10""",DN250,600,ASTM A216 WCB,BW,API 600,"VALVE, GATE, 10"" (DN250), CLASS 600, ASTM A216 WCB, BW FACING, API 600",40141611,GEM-VALVE-GATE
CAN-001508,GATE_VALVE,250.0,"10""",DN250,600,ASTM A216 WCB,BW,API 6D,"VALVE, GATE, 10"" (DN250), CLASS 600, ASTM A216 WCB, BW FACING, API 6D",40141611,GEM-VALVE-GATE
CAN-001509,GATE_VALVE,250.0,"10""",DN250,600,ASTM A105,RF,API 600,"VALVE, GATE, 10"" (DN250), CLASS 600, ASTM A105, RF FACING, API 600",40141611,GEM-VALVE-GATE
CAN-001510,GATE_VALVE,250.0,"10""",DN250,600,ASTM A105,RF,API 6D,"VALVE, GATE, 10"" (DN250), CLASS 600, ASTM A105, RF FACING, API 6D",40141611,GEM-VALVE-GATE
CAN-001511,GATE_VALVE,250.0,"10""",DN250,600,ASTM A105,BW,API 600,"VALVE, GATE, 10"" (DN250), CLASS 600, ASTM A105, BW FACING, API 600",40141611,GEM-VALVE-GATE
CAN-001512,GATE_VALVE,250.0,"10""",DN250,600,ASTM A105,BW,API 6D,"VALVE, GATE, 10"" (DN250), CLASS 600, ASTM A105, BW FACING, API 6D",40141611,GEM-VALVE-GATE
CAN-001513,GATE_VALVE,250.0,"10""",DN250,600,ASTM A182 F316,RF,API 600,"VALVE, GATE, 10"" (DN250), CLASS 600, ASTM A182 F316, RF FACING, API 600",40141611,GEM-VALVE-GATE
CAN-001514,GATE_VALVE,250.0,"10""",DN250,600,ASTM A182 F316,RF,API 6D,"VALVE, GATE, 10"" (DN250), CLASS 600, ASTM A182 F316, RF FACING, API 6D",40141611,GEM-VALVE-GATE
CAN-001515,GATE_VALVE,250.0,"10""",DN250,600,ASTM A182 F316,BW,API 600,"VALVE, GATE, 10"" (DN250), CLASS 600, ASTM A182 F316, BW FACING, API 600",40141611,GEM-VALVE-GATE
CAN-001516,GATE_VALVE,250.0,"10""",DN250,600,ASTM A182 F316,BW,API 6D,"VALVE, GATE, 10"" (DN250), CLASS 600, ASTM A182 F316, BW FACING, API 6D",40141611,GEM-VALVE-GATE
CAN-001517,GATE_VALVE,250.0,"10""",DN250,900,ASTM A216 WCB,RF,API 600,"VALVE, GATE, 10"" (DN250), CLASS 900, ASTM A216 WCB, RF FACING, API 600",40141611,GEM-VALVE-GATE
CAN-001518,GATE_VALVE,250.0,"10""",DN250,900,ASTM A216 WCB,RF,API 6D,"VALVE, GATE, 10"" (DN250), CLASS 900, ASTM A216 WCB, RF FACING, API 6D",40141611,GEM-VALVE-GATE
CAN-001519,GATE_VALVE,250.0,"10""",DN250,900,ASTM A216 WCB,BW,API 600,"VALVE, GATE, 10"" (DN250), CLASS 900, ASTM A216 WCB, BW FACING, API 600",40141611,GEM-VALVE-GATE
CAN-001520,GATE_VALVE,250.0,"10""",DN250,900,ASTM A216 WCB,BW,API 6D,"VALVE, GATE, 10"" (DN250), CLASS 900, ASTM A216 WCB, BW FACING, API 6D",40141611,GEM-VALVE-GATE
CAN-001521,GATE_VALVE,250.0,"10""",DN250,900,ASTM A105,RF,API 600,"VALVE, GATE, 10"" (DN250), CLASS 900, ASTM A105, RF FACING, API 600",40141611,GEM-VALVE-GATE
CAN-001522,GATE_VALVE,250.0,"10""",DN250,900,ASTM A105,RF,API 6D,"VALVE, GATE, 10"" (DN250), CLASS 900, ASTM A105, RF FACING, API 6D",40141611,GEM-VALVE-GATE
CAN-001523,GATE_VALVE,250.0,"10""",DN250,900,ASTM A105,BW,API 600,"VALVE, GATE, 10"" (DN250), CLASS 900, ASTM A105, BW FACING, API 600",40141611,GEM-VALVE-GATE
CAN-001524,GATE_VALVE,250.0,"10""",DN250,900,ASTM A105,BW,API 6D,"VALVE, GATE, 10"" (DN250), CLASS 900, ASTM A105, BW FACING, API 6D",40141611,GEM-VALVE-GATE
CAN-001525,GATE_VALVE,250.0,"10""",DN250,900,ASTM A182 F316,RF,API 600,"VALVE, GATE, 10"" (DN250), CLASS 900, ASTM A182 F316, RF FACING, API 600",40141611,GEM-VALVE-GATE
CAN-001526,GATE_VALVE,250.0,"10""",DN250,900,ASTM A182 F316,RF,API 6D,"VALVE, GATE, 10"" (DN250), CLASS 900, ASTM A182 F316, RF FACING, API 6D",40141611,GEM-VALVE-GATE
CAN-001527,GATE_VALVE,250.0,"10""",DN250,900,ASTM A182 F316,BW,API 600,"VALVE, GATE, 10"" (DN250), CLASS 900, ASTM A182 F316, BW FACING, API 600",40141611,GEM-VALVE-GATE
CAN-001528,GATE_VALVE,250.0,"10""",DN250,900,ASTM A182 F316,BW,API 6D,"VALVE, GATE, 10"" (DN250), CLASS 900, ASTM A182 F316, BW FACING, API 6D",40141611,GEM-VALVE-GATE
CAN-001529,GATE_VALVE,250.0,"10""",DN250,1500,ASTM A216 WCB,RF,API 600,"VALVE, GATE, 10"" (DN250), CLASS 1500, ASTM A216 WCB, RF FACING, API 600",40141611,GEM-VALVE-GATE
CAN-001530,GATE_VALVE,250.0,"10""",DN250,1500,ASTM A216 WCB,RF,API 6D,"VALVE, GATE, 10"" (DN250), CLASS 1500, ASTM A216 WCB, RF FACING, API 6D",40141611,GEM-VALVE-GATE
CAN-001531,GATE_VALVE,250.0,"10""",DN250,1500,ASTM A216 WCB,BW,API 600,"VALVE, GATE, 10"" (DN250), CLASS 1500, ASTM A216 WCB, BW FACING, API 600",40141611,GEM-VALVE-GATE
CAN-001532,GATE_VALVE,250.0,"10""",DN250,1500,ASTM A216 WCB,BW,API 6D,"VALVE, GATE, 10"" (DN250), CLASS 1500, ASTM A216 WCB, BW FACING, API 6D",40141611,GEM-VALVE-GATE
CAN-001533,GATE_VALVE,250.0,"10""",DN250,1500,ASTM A105,RF,API 600,"VALVE, GATE, 10"" (DN250), CLASS 1500, ASTM A105, RF FACING, API 600",40141611,GEM-VALVE-GATE
CAN-001534,GATE_VALVE,250.0,"10""",DN250,1500,ASTM A105,RF,API 6D,"VALVE, GATE, 10"" (DN250), CLASS 1500, ASTM A105, RF FACING, API 6D",40141611,GEM-VALVE-GATE
CAN-001535,GATE_VALVE,250.0,"10""",DN250,1500,ASTM A105,BW,API 600,"VALVE, GATE, 10"" (DN250), CLASS 1500, ASTM A105, BW FACING, API 600",40141611,GEM-VALVE-GATE
CAN-001536,GATE_VALVE,250.0,"10""",DN250,1500,ASTM A105,BW,API 6D,"VALVE, GATE, 10"" (DN250), CLASS 1500, ASTM A105, BW FACING, API 6D",40141611,GEM-VALVE-GATE
CAN-001537,GATE_VALVE,250.0,"10""",DN250,1500,ASTM A182 F316,RF,API 600,"VALVE, GATE, 10"" (DN250), CLASS 1500, ASTM A182 F316, RF FACING, API 600",40141611,GEM-VALVE-GATE
CAN-001538,GATE_VALVE,250.0,"10""",DN250,1500,ASTM A182 F316,RF,API 6D,"VALVE, GATE, 10"" (DN250), CLASS 1500, ASTM A182 F316, RF FACING, API 6D",40141611,GEM-VALVE-GATE
CAN-001539,GATE_VALVE,250.0,"10""",DN250,1500,ASTM A182 F316,BW,API 600,"VALVE, GATE, 10"" (DN250), CLASS 1500, ASTM A182 F316, BW FACING, API 600",40141611,GEM-VALVE-GATE
CAN-001540,GATE_VALVE,250.0,"10""",DN250,1500,ASTM A182 F316,BW,API 6D,"VALVE, GATE, 10"" (DN250), CLASS 1500, ASTM A182 F316, BW FACING, API 6D",40141611,GEM-VALVE-GATE
CAN-001541,GATE_VALVE,300.0,"12""",DN300,150,ASTM A216 WCB,RF,API 600,"VALVE, GATE, 12"" (DN300), CLASS 150, ASTM A216 WCB, RF FACING, API 600",40141611,GEM-VALVE-GATE
CAN-001542,GATE_VALVE,300.0,"12""",DN300,150,ASTM A216 WCB,RF,API 6D,"VALVE, GATE, 12"" (DN300), CLASS 150, ASTM A216 WCB, RF FACING, API 6D",40141611,GEM-VALVE-GATE
CAN-001543,GATE_VALVE,300.0,"12""",DN300,150,ASTM A216 WCB,BW,API 600,"VALVE, GATE, 12"" (DN300), CLASS 150, ASTM A216 WCB, BW FACING, API 600",40141611,GEM-VALVE-GATE
CAN-001544,GATE_VALVE,300.0,"12""",DN300,150,ASTM A216 WCB,BW,API 6D,"VALVE, GATE, 12"" (DN300), CLASS 150, ASTM A216 WCB, BW FACING, API 6D",40141611,GEM-VALVE-GATE
CAN-001545,GATE_VALVE,300.0,"12""",DN300,150,ASTM A105,RF,API 600,"VALVE, GATE, 12"" (DN300), CLASS 150, ASTM A105, RF FACING, API 600",40141611,GEM-VALVE-GATE
CAN-001546,GATE_VALVE,300.0,"12""",DN300,150,ASTM A105,RF,API 6D,"VALVE, GATE, 12"" (DN300), CLASS 150, ASTM A105, RF FACING, API 6D",40141611,GEM-VALVE-GATE
CAN-001547,GATE_VALVE,300.0,"12""",DN300,150,ASTM A105,BW,API 600,"VALVE, GATE, 12"" (DN300), CLASS 150, ASTM A105, BW FACING, API 600",40141611,GEM-VALVE-GATE
CAN-001548,GATE_VALVE,300.0,"12""",DN300,150,ASTM A105,BW,API 6D,"VALVE, GATE, 12"" (DN300), CLASS 150, ASTM A105, BW FACING, API 6D",40141611,GEM-VALVE-GATE
CAN-001549,GATE_VALVE,300.0,"12""",DN300,150,ASTM A182 F316,RF,API 600,"VALVE, GATE, 12"" (DN300), CLASS 150, ASTM A182 F316, RF FACING, API 600",40141611,GEM-VALVE-GATE
CAN-001550,GATE_VALVE,300.0,"12""",DN300,150,ASTM A182 F316,RF,API 6D,"VALVE, GATE, 12"" (DN300), CLASS 150, ASTM A182 F316, RF FACING, API 6D",40141611,GEM-VALVE-GATE
CAN-001551,GATE_VALVE,300.0,"12""",DN300,150,ASTM A182 F316,BW,API 600,"VALVE, GATE, 12"" (DN300), CLASS 150, ASTM A182 F316, BW FACING, API 600",40141611,GEM-VALVE-GATE
CAN-001552,GATE_VALVE,300.0,"12""",DN300,150,ASTM A182 F316,BW,API 6D,"VALVE, GATE, 12"" (DN300), CLASS 150, ASTM A182 F316, BW FACING, API 6D",40141611,GEM-VALVE-GATE
CAN-001553,GATE_VALVE,300.0,"12""",DN300,300,ASTM A216 WCB,RF,API 600,"VALVE, GATE, 12"" (DN300), CLASS 300, ASTM A216 WCB, RF FACING, API 600",40141611,GEM-VALVE-GATE
CAN-001554,GATE_VALVE,300.0,"12""",DN300,300,ASTM A216 WCB,RF,API 6D,"VALVE, GATE, 12"" (DN300), CLASS 300, ASTM A216 WCB, RF FACING, API 6D",40141611,GEM-VALVE-GATE
CAN-001555,GATE_VALVE,300.0,"12""",DN300,300,ASTM A216 WCB,BW,API 600,"VALVE, GATE, 12"" (DN300), CLASS 300, ASTM A216 WCB, BW FACING, API 600",40141611,GEM-VALVE-GATE
CAN-001556,GATE_VALVE,300.0,"12""",DN300,300,ASTM A216 WCB,BW,API 6D,"VALVE, GATE, 12"" (DN300), CLASS 300, ASTM A216 WCB, BW FACING, API 6D",40141611,GEM-VALVE-GATE
CAN-001557,GATE_VALVE,300.0,"12""",DN300,300,ASTM A105,RF,API 600,"VALVE, GATE, 12"" (DN300), CLASS 300, ASTM A105, RF FACING, API 600",40141611,GEM-VALVE-GATE
CAN-001558,GATE_VALVE,300.0,"12""",DN300,300,ASTM A105,RF,API 6D,"VALVE, GATE, 12"" (DN300), CLASS 300, ASTM A105, RF FACING, API 6D",40141611,GEM-VALVE-GATE
CAN-001559,GATE_VALVE,300.0,"12""",DN300,300,ASTM A105,BW,API 600,"VALVE, GATE, 12"" (DN300), CLASS 300, ASTM A105, BW FACING, API 600",40141611,GEM-VALVE-GATE
CAN-001560,GATE_VALVE,300.0,"12""",DN300,300,ASTM A105,BW,API 6D,"VALVE, GATE, 12"" (DN300), CLASS 300, ASTM A105, BW FACING, API 6D",40141611,GEM-VALVE-GATE
CAN-001561,GATE_VALVE,300.0,"12""",DN300,300,ASTM A182 F316,RF,API 600,"VALVE, GATE, 12"" (DN300), CLASS 300, ASTM A182 F316, RF FACING, API 600",40141611,GEM-VALVE-GATE
CAN-001562,GATE_VALVE,300.0,"12""",DN300,300,ASTM A182 F316,RF,API 6D,"VALVE, GATE, 12"" (DN300), CLASS 300, ASTM A182 F316, RF FACING, API 6D",40141611,GEM-VALVE-GATE
CAN-001563,GATE_VALVE,300.0,"12""",DN300,300,ASTM A182 F316,BW,API 600,"VALVE, GATE, 12"" (DN300), CLASS 300, ASTM A182 F316, BW FACING, API 600",40141611,GEM-VALVE-GATE
CAN-001564,GATE_VALVE,300.0,"12""",DN300,300,ASTM A182 F316,BW,API 6D,"VALVE, GATE, 12"" (DN300), CLASS 300, ASTM A182 F316, BW FACING, API 6D",40141611,GEM-VALVE-GATE
CAN-001565,GATE_VALVE,300.0,"12""",DN300,600,ASTM A216 WCB,RF,API 600,"VALVE, GATE, 12"" (DN300), CLASS 600, ASTM A216 WCB, RF FACING, API 600",40141611,GEM-VALVE-GATE
CAN-001566,GATE_VALVE,300.0,"12""",DN300,600,ASTM A216 WCB,RF,API 6D,"VALVE, GATE, 12"" (DN300), CLASS 600, ASTM A216 WCB, RF FACING, API 6D",40141611,GEM-VALVE-GATE
CAN-001567,GATE_VALVE,300.0,"12""",DN300,600,ASTM A216 WCB,BW,API 600,"VALVE, GATE, 12"" (DN300), CLASS 600, ASTM A216 WCB, BW FACING, API 600",40141611,GEM-VALVE-GATE
CAN-001568,GATE_VALVE,300.0,"12""",DN300,600,ASTM A216 WCB,BW,API 6D,"VALVE, GATE, 12"" (DN300), CLASS 600, ASTM A216 WCB, BW FACING, API 6D",40141611,GEM-VALVE-GATE
CAN-001569,GATE_VALVE,300.0,"12""",DN300,600,ASTM A105,RF,API 600,"VALVE, GATE, 12"" (DN300), CLASS 600, ASTM A105, RF FACING, API 600",40141611,GEM-VALVE-GATE
CAN-001570,GATE_VALVE,300.0,"12""",DN300,600,ASTM A105,RF,API 6D,"VALVE, GATE, 12"" (DN300), CLASS 600, ASTM A105, RF FACING, API 6D",40141611,GEM-VALVE-GATE
CAN-001571,GATE_VALVE,300.0,"12""",DN300,600,ASTM A105,BW,API 600,"VALVE, GATE, 12"" (DN300), CLASS 600, ASTM A105, BW FACING, API 600",40141611,GEM-VALVE-GATE
CAN-001572,GATE_VALVE,300.0,"12""",DN300,600,ASTM A105,BW,API 6D,"VALVE, GATE, 12"" (DN300), CLASS 600, ASTM A105, BW FACING, API 6D",40141611,GEM-VALVE-GATE
CAN-001573,GATE_VALVE,300.0,"12""",DN300,600,ASTM A182 F316,RF,API 600,"VALVE, GATE, 12"" (DN300), CLASS 600, ASTM A182 F316, RF FACING, API 600",40141611,GEM-VALVE-GATE
CAN-001574,GATE_VALVE,300.0,"12""",DN300,600,ASTM A182 F316,RF,API 6D,"VALVE, GATE, 12"" (DN300), CLASS 600, ASTM A182 F316, RF FACING, API 6D",40141611,GEM-VALVE-GATE
CAN-001575,GATE_VALVE,300.0,"12""",DN300,600,ASTM A182 F316,BW,API 600,"VALVE, GATE, 12"" (DN300), CLASS 600, ASTM A182 F316, BW FACING, API 600",40141611,GEM-VALVE-GATE
CAN-001576,GATE_VALVE,300.0,"12""",DN300,600,ASTM A182 F316,BW,API 6D,"VALVE, GATE, 12"" (DN300), CLASS 600, ASTM A182 F316, BW FACING, API 6D",40141611,GEM-VALVE-GATE
CAN-001577,GATE_VALVE,300.0,"12""",DN300,900,ASTM A216 WCB,RF,API 600,"VALVE, GATE, 12"" (DN300), CLASS 900, ASTM A216 WCB, RF FACING, API 600",40141611,GEM-VALVE-GATE
CAN-001578,GATE_VALVE,300.0,"12""",DN300,900,ASTM A216 WCB,RF,API 6D,"VALVE, GATE, 12"" (DN300), CLASS 900, ASTM A216 WCB, RF FACING, API 6D",40141611,GEM-VALVE-GATE
CAN-001579,GATE_VALVE,300.0,"12""",DN300,900,ASTM A216 WCB,BW,API 600,"VALVE, GATE, 12"" (DN300), CLASS 900, ASTM A216 WCB, BW FACING, API 600",40141611,GEM-VALVE-GATE
CAN-001580,GATE_VALVE,300.0,"12""",DN300,900,ASTM A216 WCB,BW,API 6D,"VALVE, GATE, 12"" (DN300), CLASS 900, ASTM A216 WCB, BW FACING, API 6D",40141611,GEM-VALVE-GATE
CAN-001581,GATE_VALVE,300.0,"12""",DN300,900,ASTM A105,RF,API 600,"VALVE, GATE, 12"" (DN300), CLASS 900, ASTM A105, RF FACING, API 600",40141611,GEM-VALVE-GATE
CAN-001582,GATE_VALVE,300.0,"12""",DN300,900,ASTM A105,RF,API 6D,"VALVE, GATE, 12"" (DN300), CLASS 900, ASTM A105, RF FACING, API 6D",40141611,GEM-VALVE-GATE
CAN-001583,GATE_VALVE,300.0,"12""",DN300,900,ASTM A105,BW,API 600,"VALVE, GATE, 12"" (DN300), CLASS 900, ASTM A105, BW FACING, API 600",40141611,GEM-VALVE-GATE
CAN-001584,GATE_VALVE,300.0,"12""",DN300,900,ASTM A105,BW,API 6D,"VALVE, GATE, 12"" (DN300), CLASS 900, ASTM A105, BW FACING, API 6D",40141611,GEM-VALVE-GATE
CAN-001585,GATE_VALVE,300.0,"12""",DN300,900,ASTM A182 F316,RF,API 600,"VALVE, GATE, 12"" (DN300), CLASS 900, ASTM A182 F316, RF FACING, API 600",40141611,GEM-VALVE-GATE
CAN-001586,GATE_VALVE,300.0,"12""",DN300,900,ASTM A182 F316,RF,API 6D,"VALVE, GATE, 12"" (DN300), CLASS 900, ASTM A182 F316, RF FACING, API 6D",40141611,GEM-VALVE-GATE
CAN-001587,GATE_VALVE,300.0,"12""",DN300,900,ASTM A182 F316,BW,API 600,"VALVE, GATE, 12"" (DN300), CLASS 900, ASTM A182 F316, BW FACING, API 600",40141611,GEM-VALVE-GATE
CAN-001588,GATE_VALVE,300.0,"12""",DN300,900,ASTM A182 F316,BW,API 6D,"VALVE, GATE, 12"" (DN300), CLASS 900, ASTM A182 F316, BW FACING, API 6D",40141611,GEM-VALVE-GATE
CAN-001589,GATE_VALVE,300.0,"12""",DN300,1500,ASTM A216 WCB,RF,API 600,"VALVE, GATE, 12"" (DN300), CLASS 1500, ASTM A216 WCB, RF FACING, API 600",40141611,GEM-VALVE-GATE
CAN-001590,GATE_VALVE,300.0,"12""",DN300,1500,ASTM A216 WCB,RF,API 6D,"VALVE, GATE, 12"" (DN300), CLASS 1500, ASTM A216 WCB, RF FACING, API 6D",40141611,GEM-VALVE-GATE
CAN-001591,GATE_VALVE,300.0,"12""",DN300,1500,ASTM A216 WCB,BW,API 600,"VALVE, GATE, 12"" (DN300), CLASS 1500, ASTM A216 WCB, BW FACING, API 600",40141611,GEM-VALVE-GATE
CAN-001592,GATE_VALVE,300.0,"12""",DN300,1500,ASTM A216 WCB,BW,API 6D,"VALVE, GATE, 12"" (DN300), CLASS 1500, ASTM A216 WCB, BW FACING, API 6D",40141611,GEM-VALVE-GATE
CAN-001593,GATE_VALVE,300.0,"12""",DN300,1500,ASTM A105,RF,API 600,"VALVE, GATE, 12"" (DN300), CLASS 1500, ASTM A105, RF FACING, API 600",40141611,GEM-VALVE-GATE
CAN-001594,GATE_VALVE,300.0,"12""",DN300,1500,ASTM A105,RF,API 6D,"VALVE, GATE, 12"" (DN300), CLASS 1500, ASTM A105, RF FACING, API 6D",40141611,GEM-VALVE-GATE
CAN-001595,GATE_VALVE,300.0,"12""",DN300,1500,ASTM A105,BW,API 600,"VALVE, GATE, 12"" (DN300), CLASS 1500, ASTM A105, BW FACING, API 600",40141611,GEM-VALVE-GATE
CAN-001596,GATE_VALVE,300.0,"12""",DN300,1500,ASTM A105,BW,API 6D,"VALVE, GATE, 12"" (DN300), CLASS 1500, ASTM A105, BW FACING, API 6D",40141611,GEM-VALVE-GATE
CAN-001597,GATE_VALVE,300.0,"12""",DN300,1500,ASTM A182 F316,RF,API 600,"VALVE, GATE, 12"" (DN300), CLASS 1500, ASTM A182 F316, RF FACING, API 600",40141611,GEM-VALVE-GATE
CAN-001598,GATE_VALVE,300.0,"12""",DN300,1500,ASTM A182 F316,RF,API 6D,"VALVE, GATE, 12"" (DN300), CLASS 1500, ASTM A182 F316, RF FACING, API 6D",40141611,GEM-VALVE-GATE
CAN-001599,GATE_VALVE,300.0,"12""",DN300,1500,ASTM A182 F316,BW,API 600,"VALVE, GATE, 12"" (DN300), CLASS 1500, ASTM A182 F316, BW FACING, API 600",40141611,GEM-VALVE-GATE
CAN-001600,GATE_VALVE,300.0,"12""",DN300,1500,ASTM A182 F316,BW,API 6D,"VALVE, GATE, 12"" (DN300), CLASS 1500, ASTM A182 F316, BW FACING, API 6D",40141611,GEM-VALVE-GATE
CAN-001601,BALL_VALVE,15.0,"1/2""",DN15,150,ASTM A216 WCB,RF,API 6D,"VALVE, BALL, 1/2"" (DN15), CLASS 150, ASTM A216 WCB, RF FACING, API 6D",40141604,GEM-VALVE-BALL
CAN-001602,BALL_VALVE,15.0,"1/2""",DN15,150,ASTM A216 WCB,BW,API 6D,"VALVE, BALL, 1/2"" (DN15), CLASS 150, ASTM A216 WCB, BW FACING, API 6D",40141604,GEM-VALVE-BALL
CAN-001603,BALL_VALVE,15.0,"1/2""",DN15,150,ASTM A182 F316,RF,API 6D,"VALVE, BALL, 1/2"" (DN15), CLASS 150, ASTM A182 F316, RF FACING, API 6D",40141604,GEM-VALVE-BALL
CAN-001604,BALL_VALVE,15.0,"1/2""",DN15,150,ASTM A182 F316,BW,API 6D,"VALVE, BALL, 1/2"" (DN15), CLASS 150, ASTM A182 F316, BW FACING, API 6D",40141604,GEM-VALVE-BALL
CAN-001605,BALL_VALVE,15.0,"1/2""",DN15,300,ASTM A216 WCB,RF,API 6D,"VALVE, BALL, 1/2"" (DN15), CLASS 300, ASTM A216 WCB, RF FACING, API 6D",40141604,GEM-VALVE-BALL
CAN-001606,BALL_VALVE,15.0,"1/2""",DN15,300,ASTM A216 WCB,BW,API 6D,"VALVE, BALL, 1/2"" (DN15), CLASS 300, ASTM A216 WCB, BW FACING, API 6D",40141604,GEM-VALVE-BALL
CAN-001607,BALL_VALVE,15.0,"1/2""",DN15,300,ASTM A182 F316,RF,API 6D,"VALVE, BALL, 1/2"" (DN15), CLASS 300, ASTM A182 F316, RF FACING, API 6D",40141604,GEM-VALVE-BALL
CAN-001608,BALL_VALVE,15.0,"1/2""",DN15,300,ASTM A182 F316,BW,API 6D,"VALVE, BALL, 1/2"" (DN15), CLASS 300, ASTM A182 F316, BW FACING, API 6D",40141604,GEM-VALVE-BALL
CAN-001609,BALL_VALVE,15.0,"1/2""",DN15,600,ASTM A216 WCB,RF,API 6D,"VALVE, BALL, 1/2"" (DN15), CLASS 600, ASTM A216 WCB, RF FACING, API 6D",40141604,GEM-VALVE-BALL
CAN-001610,BALL_VALVE,15.0,"1/2""",DN15,600,ASTM A216 WCB,BW,API 6D,"VALVE, BALL, 1/2"" (DN15), CLASS 600, ASTM A216 WCB, BW FACING, API 6D",40141604,GEM-VALVE-BALL
CAN-001611,BALL_VALVE,15.0,"1/2""",DN15,600,ASTM A182 F316,RF,API 6D,"VALVE, BALL, 1/2"" (DN15), CLASS 600, ASTM A182 F316, RF FACING, API 6D",40141604,GEM-VALVE-BALL
CAN-001612,BALL_VALVE,15.0,"1/2""",DN15,600,ASTM A182 F316,BW,API 6D,"VALVE, BALL, 1/2"" (DN15), CLASS 600, ASTM A182 F316, BW FACING, API 6D",40141604,GEM-VALVE-BALL
CAN-001613,BALL_VALVE,15.0,"1/2""",DN15,900,ASTM A216 WCB,RF,API 6D,"VALVE, BALL, 1/2"" (DN15), CLASS 900, ASTM A216 WCB, RF FACING, API 6D",40141604,GEM-VALVE-BALL
CAN-001614,BALL_VALVE,15.0,"1/2""",DN15,900,ASTM A216 WCB,BW,API 6D,"VALVE, BALL, 1/2"" (DN15), CLASS 900, ASTM A216 WCB, BW FACING, API 6D",40141604,GEM-VALVE-BALL
CAN-001615,BALL_VALVE,15.0,"1/2""",DN15,900,ASTM A182 F316,RF,API 6D,"VALVE, BALL, 1/2"" (DN15), CLASS 900, ASTM A182 F316, RF FACING, API 6D",40141604,GEM-VALVE-BALL
CAN-001616,BALL_VALVE,15.0,"1/2""",DN15,900,ASTM A182 F316,BW,API 6D,"VALVE, BALL, 1/2"" (DN15), CLASS 900, ASTM A182 F316, BW FACING, API 6D",40141604,GEM-VALVE-BALL
CAN-001617,BALL_VALVE,15.0,"1/2""",DN15,1500,ASTM A216 WCB,RF,API 6D,"VALVE, BALL, 1/2"" (DN15), CLASS 1500, ASTM A216 WCB, RF FACING, API 6D",40141604,GEM-VALVE-BALL
CAN-001618,BALL_VALVE,15.0,"1/2""",DN15,1500,ASTM A216 WCB,BW,API 6D,"VALVE, BALL, 1/2"" (DN15), CLASS 1500, ASTM A216 WCB, BW FACING, API 6D",40141604,GEM-VALVE-BALL
CAN-001619,BALL_VALVE,15.0,"1/2""",DN15,1500,ASTM A182 F316,RF,API 6D,"VALVE, BALL, 1/2"" (DN15), CLASS 1500, ASTM A182 F316, RF FACING, API 6D",40141604,GEM-VALVE-BALL
CAN-001620,BALL_VALVE,15.0,"1/2""",DN15,1500,ASTM A182 F316,BW,API 6D,"VALVE, BALL, 1/2"" (DN15), CLASS 1500, ASTM A182 F316, BW FACING, API 6D",40141604,GEM-VALVE-BALL
CAN-001621,BALL_VALVE,25.0,"1""",DN25,150,ASTM A216 WCB,RF,API 6D,"VALVE, BALL, 1"" (DN25), CLASS 150, ASTM A216 WCB, RF FACING, API 6D",40141604,GEM-VALVE-BALL
CAN-001622,BALL_VALVE,25.0,"1""",DN25,150,ASTM A216 WCB,BW,API 6D,"VALVE, BALL, 1"" (DN25), CLASS 150, ASTM A216 WCB, BW FACING, API 6D",40141604,GEM-VALVE-BALL
CAN-001623,BALL_VALVE,25.0,"1""",DN25,150,ASTM A182 F316,RF,API 6D,"VALVE, BALL, 1"" (DN25), CLASS 150, ASTM A182 F316, RF FACING, API 6D",40141604,GEM-VALVE-BALL
CAN-001624,BALL_VALVE,25.0,"1""",DN25,150,ASTM A182 F316,BW,API 6D,"VALVE, BALL, 1"" (DN25), CLASS 150, ASTM A182 F316, BW FACING, API 6D",40141604,GEM-VALVE-BALL
CAN-001625,BALL_VALVE,25.0,"1""",DN25,300,ASTM A216 WCB,RF,API 6D,"VALVE, BALL, 1"" (DN25), CLASS 300, ASTM A216 WCB, RF FACING, API 6D",40141604,GEM-VALVE-BALL
CAN-001626,BALL_VALVE,25.0,"1""",DN25,300,ASTM A216 WCB,BW,API 6D,"VALVE, BALL, 1"" (DN25), CLASS 300, ASTM A216 WCB, BW FACING, API 6D",40141604,GEM-VALVE-BALL
CAN-001627,BALL_VALVE,25.0,"1""",DN25,300,ASTM A182 F316,RF,API 6D,"VALVE, BALL, 1"" (DN25), CLASS 300, ASTM A182 F316, RF FACING, API 6D",40141604,GEM-VALVE-BALL
CAN-001628,BALL_VALVE,25.0,"1""",DN25,300,ASTM A182 F316,BW,API 6D,"VALVE, BALL, 1"" (DN25), CLASS 300, ASTM A182 F316, BW FACING, API 6D",40141604,GEM-VALVE-BALL
CAN-001629,BALL_VALVE,25.0,"1""",DN25,600,ASTM A216 WCB,RF,API 6D,"VALVE, BALL, 1"" (DN25), CLASS 600, ASTM A216 WCB, RF FACING, API 6D",40141604,GEM-VALVE-BALL
CAN-001630,BALL_VALVE,25.0,"1""",DN25,600,ASTM A216 WCB,BW,API 6D,"VALVE, BALL, 1"" (DN25), CLASS 600, ASTM A216 WCB, BW FACING, API 6D",40141604,GEM-VALVE-BALL
CAN-001631,BALL_VALVE,25.0,"1""",DN25,600,ASTM A182 F316,RF,API 6D,"VALVE, BALL, 1"" (DN25), CLASS 600, ASTM A182 F316, RF FACING, API 6D",40141604,GEM-VALVE-BALL
CAN-001632,BALL_VALVE,25.0,"1""",DN25,600,ASTM A182 F316,BW,API 6D,"VALVE, BALL, 1"" (DN25), CLASS 600, ASTM A182 F316, BW FACING, API 6D",40141604,GEM-VALVE-BALL
CAN-001633,BALL_VALVE,25.0,"1""",DN25,900,ASTM A216 WCB,RF,API 6D,"VALVE, BALL, 1"" (DN25), CLASS 900, ASTM A216 WCB, RF FACING, API 6D",40141604,GEM-VALVE-BALL
CAN-001634,BALL_VALVE,25.0,"1""",DN25,900,ASTM A216 WCB,BW,API 6D,"VALVE, BALL, 1"" (DN25), CLASS 900, ASTM A216 WCB, BW FACING, API 6D",40141604,GEM-VALVE-BALL
CAN-001635,BALL_VALVE,25.0,"1""",DN25,900,ASTM A182 F316,RF,API 6D,"VALVE, BALL, 1"" (DN25), CLASS 900, ASTM A182 F316, RF FACING, API 6D",40141604,GEM-VALVE-BALL
CAN-001636,BALL_VALVE,25.0,"1""",DN25,900,ASTM A182 F316,BW,API 6D,"VALVE, BALL, 1"" (DN25), CLASS 900, ASTM A182 F316, BW FACING, API 6D",40141604,GEM-VALVE-BALL
CAN-001637,BALL_VALVE,25.0,"1""",DN25,1500,ASTM A216 WCB,RF,API 6D,"VALVE, BALL, 1"" (DN25), CLASS 1500, ASTM A216 WCB, RF FACING, API 6D",40141604,GEM-VALVE-BALL
CAN-001638,BALL_VALVE,25.0,"1""",DN25,1500,ASTM A216 WCB,BW,API 6D,"VALVE, BALL, 1"" (DN25), CLASS 1500, ASTM A216 WCB, BW FACING, API 6D",40141604,GEM-VALVE-BALL
CAN-001639,BALL_VALVE,25.0,"1""",DN25,1500,ASTM A182 F316,RF,API 6D,"VALVE, BALL, 1"" (DN25), CLASS 1500, ASTM A182 F316, RF FACING, API 6D",40141604,GEM-VALVE-BALL
CAN-001640,BALL_VALVE,25.0,"1""",DN25,1500,ASTM A182 F316,BW,API 6D,"VALVE, BALL, 1"" (DN25), CLASS 1500, ASTM A182 F316, BW FACING, API 6D",40141604,GEM-VALVE-BALL
CAN-001641,BALL_VALVE,40.0,"1.5""",DN40,150,ASTM A216 WCB,RF,API 6D,"VALVE, BALL, 1.5"" (DN40), CLASS 150, ASTM A216 WCB, RF FACING, API 6D",40141604,GEM-VALVE-BALL
CAN-001642,BALL_VALVE,40.0,"1.5""",DN40,150,ASTM A216 WCB,BW,API 6D,"VALVE, BALL, 1.5"" (DN40), CLASS 150, ASTM A216 WCB, BW FACING, API 6D",40141604,GEM-VALVE-BALL
CAN-001643,BALL_VALVE,40.0,"1.5""",DN40,150,ASTM A182 F316,RF,API 6D,"VALVE, BALL, 1.5"" (DN40), CLASS 150, ASTM A182 F316, RF FACING, API 6D",40141604,GEM-VALVE-BALL
CAN-001644,BALL_VALVE,40.0,"1.5""",DN40,150,ASTM A182 F316,BW,API 6D,"VALVE, BALL, 1.5"" (DN40), CLASS 150, ASTM A182 F316, BW FACING, API 6D",40141604,GEM-VALVE-BALL
CAN-001645,BALL_VALVE,40.0,"1.5""",DN40,300,ASTM A216 WCB,RF,API 6D,"VALVE, BALL, 1.5"" (DN40), CLASS 300, ASTM A216 WCB, RF FACING, API 6D",40141604,GEM-VALVE-BALL
CAN-001646,BALL_VALVE,40.0,"1.5""",DN40,300,ASTM A216 WCB,BW,API 6D,"VALVE, BALL, 1.5"" (DN40), CLASS 300, ASTM A216 WCB, BW FACING, API 6D",40141604,GEM-VALVE-BALL
CAN-001647,BALL_VALVE,40.0,"1.5""",DN40,300,ASTM A182 F316,RF,API 6D,"VALVE, BALL, 1.5"" (DN40), CLASS 300, ASTM A182 F316, RF FACING, API 6D",40141604,GEM-VALVE-BALL
CAN-001648,BALL_VALVE,40.0,"1.5""",DN40,300,ASTM A182 F316,BW,API 6D,"VALVE, BALL, 1.5"" (DN40), CLASS 300, ASTM A182 F316, BW FACING, API 6D",40141604,GEM-VALVE-BALL
CAN-001649,BALL_VALVE,40.0,"1.5""",DN40,600,ASTM A216 WCB,RF,API 6D,"VALVE, BALL, 1.5"" (DN40), CLASS 600, ASTM A216 WCB, RF FACING, API 6D",40141604,GEM-VALVE-BALL
CAN-001650,BALL_VALVE,40.0,"1.5""",DN40,600,ASTM A216 WCB,BW,API 6D,"VALVE, BALL, 1.5"" (DN40), CLASS 600, ASTM A216 WCB, BW FACING, API 6D",40141604,GEM-VALVE-BALL
CAN-001651,BALL_VALVE,40.0,"1.5""",DN40,600,ASTM A182 F316,RF,API 6D,"VALVE, BALL, 1.5"" (DN40), CLASS 600, ASTM A182 F316, RF FACING, API 6D",40141604,GEM-VALVE-BALL
CAN-001652,BALL_VALVE,40.0,"1.5""",DN40,600,ASTM A182 F316,BW,API 6D,"VALVE, BALL, 1.5"" (DN40), CLASS 600, ASTM A182 F316, BW FACING, API 6D",40141604,GEM-VALVE-BALL
CAN-001653,BALL_VALVE,40.0,"1.5""",DN40,900,ASTM A216 WCB,RF,API 6D,"VALVE, BALL, 1.5"" (DN40), CLASS 900, ASTM A216 WCB, RF FACING, API 6D",40141604,GEM-VALVE-BALL
CAN-001654,BALL_VALVE,40.0,"1.5""",DN40,900,ASTM A216 WCB,BW,API 6D,"VALVE, BALL, 1.5"" (DN40), CLASS 900, ASTM A216 WCB, BW FACING, API 6D",40141604,GEM-VALVE-BALL
CAN-001655,BALL_VALVE,40.0,"1.5""",DN40,900,ASTM A182 F316,RF,API 6D,"VALVE, BALL, 1.5"" (DN40), CLASS 900, ASTM A182 F316, RF FACING, API 6D",40141604,GEM-VALVE-BALL
CAN-001656,BALL_VALVE,40.0,"1.5""",DN40,900,ASTM A182 F316,BW,API 6D,"VALVE, BALL, 1.5"" (DN40), CLASS 900, ASTM A182 F316, BW FACING, API 6D",40141604,GEM-VALVE-BALL
CAN-001657,BALL_VALVE,40.0,"1.5""",DN40,1500,ASTM A216 WCB,RF,API 6D,"VALVE, BALL, 1.5"" (DN40), CLASS 1500, ASTM A216 WCB, RF FACING, API 6D",40141604,GEM-VALVE-BALL
CAN-001658,BALL_VALVE,40.0,"1.5""",DN40,1500,ASTM A216 WCB,BW,API 6D,"VALVE, BALL, 1.5"" (DN40), CLASS 1500, ASTM A216 WCB, BW FACING, API 6D",40141604,GEM-VALVE-BALL
CAN-001659,BALL_VALVE,40.0,"1.5""",DN40,1500,ASTM A182 F316,RF,API 6D,"VALVE, BALL, 1.5"" (DN40), CLASS 1500, ASTM A182 F316, RF FACING, API 6D",40141604,GEM-VALVE-BALL
CAN-001660,BALL_VALVE,40.0,"1.5""",DN40,1500,ASTM A182 F316,BW,API 6D,"VALVE, BALL, 1.5"" (DN40), CLASS 1500, ASTM A182 F316, BW FACING, API 6D",40141604,GEM-VALVE-BALL
CAN-001661,BALL_VALVE,50.0,"2""",DN50,150,ASTM A216 WCB,RF,API 6D,"VALVE, BALL, 2"" (DN50), CLASS 150, ASTM A216 WCB, RF FACING, API 6D",40141604,GEM-VALVE-BALL
CAN-001662,BALL_VALVE,50.0,"2""",DN50,150,ASTM A216 WCB,BW,API 6D,"VALVE, BALL, 2"" (DN50), CLASS 150, ASTM A216 WCB, BW FACING, API 6D",40141604,GEM-VALVE-BALL
CAN-001663,BALL_VALVE,50.0,"2""",DN50,150,ASTM A182 F316,RF,API 6D,"VALVE, BALL, 2"" (DN50), CLASS 150, ASTM A182 F316, RF FACING, API 6D",40141604,GEM-VALVE-BALL
CAN-001664,BALL_VALVE,50.0,"2""",DN50,150,ASTM A182 F316,BW,API 6D,"VALVE, BALL, 2"" (DN50), CLASS 150, ASTM A182 F316, BW FACING, API 6D",40141604,GEM-VALVE-BALL
CAN-001665,BALL_VALVE,50.0,"2""",DN50,300,ASTM A216 WCB,RF,API 6D,"VALVE, BALL, 2"" (DN50), CLASS 300, ASTM A216 WCB, RF FACING, API 6D",40141604,GEM-VALVE-BALL
CAN-001666,BALL_VALVE,50.0,"2""",DN50,300,ASTM A216 WCB,BW,API 6D,"VALVE, BALL, 2"" (DN50), CLASS 300, ASTM A216 WCB, BW FACING, API 6D",40141604,GEM-VALVE-BALL
CAN-001667,BALL_VALVE,50.0,"2""",DN50,300,ASTM A182 F316,RF,API 6D,"VALVE, BALL, 2"" (DN50), CLASS 300, ASTM A182 F316, RF FACING, API 6D",40141604,GEM-VALVE-BALL
CAN-001668,BALL_VALVE,50.0,"2""",DN50,300,ASTM A182 F316,BW,API 6D,"VALVE, BALL, 2"" (DN50), CLASS 300, ASTM A182 F316, BW FACING, API 6D",40141604,GEM-VALVE-BALL
CAN-001669,BALL_VALVE,50.0,"2""",DN50,600,ASTM A216 WCB,RF,API 6D,"VALVE, BALL, 2"" (DN50), CLASS 600, ASTM A216 WCB, RF FACING, API 6D",40141604,GEM-VALVE-BALL
CAN-001670,BALL_VALVE,50.0,"2""",DN50,600,ASTM A216 WCB,BW,API 6D,"VALVE, BALL, 2"" (DN50), CLASS 600, ASTM A216 WCB, BW FACING, API 6D",40141604,GEM-VALVE-BALL
CAN-001671,BALL_VALVE,50.0,"2""",DN50,600,ASTM A182 F316,RF,API 6D,"VALVE, BALL, 2"" (DN50), CLASS 600, ASTM A182 F316, RF FACING, API 6D",40141604,GEM-VALVE-BALL
CAN-001672,BALL_VALVE,50.0,"2""",DN50,600,ASTM A182 F316,BW,API 6D,"VALVE, BALL, 2"" (DN50), CLASS 600, ASTM A182 F316, BW FACING, API 6D",40141604,GEM-VALVE-BALL
CAN-001673,BALL_VALVE,50.0,"2""",DN50,900,ASTM A216 WCB,RF,API 6D,"VALVE, BALL, 2"" (DN50), CLASS 900, ASTM A216 WCB, RF FACING, API 6D",40141604,GEM-VALVE-BALL
CAN-001674,BALL_VALVE,50.0,"2""",DN50,900,ASTM A216 WCB,BW,API 6D,"VALVE, BALL, 2"" (DN50), CLASS 900, ASTM A216 WCB, BW FACING, API 6D",40141604,GEM-VALVE-BALL
CAN-001675,BALL_VALVE,50.0,"2""",DN50,900,ASTM A182 F316,RF,API 6D,"VALVE, BALL, 2"" (DN50), CLASS 900, ASTM A182 F316, RF FACING, API 6D",40141604,GEM-VALVE-BALL
CAN-001676,BALL_VALVE,50.0,"2""",DN50,900,ASTM A182 F316,BW,API 6D,"VALVE, BALL, 2"" (DN50), CLASS 900, ASTM A182 F316, BW FACING, API 6D",40141604,GEM-VALVE-BALL
CAN-001677,BALL_VALVE,50.0,"2""",DN50,1500,ASTM A216 WCB,RF,API 6D,"VALVE, BALL, 2"" (DN50), CLASS 1500, ASTM A216 WCB, RF FACING, API 6D",40141604,GEM-VALVE-BALL
CAN-001678,BALL_VALVE,50.0,"2""",DN50,1500,ASTM A216 WCB,BW,API 6D,"VALVE, BALL, 2"" (DN50), CLASS 1500, ASTM A216 WCB, BW FACING, API 6D",40141604,GEM-VALVE-BALL
CAN-001679,BALL_VALVE,50.0,"2""",DN50,1500,ASTM A182 F316,RF,API 6D,"VALVE, BALL, 2"" (DN50), CLASS 1500, ASTM A182 F316, RF FACING, API 6D",40141604,GEM-VALVE-BALL
CAN-001680,BALL_VALVE,50.0,"2""",DN50,1500,ASTM A182 F316,BW,API 6D,"VALVE, BALL, 2"" (DN50), CLASS 1500, ASTM A182 F316, BW FACING, API 6D",40141604,GEM-VALVE-BALL
CAN-001681,BALL_VALVE,80.0,"3""",DN80,150,ASTM A216 WCB,RF,API 6D,"VALVE, BALL, 3"" (DN80), CLASS 150, ASTM A216 WCB, RF FACING, API 6D",40141604,GEM-VALVE-BALL
CAN-001682,BALL_VALVE,80.0,"3""",DN80,150,ASTM A216 WCB,BW,API 6D,"VALVE, BALL, 3"" (DN80), CLASS 150, ASTM A216 WCB, BW FACING, API 6D",40141604,GEM-VALVE-BALL
CAN-001683,BALL_VALVE,80.0,"3""",DN80,150,ASTM A182 F316,RF,API 6D,"VALVE, BALL, 3"" (DN80), CLASS 150, ASTM A182 F316, RF FACING, API 6D",40141604,GEM-VALVE-BALL
CAN-001684,BALL_VALVE,80.0,"3""",DN80,150,ASTM A182 F316,BW,API 6D,"VALVE, BALL, 3"" (DN80), CLASS 150, ASTM A182 F316, BW FACING, API 6D",40141604,GEM-VALVE-BALL
CAN-001685,BALL_VALVE,80.0,"3""",DN80,300,ASTM A216 WCB,RF,API 6D,"VALVE, BALL, 3"" (DN80), CLASS 300, ASTM A216 WCB, RF FACING, API 6D",40141604,GEM-VALVE-BALL
CAN-001686,BALL_VALVE,80.0,"3""",DN80,300,ASTM A216 WCB,BW,API 6D,"VALVE, BALL, 3"" (DN80), CLASS 300, ASTM A216 WCB, BW FACING, API 6D",40141604,GEM-VALVE-BALL
CAN-001687,BALL_VALVE,80.0,"3""",DN80,300,ASTM A182 F316,RF,API 6D,"VALVE, BALL, 3"" (DN80), CLASS 300, ASTM A182 F316, RF FACING, API 6D",40141604,GEM-VALVE-BALL
CAN-001688,BALL_VALVE,80.0,"3""",DN80,300,ASTM A182 F316,BW,API 6D,"VALVE, BALL, 3"" (DN80), CLASS 300, ASTM A182 F316, BW FACING, API 6D",40141604,GEM-VALVE-BALL
CAN-001689,BALL_VALVE,80.0,"3""",DN80,600,ASTM A216 WCB,RF,API 6D,"VALVE, BALL, 3"" (DN80), CLASS 600, ASTM A216 WCB, RF FACING, API 6D",40141604,GEM-VALVE-BALL
CAN-001690,BALL_VALVE,80.0,"3""",DN80,600,ASTM A216 WCB,BW,API 6D,"VALVE, BALL, 3"" (DN80), CLASS 600, ASTM A216 WCB, BW FACING, API 6D",40141604,GEM-VALVE-BALL
CAN-001691,BALL_VALVE,80.0,"3""",DN80,600,ASTM A182 F316,RF,API 6D,"VALVE, BALL, 3"" (DN80), CLASS 600, ASTM A182 F316, RF FACING, API 6D",40141604,GEM-VALVE-BALL
CAN-001692,BALL_VALVE,80.0,"3""",DN80,600,ASTM A182 F316,BW,API 6D,"VALVE, BALL, 3"" (DN80), CLASS 600, ASTM A182 F316, BW FACING, API 6D",40141604,GEM-VALVE-BALL
CAN-001693,BALL_VALVE,80.0,"3""",DN80,900,ASTM A216 WCB,RF,API 6D,"VALVE, BALL, 3"" (DN80), CLASS 900, ASTM A216 WCB, RF FACING, API 6D",40141604,GEM-VALVE-BALL
CAN-001694,BALL_VALVE,80.0,"3""",DN80,900,ASTM A216 WCB,BW,API 6D,"VALVE, BALL, 3"" (DN80), CLASS 900, ASTM A216 WCB, BW FACING, API 6D",40141604,GEM-VALVE-BALL
CAN-001695,BALL_VALVE,80.0,"3""",DN80,900,ASTM A182 F316,RF,API 6D,"VALVE, BALL, 3"" (DN80), CLASS 900, ASTM A182 F316, RF FACING, API 6D",40141604,GEM-VALVE-BALL
CAN-001696,BALL_VALVE,80.0,"3""",DN80,900,ASTM A182 F316,BW,API 6D,"VALVE, BALL, 3"" (DN80), CLASS 900, ASTM A182 F316, BW FACING, API 6D",40141604,GEM-VALVE-BALL
CAN-001697,BALL_VALVE,80.0,"3""",DN80,1500,ASTM A216 WCB,RF,API 6D,"VALVE, BALL, 3"" (DN80), CLASS 1500, ASTM A216 WCB, RF FACING, API 6D",40141604,GEM-VALVE-BALL
CAN-001698,BALL_VALVE,80.0,"3""",DN80,1500,ASTM A216 WCB,BW,API 6D,"VALVE, BALL, 3"" (DN80), CLASS 1500, ASTM A216 WCB, BW FACING, API 6D",40141604,GEM-VALVE-BALL
CAN-001699,BALL_VALVE,80.0,"3""",DN80,1500,ASTM A182 F316,RF,API 6D,"VALVE, BALL, 3"" (DN80), CLASS 1500, ASTM A182 F316, RF FACING, API 6D",40141604,GEM-VALVE-BALL
CAN-001700,BALL_VALVE,80.0,"3""",DN80,1500,ASTM A182 F316,BW,API 6D,"VALVE, BALL, 3"" (DN80), CLASS 1500, ASTM A182 F316, BW FACING, API 6D",40141604,GEM-VALVE-BALL
CAN-001701,BALL_VALVE,100.0,"4""",DN100,150,ASTM A216 WCB,RF,API 6D,"VALVE, BALL, 4"" (DN100), CLASS 150, ASTM A216 WCB, RF FACING, API 6D",40141604,GEM-VALVE-BALL
CAN-001702,BALL_VALVE,100.0,"4""",DN100,150,ASTM A216 WCB,BW,API 6D,"VALVE, BALL, 4"" (DN100), CLASS 150, ASTM A216 WCB, BW FACING, API 6D",40141604,GEM-VALVE-BALL
CAN-001703,BALL_VALVE,100.0,"4""",DN100,150,ASTM A182 F316,RF,API 6D,"VALVE, BALL, 4"" (DN100), CLASS 150, ASTM A182 F316, RF FACING, API 6D",40141604,GEM-VALVE-BALL
CAN-001704,BALL_VALVE,100.0,"4""",DN100,150,ASTM A182 F316,BW,API 6D,"VALVE, BALL, 4"" (DN100), CLASS 150, ASTM A182 F316, BW FACING, API 6D",40141604,GEM-VALVE-BALL
CAN-001705,BALL_VALVE,100.0,"4""",DN100,300,ASTM A216 WCB,RF,API 6D,"VALVE, BALL, 4"" (DN100), CLASS 300, ASTM A216 WCB, RF FACING, API 6D",40141604,GEM-VALVE-BALL
CAN-001706,BALL_VALVE,100.0,"4""",DN100,300,ASTM A216 WCB,BW,API 6D,"VALVE, BALL, 4"" (DN100), CLASS 300, ASTM A216 WCB, BW FACING, API 6D",40141604,GEM-VALVE-BALL
CAN-001707,BALL_VALVE,100.0,"4""",DN100,300,ASTM A182 F316,RF,API 6D,"VALVE, BALL, 4"" (DN100), CLASS 300, ASTM A182 F316, RF FACING, API 6D",40141604,GEM-VALVE-BALL
CAN-001708,BALL_VALVE,100.0,"4""",DN100,300,ASTM A182 F316,BW,API 6D,"VALVE, BALL, 4"" (DN100), CLASS 300, ASTM A182 F316, BW FACING, API 6D",40141604,GEM-VALVE-BALL
CAN-001709,BALL_VALVE,100.0,"4""",DN100,600,ASTM A216 WCB,RF,API 6D,"VALVE, BALL, 4"" (DN100), CLASS 600, ASTM A216 WCB, RF FACING, API 6D",40141604,GEM-VALVE-BALL
CAN-001710,BALL_VALVE,100.0,"4""",DN100,600,ASTM A216 WCB,BW,API 6D,"VALVE, BALL, 4"" (DN100), CLASS 600, ASTM A216 WCB, BW FACING, API 6D",40141604,GEM-VALVE-BALL
CAN-001711,BALL_VALVE,100.0,"4""",DN100,600,ASTM A182 F316,RF,API 6D,"VALVE, BALL, 4"" (DN100), CLASS 600, ASTM A182 F316, RF FACING, API 6D",40141604,GEM-VALVE-BALL
CAN-001712,BALL_VALVE,100.0,"4""",DN100,600,ASTM A182 F316,BW,API 6D,"VALVE, BALL, 4"" (DN100), CLASS 600, ASTM A182 F316, BW FACING, API 6D",40141604,GEM-VALVE-BALL
CAN-001713,BALL_VALVE,100.0,"4""",DN100,900,ASTM A216 WCB,RF,API 6D,"VALVE, BALL, 4"" (DN100), CLASS 900, ASTM A216 WCB, RF FACING, API 6D",40141604,GEM-VALVE-BALL
CAN-001714,BALL_VALVE,100.0,"4""",DN100,900,ASTM A216 WCB,BW,API 6D,"VALVE, BALL, 4"" (DN100), CLASS 900, ASTM A216 WCB, BW FACING, API 6D",40141604,GEM-VALVE-BALL
CAN-001715,BALL_VALVE,100.0,"4""",DN100,900,ASTM A182 F316,RF,API 6D,"VALVE, BALL, 4"" (DN100), CLASS 900, ASTM A182 F316, RF FACING, API 6D",40141604,GEM-VALVE-BALL
CAN-001716,BALL_VALVE,100.0,"4""",DN100,900,ASTM A182 F316,BW,API 6D,"VALVE, BALL, 4"" (DN100), CLASS 900, ASTM A182 F316, BW FACING, API 6D",40141604,GEM-VALVE-BALL
CAN-001717,BALL_VALVE,100.0,"4""",DN100,1500,ASTM A216 WCB,RF,API 6D,"VALVE, BALL, 4"" (DN100), CLASS 1500, ASTM A216 WCB, RF FACING, API 6D",40141604,GEM-VALVE-BALL
CAN-001718,BALL_VALVE,100.0,"4""",DN100,1500,ASTM A216 WCB,BW,API 6D,"VALVE, BALL, 4"" (DN100), CLASS 1500, ASTM A216 WCB, BW FACING, API 6D",40141604,GEM-VALVE-BALL
CAN-001719,BALL_VALVE,100.0,"4""",DN100,1500,ASTM A182 F316,RF,API 6D,"VALVE, BALL, 4"" (DN100), CLASS 1500, ASTM A182 F316, RF FACING, API 6D",40141604,GEM-VALVE-BALL
CAN-001720,BALL_VALVE,100.0,"4""",DN100,1500,ASTM A182 F316,BW,API 6D,"VALVE, BALL, 4"" (DN100), CLASS 1500, ASTM A182 F316, BW FACING, API 6D",40141604,GEM-VALVE-BALL
CAN-001721,BALL_VALVE,150.0,"6""",DN150,150,ASTM A216 WCB,RF,API 6D,"VALVE, BALL, 6"" (DN150), CLASS 150, ASTM A216 WCB, RF FACING, API 6D",40141604,GEM-VALVE-BALL
CAN-001722,BALL_VALVE,150.0,"6""",DN150,150,ASTM A216 WCB,BW,API 6D,"VALVE, BALL, 6"" (DN150), CLASS 150, ASTM A216 WCB, BW FACING, API 6D",40141604,GEM-VALVE-BALL
CAN-001723,BALL_VALVE,150.0,"6""",DN150,150,ASTM A182 F316,RF,API 6D,"VALVE, BALL, 6"" (DN150), CLASS 150, ASTM A182 F316, RF FACING, API 6D",40141604,GEM-VALVE-BALL
CAN-001724,BALL_VALVE,150.0,"6""",DN150,150,ASTM A182 F316,BW,API 6D,"VALVE, BALL, 6"" (DN150), CLASS 150, ASTM A182 F316, BW FACING, API 6D",40141604,GEM-VALVE-BALL
CAN-001725,BALL_VALVE,150.0,"6""",DN150,300,ASTM A216 WCB,RF,API 6D,"VALVE, BALL, 6"" (DN150), CLASS 300, ASTM A216 WCB, RF FACING, API 6D",40141604,GEM-VALVE-BALL
CAN-001726,BALL_VALVE,150.0,"6""",DN150,300,ASTM A216 WCB,BW,API 6D,"VALVE, BALL, 6"" (DN150), CLASS 300, ASTM A216 WCB, BW FACING, API 6D",40141604,GEM-VALVE-BALL
CAN-001727,BALL_VALVE,150.0,"6""",DN150,300,ASTM A182 F316,RF,API 6D,"VALVE, BALL, 6"" (DN150), CLASS 300, ASTM A182 F316, RF FACING, API 6D",40141604,GEM-VALVE-BALL
CAN-001728,BALL_VALVE,150.0,"6""",DN150,300,ASTM A182 F316,BW,API 6D,"VALVE, BALL, 6"" (DN150), CLASS 300, ASTM A182 F316, BW FACING, API 6D",40141604,GEM-VALVE-BALL
CAN-001729,BALL_VALVE,150.0,"6""",DN150,600,ASTM A216 WCB,RF,API 6D,"VALVE, BALL, 6"" (DN150), CLASS 600, ASTM A216 WCB, RF FACING, API 6D",40141604,GEM-VALVE-BALL
CAN-001730,BALL_VALVE,150.0,"6""",DN150,600,ASTM A216 WCB,BW,API 6D,"VALVE, BALL, 6"" (DN150), CLASS 600, ASTM A216 WCB, BW FACING, API 6D",40141604,GEM-VALVE-BALL
CAN-001731,BALL_VALVE,150.0,"6""",DN150,600,ASTM A182 F316,RF,API 6D,"VALVE, BALL, 6"" (DN150), CLASS 600, ASTM A182 F316, RF FACING, API 6D",40141604,GEM-VALVE-BALL
CAN-001732,BALL_VALVE,150.0,"6""",DN150,600,ASTM A182 F316,BW,API 6D,"VALVE, BALL, 6"" (DN150), CLASS 600, ASTM A182 F316, BW FACING, API 6D",40141604,GEM-VALVE-BALL
CAN-001733,BALL_VALVE,150.0,"6""",DN150,900,ASTM A216 WCB,RF,API 6D,"VALVE, BALL, 6"" (DN150), CLASS 900, ASTM A216 WCB, RF FACING, API 6D",40141604,GEM-VALVE-BALL
CAN-001734,BALL_VALVE,150.0,"6""",DN150,900,ASTM A216 WCB,BW,API 6D,"VALVE, BALL, 6"" (DN150), CLASS 900, ASTM A216 WCB, BW FACING, API 6D",40141604,GEM-VALVE-BALL
CAN-001735,BALL_VALVE,150.0,"6""",DN150,900,ASTM A182 F316,RF,API 6D,"VALVE, BALL, 6"" (DN150), CLASS 900, ASTM A182 F316, RF FACING, API 6D",40141604,GEM-VALVE-BALL
CAN-001736,BALL_VALVE,150.0,"6""",DN150,900,ASTM A182 F316,BW,API 6D,"VALVE, BALL, 6"" (DN150), CLASS 900, ASTM A182 F316, BW FACING, API 6D",40141604,GEM-VALVE-BALL
CAN-001737,BALL_VALVE,150.0,"6""",DN150,1500,ASTM A216 WCB,RF,API 6D,"VALVE, BALL, 6"" (DN150), CLASS 1500, ASTM A216 WCB, RF FACING, API 6D",40141604,GEM-VALVE-BALL
CAN-001738,BALL_VALVE,150.0,"6""",DN150,1500,ASTM A216 WCB,BW,API 6D,"VALVE, BALL, 6"" (DN150), CLASS 1500, ASTM A216 WCB, BW FACING, API 6D",40141604,GEM-VALVE-BALL
CAN-001739,BALL_VALVE,150.0,"6""",DN150,1500,ASTM A182 F316,RF,API 6D,"VALVE, BALL, 6"" (DN150), CLASS 1500, ASTM A182 F316, RF FACING, API 6D",40141604,GEM-VALVE-BALL
CAN-001740,BALL_VALVE,150.0,"6""",DN150,1500,ASTM A182 F316,BW,API 6D,"VALVE, BALL, 6"" (DN150), CLASS 1500, ASTM A182 F316, BW FACING, API 6D",40141604,GEM-VALVE-BALL
CAN-001741,BALL_VALVE,200.0,"8""",DN200,150,ASTM A216 WCB,RF,API 6D,"VALVE, BALL, 8"" (DN200), CLASS 150, ASTM A216 WCB, RF FACING, API 6D",40141604,GEM-VALVE-BALL
CAN-001742,BALL_VALVE,200.0,"8""",DN200,150,ASTM A216 WCB,BW,API 6D,"VALVE, BALL, 8"" (DN200), CLASS 150, ASTM A216 WCB, BW FACING, API 6D",40141604,GEM-VALVE-BALL
CAN-001743,BALL_VALVE,200.0,"8""",DN200,150,ASTM A182 F316,RF,API 6D,"VALVE, BALL, 8"" (DN200), CLASS 150, ASTM A182 F316, RF FACING, API 6D",40141604,GEM-VALVE-BALL
CAN-001744,BALL_VALVE,200.0,"8""",DN200,150,ASTM A182 F316,BW,API 6D,"VALVE, BALL, 8"" (DN200), CLASS 150, ASTM A182 F316, BW FACING, API 6D",40141604,GEM-VALVE-BALL
CAN-001745,BALL_VALVE,200.0,"8""",DN200,300,ASTM A216 WCB,RF,API 6D,"VALVE, BALL, 8"" (DN200), CLASS 300, ASTM A216 WCB, RF FACING, API 6D",40141604,GEM-VALVE-BALL
CAN-001746,BALL_VALVE,200.0,"8""",DN200,300,ASTM A216 WCB,BW,API 6D,"VALVE, BALL, 8"" (DN200), CLASS 300, ASTM A216 WCB, BW FACING, API 6D",40141604,GEM-VALVE-BALL
CAN-001747,BALL_VALVE,200.0,"8""",DN200,300,ASTM A182 F316,RF,API 6D,"VALVE, BALL, 8"" (DN200), CLASS 300, ASTM A182 F316, RF FACING, API 6D",40141604,GEM-VALVE-BALL
CAN-001748,BALL_VALVE,200.0,"8""",DN200,300,ASTM A182 F316,BW,API 6D,"VALVE, BALL, 8"" (DN200), CLASS 300, ASTM A182 F316, BW FACING, API 6D",40141604,GEM-VALVE-BALL
CAN-001749,BALL_VALVE,200.0,"8""",DN200,600,ASTM A216 WCB,RF,API 6D,"VALVE, BALL, 8"" (DN200), CLASS 600, ASTM A216 WCB, RF FACING, API 6D",40141604,GEM-VALVE-BALL
CAN-001750,BALL_VALVE,200.0,"8""",DN200,600,ASTM A216 WCB,BW,API 6D,"VALVE, BALL, 8"" (DN200), CLASS 600, ASTM A216 WCB, BW FACING, API 6D",40141604,GEM-VALVE-BALL
CAN-001751,BALL_VALVE,200.0,"8""",DN200,600,ASTM A182 F316,RF,API 6D,"VALVE, BALL, 8"" (DN200), CLASS 600, ASTM A182 F316, RF FACING, API 6D",40141604,GEM-VALVE-BALL
CAN-001752,BALL_VALVE,200.0,"8""",DN200,600,ASTM A182 F316,BW,API 6D,"VALVE, BALL, 8"" (DN200), CLASS 600, ASTM A182 F316, BW FACING, API 6D",40141604,GEM-VALVE-BALL
CAN-001753,BALL_VALVE,200.0,"8""",DN200,900,ASTM A216 WCB,RF,API 6D,"VALVE, BALL, 8"" (DN200), CLASS 900, ASTM A216 WCB, RF FACING, API 6D",40141604,GEM-VALVE-BALL
CAN-001754,BALL_VALVE,200.0,"8""",DN200,900,ASTM A216 WCB,BW,API 6D,"VALVE, BALL, 8"" (DN200), CLASS 900, ASTM A216 WCB, BW FACING, API 6D",40141604,GEM-VALVE-BALL
CAN-001755,BALL_VALVE,200.0,"8""",DN200,900,ASTM A182 F316,RF,API 6D,"VALVE, BALL, 8"" (DN200), CLASS 900, ASTM A182 F316, RF FACING, API 6D",40141604,GEM-VALVE-BALL
CAN-001756,BALL_VALVE,200.0,"8""",DN200,900,ASTM A182 F316,BW,API 6D,"VALVE, BALL, 8"" (DN200), CLASS 900, ASTM A182 F316, BW FACING, API 6D",40141604,GEM-VALVE-BALL
CAN-001757,BALL_VALVE,200.0,"8""",DN200,1500,ASTM A216 WCB,RF,API 6D,"VALVE, BALL, 8"" (DN200), CLASS 1500, ASTM A216 WCB, RF FACING, API 6D",40141604,GEM-VALVE-BALL
CAN-001758,BALL_VALVE,200.0,"8""",DN200,1500,ASTM A216 WCB,BW,API 6D,"VALVE, BALL, 8"" (DN200), CLASS 1500, ASTM A216 WCB, BW FACING, API 6D",40141604,GEM-VALVE-BALL
CAN-001759,BALL_VALVE,200.0,"8""",DN200,1500,ASTM A182 F316,RF,API 6D,"VALVE, BALL, 8"" (DN200), CLASS 1500, ASTM A182 F316, RF FACING, API 6D",40141604,GEM-VALVE-BALL
CAN-001760,BALL_VALVE,200.0,"8""",DN200,1500,ASTM A182 F316,BW,API 6D,"VALVE, BALL, 8"" (DN200), CLASS 1500, ASTM A182 F316, BW FACING, API 6D",40141604,GEM-VALVE-BALL
CAN-001761,BALL_VALVE,250.0,"10""",DN250,150,ASTM A216 WCB,RF,API 6D,"VALVE, BALL, 10"" (DN250), CLASS 150, ASTM A216 WCB, RF FACING, API 6D",40141604,GEM-VALVE-BALL
CAN-001762,BALL_VALVE,250.0,"10""",DN250,150,ASTM A216 WCB,BW,API 6D,"VALVE, BALL, 10"" (DN250), CLASS 150, ASTM A216 WCB, BW FACING, API 6D",40141604,GEM-VALVE-BALL
CAN-001763,BALL_VALVE,250.0,"10""",DN250,150,ASTM A182 F316,RF,API 6D,"VALVE, BALL, 10"" (DN250), CLASS 150, ASTM A182 F316, RF FACING, API 6D",40141604,GEM-VALVE-BALL
CAN-001764,BALL_VALVE,250.0,"10""",DN250,150,ASTM A182 F316,BW,API 6D,"VALVE, BALL, 10"" (DN250), CLASS 150, ASTM A182 F316, BW FACING, API 6D",40141604,GEM-VALVE-BALL
CAN-001765,BALL_VALVE,250.0,"10""",DN250,300,ASTM A216 WCB,RF,API 6D,"VALVE, BALL, 10"" (DN250), CLASS 300, ASTM A216 WCB, RF FACING, API 6D",40141604,GEM-VALVE-BALL
CAN-001766,BALL_VALVE,250.0,"10""",DN250,300,ASTM A216 WCB,BW,API 6D,"VALVE, BALL, 10"" (DN250), CLASS 300, ASTM A216 WCB, BW FACING, API 6D",40141604,GEM-VALVE-BALL
CAN-001767,BALL_VALVE,250.0,"10""",DN250,300,ASTM A182 F316,RF,API 6D,"VALVE, BALL, 10"" (DN250), CLASS 300, ASTM A182 F316, RF FACING, API 6D",40141604,GEM-VALVE-BALL
CAN-001768,BALL_VALVE,250.0,"10""",DN250,300,ASTM A182 F316,BW,API 6D,"VALVE, BALL, 10"" (DN250), CLASS 300, ASTM A182 F316, BW FACING, API 6D",40141604,GEM-VALVE-BALL
CAN-001769,BALL_VALVE,250.0,"10""",DN250,600,ASTM A216 WCB,RF,API 6D,"VALVE, BALL, 10"" (DN250), CLASS 600, ASTM A216 WCB, RF FACING, API 6D",40141604,GEM-VALVE-BALL
CAN-001770,BALL_VALVE,250.0,"10""",DN250,600,ASTM A216 WCB,BW,API 6D,"VALVE, BALL, 10"" (DN250), CLASS 600, ASTM A216 WCB, BW FACING, API 6D",40141604,GEM-VALVE-BALL
CAN-001771,BALL_VALVE,250.0,"10""",DN250,600,ASTM A182 F316,RF,API 6D,"VALVE, BALL, 10"" (DN250), CLASS 600, ASTM A182 F316, RF FACING, API 6D",40141604,GEM-VALVE-BALL
CAN-001772,BALL_VALVE,250.0,"10""",DN250,600,ASTM A182 F316,BW,API 6D,"VALVE, BALL, 10"" (DN250), CLASS 600, ASTM A182 F316, BW FACING, API 6D",40141604,GEM-VALVE-BALL
CAN-001773,BALL_VALVE,250.0,"10""",DN250,900,ASTM A216 WCB,RF,API 6D,"VALVE, BALL, 10"" (DN250), CLASS 900, ASTM A216 WCB, RF FACING, API 6D",40141604,GEM-VALVE-BALL
CAN-001774,BALL_VALVE,250.0,"10""",DN250,900,ASTM A216 WCB,BW,API 6D,"VALVE, BALL, 10"" (DN250), CLASS 900, ASTM A216 WCB, BW FACING, API 6D",40141604,GEM-VALVE-BALL
CAN-001775,BALL_VALVE,250.0,"10""",DN250,900,ASTM A182 F316,RF,API 6D,"VALVE, BALL, 10"" (DN250), CLASS 900, ASTM A182 F316, RF FACING, API 6D",40141604,GEM-VALVE-BALL
CAN-001776,BALL_VALVE,250.0,"10""",DN250,900,ASTM A182 F316,BW,API 6D,"VALVE, BALL, 10"" (DN250), CLASS 900, ASTM A182 F316, BW FACING, API 6D",40141604,GEM-VALVE-BALL
CAN-001777,BALL_VALVE,250.0,"10""",DN250,1500,ASTM A216 WCB,RF,API 6D,"VALVE, BALL, 10"" (DN250), CLASS 1500, ASTM A216 WCB, RF FACING, API 6D",40141604,GEM-VALVE-BALL
CAN-001778,BALL_VALVE,250.0,"10""",DN250,1500,ASTM A216 WCB,BW,API 6D,"VALVE, BALL, 10"" (DN250), CLASS 1500, ASTM A216 WCB, BW FACING, API 6D",40141604,GEM-VALVE-BALL
CAN-001779,BALL_VALVE,250.0,"10""",DN250,1500,ASTM A182 F316,RF,API 6D,"VALVE, BALL, 10"" (DN250), CLASS 1500, ASTM A182 F316, RF FACING, API 6D",40141604,GEM-VALVE-BALL
CAN-001780,BALL_VALVE,250.0,"10""",DN250,1500,ASTM A182 F316,BW,API 6D,"VALVE, BALL, 10"" (DN250), CLASS 1500, ASTM A182 F316, BW FACING, API 6D",40141604,GEM-VALVE-BALL
CAN-001781,BALL_VALVE,300.0,"12""",DN300,150,ASTM A216 WCB,RF,API 6D,"VALVE, BALL, 12"" (DN300), CLASS 150, ASTM A216 WCB, RF FACING, API 6D",40141604,GEM-VALVE-BALL
CAN-001782,BALL_VALVE,300.0,"12""",DN300,150,ASTM A216 WCB,BW,API 6D,"VALVE, BALL, 12"" (DN300), CLASS 150, ASTM A216 WCB, BW FACING, API 6D",40141604,GEM-VALVE-BALL
CAN-001783,BALL_VALVE,300.0,"12""",DN300,150,ASTM A182 F316,RF,API 6D,"VALVE, BALL, 12"" (DN300), CLASS 150, ASTM A182 F316, RF FACING, API 6D",40141604,GEM-VALVE-BALL
CAN-001784,BALL_VALVE,300.0,"12""",DN300,150,ASTM A182 F316,BW,API 6D,"VALVE, BALL, 12"" (DN300), CLASS 150, ASTM A182 F316, BW FACING, API 6D",40141604,GEM-VALVE-BALL
CAN-001785,BALL_VALVE,300.0,"12""",DN300,300,ASTM A216 WCB,RF,API 6D,"VALVE, BALL, 12"" (DN300), CLASS 300, ASTM A216 WCB, RF FACING, API 6D",40141604,GEM-VALVE-BALL
CAN-001786,BALL_VALVE,300.0,"12""",DN300,300,ASTM A216 WCB,BW,API 6D,"VALVE, BALL, 12"" (DN300), CLASS 300, ASTM A216 WCB, BW FACING, API 6D",40141604,GEM-VALVE-BALL
CAN-001787,BALL_VALVE,300.0,"12""",DN300,300,ASTM A182 F316,RF,API 6D,"VALVE, BALL, 12"" (DN300), CLASS 300, ASTM A182 F316, RF FACING, API 6D",40141604,GEM-VALVE-BALL
CAN-001788,BALL_VALVE,300.0,"12""",DN300,300,ASTM A182 F316,BW,API 6D,"VALVE, BALL, 12"" (DN300), CLASS 300, ASTM A182 F316, BW FACING, API 6D",40141604,GEM-VALVE-BALL
CAN-001789,BALL_VALVE,300.0,"12""",DN300,600,ASTM A216 WCB,RF,API 6D,"VALVE, BALL, 12"" (DN300), CLASS 600, ASTM A216 WCB, RF FACING, API 6D",40141604,GEM-VALVE-BALL
CAN-001790,BALL_VALVE,300.0,"12""",DN300,600,ASTM A216 WCB,BW,API 6D,"VALVE, BALL, 12"" (DN300), CLASS 600, ASTM A216 WCB, BW FACING, API 6D",40141604,GEM-VALVE-BALL
CAN-001791,BALL_VALVE,300.0,"12""",DN300,600,ASTM A182 F316,RF,API 6D,"VALVE, BALL, 12"" (DN300), CLASS 600, ASTM A182 F316, RF FACING, API 6D",40141604,GEM-VALVE-BALL
CAN-001792,BALL_VALVE,300.0,"12""",DN300,600,ASTM A182 F316,BW,API 6D,"VALVE, BALL, 12"" (DN300), CLASS 600, ASTM A182 F316, BW FACING, API 6D",40141604,GEM-VALVE-BALL
CAN-001793,BALL_VALVE,300.0,"12""",DN300,900,ASTM A216 WCB,RF,API 6D,"VALVE, BALL, 12"" (DN300), CLASS 900, ASTM A216 WCB, RF FACING, API 6D",40141604,GEM-VALVE-BALL
CAN-001794,BALL_VALVE,300.0,"12""",DN300,900,ASTM A216 WCB,BW,API 6D,"VALVE, BALL, 12"" (DN300), CLASS 900, ASTM A216 WCB, BW FACING, API 6D",40141604,GEM-VALVE-BALL
CAN-001795,BALL_VALVE,300.0,"12""",DN300,900,ASTM A182 F316,RF,API 6D,"VALVE, BALL, 12"" (DN300), CLASS 900, ASTM A182 F316, RF FACING, API 6D",40141604,GEM-VALVE-BALL
CAN-001796,BALL_VALVE,300.0,"12""",DN300,900,ASTM A182 F316,BW,API 6D,"VALVE, BALL, 12"" (DN300), CLASS 900, ASTM A182 F316, BW FACING, API 6D",40141604,GEM-VALVE-BALL
CAN-001797,BALL_VALVE,300.0,"12""",DN300,1500,ASTM A216 WCB,RF,API 6D,"VALVE, BALL, 12"" (DN300), CLASS 1500, ASTM A216 WCB, RF FACING, API 6D",40141604,GEM-VALVE-BALL
CAN-001798,BALL_VALVE,300.0,"12""",DN300,1500,ASTM A216 WCB,BW,API 6D,"VALVE, BALL, 12"" (DN300), CLASS 1500, ASTM A216 WCB, BW FACING, API 6D",40141604,GEM-VALVE-BALL
CAN-001799,BALL_VALVE,300.0,"12""",DN300,1500,ASTM A182 F316,RF,API 6D,"VALVE, BALL, 12"" (DN300), CLASS 1500, ASTM A182 F316, RF FACING, API 6D",40141604,GEM-VALVE-BALL
CAN-001800,BALL_VALVE,300.0,"12""",DN300,1500,ASTM A182 F316,BW,API 6D,"VALVE, BALL, 12"" (DN300), CLASS 1500, ASTM A182 F316, BW FACING, API 6D",40141604,GEM-VALVE-BALL
CAN-001801,GLOBE_VALVE,15.0,"1/2""",DN15,150,ASTM A216 WCB,RF,BS 1873,"VALVE, GLOBE, 1/2"" (DN15), CLASS 150, ASTM A216 WCB, RF FACING, BS 1873",40141602,GEM-VALVE-GLOBE
CAN-001802,GLOBE_VALVE,15.0,"1/2""",DN15,150,ASTM A216 WCB,RF,ASME B16.34,"VALVE, GLOBE, 1/2"" (DN15), CLASS 150, ASTM A216 WCB, RF FACING, ASME B16.34",40141602,GEM-VALVE-GLOBE
CAN-001803,GLOBE_VALVE,15.0,"1/2""",DN15,150,ASTM A105,RF,BS 1873,"VALVE, GLOBE, 1/2"" (DN15), CLASS 150, ASTM A105, RF FACING, BS 1873",40141602,GEM-VALVE-GLOBE
CAN-001804,GLOBE_VALVE,15.0,"1/2""",DN15,150,ASTM A105,RF,ASME B16.34,"VALVE, GLOBE, 1/2"" (DN15), CLASS 150, ASTM A105, RF FACING, ASME B16.34",40141602,GEM-VALVE-GLOBE
CAN-001805,GLOBE_VALVE,15.0,"1/2""",DN15,300,ASTM A216 WCB,RF,BS 1873,"VALVE, GLOBE, 1/2"" (DN15), CLASS 300, ASTM A216 WCB, RF FACING, BS 1873",40141602,GEM-VALVE-GLOBE
CAN-001806,GLOBE_VALVE,15.0,"1/2""",DN15,300,ASTM A216 WCB,RF,ASME B16.34,"VALVE, GLOBE, 1/2"" (DN15), CLASS 300, ASTM A216 WCB, RF FACING, ASME B16.34",40141602,GEM-VALVE-GLOBE
CAN-001807,GLOBE_VALVE,15.0,"1/2""",DN15,300,ASTM A105,RF,BS 1873,"VALVE, GLOBE, 1/2"" (DN15), CLASS 300, ASTM A105, RF FACING, BS 1873",40141602,GEM-VALVE-GLOBE
CAN-001808,GLOBE_VALVE,15.0,"1/2""",DN15,300,ASTM A105,RF,ASME B16.34,"VALVE, GLOBE, 1/2"" (DN15), CLASS 300, ASTM A105, RF FACING, ASME B16.34",40141602,GEM-VALVE-GLOBE
CAN-001809,GLOBE_VALVE,15.0,"1/2""",DN15,600,ASTM A216 WCB,RF,BS 1873,"VALVE, GLOBE, 1/2"" (DN15), CLASS 600, ASTM A216 WCB, RF FACING, BS 1873",40141602,GEM-VALVE-GLOBE
CAN-001810,GLOBE_VALVE,15.0,"1/2""",DN15,600,ASTM A216 WCB,RF,ASME B16.34,"VALVE, GLOBE, 1/2"" (DN15), CLASS 600, ASTM A216 WCB, RF FACING, ASME B16.34",40141602,GEM-VALVE-GLOBE
CAN-001811,GLOBE_VALVE,15.0,"1/2""",DN15,600,ASTM A105,RF,BS 1873,"VALVE, GLOBE, 1/2"" (DN15), CLASS 600, ASTM A105, RF FACING, BS 1873",40141602,GEM-VALVE-GLOBE
CAN-001812,GLOBE_VALVE,15.0,"1/2""",DN15,600,ASTM A105,RF,ASME B16.34,"VALVE, GLOBE, 1/2"" (DN15), CLASS 600, ASTM A105, RF FACING, ASME B16.34",40141602,GEM-VALVE-GLOBE
CAN-001813,GLOBE_VALVE,15.0,"1/2""",DN15,900,ASTM A216 WCB,RF,BS 1873,"VALVE, GLOBE, 1/2"" (DN15), CLASS 900, ASTM A216 WCB, RF FACING, BS 1873",40141602,GEM-VALVE-GLOBE
CAN-001814,GLOBE_VALVE,15.0,"1/2""",DN15,900,ASTM A216 WCB,RF,ASME B16.34,"VALVE, GLOBE, 1/2"" (DN15), CLASS 900, ASTM A216 WCB, RF FACING, ASME B16.34",40141602,GEM-VALVE-GLOBE
CAN-001815,GLOBE_VALVE,15.0,"1/2""",DN15,900,ASTM A105,RF,BS 1873,"VALVE, GLOBE, 1/2"" (DN15), CLASS 900, ASTM A105, RF FACING, BS 1873",40141602,GEM-VALVE-GLOBE
CAN-001816,GLOBE_VALVE,15.0,"1/2""",DN15,900,ASTM A105,RF,ASME B16.34,"VALVE, GLOBE, 1/2"" (DN15), CLASS 900, ASTM A105, RF FACING, ASME B16.34",40141602,GEM-VALVE-GLOBE
CAN-001817,GLOBE_VALVE,15.0,"1/2""",DN15,1500,ASTM A216 WCB,RF,BS 1873,"VALVE, GLOBE, 1/2"" (DN15), CLASS 1500, ASTM A216 WCB, RF FACING, BS 1873",40141602,GEM-VALVE-GLOBE
CAN-001818,GLOBE_VALVE,15.0,"1/2""",DN15,1500,ASTM A216 WCB,RF,ASME B16.34,"VALVE, GLOBE, 1/2"" (DN15), CLASS 1500, ASTM A216 WCB, RF FACING, ASME B16.34",40141602,GEM-VALVE-GLOBE
CAN-001819,GLOBE_VALVE,15.0,"1/2""",DN15,1500,ASTM A105,RF,BS 1873,"VALVE, GLOBE, 1/2"" (DN15), CLASS 1500, ASTM A105, RF FACING, BS 1873",40141602,GEM-VALVE-GLOBE
CAN-001820,GLOBE_VALVE,15.0,"1/2""",DN15,1500,ASTM A105,RF,ASME B16.34,"VALVE, GLOBE, 1/2"" (DN15), CLASS 1500, ASTM A105, RF FACING, ASME B16.34",40141602,GEM-VALVE-GLOBE
CAN-001821,GLOBE_VALVE,25.0,"1""",DN25,150,ASTM A216 WCB,RF,BS 1873,"VALVE, GLOBE, 1"" (DN25), CLASS 150, ASTM A216 WCB, RF FACING, BS 1873",40141602,GEM-VALVE-GLOBE
CAN-001822,GLOBE_VALVE,25.0,"1""",DN25,150,ASTM A216 WCB,RF,ASME B16.34,"VALVE, GLOBE, 1"" (DN25), CLASS 150, ASTM A216 WCB, RF FACING, ASME B16.34",40141602,GEM-VALVE-GLOBE
CAN-001823,GLOBE_VALVE,25.0,"1""",DN25,150,ASTM A105,RF,BS 1873,"VALVE, GLOBE, 1"" (DN25), CLASS 150, ASTM A105, RF FACING, BS 1873",40141602,GEM-VALVE-GLOBE
CAN-001824,GLOBE_VALVE,25.0,"1""",DN25,150,ASTM A105,RF,ASME B16.34,"VALVE, GLOBE, 1"" (DN25), CLASS 150, ASTM A105, RF FACING, ASME B16.34",40141602,GEM-VALVE-GLOBE
CAN-001825,GLOBE_VALVE,25.0,"1""",DN25,300,ASTM A216 WCB,RF,BS 1873,"VALVE, GLOBE, 1"" (DN25), CLASS 300, ASTM A216 WCB, RF FACING, BS 1873",40141602,GEM-VALVE-GLOBE
CAN-001826,GLOBE_VALVE,25.0,"1""",DN25,300,ASTM A216 WCB,RF,ASME B16.34,"VALVE, GLOBE, 1"" (DN25), CLASS 300, ASTM A216 WCB, RF FACING, ASME B16.34",40141602,GEM-VALVE-GLOBE
CAN-001827,GLOBE_VALVE,25.0,"1""",DN25,300,ASTM A105,RF,BS 1873,"VALVE, GLOBE, 1"" (DN25), CLASS 300, ASTM A105, RF FACING, BS 1873",40141602,GEM-VALVE-GLOBE
CAN-001828,GLOBE_VALVE,25.0,"1""",DN25,300,ASTM A105,RF,ASME B16.34,"VALVE, GLOBE, 1"" (DN25), CLASS 300, ASTM A105, RF FACING, ASME B16.34",40141602,GEM-VALVE-GLOBE
CAN-001829,GLOBE_VALVE,25.0,"1""",DN25,600,ASTM A216 WCB,RF,BS 1873,"VALVE, GLOBE, 1"" (DN25), CLASS 600, ASTM A216 WCB, RF FACING, BS 1873",40141602,GEM-VALVE-GLOBE
CAN-001830,GLOBE_VALVE,25.0,"1""",DN25,600,ASTM A216 WCB,RF,ASME B16.34,"VALVE, GLOBE, 1"" (DN25), CLASS 600, ASTM A216 WCB, RF FACING, ASME B16.34",40141602,GEM-VALVE-GLOBE
CAN-001831,GLOBE_VALVE,25.0,"1""",DN25,600,ASTM A105,RF,BS 1873,"VALVE, GLOBE, 1"" (DN25), CLASS 600, ASTM A105, RF FACING, BS 1873",40141602,GEM-VALVE-GLOBE
CAN-001832,GLOBE_VALVE,25.0,"1""",DN25,600,ASTM A105,RF,ASME B16.34,"VALVE, GLOBE, 1"" (DN25), CLASS 600, ASTM A105, RF FACING, ASME B16.34",40141602,GEM-VALVE-GLOBE
CAN-001833,GLOBE_VALVE,25.0,"1""",DN25,900,ASTM A216 WCB,RF,BS 1873,"VALVE, GLOBE, 1"" (DN25), CLASS 900, ASTM A216 WCB, RF FACING, BS 1873",40141602,GEM-VALVE-GLOBE
CAN-001834,GLOBE_VALVE,25.0,"1""",DN25,900,ASTM A216 WCB,RF,ASME B16.34,"VALVE, GLOBE, 1"" (DN25), CLASS 900, ASTM A216 WCB, RF FACING, ASME B16.34",40141602,GEM-VALVE-GLOBE
CAN-001835,GLOBE_VALVE,25.0,"1""",DN25,900,ASTM A105,RF,BS 1873,"VALVE, GLOBE, 1"" (DN25), CLASS 900, ASTM A105, RF FACING, BS 1873",40141602,GEM-VALVE-GLOBE
CAN-001836,GLOBE_VALVE,25.0,"1""",DN25,900,ASTM A105,RF,ASME B16.34,"VALVE, GLOBE, 1"" (DN25), CLASS 900, ASTM A105, RF FACING, ASME B16.34",40141602,GEM-VALVE-GLOBE
CAN-001837,GLOBE_VALVE,25.0,"1""",DN25,1500,ASTM A216 WCB,RF,BS 1873,"VALVE, GLOBE, 1"" (DN25), CLASS 1500, ASTM A216 WCB, RF FACING, BS 1873",40141602,GEM-VALVE-GLOBE
CAN-001838,GLOBE_VALVE,25.0,"1""",DN25,1500,ASTM A216 WCB,RF,ASME B16.34,"VALVE, GLOBE, 1"" (DN25), CLASS 1500, ASTM A216 WCB, RF FACING, ASME B16.34",40141602,GEM-VALVE-GLOBE
CAN-001839,GLOBE_VALVE,25.0,"1""",DN25,1500,ASTM A105,RF,BS 1873,"VALVE, GLOBE, 1"" (DN25), CLASS 1500, ASTM A105, RF FACING, BS 1873",40141602,GEM-VALVE-GLOBE
CAN-001840,GLOBE_VALVE,25.0,"1""",DN25,1500,ASTM A105,RF,ASME B16.34,"VALVE, GLOBE, 1"" (DN25), CLASS 1500, ASTM A105, RF FACING, ASME B16.34",40141602,GEM-VALVE-GLOBE
CAN-001841,GLOBE_VALVE,40.0,"1.5""",DN40,150,ASTM A216 WCB,RF,BS 1873,"VALVE, GLOBE, 1.5"" (DN40), CLASS 150, ASTM A216 WCB, RF FACING, BS 1873",40141602,GEM-VALVE-GLOBE
CAN-001842,GLOBE_VALVE,40.0,"1.5""",DN40,150,ASTM A216 WCB,RF,ASME B16.34,"VALVE, GLOBE, 1.5"" (DN40), CLASS 150, ASTM A216 WCB, RF FACING, ASME B16.34",40141602,GEM-VALVE-GLOBE
CAN-001843,GLOBE_VALVE,40.0,"1.5""",DN40,150,ASTM A105,RF,BS 1873,"VALVE, GLOBE, 1.5"" (DN40), CLASS 150, ASTM A105, RF FACING, BS 1873",40141602,GEM-VALVE-GLOBE
CAN-001844,GLOBE_VALVE,40.0,"1.5""",DN40,150,ASTM A105,RF,ASME B16.34,"VALVE, GLOBE, 1.5"" (DN40), CLASS 150, ASTM A105, RF FACING, ASME B16.34",40141602,GEM-VALVE-GLOBE
CAN-001845,GLOBE_VALVE,40.0,"1.5""",DN40,300,ASTM A216 WCB,RF,BS 1873,"VALVE, GLOBE, 1.5"" (DN40), CLASS 300, ASTM A216 WCB, RF FACING, BS 1873",40141602,GEM-VALVE-GLOBE
CAN-001846,GLOBE_VALVE,40.0,"1.5""",DN40,300,ASTM A216 WCB,RF,ASME B16.34,"VALVE, GLOBE, 1.5"" (DN40), CLASS 300, ASTM A216 WCB, RF FACING, ASME B16.34",40141602,GEM-VALVE-GLOBE
CAN-001847,GLOBE_VALVE,40.0,"1.5""",DN40,300,ASTM A105,RF,BS 1873,"VALVE, GLOBE, 1.5"" (DN40), CLASS 300, ASTM A105, RF FACING, BS 1873",40141602,GEM-VALVE-GLOBE
CAN-001848,GLOBE_VALVE,40.0,"1.5""",DN40,300,ASTM A105,RF,ASME B16.34,"VALVE, GLOBE, 1.5"" (DN40), CLASS 300, ASTM A105, RF FACING, ASME B16.34",40141602,GEM-VALVE-GLOBE
CAN-001849,GLOBE_VALVE,40.0,"1.5""",DN40,600,ASTM A216 WCB,RF,BS 1873,"VALVE, GLOBE, 1.5"" (DN40), CLASS 600, ASTM A216 WCB, RF FACING, BS 1873",40141602,GEM-VALVE-GLOBE
CAN-001850,GLOBE_VALVE,40.0,"1.5""",DN40,600,ASTM A216 WCB,RF,ASME B16.34,"VALVE, GLOBE, 1.5"" (DN40), CLASS 600, ASTM A216 WCB, RF FACING, ASME B16.34",40141602,GEM-VALVE-GLOBE
CAN-001851,GLOBE_VALVE,40.0,"1.5""",DN40,600,ASTM A105,RF,BS 1873,"VALVE, GLOBE, 1.5"" (DN40), CLASS 600, ASTM A105, RF FACING, BS 1873",40141602,GEM-VALVE-GLOBE
CAN-001852,GLOBE_VALVE,40.0,"1.5""",DN40,600,ASTM A105,RF,ASME B16.34,"VALVE, GLOBE, 1.5"" (DN40), CLASS 600, ASTM A105, RF FACING, ASME B16.34",40141602,GEM-VALVE-GLOBE
CAN-001853,GLOBE_VALVE,40.0,"1.5""",DN40,900,ASTM A216 WCB,RF,BS 1873,"VALVE, GLOBE, 1.5"" (DN40), CLASS 900, ASTM A216 WCB, RF FACING, BS 1873",40141602,GEM-VALVE-GLOBE
CAN-001854,GLOBE_VALVE,40.0,"1.5""",DN40,900,ASTM A216 WCB,RF,ASME B16.34,"VALVE, GLOBE, 1.5"" (DN40), CLASS 900, ASTM A216 WCB, RF FACING, ASME B16.34",40141602,GEM-VALVE-GLOBE
CAN-001855,GLOBE_VALVE,40.0,"1.5""",DN40,900,ASTM A105,RF,BS 1873,"VALVE, GLOBE, 1.5"" (DN40), CLASS 900, ASTM A105, RF FACING, BS 1873",40141602,GEM-VALVE-GLOBE
CAN-001856,GLOBE_VALVE,40.0,"1.5""",DN40,900,ASTM A105,RF,ASME B16.34,"VALVE, GLOBE, 1.5"" (DN40), CLASS 900, ASTM A105, RF FACING, ASME B16.34",40141602,GEM-VALVE-GLOBE
CAN-001857,GLOBE_VALVE,40.0,"1.5""",DN40,1500,ASTM A216 WCB,RF,BS 1873,"VALVE, GLOBE, 1.5"" (DN40), CLASS 1500, ASTM A216 WCB, RF FACING, BS 1873",40141602,GEM-VALVE-GLOBE
CAN-001858,GLOBE_VALVE,40.0,"1.5""",DN40,1500,ASTM A216 WCB,RF,ASME B16.34,"VALVE, GLOBE, 1.5"" (DN40), CLASS 1500, ASTM A216 WCB, RF FACING, ASME B16.34",40141602,GEM-VALVE-GLOBE
CAN-001859,GLOBE_VALVE,40.0,"1.5""",DN40,1500,ASTM A105,RF,BS 1873,"VALVE, GLOBE, 1.5"" (DN40), CLASS 1500, ASTM A105, RF FACING, BS 1873",40141602,GEM-VALVE-GLOBE
CAN-001860,GLOBE_VALVE,40.0,"1.5""",DN40,1500,ASTM A105,RF,ASME B16.34,"VALVE, GLOBE, 1.5"" (DN40), CLASS 1500, ASTM A105, RF FACING, ASME B16.34",40141602,GEM-VALVE-GLOBE
CAN-001861,GLOBE_VALVE,50.0,"2""",DN50,150,ASTM A216 WCB,RF,BS 1873,"VALVE, GLOBE, 2"" (DN50), CLASS 150, ASTM A216 WCB, RF FACING, BS 1873",40141602,GEM-VALVE-GLOBE
CAN-001862,GLOBE_VALVE,50.0,"2""",DN50,150,ASTM A216 WCB,RF,ASME B16.34,"VALVE, GLOBE, 2"" (DN50), CLASS 150, ASTM A216 WCB, RF FACING, ASME B16.34",40141602,GEM-VALVE-GLOBE
CAN-001863,GLOBE_VALVE,50.0,"2""",DN50,150,ASTM A105,RF,BS 1873,"VALVE, GLOBE, 2"" (DN50), CLASS 150, ASTM A105, RF FACING, BS 1873",40141602,GEM-VALVE-GLOBE
CAN-001864,GLOBE_VALVE,50.0,"2""",DN50,150,ASTM A105,RF,ASME B16.34,"VALVE, GLOBE, 2"" (DN50), CLASS 150, ASTM A105, RF FACING, ASME B16.34",40141602,GEM-VALVE-GLOBE
CAN-001865,GLOBE_VALVE,50.0,"2""",DN50,300,ASTM A216 WCB,RF,BS 1873,"VALVE, GLOBE, 2"" (DN50), CLASS 300, ASTM A216 WCB, RF FACING, BS 1873",40141602,GEM-VALVE-GLOBE
CAN-001866,GLOBE_VALVE,50.0,"2""",DN50,300,ASTM A216 WCB,RF,ASME B16.34,"VALVE, GLOBE, 2"" (DN50), CLASS 300, ASTM A216 WCB, RF FACING, ASME B16.34",40141602,GEM-VALVE-GLOBE
CAN-001867,GLOBE_VALVE,50.0,"2""",DN50,300,ASTM A105,RF,BS 1873,"VALVE, GLOBE, 2"" (DN50), CLASS 300, ASTM A105, RF FACING, BS 1873",40141602,GEM-VALVE-GLOBE
CAN-001868,GLOBE_VALVE,50.0,"2""",DN50,300,ASTM A105,RF,ASME B16.34,"VALVE, GLOBE, 2"" (DN50), CLASS 300, ASTM A105, RF FACING, ASME B16.34",40141602,GEM-VALVE-GLOBE
CAN-001869,GLOBE_VALVE,50.0,"2""",DN50,600,ASTM A216 WCB,RF,BS 1873,"VALVE, GLOBE, 2"" (DN50), CLASS 600, ASTM A216 WCB, RF FACING, BS 1873",40141602,GEM-VALVE-GLOBE
CAN-001870,GLOBE_VALVE,50.0,"2""",DN50,600,ASTM A216 WCB,RF,ASME B16.34,"VALVE, GLOBE, 2"" (DN50), CLASS 600, ASTM A216 WCB, RF FACING, ASME B16.34",40141602,GEM-VALVE-GLOBE
CAN-001871,GLOBE_VALVE,50.0,"2""",DN50,600,ASTM A105,RF,BS 1873,"VALVE, GLOBE, 2"" (DN50), CLASS 600, ASTM A105, RF FACING, BS 1873",40141602,GEM-VALVE-GLOBE
CAN-001872,GLOBE_VALVE,50.0,"2""",DN50,600,ASTM A105,RF,ASME B16.34,"VALVE, GLOBE, 2"" (DN50), CLASS 600, ASTM A105, RF FACING, ASME B16.34",40141602,GEM-VALVE-GLOBE
CAN-001873,GLOBE_VALVE,50.0,"2""",DN50,900,ASTM A216 WCB,RF,BS 1873,"VALVE, GLOBE, 2"" (DN50), CLASS 900, ASTM A216 WCB, RF FACING, BS 1873",40141602,GEM-VALVE-GLOBE
CAN-001874,GLOBE_VALVE,50.0,"2""",DN50,900,ASTM A216 WCB,RF,ASME B16.34,"VALVE, GLOBE, 2"" (DN50), CLASS 900, ASTM A216 WCB, RF FACING, ASME B16.34",40141602,GEM-VALVE-GLOBE
CAN-001875,GLOBE_VALVE,50.0,"2""",DN50,900,ASTM A105,RF,BS 1873,"VALVE, GLOBE, 2"" (DN50), CLASS 900, ASTM A105, RF FACING, BS 1873",40141602,GEM-VALVE-GLOBE
CAN-001876,GLOBE_VALVE,50.0,"2""",DN50,900,ASTM A105,RF,ASME B16.34,"VALVE, GLOBE, 2"" (DN50), CLASS 900, ASTM A105, RF FACING, ASME B16.34",40141602,GEM-VALVE-GLOBE
CAN-001877,GLOBE_VALVE,50.0,"2""",DN50,1500,ASTM A216 WCB,RF,BS 1873,"VALVE, GLOBE, 2"" (DN50), CLASS 1500, ASTM A216 WCB, RF FACING, BS 1873",40141602,GEM-VALVE-GLOBE
CAN-001878,GLOBE_VALVE,50.0,"2""",DN50,1500,ASTM A216 WCB,RF,ASME B16.34,"VALVE, GLOBE, 2"" (DN50), CLASS 1500, ASTM A216 WCB, RF FACING, ASME B16.34",40141602,GEM-VALVE-GLOBE
CAN-001879,GLOBE_VALVE,50.0,"2""",DN50,1500,ASTM A105,RF,BS 1873,"VALVE, GLOBE, 2"" (DN50), CLASS 1500, ASTM A105, RF FACING, BS 1873",40141602,GEM-VALVE-GLOBE
CAN-001880,GLOBE_VALVE,50.0,"2""",DN50,1500,ASTM A105,RF,ASME B16.34,"VALVE, GLOBE, 2"" (DN50), CLASS 1500, ASTM A105, RF FACING, ASME B16.34",40141602,GEM-VALVE-GLOBE
CAN-001881,GLOBE_VALVE,80.0,"3""",DN80,150,ASTM A216 WCB,RF,BS 1873,"VALVE, GLOBE, 3"" (DN80), CLASS 150, ASTM A216 WCB, RF FACING, BS 1873",40141602,GEM-VALVE-GLOBE
CAN-001882,GLOBE_VALVE,80.0,"3""",DN80,150,ASTM A216 WCB,RF,ASME B16.34,"VALVE, GLOBE, 3"" (DN80), CLASS 150, ASTM A216 WCB, RF FACING, ASME B16.34",40141602,GEM-VALVE-GLOBE
CAN-001883,GLOBE_VALVE,80.0,"3""",DN80,150,ASTM A105,RF,BS 1873,"VALVE, GLOBE, 3"" (DN80), CLASS 150, ASTM A105, RF FACING, BS 1873",40141602,GEM-VALVE-GLOBE
CAN-001884,GLOBE_VALVE,80.0,"3""",DN80,150,ASTM A105,RF,ASME B16.34,"VALVE, GLOBE, 3"" (DN80), CLASS 150, ASTM A105, RF FACING, ASME B16.34",40141602,GEM-VALVE-GLOBE
CAN-001885,GLOBE_VALVE,80.0,"3""",DN80,300,ASTM A216 WCB,RF,BS 1873,"VALVE, GLOBE, 3"" (DN80), CLASS 300, ASTM A216 WCB, RF FACING, BS 1873",40141602,GEM-VALVE-GLOBE
CAN-001886,GLOBE_VALVE,80.0,"3""",DN80,300,ASTM A216 WCB,RF,ASME B16.34,"VALVE, GLOBE, 3"" (DN80), CLASS 300, ASTM A216 WCB, RF FACING, ASME B16.34",40141602,GEM-VALVE-GLOBE
CAN-001887,GLOBE_VALVE,80.0,"3""",DN80,300,ASTM A105,RF,BS 1873,"VALVE, GLOBE, 3"" (DN80), CLASS 300, ASTM A105, RF FACING, BS 1873",40141602,GEM-VALVE-GLOBE
CAN-001888,GLOBE_VALVE,80.0,"3""",DN80,300,ASTM A105,RF,ASME B16.34,"VALVE, GLOBE, 3"" (DN80), CLASS 300, ASTM A105, RF FACING, ASME B16.34",40141602,GEM-VALVE-GLOBE
CAN-001889,GLOBE_VALVE,80.0,"3""",DN80,600,ASTM A216 WCB,RF,BS 1873,"VALVE, GLOBE, 3"" (DN80), CLASS 600, ASTM A216 WCB, RF FACING, BS 1873",40141602,GEM-VALVE-GLOBE
CAN-001890,GLOBE_VALVE,80.0,"3""",DN80,600,ASTM A216 WCB,RF,ASME B16.34,"VALVE, GLOBE, 3"" (DN80), CLASS 600, ASTM A216 WCB, RF FACING, ASME B16.34",40141602,GEM-VALVE-GLOBE
CAN-001891,GLOBE_VALVE,80.0,"3""",DN80,600,ASTM A105,RF,BS 1873,"VALVE, GLOBE, 3"" (DN80), CLASS 600, ASTM A105, RF FACING, BS 1873",40141602,GEM-VALVE-GLOBE
CAN-001892,GLOBE_VALVE,80.0,"3""",DN80,600,ASTM A105,RF,ASME B16.34,"VALVE, GLOBE, 3"" (DN80), CLASS 600, ASTM A105, RF FACING, ASME B16.34",40141602,GEM-VALVE-GLOBE
CAN-001893,GLOBE_VALVE,80.0,"3""",DN80,900,ASTM A216 WCB,RF,BS 1873,"VALVE, GLOBE, 3"" (DN80), CLASS 900, ASTM A216 WCB, RF FACING, BS 1873",40141602,GEM-VALVE-GLOBE
CAN-001894,GLOBE_VALVE,80.0,"3""",DN80,900,ASTM A216 WCB,RF,ASME B16.34,"VALVE, GLOBE, 3"" (DN80), CLASS 900, ASTM A216 WCB, RF FACING, ASME B16.34",40141602,GEM-VALVE-GLOBE
CAN-001895,GLOBE_VALVE,80.0,"3""",DN80,900,ASTM A105,RF,BS 1873,"VALVE, GLOBE, 3"" (DN80), CLASS 900, ASTM A105, RF FACING, BS 1873",40141602,GEM-VALVE-GLOBE
CAN-001896,GLOBE_VALVE,80.0,"3""",DN80,900,ASTM A105,RF,ASME B16.34,"VALVE, GLOBE, 3"" (DN80), CLASS 900, ASTM A105, RF FACING, ASME B16.34",40141602,GEM-VALVE-GLOBE
CAN-001897,GLOBE_VALVE,80.0,"3""",DN80,1500,ASTM A216 WCB,RF,BS 1873,"VALVE, GLOBE, 3"" (DN80), CLASS 1500, ASTM A216 WCB, RF FACING, BS 1873",40141602,GEM-VALVE-GLOBE
CAN-001898,GLOBE_VALVE,80.0,"3""",DN80,1500,ASTM A216 WCB,RF,ASME B16.34,"VALVE, GLOBE, 3"" (DN80), CLASS 1500, ASTM A216 WCB, RF FACING, ASME B16.34",40141602,GEM-VALVE-GLOBE
CAN-001899,GLOBE_VALVE,80.0,"3""",DN80,1500,ASTM A105,RF,BS 1873,"VALVE, GLOBE, 3"" (DN80), CLASS 1500, ASTM A105, RF FACING, BS 1873",40141602,GEM-VALVE-GLOBE
CAN-001900,GLOBE_VALVE,80.0,"3""",DN80,1500,ASTM A105,RF,ASME B16.34,"VALVE, GLOBE, 3"" (DN80), CLASS 1500, ASTM A105, RF FACING, ASME B16.34",40141602,GEM-VALVE-GLOBE
CAN-001901,GLOBE_VALVE,100.0,"4""",DN100,150,ASTM A216 WCB,RF,BS 1873,"VALVE, GLOBE, 4"" (DN100), CLASS 150, ASTM A216 WCB, RF FACING, BS 1873",40141602,GEM-VALVE-GLOBE
CAN-001902,GLOBE_VALVE,100.0,"4""",DN100,150,ASTM A216 WCB,RF,ASME B16.34,"VALVE, GLOBE, 4"" (DN100), CLASS 150, ASTM A216 WCB, RF FACING, ASME B16.34",40141602,GEM-VALVE-GLOBE
CAN-001903,GLOBE_VALVE,100.0,"4""",DN100,150,ASTM A105,RF,BS 1873,"VALVE, GLOBE, 4"" (DN100), CLASS 150, ASTM A105, RF FACING, BS 1873",40141602,GEM-VALVE-GLOBE
CAN-001904,GLOBE_VALVE,100.0,"4""",DN100,150,ASTM A105,RF,ASME B16.34,"VALVE, GLOBE, 4"" (DN100), CLASS 150, ASTM A105, RF FACING, ASME B16.34",40141602,GEM-VALVE-GLOBE
CAN-001905,GLOBE_VALVE,100.0,"4""",DN100,300,ASTM A216 WCB,RF,BS 1873,"VALVE, GLOBE, 4"" (DN100), CLASS 300, ASTM A216 WCB, RF FACING, BS 1873",40141602,GEM-VALVE-GLOBE
CAN-001906,GLOBE_VALVE,100.0,"4""",DN100,300,ASTM A216 WCB,RF,ASME B16.34,"VALVE, GLOBE, 4"" (DN100), CLASS 300, ASTM A216 WCB, RF FACING, ASME B16.34",40141602,GEM-VALVE-GLOBE
CAN-001907,GLOBE_VALVE,100.0,"4""",DN100,300,ASTM A105,RF,BS 1873,"VALVE, GLOBE, 4"" (DN100), CLASS 300, ASTM A105, RF FACING, BS 1873",40141602,GEM-VALVE-GLOBE
CAN-001908,GLOBE_VALVE,100.0,"4""",DN100,300,ASTM A105,RF,ASME B16.34,"VALVE, GLOBE, 4"" (DN100), CLASS 300, ASTM A105, RF FACING, ASME B16.34",40141602,GEM-VALVE-GLOBE
CAN-001909,GLOBE_VALVE,100.0,"4""",DN100,600,ASTM A216 WCB,RF,BS 1873,"VALVE, GLOBE, 4"" (DN100), CLASS 600, ASTM A216 WCB, RF FACING, BS 1873",40141602,GEM-VALVE-GLOBE
CAN-001910,GLOBE_VALVE,100.0,"4""",DN100,600,ASTM A216 WCB,RF,ASME B16.34,"VALVE, GLOBE, 4"" (DN100), CLASS 600, ASTM A216 WCB, RF FACING, ASME B16.34",40141602,GEM-VALVE-GLOBE
CAN-001911,GLOBE_VALVE,100.0,"4""",DN100,600,ASTM A105,RF,BS 1873,"VALVE, GLOBE, 4"" (DN100), CLASS 600, ASTM A105, RF FACING, BS 1873",40141602,GEM-VALVE-GLOBE
CAN-001912,GLOBE_VALVE,100.0,"4""",DN100,600,ASTM A105,RF,ASME B16.34,"VALVE, GLOBE, 4"" (DN100), CLASS 600, ASTM A105, RF FACING, ASME B16.34",40141602,GEM-VALVE-GLOBE
CAN-001913,GLOBE_VALVE,100.0,"4""",DN100,900,ASTM A216 WCB,RF,BS 1873,"VALVE, GLOBE, 4"" (DN100), CLASS 900, ASTM A216 WCB, RF FACING, BS 1873",40141602,GEM-VALVE-GLOBE
CAN-001914,GLOBE_VALVE,100.0,"4""",DN100,900,ASTM A216 WCB,RF,ASME B16.34,"VALVE, GLOBE, 4"" (DN100), CLASS 900, ASTM A216 WCB, RF FACING, ASME B16.34",40141602,GEM-VALVE-GLOBE
CAN-001915,GLOBE_VALVE,100.0,"4""",DN100,900,ASTM A105,RF,BS 1873,"VALVE, GLOBE, 4"" (DN100), CLASS 900, ASTM A105, RF FACING, BS 1873",40141602,GEM-VALVE-GLOBE
CAN-001916,GLOBE_VALVE,100.0,"4""",DN100,900,ASTM A105,RF,ASME B16.34,"VALVE, GLOBE, 4"" (DN100), CLASS 900, ASTM A105, RF FACING, ASME B16.34",40141602,GEM-VALVE-GLOBE
CAN-001917,GLOBE_VALVE,100.0,"4""",DN100,1500,ASTM A216 WCB,RF,BS 1873,"VALVE, GLOBE, 4"" (DN100), CLASS 1500, ASTM A216 WCB, RF FACING, BS 1873",40141602,GEM-VALVE-GLOBE
CAN-001918,GLOBE_VALVE,100.0,"4""",DN100,1500,ASTM A216 WCB,RF,ASME B16.34,"VALVE, GLOBE, 4"" (DN100), CLASS 1500, ASTM A216 WCB, RF FACING, ASME B16.34",40141602,GEM-VALVE-GLOBE
CAN-001919,GLOBE_VALVE,100.0,"4""",DN100,1500,ASTM A105,RF,BS 1873,"VALVE, GLOBE, 4"" (DN100), CLASS 1500, ASTM A105, RF FACING, BS 1873",40141602,GEM-VALVE-GLOBE
CAN-001920,GLOBE_VALVE,100.0,"4""",DN100,1500,ASTM A105,RF,ASME B16.34,"VALVE, GLOBE, 4"" (DN100), CLASS 1500, ASTM A105, RF FACING, ASME B16.34",40141602,GEM-VALVE-GLOBE
CAN-001921,GLOBE_VALVE,150.0,"6""",DN150,150,ASTM A216 WCB,RF,BS 1873,"VALVE, GLOBE, 6"" (DN150), CLASS 150, ASTM A216 WCB, RF FACING, BS 1873",40141602,GEM-VALVE-GLOBE
CAN-001922,GLOBE_VALVE,150.0,"6""",DN150,150,ASTM A216 WCB,RF,ASME B16.34,"VALVE, GLOBE, 6"" (DN150), CLASS 150, ASTM A216 WCB, RF FACING, ASME B16.34",40141602,GEM-VALVE-GLOBE
CAN-001923,GLOBE_VALVE,150.0,"6""",DN150,150,ASTM A105,RF,BS 1873,"VALVE, GLOBE, 6"" (DN150), CLASS 150, ASTM A105, RF FACING, BS 1873",40141602,GEM-VALVE-GLOBE
CAN-001924,GLOBE_VALVE,150.0,"6""",DN150,150,ASTM A105,RF,ASME B16.34,"VALVE, GLOBE, 6"" (DN150), CLASS 150, ASTM A105, RF FACING, ASME B16.34",40141602,GEM-VALVE-GLOBE
CAN-001925,GLOBE_VALVE,150.0,"6""",DN150,300,ASTM A216 WCB,RF,BS 1873,"VALVE, GLOBE, 6"" (DN150), CLASS 300, ASTM A216 WCB, RF FACING, BS 1873",40141602,GEM-VALVE-GLOBE
CAN-001926,GLOBE_VALVE,150.0,"6""",DN150,300,ASTM A216 WCB,RF,ASME B16.34,"VALVE, GLOBE, 6"" (DN150), CLASS 300, ASTM A216 WCB, RF FACING, ASME B16.34",40141602,GEM-VALVE-GLOBE
CAN-001927,GLOBE_VALVE,150.0,"6""",DN150,300,ASTM A105,RF,BS 1873,"VALVE, GLOBE, 6"" (DN150), CLASS 300, ASTM A105, RF FACING, BS 1873",40141602,GEM-VALVE-GLOBE
CAN-001928,GLOBE_VALVE,150.0,"6""",DN150,300,ASTM A105,RF,ASME B16.34,"VALVE, GLOBE, 6"" (DN150), CLASS 300, ASTM A105, RF FACING, ASME B16.34",40141602,GEM-VALVE-GLOBE
CAN-001929,GLOBE_VALVE,150.0,"6""",DN150,600,ASTM A216 WCB,RF,BS 1873,"VALVE, GLOBE, 6"" (DN150), CLASS 600, ASTM A216 WCB, RF FACING, BS 1873",40141602,GEM-VALVE-GLOBE
CAN-001930,GLOBE_VALVE,150.0,"6""",DN150,600,ASTM A216 WCB,RF,ASME B16.34,"VALVE, GLOBE, 6"" (DN150), CLASS 600, ASTM A216 WCB, RF FACING, ASME B16.34",40141602,GEM-VALVE-GLOBE
CAN-001931,GLOBE_VALVE,150.0,"6""",DN150,600,ASTM A105,RF,BS 1873,"VALVE, GLOBE, 6"" (DN150), CLASS 600, ASTM A105, RF FACING, BS 1873",40141602,GEM-VALVE-GLOBE
CAN-001932,GLOBE_VALVE,150.0,"6""",DN150,600,ASTM A105,RF,ASME B16.34,"VALVE, GLOBE, 6"" (DN150), CLASS 600, ASTM A105, RF FACING, ASME B16.34",40141602,GEM-VALVE-GLOBE
CAN-001933,GLOBE_VALVE,150.0,"6""",DN150,900,ASTM A216 WCB,RF,BS 1873,"VALVE, GLOBE, 6"" (DN150), CLASS 900, ASTM A216 WCB, RF FACING, BS 1873",40141602,GEM-VALVE-GLOBE
CAN-001934,GLOBE_VALVE,150.0,"6""",DN150,900,ASTM A216 WCB,RF,ASME B16.34,"VALVE, GLOBE, 6"" (DN150), CLASS 900, ASTM A216 WCB, RF FACING, ASME B16.34",40141602,GEM-VALVE-GLOBE
CAN-001935,GLOBE_VALVE,150.0,"6""",DN150,900,ASTM A105,RF,BS 1873,"VALVE, GLOBE, 6"" (DN150), CLASS 900, ASTM A105, RF FACING, BS 1873",40141602,GEM-VALVE-GLOBE
CAN-001936,GLOBE_VALVE,150.0,"6""",DN150,900,ASTM A105,RF,ASME B16.34,"VALVE, GLOBE, 6"" (DN150), CLASS 900, ASTM A105, RF FACING, ASME B16.34",40141602,GEM-VALVE-GLOBE
CAN-001937,GLOBE_VALVE,150.0,"6""",DN150,1500,ASTM A216 WCB,RF,BS 1873,"VALVE, GLOBE, 6"" (DN150), CLASS 1500, ASTM A216 WCB, RF FACING, BS 1873",40141602,GEM-VALVE-GLOBE
CAN-001938,GLOBE_VALVE,150.0,"6""",DN150,1500,ASTM A216 WCB,RF,ASME B16.34,"VALVE, GLOBE, 6"" (DN150), CLASS 1500, ASTM A216 WCB, RF FACING, ASME B16.34",40141602,GEM-VALVE-GLOBE
CAN-001939,GLOBE_VALVE,150.0,"6""",DN150,1500,ASTM A105,RF,BS 1873,"VALVE, GLOBE, 6"" (DN150), CLASS 1500, ASTM A105, RF FACING, BS 1873",40141602,GEM-VALVE-GLOBE
CAN-001940,GLOBE_VALVE,150.0,"6""",DN150,1500,ASTM A105,RF,ASME B16.34,"VALVE, GLOBE, 6"" (DN150), CLASS 1500, ASTM A105, RF FACING, ASME B16.34",40141602,GEM-VALVE-GLOBE
CAN-001941,GLOBE_VALVE,200.0,"8""",DN200,150,ASTM A216 WCB,RF,BS 1873,"VALVE, GLOBE, 8"" (DN200), CLASS 150, ASTM A216 WCB, RF FACING, BS 1873",40141602,GEM-VALVE-GLOBE
CAN-001942,GLOBE_VALVE,200.0,"8""",DN200,150,ASTM A216 WCB,RF,ASME B16.34,"VALVE, GLOBE, 8"" (DN200), CLASS 150, ASTM A216 WCB, RF FACING, ASME B16.34",40141602,GEM-VALVE-GLOBE
CAN-001943,GLOBE_VALVE,200.0,"8""",DN200,150,ASTM A105,RF,BS 1873,"VALVE, GLOBE, 8"" (DN200), CLASS 150, ASTM A105, RF FACING, BS 1873",40141602,GEM-VALVE-GLOBE
CAN-001944,GLOBE_VALVE,200.0,"8""",DN200,150,ASTM A105,RF,ASME B16.34,"VALVE, GLOBE, 8"" (DN200), CLASS 150, ASTM A105, RF FACING, ASME B16.34",40141602,GEM-VALVE-GLOBE
CAN-001945,GLOBE_VALVE,200.0,"8""",DN200,300,ASTM A216 WCB,RF,BS 1873,"VALVE, GLOBE, 8"" (DN200), CLASS 300, ASTM A216 WCB, RF FACING, BS 1873",40141602,GEM-VALVE-GLOBE
CAN-001946,GLOBE_VALVE,200.0,"8""",DN200,300,ASTM A216 WCB,RF,ASME B16.34,"VALVE, GLOBE, 8"" (DN200), CLASS 300, ASTM A216 WCB, RF FACING, ASME B16.34",40141602,GEM-VALVE-GLOBE
CAN-001947,GLOBE_VALVE,200.0,"8""",DN200,300,ASTM A105,RF,BS 1873,"VALVE, GLOBE, 8"" (DN200), CLASS 300, ASTM A105, RF FACING, BS 1873",40141602,GEM-VALVE-GLOBE
CAN-001948,GLOBE_VALVE,200.0,"8""",DN200,300,ASTM A105,RF,ASME B16.34,"VALVE, GLOBE, 8"" (DN200), CLASS 300, ASTM A105, RF FACING, ASME B16.34",40141602,GEM-VALVE-GLOBE
CAN-001949,GLOBE_VALVE,200.0,"8""",DN200,600,ASTM A216 WCB,RF,BS 1873,"VALVE, GLOBE, 8"" (DN200), CLASS 600, ASTM A216 WCB, RF FACING, BS 1873",40141602,GEM-VALVE-GLOBE
CAN-001950,GLOBE_VALVE,200.0,"8""",DN200,600,ASTM A216 WCB,RF,ASME B16.34,"VALVE, GLOBE, 8"" (DN200), CLASS 600, ASTM A216 WCB, RF FACING, ASME B16.34",40141602,GEM-VALVE-GLOBE
CAN-001951,GLOBE_VALVE,200.0,"8""",DN200,600,ASTM A105,RF,BS 1873,"VALVE, GLOBE, 8"" (DN200), CLASS 600, ASTM A105, RF FACING, BS 1873",40141602,GEM-VALVE-GLOBE
CAN-001952,GLOBE_VALVE,200.0,"8""",DN200,600,ASTM A105,RF,ASME B16.34,"VALVE, GLOBE, 8"" (DN200), CLASS 600, ASTM A105, RF FACING, ASME B16.34",40141602,GEM-VALVE-GLOBE
CAN-001953,GLOBE_VALVE,200.0,"8""",DN200,900,ASTM A216 WCB,RF,BS 1873,"VALVE, GLOBE, 8"" (DN200), CLASS 900, ASTM A216 WCB, RF FACING, BS 1873",40141602,GEM-VALVE-GLOBE
CAN-001954,GLOBE_VALVE,200.0,"8""",DN200,900,ASTM A216 WCB,RF,ASME B16.34,"VALVE, GLOBE, 8"" (DN200), CLASS 900, ASTM A216 WCB, RF FACING, ASME B16.34",40141602,GEM-VALVE-GLOBE
CAN-001955,GLOBE_VALVE,200.0,"8""",DN200,900,ASTM A105,RF,BS 1873,"VALVE, GLOBE, 8"" (DN200), CLASS 900, ASTM A105, RF FACING, BS 1873",40141602,GEM-VALVE-GLOBE
CAN-001956,GLOBE_VALVE,200.0,"8""",DN200,900,ASTM A105,RF,ASME B16.34,"VALVE, GLOBE, 8"" (DN200), CLASS 900, ASTM A105, RF FACING, ASME B16.34",40141602,GEM-VALVE-GLOBE
CAN-001957,GLOBE_VALVE,200.0,"8""",DN200,1500,ASTM A216 WCB,RF,BS 1873,"VALVE, GLOBE, 8"" (DN200), CLASS 1500, ASTM A216 WCB, RF FACING, BS 1873",40141602,GEM-VALVE-GLOBE
CAN-001958,GLOBE_VALVE,200.0,"8""",DN200,1500,ASTM A216 WCB,RF,ASME B16.34,"VALVE, GLOBE, 8"" (DN200), CLASS 1500, ASTM A216 WCB, RF FACING, ASME B16.34",40141602,GEM-VALVE-GLOBE
CAN-001959,GLOBE_VALVE,200.0,"8""",DN200,1500,ASTM A105,RF,BS 1873,"VALVE, GLOBE, 8"" (DN200), CLASS 1500, ASTM A105, RF FACING, BS 1873",40141602,GEM-VALVE-GLOBE
CAN-001960,GLOBE_VALVE,200.0,"8""",DN200,1500,ASTM A105,RF,ASME B16.34,"VALVE, GLOBE, 8"" (DN200), CLASS 1500, ASTM A105, RF FACING, ASME B16.34",40141602,GEM-VALVE-GLOBE
CAN-001961,GLOBE_VALVE,250.0,"10""",DN250,150,ASTM A216 WCB,RF,BS 1873,"VALVE, GLOBE, 10"" (DN250), CLASS 150, ASTM A216 WCB, RF FACING, BS 1873",40141602,GEM-VALVE-GLOBE
CAN-001962,GLOBE_VALVE,250.0,"10""",DN250,150,ASTM A216 WCB,RF,ASME B16.34,"VALVE, GLOBE, 10"" (DN250), CLASS 150, ASTM A216 WCB, RF FACING, ASME B16.34",40141602,GEM-VALVE-GLOBE
CAN-001963,GLOBE_VALVE,250.0,"10""",DN250,150,ASTM A105,RF,BS 1873,"VALVE, GLOBE, 10"" (DN250), CLASS 150, ASTM A105, RF FACING, BS 1873",40141602,GEM-VALVE-GLOBE
CAN-001964,GLOBE_VALVE,250.0,"10""",DN250,150,ASTM A105,RF,ASME B16.34,"VALVE, GLOBE, 10"" (DN250), CLASS 150, ASTM A105, RF FACING, ASME B16.34",40141602,GEM-VALVE-GLOBE
CAN-001965,GLOBE_VALVE,250.0,"10""",DN250,300,ASTM A216 WCB,RF,BS 1873,"VALVE, GLOBE, 10"" (DN250), CLASS 300, ASTM A216 WCB, RF FACING, BS 1873",40141602,GEM-VALVE-GLOBE
CAN-001966,GLOBE_VALVE,250.0,"10""",DN250,300,ASTM A216 WCB,RF,ASME B16.34,"VALVE, GLOBE, 10"" (DN250), CLASS 300, ASTM A216 WCB, RF FACING, ASME B16.34",40141602,GEM-VALVE-GLOBE
CAN-001967,GLOBE_VALVE,250.0,"10""",DN250,300,ASTM A105,RF,BS 1873,"VALVE, GLOBE, 10"" (DN250), CLASS 300, ASTM A105, RF FACING, BS 1873",40141602,GEM-VALVE-GLOBE
CAN-001968,GLOBE_VALVE,250.0,"10""",DN250,300,ASTM A105,RF,ASME B16.34,"VALVE, GLOBE, 10"" (DN250), CLASS 300, ASTM A105, RF FACING, ASME B16.34",40141602,GEM-VALVE-GLOBE
CAN-001969,GLOBE_VALVE,250.0,"10""",DN250,600,ASTM A216 WCB,RF,BS 1873,"VALVE, GLOBE, 10"" (DN250), CLASS 600, ASTM A216 WCB, RF FACING, BS 1873",40141602,GEM-VALVE-GLOBE
CAN-001970,GLOBE_VALVE,250.0,"10""",DN250,600,ASTM A216 WCB,RF,ASME B16.34,"VALVE, GLOBE, 10"" (DN250), CLASS 600, ASTM A216 WCB, RF FACING, ASME B16.34",40141602,GEM-VALVE-GLOBE
CAN-001971,GLOBE_VALVE,250.0,"10""",DN250,600,ASTM A105,RF,BS 1873,"VALVE, GLOBE, 10"" (DN250), CLASS 600, ASTM A105, RF FACING, BS 1873",40141602,GEM-VALVE-GLOBE
CAN-001972,GLOBE_VALVE,250.0,"10""",DN250,600,ASTM A105,RF,ASME B16.34,"VALVE, GLOBE, 10"" (DN250), CLASS 600, ASTM A105, RF FACING, ASME B16.34",40141602,GEM-VALVE-GLOBE
CAN-001973,GLOBE_VALVE,250.0,"10""",DN250,900,ASTM A216 WCB,RF,BS 1873,"VALVE, GLOBE, 10"" (DN250), CLASS 900, ASTM A216 WCB, RF FACING, BS 1873",40141602,GEM-VALVE-GLOBE
CAN-001974,GLOBE_VALVE,250.0,"10""",DN250,900,ASTM A216 WCB,RF,ASME B16.34,"VALVE, GLOBE, 10"" (DN250), CLASS 900, ASTM A216 WCB, RF FACING, ASME B16.34",40141602,GEM-VALVE-GLOBE
CAN-001975,GLOBE_VALVE,250.0,"10""",DN250,900,ASTM A105,RF,BS 1873,"VALVE, GLOBE, 10"" (DN250), CLASS 900, ASTM A105, RF FACING, BS 1873",40141602,GEM-VALVE-GLOBE
CAN-001976,GLOBE_VALVE,250.0,"10""",DN250,900,ASTM A105,RF,ASME B16.34,"VALVE, GLOBE, 10"" (DN250), CLASS 900, ASTM A105, RF FACING, ASME B16.34",40141602,GEM-VALVE-GLOBE
CAN-001977,GLOBE_VALVE,250.0,"10""",DN250,1500,ASTM A216 WCB,RF,BS 1873,"VALVE, GLOBE, 10"" (DN250), CLASS 1500, ASTM A216 WCB, RF FACING, BS 1873",40141602,GEM-VALVE-GLOBE
CAN-001978,GLOBE_VALVE,250.0,"10""",DN250,1500,ASTM A216 WCB,RF,ASME B16.34,"VALVE, GLOBE, 10"" (DN250), CLASS 1500, ASTM A216 WCB, RF FACING, ASME B16.34",40141602,GEM-VALVE-GLOBE
CAN-001979,GLOBE_VALVE,250.0,"10""",DN250,1500,ASTM A105,RF,BS 1873,"VALVE, GLOBE, 10"" (DN250), CLASS 1500, ASTM A105, RF FACING, BS 1873",40141602,GEM-VALVE-GLOBE
CAN-001980,GLOBE_VALVE,250.0,"10""",DN250,1500,ASTM A105,RF,ASME B16.34,"VALVE, GLOBE, 10"" (DN250), CLASS 1500, ASTM A105, RF FACING, ASME B16.34",40141602,GEM-VALVE-GLOBE
CAN-001981,GLOBE_VALVE,300.0,"12""",DN300,150,ASTM A216 WCB,RF,BS 1873,"VALVE, GLOBE, 12"" (DN300), CLASS 150, ASTM A216 WCB, RF FACING, BS 1873",40141602,GEM-VALVE-GLOBE
CAN-001982,GLOBE_VALVE,300.0,"12""",DN300,150,ASTM A216 WCB,RF,ASME B16.34,"VALVE, GLOBE, 12"" (DN300), CLASS 150, ASTM A216 WCB, RF FACING, ASME B16.34",40141602,GEM-VALVE-GLOBE
CAN-001983,GLOBE_VALVE,300.0,"12""",DN300,150,ASTM A105,RF,BS 1873,"VALVE, GLOBE, 12"" (DN300), CLASS 150, ASTM A105, RF FACING, BS 1873",40141602,GEM-VALVE-GLOBE
CAN-001984,GLOBE_VALVE,300.0,"12""",DN300,150,ASTM A105,RF,ASME B16.34,"VALVE, GLOBE, 12"" (DN300), CLASS 150, ASTM A105, RF FACING, ASME B16.34",40141602,GEM-VALVE-GLOBE
CAN-001985,GLOBE_VALVE,300.0,"12""",DN300,300,ASTM A216 WCB,RF,BS 1873,"VALVE, GLOBE, 12"" (DN300), CLASS 300, ASTM A216 WCB, RF FACING, BS 1873",40141602,GEM-VALVE-GLOBE
CAN-001986,GLOBE_VALVE,300.0,"12""",DN300,300,ASTM A216 WCB,RF,ASME B16.34,"VALVE, GLOBE, 12"" (DN300), CLASS 300, ASTM A216 WCB, RF FACING, ASME B16.34",40141602,GEM-VALVE-GLOBE
CAN-001987,GLOBE_VALVE,300.0,"12""",DN300,300,ASTM A105,RF,BS 1873,"VALVE, GLOBE, 12"" (DN300), CLASS 300, ASTM A105, RF FACING, BS 1873",40141602,GEM-VALVE-GLOBE
CAN-001988,GLOBE_VALVE,300.0,"12""",DN300,300,ASTM A105,RF,ASME B16.34,"VALVE, GLOBE, 12"" (DN300), CLASS 300, ASTM A105, RF FACING, ASME B16.34",40141602,GEM-VALVE-GLOBE
CAN-001989,GLOBE_VALVE,300.0,"12""",DN300,600,ASTM A216 WCB,RF,BS 1873,"VALVE, GLOBE, 12"" (DN300), CLASS 600, ASTM A216 WCB, RF FACING, BS 1873",40141602,GEM-VALVE-GLOBE
CAN-001990,GLOBE_VALVE,300.0,"12""",DN300,600,ASTM A216 WCB,RF,ASME B16.34,"VALVE, GLOBE, 12"" (DN300), CLASS 600, ASTM A216 WCB, RF FACING, ASME B16.34",40141602,GEM-VALVE-GLOBE
CAN-001991,GLOBE_VALVE,300.0,"12""",DN300,600,ASTM A105,RF,BS 1873,"VALVE, GLOBE, 12"" (DN300), CLASS 600, ASTM A105, RF FACING, BS 1873",40141602,GEM-VALVE-GLOBE
CAN-001992,GLOBE_VALVE,300.0,"12""",DN300,600,ASTM A105,RF,ASME B16.34,"VALVE, GLOBE, 12"" (DN300), CLASS 600, ASTM A105, RF FACING, ASME B16.34",40141602,GEM-VALVE-GLOBE
CAN-001993,GLOBE_VALVE,300.0,"12""",DN300,900,ASTM A216 WCB,RF,BS 1873,"VALVE, GLOBE, 12"" (DN300), CLASS 900, ASTM A216 WCB, RF FACING, BS 1873",40141602,GEM-VALVE-GLOBE
CAN-001994,GLOBE_VALVE,300.0,"12""",DN300,900,ASTM A216 WCB,RF,ASME B16.34,"VALVE, GLOBE, 12"" (DN300), CLASS 900, ASTM A216 WCB, RF FACING, ASME B16.34",40141602,GEM-VALVE-GLOBE
CAN-001995,GLOBE_VALVE,300.0,"12""",DN300,900,ASTM A105,RF,BS 1873,"VALVE, GLOBE, 12"" (DN300), CLASS 900, ASTM A105, RF FACING, BS 1873",40141602,GEM-VALVE-GLOBE
CAN-001996,GLOBE_VALVE,300.0,"12""",DN300,900,ASTM A105,RF,ASME B16.34,"VALVE, GLOBE, 12"" (DN300), CLASS 900, ASTM A105, RF FACING, ASME B16.34",40141602,GEM-VALVE-GLOBE
CAN-001997,GLOBE_VALVE,300.0,"12""",DN300,1500,ASTM A216 WCB,RF,BS 1873,"VALVE, GLOBE, 12"" (DN300), CLASS 1500, ASTM A216 WCB, RF FACING, BS 1873",40141602,GEM-VALVE-GLOBE
CAN-001998,GLOBE_VALVE,300.0,"12""",DN300,1500,ASTM A216 WCB,RF,ASME B16.34,"VALVE, GLOBE, 12"" (DN300), CLASS 1500, ASTM A216 WCB, RF FACING, ASME B16.34",40141602,GEM-VALVE-GLOBE
CAN-001999,GLOBE_VALVE,300.0,"12""",DN300,1500,ASTM A105,RF,BS 1873,"VALVE, GLOBE, 12"" (DN300), CLASS 1500, ASTM A105, RF FACING, BS 1873",40141602,GEM-VALVE-GLOBE
CAN-002000,GLOBE_VALVE,300.0,"12""",DN300,1500,ASTM A105,RF,ASME B16.34,"VALVE, GLOBE, 12"" (DN300), CLASS 1500, ASTM A105, RF FACING, ASME B16.34",40141602,GEM-VALVE-GLOBE
CAN-002001,SPIRAL_WOUND_GASKET,15.0,"1/2""",DN15,150,SS316 / GRAPHITE,RF,ASME B16.20,"GASKET, SPIRAL WOUND, 1/2"" (DN15), CLASS 150, SS316 / GRAPHITE, RF FACING, ASME B16.20",31161618,GEM-GASKET-SW
CAN-002002,SPIRAL_WOUND_GASKET,15.0,"1/2""",DN15,150,SS304 / GRAPHITE,RF,ASME B16.20,"GASKET, SPIRAL WOUND, 1/2"" (DN15), CLASS 150, SS304 / GRAPHITE, RF FACING, ASME B16.20",31161618,GEM-GASKET-SW
CAN-002003,SPIRAL_WOUND_GASKET,15.0,"1/2""",DN15,300,SS316 / GRAPHITE,RF,ASME B16.20,"GASKET, SPIRAL WOUND, 1/2"" (DN15), CLASS 300, SS316 / GRAPHITE, RF FACING, ASME B16.20",31161618,GEM-GASKET-SW
CAN-002004,SPIRAL_WOUND_GASKET,15.0,"1/2""",DN15,300,SS304 / GRAPHITE,RF,ASME B16.20,"GASKET, SPIRAL WOUND, 1/2"" (DN15), CLASS 300, SS304 / GRAPHITE, RF FACING, ASME B16.20",31161618,GEM-GASKET-SW
CAN-002005,SPIRAL_WOUND_GASKET,15.0,"1/2""",DN15,600,SS316 / GRAPHITE,RF,ASME B16.20,"GASKET, SPIRAL WOUND, 1/2"" (DN15), CLASS 600, SS316 / GRAPHITE, RF FACING, ASME B16.20",31161618,GEM-GASKET-SW
CAN-002006,SPIRAL_WOUND_GASKET,15.0,"1/2""",DN15,600,SS304 / GRAPHITE,RF,ASME B16.20,"GASKET, SPIRAL WOUND, 1/2"" (DN15), CLASS 600, SS304 / GRAPHITE, RF FACING, ASME B16.20",31161618,GEM-GASKET-SW
CAN-002007,SPIRAL_WOUND_GASKET,15.0,"1/2""",DN15,900,SS316 / GRAPHITE,RF,ASME B16.20,"GASKET, SPIRAL WOUND, 1/2"" (DN15), CLASS 900, SS316 / GRAPHITE, RF FACING, ASME B16.20",31161618,GEM-GASKET-SW
CAN-002008,SPIRAL_WOUND_GASKET,15.0,"1/2""",DN15,900,SS304 / GRAPHITE,RF,ASME B16.20,"GASKET, SPIRAL WOUND, 1/2"" (DN15), CLASS 900, SS304 / GRAPHITE, RF FACING, ASME B16.20",31161618,GEM-GASKET-SW
CAN-002009,SPIRAL_WOUND_GASKET,15.0,"1/2""",DN15,1500,SS316 / GRAPHITE,RF,ASME B16.20,"GASKET, SPIRAL WOUND, 1/2"" (DN15), CLASS 1500, SS316 / GRAPHITE, RF FACING, ASME B16.20",31161618,GEM-GASKET-SW
CAN-002010,SPIRAL_WOUND_GASKET,15.0,"1/2""",DN15,1500,SS304 / GRAPHITE,RF,ASME B16.20,"GASKET, SPIRAL WOUND, 1/2"" (DN15), CLASS 1500, SS304 / GRAPHITE, RF FACING, ASME B16.20",31161618,GEM-GASKET-SW
CAN-002011,SPIRAL_WOUND_GASKET,25.0,"1""",DN25,150,SS316 / GRAPHITE,RF,ASME B16.20,"GASKET, SPIRAL WOUND, 1"" (DN25), CLASS 150, SS316 / GRAPHITE, RF FACING, ASME B16.20",31161618,GEM-GASKET-SW
CAN-002012,SPIRAL_WOUND_GASKET,25.0,"1""",DN25,150,SS304 / GRAPHITE,RF,ASME B16.20,"GASKET, SPIRAL WOUND, 1"" (DN25), CLASS 150, SS304 / GRAPHITE, RF FACING, ASME B16.20",31161618,GEM-GASKET-SW
CAN-002013,SPIRAL_WOUND_GASKET,25.0,"1""",DN25,300,SS316 / GRAPHITE,RF,ASME B16.20,"GASKET, SPIRAL WOUND, 1"" (DN25), CLASS 300, SS316 / GRAPHITE, RF FACING, ASME B16.20",31161618,GEM-GASKET-SW
CAN-002014,SPIRAL_WOUND_GASKET,25.0,"1""",DN25,300,SS304 / GRAPHITE,RF,ASME B16.20,"GASKET, SPIRAL WOUND, 1"" (DN25), CLASS 300, SS304 / GRAPHITE, RF FACING, ASME B16.20",31161618,GEM-GASKET-SW
CAN-002015,SPIRAL_WOUND_GASKET,25.0,"1""",DN25,600,SS316 / GRAPHITE,RF,ASME B16.20,"GASKET, SPIRAL WOUND, 1"" (DN25), CLASS 600, SS316 / GRAPHITE, RF FACING, ASME B16.20",31161618,GEM-GASKET-SW
CAN-002016,SPIRAL_WOUND_GASKET,25.0,"1""",DN25,600,SS304 / GRAPHITE,RF,ASME B16.20,"GASKET, SPIRAL WOUND, 1"" (DN25), CLASS 600, SS304 / GRAPHITE, RF FACING, ASME B16.20",31161618,GEM-GASKET-SW
CAN-002017,SPIRAL_WOUND_GASKET,25.0,"1""",DN25,900,SS316 / GRAPHITE,RF,ASME B16.20,"GASKET, SPIRAL WOUND, 1"" (DN25), CLASS 900, SS316 / GRAPHITE, RF FACING, ASME B16.20",31161618,GEM-GASKET-SW
CAN-002018,SPIRAL_WOUND_GASKET,25.0,"1""",DN25,900,SS304 / GRAPHITE,RF,ASME B16.20,"GASKET, SPIRAL WOUND, 1"" (DN25), CLASS 900, SS304 / GRAPHITE, RF FACING, ASME B16.20",31161618,GEM-GASKET-SW
CAN-002019,SPIRAL_WOUND_GASKET,25.0,"1""",DN25,1500,SS316 / GRAPHITE,RF,ASME B16.20,"GASKET, SPIRAL WOUND, 1"" (DN25), CLASS 1500, SS316 / GRAPHITE, RF FACING, ASME B16.20",31161618,GEM-GASKET-SW
CAN-002020,SPIRAL_WOUND_GASKET,25.0,"1""",DN25,1500,SS304 / GRAPHITE,RF,ASME B16.20,"GASKET, SPIRAL WOUND, 1"" (DN25), CLASS 1500, SS304 / GRAPHITE, RF FACING, ASME B16.20",31161618,GEM-GASKET-SW
CAN-002021,SPIRAL_WOUND_GASKET,40.0,"1.5""",DN40,150,SS316 / GRAPHITE,RF,ASME B16.20,"GASKET, SPIRAL WOUND, 1.5"" (DN40), CLASS 150, SS316 / GRAPHITE, RF FACING, ASME B16.20",31161618,GEM-GASKET-SW
CAN-002022,SPIRAL_WOUND_GASKET,40.0,"1.5""",DN40,150,SS304 / GRAPHITE,RF,ASME B16.20,"GASKET, SPIRAL WOUND, 1.5"" (DN40), CLASS 150, SS304 / GRAPHITE, RF FACING, ASME B16.20",31161618,GEM-GASKET-SW
CAN-002023,SPIRAL_WOUND_GASKET,40.0,"1.5""",DN40,300,SS316 / GRAPHITE,RF,ASME B16.20,"GASKET, SPIRAL WOUND, 1.5"" (DN40), CLASS 300, SS316 / GRAPHITE, RF FACING, ASME B16.20",31161618,GEM-GASKET-SW
CAN-002024,SPIRAL_WOUND_GASKET,40.0,"1.5""",DN40,300,SS304 / GRAPHITE,RF,ASME B16.20,"GASKET, SPIRAL WOUND, 1.5"" (DN40), CLASS 300, SS304 / GRAPHITE, RF FACING, ASME B16.20",31161618,GEM-GASKET-SW
CAN-002025,SPIRAL_WOUND_GASKET,40.0,"1.5""",DN40,600,SS316 / GRAPHITE,RF,ASME B16.20,"GASKET, SPIRAL WOUND, 1.5"" (DN40), CLASS 600, SS316 / GRAPHITE, RF FACING, ASME B16.20",31161618,GEM-GASKET-SW
CAN-002026,SPIRAL_WOUND_GASKET,40.0,"1.5""",DN40,600,SS304 / GRAPHITE,RF,ASME B16.20,"GASKET, SPIRAL WOUND, 1.5"" (DN40), CLASS 600, SS304 / GRAPHITE, RF FACING, ASME B16.20",31161618,GEM-GASKET-SW
CAN-002027,SPIRAL_WOUND_GASKET,40.0,"1.5""",DN40,900,SS316 / GRAPHITE,RF,ASME B16.20,"GASKET, SPIRAL WOUND, 1.5"" (DN40), CLASS 900, SS316 / GRAPHITE, RF FACING, ASME B16.20",31161618,GEM-GASKET-SW
CAN-002028,SPIRAL_WOUND_GASKET,40.0,"1.5""",DN40,900,SS304 / GRAPHITE,RF,ASME B16.20,"GASKET, SPIRAL WOUND, 1.5"" (DN40), CLASS 900, SS304 / GRAPHITE, RF FACING, ASME B16.20",31161618,GEM-GASKET-SW
CAN-002029,SPIRAL_WOUND_GASKET,40.0,"1.5""",DN40,1500,SS316 / GRAPHITE,RF,ASME B16.20,"GASKET, SPIRAL WOUND, 1.5"" (DN40), CLASS 1500, SS316 / GRAPHITE, RF FACING, ASME B16.20",31161618,GEM-GASKET-SW
CAN-002030,SPIRAL_WOUND_GASKET,40.0,"1.5""",DN40,1500,SS304 / GRAPHITE,RF,ASME B16.20,"GASKET, SPIRAL WOUND, 1.5"" (DN40), CLASS 1500, SS304 / GRAPHITE, RF FACING, ASME B16.20",31161618,GEM-GASKET-SW
CAN-002031,SPIRAL_WOUND_GASKET,50.0,"2""",DN50,150,SS316 / GRAPHITE,RF,ASME B16.20,"GASKET, SPIRAL WOUND, 2"" (DN50), CLASS 150, SS316 / GRAPHITE, RF FACING, ASME B16.20",31161618,GEM-GASKET-SW
CAN-002032,SPIRAL_WOUND_GASKET,50.0,"2""",DN50,150,SS304 / GRAPHITE,RF,ASME B16.20,"GASKET, SPIRAL WOUND, 2"" (DN50), CLASS 150, SS304 / GRAPHITE, RF FACING, ASME B16.20",31161618,GEM-GASKET-SW
CAN-002033,SPIRAL_WOUND_GASKET,50.0,"2""",DN50,300,SS316 / GRAPHITE,RF,ASME B16.20,"GASKET, SPIRAL WOUND, 2"" (DN50), CLASS 300, SS316 / GRAPHITE, RF FACING, ASME B16.20",31161618,GEM-GASKET-SW
CAN-002034,SPIRAL_WOUND_GASKET,50.0,"2""",DN50,300,SS304 / GRAPHITE,RF,ASME B16.20,"GASKET, SPIRAL WOUND, 2"" (DN50), CLASS 300, SS304 / GRAPHITE, RF FACING, ASME B16.20",31161618,GEM-GASKET-SW
CAN-002035,SPIRAL_WOUND_GASKET,50.0,"2""",DN50,600,SS316 / GRAPHITE,RF,ASME B16.20,"GASKET, SPIRAL WOUND, 2"" (DN50), CLASS 600, SS316 / GRAPHITE, RF FACING, ASME B16.20",31161618,GEM-GASKET-SW
CAN-002036,SPIRAL_WOUND_GASKET,50.0,"2""",DN50,600,SS304 / GRAPHITE,RF,ASME B16.20,"GASKET, SPIRAL WOUND, 2"" (DN50), CLASS 600, SS304 / GRAPHITE, RF FACING, ASME B16.20",31161618,GEM-GASKET-SW
CAN-002037,SPIRAL_WOUND_GASKET,50.0,"2""",DN50,900,SS316 / GRAPHITE,RF,ASME B16.20,"GASKET, SPIRAL WOUND, 2"" (DN50), CLASS 900, SS316 / GRAPHITE, RF FACING, ASME B16.20",31161618,GEM-GASKET-SW
CAN-002038,SPIRAL_WOUND_GASKET,50.0,"2""",DN50,900,SS304 / GRAPHITE,RF,ASME B16.20,"GASKET, SPIRAL WOUND, 2"" (DN50), CLASS 900, SS304 / GRAPHITE, RF FACING, ASME B16.20",31161618,GEM-GASKET-SW
CAN-002039,SPIRAL_WOUND_GASKET,50.0,"2""",DN50,1500,SS316 / GRAPHITE,RF,ASME B16.20,"GASKET, SPIRAL WOUND, 2"" (DN50), CLASS 1500, SS316 / GRAPHITE, RF FACING, ASME B16.20",31161618,GEM-GASKET-SW
CAN-002040,SPIRAL_WOUND_GASKET,50.0,"2""",DN50,1500,SS304 / GRAPHITE,RF,ASME B16.20,"GASKET, SPIRAL WOUND, 2"" (DN50), CLASS 1500, SS304 / GRAPHITE, RF FACING, ASME B16.20",31161618,GEM-GASKET-SW
CAN-002041,SPIRAL_WOUND_GASKET,80.0,"3""",DN80,150,SS316 / GRAPHITE,RF,ASME B16.20,"GASKET, SPIRAL WOUND, 3"" (DN80), CLASS 150, SS316 / GRAPHITE, RF FACING, ASME B16.20",31161618,GEM-GASKET-SW
CAN-002042,SPIRAL_WOUND_GASKET,80.0,"3""",DN80,150,SS304 / GRAPHITE,RF,ASME B16.20,"GASKET, SPIRAL WOUND, 3"" (DN80), CLASS 150, SS304 / GRAPHITE, RF FACING, ASME B16.20",31161618,GEM-GASKET-SW
CAN-002043,SPIRAL_WOUND_GASKET,80.0,"3""",DN80,300,SS316 / GRAPHITE,RF,ASME B16.20,"GASKET, SPIRAL WOUND, 3"" (DN80), CLASS 300, SS316 / GRAPHITE, RF FACING, ASME B16.20",31161618,GEM-GASKET-SW
CAN-002044,SPIRAL_WOUND_GASKET,80.0,"3""",DN80,300,SS304 / GRAPHITE,RF,ASME B16.20,"GASKET, SPIRAL WOUND, 3"" (DN80), CLASS 300, SS304 / GRAPHITE, RF FACING, ASME B16.20",31161618,GEM-GASKET-SW
CAN-002045,SPIRAL_WOUND_GASKET,80.0,"3""",DN80,600,SS316 / GRAPHITE,RF,ASME B16.20,"GASKET, SPIRAL WOUND, 3"" (DN80), CLASS 600, SS316 / GRAPHITE, RF FACING, ASME B16.20",31161618,GEM-GASKET-SW
CAN-002046,SPIRAL_WOUND_GASKET,80.0,"3""",DN80,600,SS304 / GRAPHITE,RF,ASME B16.20,"GASKET, SPIRAL WOUND, 3"" (DN80), CLASS 600, SS304 / GRAPHITE, RF FACING, ASME B16.20",31161618,GEM-GASKET-SW
CAN-002047,SPIRAL_WOUND_GASKET,80.0,"3""",DN80,900,SS316 / GRAPHITE,RF,ASME B16.20,"GASKET, SPIRAL WOUND, 3"" (DN80), CLASS 900, SS316 / GRAPHITE, RF FACING, ASME B16.20",31161618,GEM-GASKET-SW
CAN-002048,SPIRAL_WOUND_GASKET,80.0,"3""",DN80,900,SS304 / GRAPHITE,RF,ASME B16.20,"GASKET, SPIRAL WOUND, 3"" (DN80), CLASS 900, SS304 / GRAPHITE, RF FACING, ASME B16.20",31161618,GEM-GASKET-SW
CAN-002049,SPIRAL_WOUND_GASKET,80.0,"3""",DN80,1500,SS316 / GRAPHITE,RF,ASME B16.20,"GASKET, SPIRAL WOUND, 3"" (DN80), CLASS 1500, SS316 / GRAPHITE, RF FACING, ASME B16.20",31161618,GEM-GASKET-SW
CAN-002050,SPIRAL_WOUND_GASKET,80.0,"3""",DN80,1500,SS304 / GRAPHITE,RF,ASME B16.20,"GASKET, SPIRAL WOUND, 3"" (DN80), CLASS 1500, SS304 / GRAPHITE, RF FACING, ASME B16.20",31161618,GEM-GASKET-SW
CAN-002051,SPIRAL_WOUND_GASKET,100.0,"4""",DN100,150,SS316 / GRAPHITE,RF,ASME B16.20,"GASKET, SPIRAL WOUND, 4"" (DN100), CLASS 150, SS316 / GRAPHITE, RF FACING, ASME B16.20",31161618,GEM-GASKET-SW
CAN-002052,SPIRAL_WOUND_GASKET,100.0,"4""",DN100,150,SS304 / GRAPHITE,RF,ASME B16.20,"GASKET, SPIRAL WOUND, 4"" (DN100), CLASS 150, SS304 / GRAPHITE, RF FACING, ASME B16.20",31161618,GEM-GASKET-SW
CAN-002053,SPIRAL_WOUND_GASKET,100.0,"4""",DN100,300,SS316 / GRAPHITE,RF,ASME B16.20,"GASKET, SPIRAL WOUND, 4"" (DN100), CLASS 300, SS316 / GRAPHITE, RF FACING, ASME B16.20",31161618,GEM-GASKET-SW
CAN-002054,SPIRAL_WOUND_GASKET,100.0,"4""",DN100,300,SS304 / GRAPHITE,RF,ASME B16.20,"GASKET, SPIRAL WOUND, 4"" (DN100), CLASS 300, SS304 / GRAPHITE, RF FACING, ASME B16.20",31161618,GEM-GASKET-SW
CAN-002055,SPIRAL_WOUND_GASKET,100.0,"4""",DN100,600,SS316 / GRAPHITE,RF,ASME B16.20,"GASKET, SPIRAL WOUND, 4"" (DN100), CLASS 600, SS316 / GRAPHITE, RF FACING, ASME B16.20",31161618,GEM-GASKET-SW
CAN-002056,SPIRAL_WOUND_GASKET,100.0,"4""",DN100,600,SS304 / GRAPHITE,RF,ASME B16.20,"GASKET, SPIRAL WOUND, 4"" (DN100), CLASS 600, SS304 / GRAPHITE, RF FACING, ASME B16.20",31161618,GEM-GASKET-SW
CAN-002057,SPIRAL_WOUND_GASKET,100.0,"4""",DN100,900,SS316 / GRAPHITE,RF,ASME B16.20,"GASKET, SPIRAL WOUND, 4"" (DN100), CLASS 900, SS316 / GRAPHITE, RF FACING, ASME B16.20",31161618,GEM-GASKET-SW
CAN-002058,SPIRAL_WOUND_GASKET,100.0,"4""",DN100,900,SS304 / GRAPHITE,RF,ASME B16.20,"GASKET, SPIRAL WOUND, 4"" (DN100), CLASS 900, SS304 / GRAPHITE, RF FACING, ASME B16.20",31161618,GEM-GASKET-SW
CAN-002059,SPIRAL_WOUND_GASKET,100.0,"4""",DN100,1500,SS316 / GRAPHITE,RF,ASME B16.20,"GASKET, SPIRAL WOUND, 4"" (DN100), CLASS 1500, SS316 / GRAPHITE, RF FACING, ASME B16.20",31161618,GEM-GASKET-SW
CAN-002060,SPIRAL_WOUND_GASKET,100.0,"4""",DN100,1500,SS304 / GRAPHITE,RF,ASME B16.20,"GASKET, SPIRAL WOUND, 4"" (DN100), CLASS 1500, SS304 / GRAPHITE, RF FACING, ASME B16.20",31161618,GEM-GASKET-SW
CAN-002061,SPIRAL_WOUND_GASKET,150.0,"6""",DN150,150,SS316 / GRAPHITE,RF,ASME B16.20,"GASKET, SPIRAL WOUND, 6"" (DN150), CLASS 150, SS316 / GRAPHITE, RF FACING, ASME B16.20",31161618,GEM-GASKET-SW
CAN-002062,SPIRAL_WOUND_GASKET,150.0,"6""",DN150,150,SS304 / GRAPHITE,RF,ASME B16.20,"GASKET, SPIRAL WOUND, 6"" (DN150), CLASS 150, SS304 / GRAPHITE, RF FACING, ASME B16.20",31161618,GEM-GASKET-SW
CAN-002063,SPIRAL_WOUND_GASKET,150.0,"6""",DN150,300,SS316 / GRAPHITE,RF,ASME B16.20,"GASKET, SPIRAL WOUND, 6"" (DN150), CLASS 300, SS316 / GRAPHITE, RF FACING, ASME B16.20",31161618,GEM-GASKET-SW
CAN-002064,SPIRAL_WOUND_GASKET,150.0,"6""",DN150,300,SS304 / GRAPHITE,RF,ASME B16.20,"GASKET, SPIRAL WOUND, 6"" (DN150), CLASS 300, SS304 / GRAPHITE, RF FACING, ASME B16.20",31161618,GEM-GASKET-SW
CAN-002065,SPIRAL_WOUND_GASKET,150.0,"6""",DN150,600,SS316 / GRAPHITE,RF,ASME B16.20,"GASKET, SPIRAL WOUND, 6"" (DN150), CLASS 600, SS316 / GRAPHITE, RF FACING, ASME B16.20",31161618,GEM-GASKET-SW
CAN-002066,SPIRAL_WOUND_GASKET,150.0,"6""",DN150,600,SS304 / GRAPHITE,RF,ASME B16.20,"GASKET, SPIRAL WOUND, 6"" (DN150), CLASS 600, SS304 / GRAPHITE, RF FACING, ASME B16.20",31161618,GEM-GASKET-SW
CAN-002067,SPIRAL_WOUND_GASKET,150.0,"6""",DN150,900,SS316 / GRAPHITE,RF,ASME B16.20,"GASKET, SPIRAL WOUND, 6"" (DN150), CLASS 900, SS316 / GRAPHITE, RF FACING, ASME B16.20",31161618,GEM-GASKET-SW
CAN-002068,SPIRAL_WOUND_GASKET,150.0,"6""",DN150,900,SS304 / GRAPHITE,RF,ASME B16.20,"GASKET, SPIRAL WOUND, 6"" (DN150), CLASS 900, SS304 / GRAPHITE, RF FACING, ASME B16.20",31161618,GEM-GASKET-SW
CAN-002069,SPIRAL_WOUND_GASKET,150.0,"6""",DN150,1500,SS316 / GRAPHITE,RF,ASME B16.20,"GASKET, SPIRAL WOUND, 6"" (DN150), CLASS 1500, SS316 / GRAPHITE, RF FACING, ASME B16.20",31161618,GEM-GASKET-SW
CAN-002070,SPIRAL_WOUND_GASKET,150.0,"6""",DN150,1500,SS304 / GRAPHITE,RF,ASME B16.20,"GASKET, SPIRAL WOUND, 6"" (DN150), CLASS 1500, SS304 / GRAPHITE, RF FACING, ASME B16.20",31161618,GEM-GASKET-SW
CAN-002071,SPIRAL_WOUND_GASKET,200.0,"8""",DN200,150,SS316 / GRAPHITE,RF,ASME B16.20,"GASKET, SPIRAL WOUND, 8"" (DN200), CLASS 150, SS316 / GRAPHITE, RF FACING, ASME B16.20",31161618,GEM-GASKET-SW
CAN-002072,SPIRAL_WOUND_GASKET,200.0,"8""",DN200,150,SS304 / GRAPHITE,RF,ASME B16.20,"GASKET, SPIRAL WOUND, 8"" (DN200), CLASS 150, SS304 / GRAPHITE, RF FACING, ASME B16.20",31161618,GEM-GASKET-SW
CAN-002073,SPIRAL_WOUND_GASKET,200.0,"8""",DN200,300,SS316 / GRAPHITE,RF,ASME B16.20,"GASKET, SPIRAL WOUND, 8"" (DN200), CLASS 300, SS316 / GRAPHITE, RF FACING, ASME B16.20",31161618,GEM-GASKET-SW
CAN-002074,SPIRAL_WOUND_GASKET,200.0,"8""",DN200,300,SS304 / GRAPHITE,RF,ASME B16.20,"GASKET, SPIRAL WOUND, 8"" (DN200), CLASS 300, SS304 / GRAPHITE, RF FACING, ASME B16.20",31161618,GEM-GASKET-SW
CAN-002075,SPIRAL_WOUND_GASKET,200.0,"8""",DN200,600,SS316 / GRAPHITE,RF,ASME B16.20,"GASKET, SPIRAL WOUND, 8"" (DN200), CLASS 600, SS316 / GRAPHITE, RF FACING, ASME B16.20",31161618,GEM-GASKET-SW
CAN-002076,SPIRAL_WOUND_GASKET,200.0,"8""",DN200,600,SS304 / GRAPHITE,RF,ASME B16.20,"GASKET, SPIRAL WOUND, 8"" (DN200), CLASS 600, SS304 / GRAPHITE, RF FACING, ASME B16.20",31161618,GEM-GASKET-SW
CAN-002077,SPIRAL_WOUND_GASKET,200.0,"8""",DN200,900,SS316 / GRAPHITE,RF,ASME B16.20,"GASKET, SPIRAL WOUND, 8"" (DN200), CLASS 900, SS316 / GRAPHITE, RF FACING, ASME B16.20",31161618,GEM-GASKET-SW
CAN-002078,SPIRAL_WOUND_GASKET,200.0,"8""",DN200,900,SS304 / GRAPHITE,RF,ASME B16.20,"GASKET, SPIRAL WOUND, 8"" (DN200), CLASS 900, SS304 / GRAPHITE, RF FACING, ASME B16.20",31161618,GEM-GASKET-SW
CAN-002079,SPIRAL_WOUND_GASKET,200.0,"8""",DN200,1500,SS316 / GRAPHITE,RF,ASME B16.20,"GASKET, SPIRAL WOUND, 8"" (DN200), CLASS 1500, SS316 / GRAPHITE, RF FACING, ASME B16.20",31161618,GEM-GASKET-SW
CAN-002080,SPIRAL_WOUND_GASKET,200.0,"8""",DN200,1500,SS304 / GRAPHITE,RF,ASME B16.20,"GASKET, SPIRAL WOUND, 8"" (DN200), CLASS 1500, SS304 / GRAPHITE, RF FACING, ASME B16.20",31161618,GEM-GASKET-SW
CAN-002081,SPIRAL_WOUND_GASKET,250.0,"10""",DN250,150,SS316 / GRAPHITE,RF,ASME B16.20,"GASKET, SPIRAL WOUND, 10"" (DN250), CLASS 150, SS316 / GRAPHITE, RF FACING, ASME B16.20",31161618,GEM-GASKET-SW
CAN-002082,SPIRAL_WOUND_GASKET,250.0,"10""",DN250,150,SS304 / GRAPHITE,RF,ASME B16.20,"GASKET, SPIRAL WOUND, 10"" (DN250), CLASS 150, SS304 / GRAPHITE, RF FACING, ASME B16.20",31161618,GEM-GASKET-SW
CAN-002083,SPIRAL_WOUND_GASKET,250.0,"10""",DN250,300,SS316 / GRAPHITE,RF,ASME B16.20,"GASKET, SPIRAL WOUND, 10"" (DN250), CLASS 300, SS316 / GRAPHITE, RF FACING, ASME B16.20",31161618,GEM-GASKET-SW
CAN-002084,SPIRAL_WOUND_GASKET,250.0,"10""",DN250,300,SS304 / GRAPHITE,RF,ASME B16.20,"GASKET, SPIRAL WOUND, 10"" (DN250), CLASS 300, SS304 / GRAPHITE, RF FACING, ASME B16.20",31161618,GEM-GASKET-SW
CAN-002085,SPIRAL_WOUND_GASKET,250.0,"10""",DN250,600,SS316 / GRAPHITE,RF,ASME B16.20,"GASKET, SPIRAL WOUND, 10"" (DN250), CLASS 600, SS316 / GRAPHITE, RF FACING, ASME B16.20",31161618,GEM-GASKET-SW
CAN-002086,SPIRAL_WOUND_GASKET,250.0,"10""",DN250,600,SS304 / GRAPHITE,RF,ASME B16.20,"GASKET, SPIRAL WOUND, 10"" (DN250), CLASS 600, SS304 / GRAPHITE, RF FACING, ASME B16.20",31161618,GEM-GASKET-SW
CAN-002087,SPIRAL_WOUND_GASKET,250.0,"10""",DN250,900,SS316 / GRAPHITE,RF,ASME B16.20,"GASKET, SPIRAL WOUND, 10"" (DN250), CLASS 900, SS316 / GRAPHITE, RF FACING, ASME B16.20",31161618,GEM-GASKET-SW
CAN-002088,SPIRAL_WOUND_GASKET,250.0,"10""",DN250,900,SS304 / GRAPHITE,RF,ASME B16.20,"GASKET, SPIRAL WOUND, 10"" (DN250), CLASS 900, SS304 / GRAPHITE, RF FACING, ASME B16.20",31161618,GEM-GASKET-SW
CAN-002089,SPIRAL_WOUND_GASKET,250.0,"10""",DN250,1500,SS316 / GRAPHITE,RF,ASME B16.20,"GASKET, SPIRAL WOUND, 10"" (DN250), CLASS 1500, SS316 / GRAPHITE, RF FACING, ASME B16.20",31161618,GEM-GASKET-SW
CAN-002090,SPIRAL_WOUND_GASKET,250.0,"10""",DN250,1500,SS304 / GRAPHITE,RF,ASME B16.20,"GASKET, SPIRAL WOUND, 10"" (DN250), CLASS 1500, SS304 / GRAPHITE, RF FACING, ASME B16.20",31161618,GEM-GASKET-SW
CAN-002091,SPIRAL_WOUND_GASKET,300.0,"12""",DN300,150,SS316 / GRAPHITE,RF,ASME B16.20,"GASKET, SPIRAL WOUND, 12"" (DN300), CLASS 150, SS316 / GRAPHITE, RF FACING, ASME B16.20",31161618,GEM-GASKET-SW
CAN-002092,SPIRAL_WOUND_GASKET,300.0,"12""",DN300,150,SS304 / GRAPHITE,RF,ASME B16.20,"GASKET, SPIRAL WOUND, 12"" (DN300), CLASS 150, SS304 / GRAPHITE, RF FACING, ASME B16.20",31161618,GEM-GASKET-SW
CAN-002093,SPIRAL_WOUND_GASKET,300.0,"12""",DN300,300,SS316 / GRAPHITE,RF,ASME B16.20,"GASKET, SPIRAL WOUND, 12"" (DN300), CLASS 300, SS316 / GRAPHITE, RF FACING, ASME B16.20",31161618,GEM-GASKET-SW
CAN-002094,SPIRAL_WOUND_GASKET,300.0,"12""",DN300,300,SS304 / GRAPHITE,RF,ASME B16.20,"GASKET, SPIRAL WOUND, 12"" (DN300), CLASS 300, SS304 / GRAPHITE, RF FACING, ASME B16.20",31161618,GEM-GASKET-SW
CAN-002095,SPIRAL_WOUND_GASKET,300.0,"12""",DN300,600,SS316 / GRAPHITE,RF,ASME B16.20,"GASKET, SPIRAL WOUND, 12"" (DN300), CLASS 600, SS316 / GRAPHITE, RF FACING, ASME B16.20",31161618,GEM-GASKET-SW
CAN-002096,SPIRAL_WOUND_GASKET,300.0,"12""",DN300,600,SS304 / GRAPHITE,RF,ASME B16.20,"GASKET, SPIRAL WOUND, 12"" (DN300), CLASS 600, SS304 / GRAPHITE, RF FACING, ASME B16.20",31161618,GEM-GASKET-SW
CAN-002097,SPIRAL_WOUND_GASKET,300.0,"12""",DN300,900,SS316 / GRAPHITE,RF,ASME B16.20,"GASKET, SPIRAL WOUND, 12"" (DN300), CLASS 900, SS316 / GRAPHITE, RF FACING, ASME B16.20",31161618,GEM-GASKET-SW
CAN-002098,SPIRAL_WOUND_GASKET,300.0,"12""",DN300,900,SS304 / GRAPHITE,RF,ASME B16.20,"GASKET, SPIRAL WOUND, 12"" (DN300), CLASS 900, SS304 / GRAPHITE, RF FACING, ASME B16.20",31161618,GEM-GASKET-SW
CAN-002099,SPIRAL_WOUND_GASKET,300.0,"12""",DN300,1500,SS316 / GRAPHITE,RF,ASME B16.20,"GASKET, SPIRAL WOUND, 12"" (DN300), CLASS 1500, SS316 / GRAPHITE, RF FACING, ASME B16.20",31161618,GEM-GASKET-SW
CAN-002100,SPIRAL_WOUND_GASKET,300.0,"12""",DN300,1500,SS304 / GRAPHITE,RF,ASME B16.20,"GASKET, SPIRAL WOUND, 12"" (DN300), CLASS 1500, SS304 / GRAPHITE, RF FACING, ASME B16.20",31161618,GEM-GASKET-SW
CAN-002101,STUD_BOLT,15.0,"1/2""",DN15,150,ASTM A193 B7 / A194 2H,THRD,ASME B18.2.1,"STUD BOLT WITH 2 HEAVY HEX NUTS, 1/2"" (DN15), CLASS 150, ASTM A193 B7 / A194 2H, THRD FACING, ASME B18.2.1",31161501,GEM-BOLT-STUD
CAN-002102,STUD_BOLT,15.0,"1/2""",DN15,150,ASTM A320 L7 / A194 7,THRD,ASME B18.2.1,"STUD BOLT WITH 2 HEAVY HEX NUTS, 1/2"" (DN15), CLASS 150, ASTM A320 L7 / A194 7, THRD FACING, ASME B18.2.1",31161501,GEM-BOLT-STUD
CAN-002103,STUD_BOLT,15.0,"1/2""",DN15,300,ASTM A193 B7 / A194 2H,THRD,ASME B18.2.1,"STUD BOLT WITH 2 HEAVY HEX NUTS, 1/2"" (DN15), CLASS 300, ASTM A193 B7 / A194 2H, THRD FACING, ASME B18.2.1",31161501,GEM-BOLT-STUD
CAN-002104,STUD_BOLT,15.0,"1/2""",DN15,300,ASTM A320 L7 / A194 7,THRD,ASME B18.2.1,"STUD BOLT WITH 2 HEAVY HEX NUTS, 1/2"" (DN15), CLASS 300, ASTM A320 L7 / A194 7, THRD FACING, ASME B18.2.1",31161501,GEM-BOLT-STUD
CAN-002105,STUD_BOLT,15.0,"1/2""",DN15,600,ASTM A193 B7 / A194 2H,THRD,ASME B18.2.1,"STUD BOLT WITH 2 HEAVY HEX NUTS, 1/2"" (DN15), CLASS 600, ASTM A193 B7 / A194 2H, THRD FACING, ASME B18.2.1",31161501,GEM-BOLT-STUD
CAN-002106,STUD_BOLT,15.0,"1/2""",DN15,600,ASTM A320 L7 / A194 7,THRD,ASME B18.2.1,"STUD BOLT WITH 2 HEAVY HEX NUTS, 1/2"" (DN15), CLASS 600, ASTM A320 L7 / A194 7, THRD FACING, ASME B18.2.1",31161501,GEM-BOLT-STUD
CAN-002107,STUD_BOLT,15.0,"1/2""",DN15,900,ASTM A193 B7 / A194 2H,THRD,ASME B18.2.1,"STUD BOLT WITH 2 HEAVY HEX NUTS, 1/2"" (DN15), CLASS 900, ASTM A193 B7 / A194 2H, THRD FACING, ASME B18.2.1",31161501,GEM-BOLT-STUD
CAN-002108,STUD_BOLT,15.0,"1/2""",DN15,900,ASTM A320 L7 / A194 7,THRD,ASME B18.2.1,"STUD BOLT WITH 2 HEAVY HEX NUTS, 1/2"" (DN15), CLASS 900, ASTM A320 L7 / A194 7, THRD FACING, ASME B18.2.1",31161501,GEM-BOLT-STUD
CAN-002109,STUD_BOLT,15.0,"1/2""",DN15,1500,ASTM A193 B7 / A194 2H,THRD,ASME B18.2.1,"STUD BOLT WITH 2 HEAVY HEX NUTS, 1/2"" (DN15), CLASS 1500, ASTM A193 B7 / A194 2H, THRD FACING, ASME B18.2.1",31161501,GEM-BOLT-STUD
CAN-002110,STUD_BOLT,15.0,"1/2""",DN15,1500,ASTM A320 L7 / A194 7,THRD,ASME B18.2.1,"STUD BOLT WITH 2 HEAVY HEX NUTS, 1/2"" (DN15), CLASS 1500, ASTM A320 L7 / A194 7, THRD FACING, ASME B18.2.1",31161501,GEM-BOLT-STUD
CAN-002111,STUD_BOLT,25.0,"1""",DN25,150,ASTM A193 B7 / A194 2H,THRD,ASME B18.2.1,"STUD BOLT WITH 2 HEAVY HEX NUTS, 1"" (DN25), CLASS 150, ASTM A193 B7 / A194 2H, THRD FACING, ASME B18.2.1",31161501,GEM-BOLT-STUD
CAN-002112,STUD_BOLT,25.0,"1""",DN25,150,ASTM A320 L7 / A194 7,THRD,ASME B18.2.1,"STUD BOLT WITH 2 HEAVY HEX NUTS, 1"" (DN25), CLASS 150, ASTM A320 L7 / A194 7, THRD FACING, ASME B18.2.1",31161501,GEM-BOLT-STUD
CAN-002113,STUD_BOLT,25.0,"1""",DN25,300,ASTM A193 B7 / A194 2H,THRD,ASME B18.2.1,"STUD BOLT WITH 2 HEAVY HEX NUTS, 1"" (DN25), CLASS 300, ASTM A193 B7 / A194 2H, THRD FACING, ASME B18.2.1",31161501,GEM-BOLT-STUD
CAN-002114,STUD_BOLT,25.0,"1""",DN25,300,ASTM A320 L7 / A194 7,THRD,ASME B18.2.1,"STUD BOLT WITH 2 HEAVY HEX NUTS, 1"" (DN25), CLASS 300, ASTM A320 L7 / A194 7, THRD FACING, ASME B18.2.1",31161501,GEM-BOLT-STUD
CAN-002115,STUD_BOLT,25.0,"1""",DN25,600,ASTM A193 B7 / A194 2H,THRD,ASME B18.2.1,"STUD BOLT WITH 2 HEAVY HEX NUTS, 1"" (DN25), CLASS 600, ASTM A193 B7 / A194 2H, THRD FACING, ASME B18.2.1",31161501,GEM-BOLT-STUD
CAN-002116,STUD_BOLT,25.0,"1""",DN25,600,ASTM A320 L7 / A194 7,THRD,ASME B18.2.1,"STUD BOLT WITH 2 HEAVY HEX NUTS, 1"" (DN25), CLASS 600, ASTM A320 L7 / A194 7, THRD FACING, ASME B18.2.1",31161501,GEM-BOLT-STUD
CAN-002117,STUD_BOLT,25.0,"1""",DN25,900,ASTM A193 B7 / A194 2H,THRD,ASME B18.2.1,"STUD BOLT WITH 2 HEAVY HEX NUTS, 1"" (DN25), CLASS 900, ASTM A193 B7 / A194 2H, THRD FACING, ASME B18.2.1",31161501,GEM-BOLT-STUD
CAN-002118,STUD_BOLT,25.0,"1""",DN25,900,ASTM A320 L7 / A194 7,THRD,ASME B18.2.1,"STUD BOLT WITH 2 HEAVY HEX NUTS, 1"" (DN25), CLASS 900, ASTM A320 L7 / A194 7, THRD FACING, ASME B18.2.1",31161501,GEM-BOLT-STUD
CAN-002119,STUD_BOLT,25.0,"1""",DN25,1500,ASTM A193 B7 / A194 2H,THRD,ASME B18.2.1,"STUD BOLT WITH 2 HEAVY HEX NUTS, 1"" (DN25), CLASS 1500, ASTM A193 B7 / A194 2H, THRD FACING, ASME B18.2.1",31161501,GEM-BOLT-STUD
CAN-002120,STUD_BOLT,25.0,"1""",DN25,1500,ASTM A320 L7 / A194 7,THRD,ASME B18.2.1,"STUD BOLT WITH 2 HEAVY HEX NUTS, 1"" (DN25), CLASS 1500, ASTM A320 L7 / A194 7, THRD FACING, ASME B18.2.1",31161501,GEM-BOLT-STUD
CAN-002121,STUD_BOLT,40.0,"1.5""",DN40,150,ASTM A193 B7 / A194 2H,THRD,ASME B18.2.1,"STUD BOLT WITH 2 HEAVY HEX NUTS, 1.5"" (DN40), CLASS 150, ASTM A193 B7 / A194 2H, THRD FACING, ASME B18.2.1",31161501,GEM-BOLT-STUD
CAN-002122,STUD_BOLT,40.0,"1.5""",DN40,150,ASTM A320 L7 / A194 7,THRD,ASME B18.2.1,"STUD BOLT WITH 2 HEAVY HEX NUTS, 1.5"" (DN40), CLASS 150, ASTM A320 L7 / A194 7, THRD FACING, ASME B18.2.1",31161501,GEM-BOLT-STUD
CAN-002123,STUD_BOLT,40.0,"1.5""",DN40,300,ASTM A193 B7 / A194 2H,THRD,ASME B18.2.1,"STUD BOLT WITH 2 HEAVY HEX NUTS, 1.5"" (DN40), CLASS 300, ASTM A193 B7 / A194 2H, THRD FACING, ASME B18.2.1",31161501,GEM-BOLT-STUD
CAN-002124,STUD_BOLT,40.0,"1.5""",DN40,300,ASTM A320 L7 / A194 7,THRD,ASME B18.2.1,"STUD BOLT WITH 2 HEAVY HEX NUTS, 1.5"" (DN40), CLASS 300, ASTM A320 L7 / A194 7, THRD FACING, ASME B18.2.1",31161501,GEM-BOLT-STUD
CAN-002125,STUD_BOLT,40.0,"1.5""",DN40,600,ASTM A193 B7 / A194 2H,THRD,ASME B18.2.1,"STUD BOLT WITH 2 HEAVY HEX NUTS, 1.5"" (DN40), CLASS 600, ASTM A193 B7 / A194 2H, THRD FACING, ASME B18.2.1",31161501,GEM-BOLT-STUD
CAN-002126,STUD_BOLT,40.0,"1.5""",DN40,600,ASTM A320 L7 / A194 7,THRD,ASME B18.2.1,"STUD BOLT WITH 2 HEAVY HEX NUTS, 1.5"" (DN40), CLASS 600, ASTM A320 L7 / A194 7, THRD FACING, ASME B18.2.1",31161501,GEM-BOLT-STUD
CAN-002127,STUD_BOLT,40.0,"1.5""",DN40,900,ASTM A193 B7 / A194 2H,THRD,ASME B18.2.1,"STUD BOLT WITH 2 HEAVY HEX NUTS, 1.5"" (DN40), CLASS 900, ASTM A193 B7 / A194 2H, THRD FACING, ASME B18.2.1",31161501,GEM-BOLT-STUD
CAN-002128,STUD_BOLT,40.0,"1.5""",DN40,900,ASTM A320 L7 / A194 7,THRD,ASME B18.2.1,"STUD BOLT WITH 2 HEAVY HEX NUTS, 1.5"" (DN40), CLASS 900, ASTM A320 L7 / A194 7, THRD FACING, ASME B18.2.1",31161501,GEM-BOLT-STUD
CAN-002129,STUD_BOLT,40.0,"1.5""",DN40,1500,ASTM A193 B7 / A194 2H,THRD,ASME B18.2.1,"STUD BOLT WITH 2 HEAVY HEX NUTS, 1.5"" (DN40), CLASS 1500, ASTM A193 B7 / A194 2H, THRD FACING, ASME B18.2.1",31161501,GEM-BOLT-STUD
CAN-002130,STUD_BOLT,40.0,"1.5""",DN40,1500,ASTM A320 L7 / A194 7,THRD,ASME B18.2.1,"STUD BOLT WITH 2 HEAVY HEX NUTS, 1.5"" (DN40), CLASS 1500, ASTM A320 L7 / A194 7, THRD FACING, ASME B18.2.1",31161501,GEM-BOLT-STUD
CAN-002131,STUD_BOLT,50.0,"2""",DN50,150,ASTM A193 B7 / A194 2H,THRD,ASME B18.2.1,"STUD BOLT WITH 2 HEAVY HEX NUTS, 2"" (DN50), CLASS 150, ASTM A193 B7 / A194 2H, THRD FACING, ASME B18.2.1",31161501,GEM-BOLT-STUD
CAN-002132,STUD_BOLT,50.0,"2""",DN50,150,ASTM A320 L7 / A194 7,THRD,ASME B18.2.1,"STUD BOLT WITH 2 HEAVY HEX NUTS, 2"" (DN50), CLASS 150, ASTM A320 L7 / A194 7, THRD FACING, ASME B18.2.1",31161501,GEM-BOLT-STUD
CAN-002133,STUD_BOLT,50.0,"2""",DN50,300,ASTM A193 B7 / A194 2H,THRD,ASME B18.2.1,"STUD BOLT WITH 2 HEAVY HEX NUTS, 2"" (DN50), CLASS 300, ASTM A193 B7 / A194 2H, THRD FACING, ASME B18.2.1",31161501,GEM-BOLT-STUD
CAN-002134,STUD_BOLT,50.0,"2""",DN50,300,ASTM A320 L7 / A194 7,THRD,ASME B18.2.1,"STUD BOLT WITH 2 HEAVY HEX NUTS, 2"" (DN50), CLASS 300, ASTM A320 L7 / A194 7, THRD FACING, ASME B18.2.1",31161501,GEM-BOLT-STUD
CAN-002135,STUD_BOLT,50.0,"2""",DN50,600,ASTM A193 B7 / A194 2H,THRD,ASME B18.2.1,"STUD BOLT WITH 2 HEAVY HEX NUTS, 2"" (DN50), CLASS 600, ASTM A193 B7 / A194 2H, THRD FACING, ASME B18.2.1",31161501,GEM-BOLT-STUD
CAN-002136,STUD_BOLT,50.0,"2""",DN50,600,ASTM A320 L7 / A194 7,THRD,ASME B18.2.1,"STUD BOLT WITH 2 HEAVY HEX NUTS, 2"" (DN50), CLASS 600, ASTM A320 L7 / A194 7, THRD FACING, ASME B18.2.1",31161501,GEM-BOLT-STUD
CAN-002137,STUD_BOLT,50.0,"2""",DN50,900,ASTM A193 B7 / A194 2H,THRD,ASME B18.2.1,"STUD BOLT WITH 2 HEAVY HEX NUTS, 2"" (DN50), CLASS 900, ASTM A193 B7 / A194 2H, THRD FACING, ASME B18.2.1",31161501,GEM-BOLT-STUD
CAN-002138,STUD_BOLT,50.0,"2""",DN50,900,ASTM A320 L7 / A194 7,THRD,ASME B18.2.1,"STUD BOLT WITH 2 HEAVY HEX NUTS, 2"" (DN50), CLASS 900, ASTM A320 L7 / A194 7, THRD FACING, ASME B18.2.1",31161501,GEM-BOLT-STUD
CAN-002139,STUD_BOLT,50.0,"2""",DN50,1500,ASTM A193 B7 / A194 2H,THRD,ASME B18.2.1,"STUD BOLT WITH 2 HEAVY HEX NUTS, 2"" (DN50), CLASS 1500, ASTM A193 B7 / A194 2H, THRD FACING, ASME B18.2.1",31161501,GEM-BOLT-STUD
CAN-002140,STUD_BOLT,50.0,"2""",DN50,1500,ASTM A320 L7 / A194 7,THRD,ASME B18.2.1,"STUD BOLT WITH 2 HEAVY HEX NUTS, 2"" (DN50), CLASS 1500, ASTM A320 L7 / A194 7, THRD FACING, ASME B18.2.1",31161501,GEM-BOLT-STUD
CAN-002141,STUD_BOLT,80.0,"3""",DN80,150,ASTM A193 B7 / A194 2H,THRD,ASME B18.2.1,"STUD BOLT WITH 2 HEAVY HEX NUTS, 3"" (DN80), CLASS 150, ASTM A193 B7 / A194 2H, THRD FACING, ASME B18.2.1",31161501,GEM-BOLT-STUD
CAN-002142,STUD_BOLT,80.0,"3""",DN80,150,ASTM A320 L7 / A194 7,THRD,ASME B18.2.1,"STUD BOLT WITH 2 HEAVY HEX NUTS, 3"" (DN80), CLASS 150, ASTM A320 L7 / A194 7, THRD FACING, ASME B18.2.1",31161501,GEM-BOLT-STUD
CAN-002143,STUD_BOLT,80.0,"3""",DN80,300,ASTM A193 B7 / A194 2H,THRD,ASME B18.2.1,"STUD BOLT WITH 2 HEAVY HEX NUTS, 3"" (DN80), CLASS 300, ASTM A193 B7 / A194 2H, THRD FACING, ASME B18.2.1",31161501,GEM-BOLT-STUD
CAN-002144,STUD_BOLT,80.0,"3""",DN80,300,ASTM A320 L7 / A194 7,THRD,ASME B18.2.1,"STUD BOLT WITH 2 HEAVY HEX NUTS, 3"" (DN80), CLASS 300, ASTM A320 L7 / A194 7, THRD FACING, ASME B18.2.1",31161501,GEM-BOLT-STUD
CAN-002145,STUD_BOLT,80.0,"3""",DN80,600,ASTM A193 B7 / A194 2H,THRD,ASME B18.2.1,"STUD BOLT WITH 2 HEAVY HEX NUTS, 3"" (DN80), CLASS 600, ASTM A193 B7 / A194 2H, THRD FACING, ASME B18.2.1",31161501,GEM-BOLT-STUD
CAN-002146,STUD_BOLT,80.0,"3""",DN80,600,ASTM A320 L7 / A194 7,THRD,ASME B18.2.1,"STUD BOLT WITH 2 HEAVY HEX NUTS, 3"" (DN80), CLASS 600, ASTM A320 L7 / A194 7, THRD FACING, ASME B18.2.1",31161501,GEM-BOLT-STUD
CAN-002147,STUD_BOLT,80.0,"3""",DN80,900,ASTM A193 B7 / A194 2H,THRD,ASME B18.2.1,"STUD BOLT WITH 2 HEAVY HEX NUTS, 3"" (DN80), CLASS 900, ASTM A193 B7 / A194 2H, THRD FACING, ASME B18.2.1",31161501,GEM-BOLT-STUD
CAN-002148,STUD_BOLT,80.0,"3""",DN80,900,ASTM A320 L7 / A194 7,THRD,ASME B18.2.1,"STUD BOLT WITH 2 HEAVY HEX NUTS, 3"" (DN80), CLASS 900, ASTM A320 L7 / A194 7, THRD FACING, ASME B18.2.1",31161501,GEM-BOLT-STUD
CAN-002149,STUD_BOLT,80.0,"3""",DN80,1500,ASTM A193 B7 / A194 2H,THRD,ASME B18.2.1,"STUD BOLT WITH 2 HEAVY HEX NUTS, 3"" (DN80), CLASS 1500, ASTM A193 B7 / A194 2H, THRD FACING, ASME B18.2.1",31161501,GEM-BOLT-STUD
CAN-002150,STUD_BOLT,80.0,"3""",DN80,1500,ASTM A320 L7 / A194 7,THRD,ASME B18.2.1,"STUD BOLT WITH 2 HEAVY HEX NUTS, 3"" (DN80), CLASS 1500, ASTM A320 L7 / A194 7, THRD FACING, ASME B18.2.1",31161501,GEM-BOLT-STUD
CAN-002151,STUD_BOLT,100.0,"4""",DN100,150,ASTM A193 B7 / A194 2H,THRD,ASME B18.2.1,"STUD BOLT WITH 2 HEAVY HEX NUTS, 4"" (DN100), CLASS 150, ASTM A193 B7 / A194 2H, THRD FACING, ASME B18.2.1",31161501,GEM-BOLT-STUD
CAN-002152,STUD_BOLT,100.0,"4""",DN100,150,ASTM A320 L7 / A194 7,THRD,ASME B18.2.1,"STUD BOLT WITH 2 HEAVY HEX NUTS, 4"" (DN100), CLASS 150, ASTM A320 L7 / A194 7, THRD FACING, ASME B18.2.1",31161501,GEM-BOLT-STUD
CAN-002153,STUD_BOLT,100.0,"4""",DN100,300,ASTM A193 B7 / A194 2H,THRD,ASME B18.2.1,"STUD BOLT WITH 2 HEAVY HEX NUTS, 4"" (DN100), CLASS 300, ASTM A193 B7 / A194 2H, THRD FACING, ASME B18.2.1",31161501,GEM-BOLT-STUD
CAN-002154,STUD_BOLT,100.0,"4""",DN100,300,ASTM A320 L7 / A194 7,THRD,ASME B18.2.1,"STUD BOLT WITH 2 HEAVY HEX NUTS, 4"" (DN100), CLASS 300, ASTM A320 L7 / A194 7, THRD FACING, ASME B18.2.1",31161501,GEM-BOLT-STUD
CAN-002155,STUD_BOLT,100.0,"4""",DN100,600,ASTM A193 B7 / A194 2H,THRD,ASME B18.2.1,"STUD BOLT WITH 2 HEAVY HEX NUTS, 4"" (DN100), CLASS 600, ASTM A193 B7 / A194 2H, THRD FACING, ASME B18.2.1",31161501,GEM-BOLT-STUD
CAN-002156,STUD_BOLT,100.0,"4""",DN100,600,ASTM A320 L7 / A194 7,THRD,ASME B18.2.1,"STUD BOLT WITH 2 HEAVY HEX NUTS, 4"" (DN100), CLASS 600, ASTM A320 L7 / A194 7, THRD FACING, ASME B18.2.1",31161501,GEM-BOLT-STUD
CAN-002157,STUD_BOLT,100.0,"4""",DN100,900,ASTM A193 B7 / A194 2H,THRD,ASME B18.2.1,"STUD BOLT WITH 2 HEAVY HEX NUTS, 4"" (DN100), CLASS 900, ASTM A193 B7 / A194 2H, THRD FACING, ASME B18.2.1",31161501,GEM-BOLT-STUD
CAN-002158,STUD_BOLT,100.0,"4""",DN100,900,ASTM A320 L7 / A194 7,THRD,ASME B18.2.1,"STUD BOLT WITH 2 HEAVY HEX NUTS, 4"" (DN100), CLASS 900, ASTM A320 L7 / A194 7, THRD FACING, ASME B18.2.1",31161501,GEM-BOLT-STUD
CAN-002159,STUD_BOLT,100.0,"4""",DN100,1500,ASTM A193 B7 / A194 2H,THRD,ASME B18.2.1,"STUD BOLT WITH 2 HEAVY HEX NUTS, 4"" (DN100), CLASS 1500, ASTM A193 B7 / A194 2H, THRD FACING, ASME B18.2.1",31161501,GEM-BOLT-STUD
CAN-002160,STUD_BOLT,100.0,"4""",DN100,1500,ASTM A320 L7 / A194 7,THRD,ASME B18.2.1,"STUD BOLT WITH 2 HEAVY HEX NUTS, 4"" (DN100), CLASS 1500, ASTM A320 L7 / A194 7, THRD FACING, ASME B18.2.1",31161501,GEM-BOLT-STUD
CAN-002161,STUD_BOLT,150.0,"6""",DN150,150,ASTM A193 B7 / A194 2H,THRD,ASME B18.2.1,"STUD BOLT WITH 2 HEAVY HEX NUTS, 6"" (DN150), CLASS 150, ASTM A193 B7 / A194 2H, THRD FACING, ASME B18.2.1",31161501,GEM-BOLT-STUD
CAN-002162,STUD_BOLT,150.0,"6""",DN150,150,ASTM A320 L7 / A194 7,THRD,ASME B18.2.1,"STUD BOLT WITH 2 HEAVY HEX NUTS, 6"" (DN150), CLASS 150, ASTM A320 L7 / A194 7, THRD FACING, ASME B18.2.1",31161501,GEM-BOLT-STUD
CAN-002163,STUD_BOLT,150.0,"6""",DN150,300,ASTM A193 B7 / A194 2H,THRD,ASME B18.2.1,"STUD BOLT WITH 2 HEAVY HEX NUTS, 6"" (DN150), CLASS 300, ASTM A193 B7 / A194 2H, THRD FACING, ASME B18.2.1",31161501,GEM-BOLT-STUD
CAN-002164,STUD_BOLT,150.0,"6""",DN150,300,ASTM A320 L7 / A194 7,THRD,ASME B18.2.1,"STUD BOLT WITH 2 HEAVY HEX NUTS, 6"" (DN150), CLASS 300, ASTM A320 L7 / A194 7, THRD FACING, ASME B18.2.1",31161501,GEM-BOLT-STUD
CAN-002165,STUD_BOLT,150.0,"6""",DN150,600,ASTM A193 B7 / A194 2H,THRD,ASME B18.2.1,"STUD BOLT WITH 2 HEAVY HEX NUTS, 6"" (DN150), CLASS 600, ASTM A193 B7 / A194 2H, THRD FACING, ASME B18.2.1",31161501,GEM-BOLT-STUD
CAN-002166,STUD_BOLT,150.0,"6""",DN150,600,ASTM A320 L7 / A194 7,THRD,ASME B18.2.1,"STUD BOLT WITH 2 HEAVY HEX NUTS, 6"" (DN150), CLASS 600, ASTM A320 L7 / A194 7, THRD FACING, ASME B18.2.1",31161501,GEM-BOLT-STUD
CAN-002167,STUD_BOLT,150.0,"6""",DN150,900,ASTM A193 B7 / A194 2H,THRD,ASME B18.2.1,"STUD BOLT WITH 2 HEAVY HEX NUTS, 6"" (DN150), CLASS 900, ASTM A193 B7 / A194 2H, THRD FACING, ASME B18.2.1",31161501,GEM-BOLT-STUD
CAN-002168,STUD_BOLT,150.0,"6""",DN150,900,ASTM A320 L7 / A194 7,THRD,ASME B18.2.1,"STUD BOLT WITH 2 HEAVY HEX NUTS, 6"" (DN150), CLASS 900, ASTM A320 L7 / A194 7, THRD FACING, ASME B18.2.1",31161501,GEM-BOLT-STUD
CAN-002169,STUD_BOLT,150.0,"6""",DN150,1500,ASTM A193 B7 / A194 2H,THRD,ASME B18.2.1,"STUD BOLT WITH 2 HEAVY HEX NUTS, 6"" (DN150), CLASS 1500, ASTM A193 B7 / A194 2H, THRD FACING, ASME B18.2.1",31161501,GEM-BOLT-STUD
CAN-002170,STUD_BOLT,150.0,"6""",DN150,1500,ASTM A320 L7 / A194 7,THRD,ASME B18.2.1,"STUD BOLT WITH 2 HEAVY HEX NUTS, 6"" (DN150), CLASS 1500, ASTM A320 L7 / A194 7, THRD FACING, ASME B18.2.1",31161501,GEM-BOLT-STUD
CAN-002171,STUD_BOLT,200.0,"8""",DN200,150,ASTM A193 B7 / A194 2H,THRD,ASME B18.2.1,"STUD BOLT WITH 2 HEAVY HEX NUTS, 8"" (DN200), CLASS 150, ASTM A193 B7 / A194 2H, THRD FACING, ASME B18.2.1",31161501,GEM-BOLT-STUD
CAN-002172,STUD_BOLT,200.0,"8""",DN200,150,ASTM A320 L7 / A194 7,THRD,ASME B18.2.1,"STUD BOLT WITH 2 HEAVY HEX NUTS, 8"" (DN200), CLASS 150, ASTM A320 L7 / A194 7, THRD FACING, ASME B18.2.1",31161501,GEM-BOLT-STUD
CAN-002173,STUD_BOLT,200.0,"8""",DN200,300,ASTM A193 B7 / A194 2H,THRD,ASME B18.2.1,"STUD BOLT WITH 2 HEAVY HEX NUTS, 8"" (DN200), CLASS 300, ASTM A193 B7 / A194 2H, THRD FACING, ASME B18.2.1",31161501,GEM-BOLT-STUD
CAN-002174,STUD_BOLT,200.0,"8""",DN200,300,ASTM A320 L7 / A194 7,THRD,ASME B18.2.1,"STUD BOLT WITH 2 HEAVY HEX NUTS, 8"" (DN200), CLASS 300, ASTM A320 L7 / A194 7, THRD FACING, ASME B18.2.1",31161501,GEM-BOLT-STUD
CAN-002175,STUD_BOLT,200.0,"8""",DN200,600,ASTM A193 B7 / A194 2H,THRD,ASME B18.2.1,"STUD BOLT WITH 2 HEAVY HEX NUTS, 8"" (DN200), CLASS 600, ASTM A193 B7 / A194 2H, THRD FACING, ASME B18.2.1",31161501,GEM-BOLT-STUD
CAN-002176,STUD_BOLT,200.0,"8""",DN200,600,ASTM A320 L7 / A194 7,THRD,ASME B18.2.1,"STUD BOLT WITH 2 HEAVY HEX NUTS, 8"" (DN200), CLASS 600, ASTM A320 L7 / A194 7, THRD FACING, ASME B18.2.1",31161501,GEM-BOLT-STUD
CAN-002177,STUD_BOLT,200.0,"8""",DN200,900,ASTM A193 B7 / A194 2H,THRD,ASME B18.2.1,"STUD BOLT WITH 2 HEAVY HEX NUTS, 8"" (DN200), CLASS 900, ASTM A193 B7 / A194 2H, THRD FACING, ASME B18.2.1",31161501,GEM-BOLT-STUD
CAN-002178,STUD_BOLT,200.0,"8""",DN200,900,ASTM A320 L7 / A194 7,THRD,ASME B18.2.1,"STUD BOLT WITH 2 HEAVY HEX NUTS, 8"" (DN200), CLASS 900, ASTM A320 L7 / A194 7, THRD FACING, ASME B18.2.1",31161501,GEM-BOLT-STUD
CAN-002179,STUD_BOLT,200.0,"8""",DN200,1500,ASTM A193 B7 / A194 2H,THRD,ASME B18.2.1,"STUD BOLT WITH 2 HEAVY HEX NUTS, 8"" (DN200), CLASS 1500, ASTM A193 B7 / A194 2H, THRD FACING, ASME B18.2.1",31161501,GEM-BOLT-STUD
CAN-002180,STUD_BOLT,200.0,"8""",DN200,1500,ASTM A320 L7 / A194 7,THRD,ASME B18.2.1,"STUD BOLT WITH 2 HEAVY HEX NUTS, 8"" (DN200), CLASS 1500, ASTM A320 L7 / A194 7, THRD FACING, ASME B18.2.1",31161501,GEM-BOLT-STUD
CAN-002181,STUD_BOLT,250.0,"10""",DN250,150,ASTM A193 B7 / A194 2H,THRD,ASME B18.2.1,"STUD BOLT WITH 2 HEAVY HEX NUTS, 10"" (DN250), CLASS 150, ASTM A193 B7 / A194 2H, THRD FACING, ASME B18.2.1",31161501,GEM-BOLT-STUD
CAN-002182,STUD_BOLT,250.0,"10""",DN250,150,ASTM A320 L7 / A194 7,THRD,ASME B18.2.1,"STUD BOLT WITH 2 HEAVY HEX NUTS, 10"" (DN250), CLASS 150, ASTM A320 L7 / A194 7, THRD FACING, ASME B18.2.1",31161501,GEM-BOLT-STUD
CAN-002183,STUD_BOLT,250.0,"10""",DN250,300,ASTM A193 B7 / A194 2H,THRD,ASME B18.2.1,"STUD BOLT WITH 2 HEAVY HEX NUTS, 10"" (DN250), CLASS 300, ASTM A193 B7 / A194 2H, THRD FACING, ASME B18.2.1",31161501,GEM-BOLT-STUD
CAN-002184,STUD_BOLT,250.0,"10""",DN250,300,ASTM A320 L7 / A194 7,THRD,ASME B18.2.1,"STUD BOLT WITH 2 HEAVY HEX NUTS, 10"" (DN250), CLASS 300, ASTM A320 L7 / A194 7, THRD FACING, ASME B18.2.1",31161501,GEM-BOLT-STUD
CAN-002185,STUD_BOLT,250.0,"10""",DN250,600,ASTM A193 B7 / A194 2H,THRD,ASME B18.2.1,"STUD BOLT WITH 2 HEAVY HEX NUTS, 10"" (DN250), CLASS 600, ASTM A193 B7 / A194 2H, THRD FACING, ASME B18.2.1",31161501,GEM-BOLT-STUD
CAN-002186,STUD_BOLT,250.0,"10""",DN250,600,ASTM A320 L7 / A194 7,THRD,ASME B18.2.1,"STUD BOLT WITH 2 HEAVY HEX NUTS, 10"" (DN250), CLASS 600, ASTM A320 L7 / A194 7, THRD FACING, ASME B18.2.1",31161501,GEM-BOLT-STUD
CAN-002187,STUD_BOLT,250.0,"10""",DN250,900,ASTM A193 B7 / A194 2H,THRD,ASME B18.2.1,"STUD BOLT WITH 2 HEAVY HEX NUTS, 10"" (DN250), CLASS 900, ASTM A193 B7 / A194 2H, THRD FACING, ASME B18.2.1",31161501,GEM-BOLT-STUD
CAN-002188,STUD_BOLT,250.0,"10""",DN250,900,ASTM A320 L7 / A194 7,THRD,ASME B18.2.1,"STUD BOLT WITH 2 HEAVY HEX NUTS, 10"" (DN250), CLASS 900, ASTM A320 L7 / A194 7, THRD FACING, ASME B18.2.1",31161501,GEM-BOLT-STUD
CAN-002189,STUD_BOLT,250.0,"10""",DN250,1500,ASTM A193 B7 / A194 2H,THRD,ASME B18.2.1,"STUD BOLT WITH 2 HEAVY HEX NUTS, 10"" (DN250), CLASS 1500, ASTM A193 B7 / A194 2H, THRD FACING, ASME B18.2.1",31161501,GEM-BOLT-STUD
CAN-002190,STUD_BOLT,250.0,"10""",DN250,1500,ASTM A320 L7 / A194 7,THRD,ASME B18.2.1,"STUD BOLT WITH 2 HEAVY HEX NUTS, 10"" (DN250), CLASS 1500, ASTM A320 L7 / A194 7, THRD FACING, ASME B18.2.1",31161501,GEM-BOLT-STUD
CAN-002191,STUD_BOLT,300.0,"12""",DN300,150,ASTM A193 B7 / A194 2H,THRD,ASME B18.2.1,"STUD BOLT WITH 2 HEAVY HEX NUTS, 12"" (DN300), CLASS 150, ASTM A193 B7 / A194 2H, THRD FACING, ASME B18.2.1",31161501,GEM-BOLT-STUD
CAN-002192,STUD_BOLT,300.0,"12""",DN300,150,ASTM A320 L7 / A194 7,THRD,ASME B18.2.1,"STUD BOLT WITH 2 HEAVY HEX NUTS, 12"" (DN300), CLASS 150, ASTM A320 L7 / A194 7, THRD FACING, ASME B18.2.1",31161501,GEM-BOLT-STUD
CAN-002193,STUD_BOLT,300.0,"12""",DN300,300,ASTM A193 B7 / A194 2H,THRD,ASME B18.2.1,"STUD BOLT WITH 2 HEAVY HEX NUTS, 12"" (DN300), CLASS 300, ASTM A193 B7 / A194 2H, THRD FACING, ASME B18.2.1",31161501,GEM-BOLT-STUD
CAN-002194,STUD_BOLT,300.0,"12""",DN300,300,ASTM A320 L7 / A194 7,THRD,ASME B18.2.1,"STUD BOLT WITH 2 HEAVY HEX NUTS, 12"" (DN300), CLASS 300, ASTM A320 L7 / A194 7, THRD FACING, ASME B18.2.1",31161501,GEM-BOLT-STUD
CAN-002195,STUD_BOLT,300.0,"12""",DN300,600,ASTM A193 B7 / A194 2H,THRD,ASME B18.2.1,"STUD BOLT WITH 2 HEAVY HEX NUTS, 12"" (DN300), CLASS 600, ASTM A193 B7 / A194 2H, THRD FACING, ASME B18.2.1",31161501,GEM-BOLT-STUD
CAN-002196,STUD_BOLT,300.0,"12""",DN300,600,ASTM A320 L7 / A194 7,THRD,ASME B18.2.1,"STUD BOLT WITH 2 HEAVY HEX NUTS, 12"" (DN300), CLASS 600, ASTM A320 L7 / A194 7, THRD FACING, ASME B18.2.1",31161501,GEM-BOLT-STUD
CAN-002197,STUD_BOLT,300.0,"12""",DN300,900,ASTM A193 B7 / A194 2H,THRD,ASME B18.2.1,"STUD BOLT WITH 2 HEAVY HEX NUTS, 12"" (DN300), CLASS 900, ASTM A193 B7 / A194 2H, THRD FACING, ASME B18.2.1",31161501,GEM-BOLT-STUD
CAN-002198,STUD_BOLT,300.0,"12""",DN300,900,ASTM A320 L7 / A194 7,THRD,ASME B18.2.1,"STUD BOLT WITH 2 HEAVY HEX NUTS, 12"" (DN300), CLASS 900, ASTM A320 L7 / A194 7, THRD FACING, ASME B18.2.1",31161501,GEM-BOLT-STUD
CAN-002199,STUD_BOLT,300.0,"12""",DN300,1500,ASTM A193 B7 / A194 2H,THRD,ASME B18.2.1,"STUD BOLT WITH 2 HEAVY HEX NUTS, 12"" (DN300), CLASS 1500, ASTM A193 B7 / A194 2H, THRD FACING, ASME B18.2.1",31161501,GEM-BOLT-STUD
CAN-002200,STUD_BOLT,300.0,"12""",DN300,1500,ASTM A320 L7 / A194 7,THRD,ASME B18.2.1,"STUD BOLT WITH 2 HEAVY HEX NUTS, 12"" (DN300), CLASS 1500, ASTM A320 L7 / A194 7, THRD FACING, ASME B18.2.1",31161501,GEM-BOLT-STUD
